rootA,rootASafeKey,rootALatin,rootB,rootBSafeKey,rootBLatin,sharedVerses,pmi,dice,llr
smw,smw,s-m-w,ArD,uAruD,a-r-ḍ,224,3.17,0.566,868.29
Alm,uAlm,a-l-m,E*b,uEdhb,ʿ-dh-b,70,4.15,0.342,399.1
Eml,uEml,ʿ-m-l,SlH,uSluH,ṣ-l-ḥ,93,3.45,0.385,357.46
jry,jry,j-r-y,tHt,tuHt,t-ḥ-t,40,6.28,0.702,349.04
dnw,dnw,d-n-w,Hyy,uHyy,ḥ-y-y,66,4.32,0.457,338.37
jry,jry,j-r-y,nhr,nhr,n-h-r,45,5.43,0.542,316.02
mwt,mwt,m-w-t,Hyy,uHyy,ḥ-y-y,65,4.14,0.428,310.82
kll,kll,k-l-l,$yA,shyuA,sh-y-a,135,2.4,0.336,304.96
gfr,gfr,gh-f-r,rHm,ruHm,r-ḥ-m,91,3.17,0.353,302.86
nhr,nhr,n-h-r,tHt,tuHt,t-ḥ-t,40,5.61,0.526,297.22
lyl,lyl,l-y-l,nhr,nhr,n-h-r,42,4.99,0.459,254.13
Alh,uAlh,a-l-h,Elm,uElm,ʿ-l-m,408,0.9,0.313,241.19
$yA,shyuA,sh-y-a,Alh,uAlh,a-l-h,282,1.06,0.242,221.64
jnn,jnn,j-n-n,tHt,tuHt,t-ḥ-t,38,4.6,0.309,216.13
dnw,dnw,d-n-w,Axr,uAxr,a-kh-r,57,3.52,0.308,212.94
Ezz,uEzz,ʿ-z-z,Hkm,uHkm,ḥ-k-m,49,3.8,0.321,201.3
kyf,kyf,k-y-f,nZr,nuZr,n-ẓ-r,36,4.56,0.364,187.58
qdr,qdr,q-d-r,$yA,shyuA,sh-y-a,64,2.88,0.225,185.75
jnn,jnn,j-n-n,jry,jry,j-r-y,37,4.2,0.285,177.54
qmr,qmr,q-m-r,$ms,shms,sh-m-s,18,7.08,0.621,170.55
Slw,uSlw,ṣ-l-w,zkw,zkw,z-k-w,28,5.11,0.384,169.94
k*b,kdhb,k-dh-b,Alw,uAlw,a-l-w,31,4.35,0.211,169.11
jnn,jnn,j-n-n,nhr,nhr,n-h-r,42,3.71,0.282,164.9
Alh,uAlh,a-l-h,Amn,uAmn,a-m-n,372,0.77,0.286,163.38
dxl,dxl,d-kh-l,jnn,jnn,j-n-n,41,3.55,0.267,150.05
mvl,mvl,m-th-l,Drb,uDrb,ḍ-r-b,29,4.5,0.287,149.34
Amn,uAmn,a-m-n,SlH,uSluH,ṣ-l-ḥ,82,2.06,0.184,146.01
smw,smw,s-m-w,xlq,xlq,kh-l-q,66,2.42,0.232,139.23
hdy,hdy,h-d-y,Dll,uDll,ḍ-l-l,52,2.83,0.237,136.79
dwn,dwn,d-w-n,Alh,uAlh,a-l-h,109,1.35,0.108,134.65
ktb,ktb,k-t-b,nzl,nzl,n-z-l,63,2.45,0.235,134.05
*wq,dhwq,dh-w-q,E*b,uEdhb,ʿ-dh-b,36,3.45,0.181,134.02
qwm,qwm,q-w-m,Slw,uSlw,ṣ-l-w,52,2.59,0.151,132.69
sbl,sbl,s-b-l,Sdd,uSdd,ṣ-d-d,25,4.54,0.244,131.71
qwl,qwl,q-w-l,rbb,rbb,r-b-b,329,0.77,0.292,128.47
bSr,buSr,b-ṣ-r,smE,smuE,s-m-ʿ,37,3.35,0.245,121.72
lbb,lbb,l-b-b,Awl,uAwl,a-w-l,16,5.3,0.184,119.25
tHt,tuHt,t-ḥ-t,xld,xld,kh-l-d,21,4.93,0.309,118.03
hwy,hwy,h-w-y,tbE,tbuE,t-b-ʿ,22,4.57,0.228,116.16
kyf,kyf,k-y-f,Eqb,uEqb,ʿ-q-b,23,4.55,0.293,114.93
Alh,uAlh,a-l-h,Hkm,uHkm,ḥ-k-m,127,1.16,0.123,113.85
kll,kll,k-l-l,qdr,qdr,q-d-r,45,2.71,0.189,111.72
tlw,tlw,t-l-w,Ayy,uAyy,a-y-y,33,3.26,0.159,111.36
jnn,jnn,j-n-n,xld,xld,kh-l-d,31,3.52,0.22,110.09
fsd,fsd,f-s-d,ArD,uAruD,a-r-ḍ,31,3.22,0.127,108.37
qwm,qwm,q-w-m,ywm,ywm,y-w-m,104,1.53,0.214,108.28
ktb,ktb,k-t-b,Aty,uAty,a-t-y,78,1.84,0.204,107.76
rbb,rbb,r-b-b,Alw,uAlw,a-l-w,33,2.67,0.073,106.82
qwm,qwm,q-w-m,SrT,uSruT,ṣ-r-ṭ,33,2.94,0.103,106.63
jry,jry,j-r-y,xld,xld,kh-l-d,21,4.57,0.28,105.36
srr,srr,s-r-r,Eln,uEln,ʿ-l-n,12,6.77,0.407,105.18
sbl,sbl,s-b-l,Alh,uAlh,a-l-h,112,1.18,0.11,104.2
ArD,uAruD,a-r-ḍ,xlq,xlq,kh-l-q,64,2.06,0.195,104.2
$ry,shry,sh-r-y,vmn,vmn,th-m-n,11,7.29,0.524,103.79
grb,grb,gh-r-b,$rq,shrq,sh-r-q,10,7.75,0.588,102.64
dEw,duEw,d-ʿ-w,dwn,dwn,d-w-n,35,3.08,0.216,100.98
nfx,nfx,n-f-kh,Swr,uSwr,ṣ-w-r,10,7.67,0.571,100.95
Amn,uAmn,a-m-n,Eml,uEml,ʿ-m-l,101,1.48,0.195,100.92
fwz,fwz,f-w-z,EZm,uEuZm,ʿ-ẓ-m,17,4.95,0.221,99.49
Hll,uHll,ḥ-l-l,Hrm,uHrm,ḥ-r-m,17,5.12,0.298,99.3
nxl,nxl,n-kh-l,Enb,uEnb,ʿ-n-b,9,7.99,0.581,97.77
Eml,uEml,ʿ-m-l,HbT,uHbuT,ḥ-b-ṭ,16,4.32,0.097,96.53
byn,byn,b-y-n,ydy,ydy,y-d-y,44,2.46,0.156,95.69
mwh,mwh,m-w-h,nzl,nzl,n-z-l,27,3.45,0.17,94.95
byn,byn,b-y-n,xlf,xlf,kh-l-f,45,2.41,0.158,94.92
nfE,nfuE,n-f-ʿ,Drr,uDrr,ḍ-r-r,17,4.95,0.286,94.4
dwn,dwn,d-w-n,wly,wly,w-l-y,35,2.93,0.203,93.64
hdy,hdy,h-d-y,SrT,uSruT,ṣ-r-ṭ,24,3.63,0.153,92.69
kfr,kfr,k-f-r,Amn,uAmn,a-m-n,126,1.22,0.212,92.28
nfs,nfs,n-f-s,Zlm,uZlm,ẓ-l-m,55,2.13,0.196,92.18
Hzn,uHzn,ḥ-z-n,xwf,xwf,kh-w-f,18,4.58,0.234,91.08
sbl,sbl,s-b-l,Dll,uDll,ḍ-l-l,34,2.93,0.204,90.5
nhr,nhr,n-h-r,xld,xld,kh-l-d,22,3.97,0.234,89.89
mss,mss,m-s-s,Drr,uDrr,ḍ-r-r,17,4.73,0.268,88.33
swA,swuA,s-w-a,Eml,uEml,ʿ-m-l,42,2.47,0.181,88.24
Elm,uElm,ʿ-l-m,Hkm,uHkm,ḥ-k-m,71,1.69,0.155,88.01
Alh,uAlh,a-l-h,wly,wly,w-l-y,124,1.03,0.119,87.13
gfr,gfr,gh-f-r,twb,twb,t-w-b,25,3.48,0.185,86.82
hlk,hlk,h-l-k,qry,qry,q-r-y,16,4.87,0.274,86.4
rHm,ruHm,r-ḥ-m,twb,twb,t-w-b,29,3.07,0.152,86.03
kvr,kvr,k-th-r,nws,nws,n-w-s,37,2.66,0.191,85.74
nZr,nuZr,n-ẓ-r,Eqb,uEqb,ʿ-q-b,21,3.94,0.222,85.08
qDy,quDy,q-ḍ-y,Amr,uAmr,a-m-r,24,3.49,0.168,84.39
dxl,dxl,d-kh-l,tHt,tuHt,t-ḥ-t,18,4.34,0.224,83.69
mwh,mwh,m-w-h,smw,smw,s-m-w,28,3.05,0.136,83.66
bdw,bdw,b-d-w,xfy,xfy,kh-f-y,11,6.25,0.367,82.76
hwn,hwn,h-w-n,E*b,uEdhb,ʿ-dh-b,19,3.76,0.105,82.48
byn,byn,b-y-n,jyA,jyuA,j-y-a,65,1.77,0.182,82.23
qlb,qlb,q-l-b,TbE,uTbuE,ṭ-b-ʿ,11,5.33,0.133,82.06
*nb,dhnb,dh-n-b,gfr,gfr,gh-f-r,19,3.99,0.159,81.93
smw,smw,s-m-w,Alh,uAlh,a-l-h,185,0.8,0.166,81.63
jyA,jyuA,j-y-a,rsl,rsl,r-s-l,62,1.78,0.179,78.92
bdA,bduA,b-d-a,Ewd,uEwd,ʿ-w-d,10,6.26,0.278,78.68
gfr,gfr,gh-f-r,Alh,uAlh,a-l-h,120,0.98,0.115,76.64
hzA,hzuA,h-z-a,Hyq,uHyq,ḥ-y-q,8,7.28,0.381,76.55
Alh,uAlh,a-l-h,wqy,wqy,w-q-y,135,0.92,0.128,76.32
Aty,uAty,a-t-y,zkw,zkw,z-k-w,29,2.73,0.107,76.22
kwn,kwn,k-w-n,Sdq,uSdq,ṣ-d-q,73,1.43,0.111,75.91
Ajr,uAjr,a-j-r,SlH,uSluH,ṣ-l-ḥ,25,3.21,0.186,75.51
qwy,qwy,q-w-y,$dd,shdd,sh-d-d,15,4.6,0.217,75.33
nkr,nkr,n-k-r,Erf,uErf,ʿ-r-f,13,5.14,0.263,75.2
ktb,ktb,k-t-b,Ahl,uAhl,a-h-l,33,2.62,0.165,74.88
nws,nws,n-w-s,Alh,uAlh,a-l-h,129,0.93,0.123,74.26
qwl,qwl,q-w-l,sHr,suHr,s-ḥ-r,44,1.75,0.061,74.06
kfr,kfr,k-f-r,Alh,uAlh,a-l-h,225,0.68,0.192,73.77
rsl,rsl,r-s-l,Alh,uAlh,a-l-h,211,0.71,0.183,73.47
Alh,uAlh,a-l-h,ArD,uAruD,a-r-ḍ,215,0.7,0.185,73.05
gyb,gyb,gh-y-b,Elm,uElm,ʿ-l-m,34,2.3,0.086,73.01
dwn,dwn,d-w-n,Ax*,uAxdh,a-kh-dh,33,2.57,0.171,72.05
$dd,shdd,sh-d-d,Eqb,uEqb,ʿ-q-b,18,3.94,0.208,71.95
fry,fry,f-r-y,k*b,kdhb,k-dh-b,22,3.31,0.141,71.66
kyf,kyf,k-y-f,syr,syr,s-y-r,12,5.17,0.222,71.15
nwr,nwr,n-w-r,xld,xld,kh-l-d,23,3.26,0.177,70.97
Alh,uAlh,a-l-h,End,uEnd,ʿ-n-d,112,0.98,0.108,70.83
sbH,sbuH,s-b-ḥ,Hmd,uHmd,ḥ-m-d,16,4.23,0.216,70.64
nhy,nhy,n-h-y,nkr,nkr,n-k-r,12,5.23,0.264,70.56
jyA,jyuA,j-y-a,qwl,qwl,q-w-l,118,1.02,0.143,70.54
Tyb,uTyb,ṭ-y-b,xbv,xbv,kh-b-th,8,6.76,0.286,70.04
smw,smw,s-m-w,Ajl,uAjl,a-j-l,23,3.09,0.115,69.94
jhd,jhd,j-h-d,sbl,sbl,s-b-l,16,4.08,0.16,69.5
b$r,bshr,b-sh-r,n*r,ndhr,n-dh-r,22,3.33,0.188,69.14
hlk,hlk,h-l-k,qrn,qrn,q-r-n,12,5.13,0.247,68.92
Emy,uEmy,ʿ-m-y,Smm,uSmm,ṣ-m-m,8,6.89,0.364,68.65
*kr,dhkr,dh-k-r,Anv,uAnv,a-n-th,16,3.86,0.11,68.31
dnw,dnw,d-n-w,mtE,mtuE,m-t-ʿ,18,3.75,0.187,67.49
dEw,duEw,d-ʿ-w,jwb,jwb,j-w-b,17,3.83,0.152,67.41
bgy,bgy,b-gh-y,fDl,fuDl,f-ḍ-l,18,3.76,0.198,67.17
dxl,dxl,d-kh-l,jry,jry,j-r-y,17,3.9,0.194,67.02
xlf,xlf,kh-l-f,ydy,ydy,y-d-y,21,3.36,0.186,66.84
kwn,kwn,k-w-n,qwl,qwl,q-w-l,369,0.5,0.288,66.76
rzq,rzq,r-z-q,Tyb,uTyb,ṭ-y-b,15,4.22,0.194,66.39
nwr,nwr,n-w-r,wqd,wqd,w-q-d,10,5.03,0.108,65.5
bwb,bwb,b-w-b,ftH,ftuH,f-t-ḥ,9,6.15,0.316,65.41
swA,swuA,s-w-a,Hsn,uHsn,ḥ-s-n,28,2.71,0.171,65.25
syr,syr,s-y-r,Eqb,uEqb,ʿ-q-b,11,5.21,0.222,65.24
Eml,uEml,ʿ-m-l,xbr,xbr,kh-b-r,22,3.08,0.121,65.18
dyn,dyn,d-y-n,xlS,xluS,kh-l-ṣ,12,4.84,0.205,64.3
qbl,qbl,q-b-l,Aty,uAty,a-t-y,64,1.54,0.167,64.21
lyl,lyl,l-y-l,$ms,shms,sh-m-s,12,4.85,0.212,64.2
rsl,rsl,r-s-l,Amn,uAmn,a-m-n,107,1.11,0.186,64.18
mwl,mwl,m-w-l,wld,wld,w-l-d,16,3.96,0.2,64.06
qll,qll,q-l-l,vmn,vmn,th-m-n,10,5.47,0.215,63.98
dnw,dnw,d-n-w,zyn,zyn,z-y-n,15,4.09,0.175,63.79
nSr,nuSr,n-ṣ-r,wly,wly,w-l-y,28,2.66,0.165,63.51
$dd,shdd,sh-d-d,E*b,uEdhb,ʿ-dh-b,30,2.49,0.138,63.44
qtl,qtl,q-t-l,Alh,uAlh,a-l-h,79,1.1,0.079,63.42
fwz,fwz,f-w-z,tHt,tuHt,t-ḥ-t,10,5.53,0.26,63.28
qlb,qlb,q-l-b,Alh,uAlh,a-l-h,94,1.01,0.092,63.23
nZr,nuZr,n-ẓ-r,syr,syr,s-y-r,12,4.7,0.171,62.93
bAs,buAs,b-a-s,Syr,uSyr,ṣ-y-r,11,5.08,0.222,62.43
qwl,qwl,q-w-l,Abw,uAbw,a-b-w,60,1.38,0.081,62.39
Ajr,uAjr,a-j-r,EZm,uEuZm,ʿ-ẓ-m,20,3.31,0.177,62.15
Akl,uAkl,a-k-l,Tyb,uTyb,ṭ-y-b,14,4.23,0.19,61.82
qtl,qtl,q-t-l,sbl,sbl,s-b-l,24,2.9,0.168,61.76
nfq,nfq,n-f-q,Alh,uAlh,a-l-h,61,1.24,0.062,61.56
jzy,jzy,j-z-y,Eml,uEml,ʿ-m-l,30,2.46,0.142,61.49
Alh,uAlh,a-l-h,Ebd,uEbd,ʿ-b-d,134,0.83,0.126,61.31
sjd,sjd,s-j-d,Hrm,uHrm,ḥ-r-m,15,4.02,0.197,61.22
dbr,dbr,d-b-r,wly,wly,w-l-y,17,3.58,0.138,60.97
kfr,kfr,k-f-r,E*b,uEdhb,ʿ-dh-b,68,1.44,0.17,60.8
bHr,buHr,b-ḥ-r,flk,flk,f-l-k,9,5.81,0.277,60.56
qbl,qbl,q-b-l,rsl,rsl,r-s-l,58,1.58,0.163,59.84
sAl,suAl,s-a-l,Ajr,uAjr,a-j-r,19,3.34,0.175,59.71
Afk,uAfk,a-f-k,Any,uAny,a-n-y,9,5.75,0.277,59.48
nwr,nwr,n-w-r,SHb,uSuHb,ṣ-ḥ-b,21,3.08,0.16,59.05
Ax*,uAxdh,a-kh-dh,wvq,wvq,w-th-q,15,3.72,0.11,59.02
jzy,jzy,j-z-y,Hsn,uHsn,ḥ-s-n,23,2.89,0.161,58.91
Abd,uAbd,a-b-d,xld,xld,kh-l-d,11,4.83,0.193,58.59
Ajr,uAjr,a-j-r,Hsn,uHsn,ḥ-s-n,22,2.97,0.159,58.54
mlk,mlk,m-l-k,$yA,shyuA,sh-y-a,47,1.77,0.147,58.5
mrD,mruD,m-r-ḍ,qlb,qlb,q-l-b,12,4.39,0.135,58.27
SHb,uSuHb,ṣ-ḥ-b,xld,xld,kh-l-d,16,3.7,0.183,58.03
qdm,qdm,q-d-m,ydy,ydy,y-d-y,14,4.05,0.177,58
fwz,fwz,f-w-z,jry,jry,j-r-y,10,5.17,0.22,57.92
bkm,bkm,b-k-m,Smm,uSmm,ṣ-m-m,5,8.54,0.5,57.63
mlk,mlk,m-l-k,smw,smw,s-m-w,41,1.93,0.151,57.39
kyl,kyl,k-y-l,wfy,wfy,w-f-y,8,5.91,0.208,57.07
bwb,bwb,b-w-b,dxl,dxl,d-kh-l,11,4.69,0.163,57.05
Ajl,uAjl,a-j-l,Axr,uAxr,a-kh-r,18,3.27,0.124,56.99
Tyn,uTyn,ṭ-y-n,xlq,xlq,kh-l-q,10,4.58,0.087,56.84
klf,klf,k-l-f,wsE,wsuE,w-s-ʿ,6,7.33,0.324,56.8
brr,brr,b-r-r,bHr,buHr,b-ḥ-r,9,5.55,0.257,56.63
qbl,qbl,q-b-l,xlw,xlw,kh-l-w,15,3.57,0.097,56.13
nfs,nfs,n-f-s,Alh,uAlh,a-l-h,139,0.77,0.129,56.03
qwm,qwm,q-w-m,zkw,zkw,z-k-w,27,2.33,0.083,55.85
qrb,qrb,q-r-b,ytm,ytm,y-t-m,10,4.96,0.177,55.67
nsw,nsw,n-s-w,rjl,rjl,r-j-l,12,4.42,0.202,55.48
stt,stt,s-t-t,Er$,uErsh,ʿ-r-sh,6,7.19,0.3,55.48
$rk,shrk,sh-r-k,Hnf,uHnf,ḥ-n-f,9,5.03,0.116,55.15
fDl,fuDl,f-ḍ-l,Alh,uAlh,a-l-h,62,1.16,0.063,55
kwn,kwn,k-w-n,qbl,qbl,q-b-l,105,0.98,0.144,54.94
k$f,kshf,k-sh-f,Drr,uDrr,ḍ-r-r,9,5.33,0.2,54.7
hdy,hdy,h-d-y,qwm,qwm,q-w-m,66,1.36,0.153,54.38
Hll,uHll,ḥ-l-l,Tyb,uTyb,ṭ-y-b,10,4.98,0.225,54.27
fwz,fwz,f-w-z,jnn,jnn,j-n-n,13,3.94,0.117,54.26
dwn,dwn,d-w-n,Ebd,uEbd,ʿ-b-d,29,2.34,0.148,54.23
kfr,kfr,k-f-r,nwr,nwr,n-w-r,44,1.76,0.138,54.17
lyl,lyl,l-y-l,qmr,qmr,q-m-r,10,4.89,0.187,53.87
$rk,shrk,sh-r-k,Alh,uAlh,a-l-h,85,0.98,0.084,53.79
nzl,nzl,n-z-l,smw,smw,s-m-w,47,1.7,0.154,53.5
ryb,ryb,r-y-b,$kk,shkk,sh-k-k,7,6.38,0.28,53.4
sTr,suTr,s-ṭ-r,Awl,uAwl,a-w-l,10,4.62,0.115,53.26
byn,byn,b-y-n,ktb,ktb,k-t-b,57,1.49,0.156,53.16
gyr,gyr,gh-y-r,Alh,uAlh,a-l-h,86,0.97,0.085,53
qmr,qmr,q-m-r,sxr,sxr,s-kh-r,8,5.78,0.262,52.96
Alh,uAlh,a-l-h,Hrm,uHrm,ḥ-r-m,51,1.25,0.052,52.95
kyl,kyl,k-y-l,wzn,wzn,w-z-n,6,7.1,0.353,52.31
fTr,fuTr,f-ṭ-r,smw,smw,s-m-w,13,3.6,0.07,52.17
jyA,jyuA,j-y-a,Hqq,uHqq,ḥ-q-q,40,1.86,0.152,52.1
byn,byn,b-y-n,Alh,uAlh,a-l-h,207,0.6,0.177,51.99
qry,qry,q-r-y,Ahl,uAhl,a-h-l,14,3.75,0.161,51.86
gll,gll,gh-l-l,Enq,uEnq,ʿ-n-q,5,8.06,0.455,51.6
nfq,nfq,n-f-q,rzq,rzq,r-z-q,16,3.41,0.164,51.41
xyr,xyr,kh-y-r,Alh,uAlh,a-l-h,99,0.88,0.096,51.29
drj,drj,d-r-j,rfE,rfuE,r-f-ʿ,7,6.23,0.286,51.22
dmw,dmw,d-m-w,lHm,luHm,l-ḥ-m,5,8.02,0.455,51.13
rbE,rbuE,r-b-ʿ,vlv,vlv,th-l-th,7,6.21,0.286,50.95
rbb,rbb,r-b-b,rHm,ruHm,r-ḥ-m,91,1.06,0.154,50.89
bsT,bsuT,b-s-ṭ,$yA,shyuA,sh-y-a,15,3.18,0.064,50.84
bsT,bsuT,b-s-ṭ,rzq,rzq,r-z-q,10,4.64,0.152,50.79
$ml,shml,sh-m-l,ymn,ymn,y-m-n,7,5.98,0.189,50.78
lhw,lhw,l-h-w,lEb,luEb,l-ʿ-b,6,6.96,0.343,50.77
bTl,buTl,b-ṭ-l,Hqq,uHqq,ḥ-q-q,15,3.39,0.101,50.7
Ebd,uEbd,ʿ-b-d,xlS,xluS,kh-l-ṣ,14,3.54,0.1,50.51
k*b,kdhb,k-dh-b,Ayy,uAyy,a-y-y,46,1.66,0.151,50.47
qll,qll,q-l-l,$ry,shry,sh-r-y,9,5.04,0.186,50.45
dxl,dxl,d-kh-l,nhr,nhr,n-h-r,17,3.23,0.16,50.37
jvm,jvm,j-th-m,SbH,uSbuH,ṣ-b-ḥ,5,7.18,0.208,50.37
$rH,shruH,sh-r-ḥ,Sdr,uSdr,ṣ-d-r,5,7.18,0.208,50.37
$yA,shyuA,sh-y-a,ArD,uAruD,a-r-ḍ,74,1.22,0.166,50.24
Hbb,uHbb,ḥ-b-b,Alh,uAlh,a-l-h,57,1.15,0.058,49.86
$rb,shrb,sh-r-b,Akl,uAkl,a-k-l,11,4.32,0.163,49.8
wkl,wkl,w-k-l,Alh,uAlh,a-l-h,45,1.29,0.046,49.78
twb,twb,t-w-b,SlH,uSluH,ṣ-l-ḥ,17,3.18,0.142,49.74
Abw,uAbw,a-b-w,Axw,uAxw,a-kh-w,15,3.49,0.163,49.72
fsd,fsd,f-s-d,Evw,uEvw,ʿ-th-w,5,7.05,0.192,49.43
bAs,buAs,b-a-s,Awy,uAwy,a-w-y,10,4.63,0.189,49.24
$ms,shms,sh-m-s,sxr,sxr,s-kh-r,8,5.48,0.239,49.12
TwE,uTwuE,ṭ-w-ʿ,Alh,uAlh,a-l-h,72,1.02,0.072,48.96
kwn,kwn,k-w-n,Eml,uEml,ʿ-m-l,110,0.9,0.148,48.9
bsT,bsuT,b-s-ṭ,qdr,qdr,q-d-r,10,4.49,0.139,48.66
mtE,mtuE,m-t-ʿ,Hyy,uHyy,ḥ-y-y,16,3.25,0.142,48.39
mwh,mwh,m-w-h,ArD,uAruD,a-r-ḍ,23,2.44,0.092,48.38
fwz,fwz,f-w-z,nhr,nhr,n-h-r,10,4.5,0.155,48.17
dwr,dwr,d-w-r,jvm,jvm,j-th-m,5,6.88,0.172,48.16
fwq,fwq,f-w-q,rfE,rfuE,r-f-ʿ,8,5.39,0.229,48.12
nSr,nuSr,n-ṣ-r,Alh,uAlh,a-l-h,80,0.95,0.079,47.94
qbl,qbl,q-b-l,Eqb,uEqb,ʿ-q-b,21,2.65,0.118,47.86
syr,syr,s-y-r,ArD,uAruD,a-r-ḍ,15,3.09,0.065,47.79
qrb,qrb,q-r-b,skn,skn,s-k-n,13,3.75,0.166,47.68
skn,skn,s-k-n,TEm,uTuEm,ṭ-ʿ-m,10,4.53,0.187,47.56
nTf,nuTf,n-ṭ-f,xlq,xlq,kh-l-q,9,4.42,0.078,47.44
snw,snw,s-n-w,Alf,uAlf,a-l-f,6,6.62,0.308,47.28
jHd,juHd,j-ḥ-d,Ayy,uAyy,a-y-y,10,3.88,0.055,47.12
Axr,uAxr,a-kh-r,Alh,uAlh,a-l-h,123,0.75,0.116,47.02
lqy,lqy,l-q-y,ESw,uEuSw,ʿ-ṣ-w,8,4.94,0.109,46.69
jhd,jhd,j-h-d,mwl,mwl,m-w-l,10,4.44,0.172,46.46
lbs,lbs,l-b-s,Hly,uHly,ḥ-l-y,5,7.44,0.345,46.44
lEb,luEb,l-ʿ-b,xwD,xwuD,kh-w-ḍ,5,7.44,0.345,46.44
kll,kll,k-l-l,ArD,uAruD,a-r-ḍ,62,1.31,0.156,46.43
rAf,ruAf,r-a-f,rHm,ruHm,r-ḥ-m,10,3.94,0.061,46.4
Ajr,uAjr,a-j-r,DyE,uDyuE,ḍ-y-ʿ,7,5.46,0.128,46.37
dxl,dxl,d-kh-l,SlH,uSluH,ṣ-l-ḥ,20,2.72,0.142,46.25
snn,snn,s-n-n,xlw,xlw,kh-l-w,6,6.48,0.279,46.13
jyA,jyuA,j-y-a,sHr,suHr,s-ḥ-r,18,2.86,0.112,46.04
mwh,mwh,m-w-h,nbt,nbt,n-b-t,8,5.18,0.193,45.94
bSr,buSr,b-ṣ-r,Emy,uEmy,ʿ-m-y,11,4.04,0.13,45.92
hlk,hlk,h-l-k,qbl,qbl,q-b-l,19,2.74,0.11,45.59
bgt,bgt,b-gh-t,Aty,uAty,a-t-y,11,3.44,0.044,45.53
qlb,qlb,q-l-b,Amn,uAmn,a-m-n,49,1.45,0.112,45.43
skn,skn,s-k-n,ytm,ytm,y-t-m,8,5.1,0.182,45.2
mll,mll,m-l-l,Hnf,uHnf,ḥ-n-f,5,7.34,0.357,45.13
dwn,dwn,d-w-n,nSr,nuSr,n-ṣ-r,20,2.68,0.143,44.97
Esr,uEsr,ʿ-s-r,ysr,ysr,y-s-r,6,6.28,0.231,44.96
rbb,rbb,r-b-b,End,uEnd,ʿ-n-d,62,1.23,0.117,44.87
Hyy,uHyy,ḥ-y-y,zyn,zyn,z-y-n,13,3.55,0.127,44.87
qlb,qlb,q-l-b,qsw,qsw,q-s-w,6,5.33,0.075,44.57
tHt,tuHt,t-ḥ-t,SlH,uSluH,ṣ-l-ḥ,14,3.36,0.127,44.56
E*b,uEdhb,ʿ-dh-b,xzy,xzy,kh-z-y,13,3.33,0.072,44.5
srE,sruE,s-r-ʿ,Hsb,uHsb,ḥ-s-b,9,4.58,0.144,44.47
jnn,jnn,j-n-n,Eml,uEml,ʿ-m-l,35,1.83,0.138,44.34
jry,jry,j-r-y,sxr,sxr,s-kh-r,9,4.65,0.182,44.3
mlk,mlk,m-l-k,Alh,uAlh,a-l-h,101,0.81,0.098,44.2
nhr,nhr,n-h-r,$ms,shms,sh-m-s,10,4.26,0.149,44.17
jdd,jdd,j-d-d,xlq,xlq,kh-l-q,8,4.52,0.07,44.07
bEd,buEd,b-ʿ-d,jyA,jyuA,j-y-a,34,1.86,0.14,43.93
fqr,fqr,f-q-r,gny,gny,gh-n-y,7,5.44,0.163,43.89
Ehd,uEhd,ʿ-h-d,wfy,wfy,w-f-y,9,4.61,0.18,43.73
bgt,bgt,b-gh-t,$Er,shuEr,sh-ʿ-r,6,6.17,0.226,43.67
Ezz,uEzz,ʿ-z-z,Alh,uAlh,a-l-h,69,0.98,0.069,43.54
hdy,hdy,h-d-y,sbl,sbl,s-b-l,29,2.04,0.134,43.35
Emh,uEmh,ʿ-m-h,Tgy,uTgy,ṭ-gh-y,5,6.84,0.217,43.06
*kr,dhkr,dh-k-r,lbb,lbb,l-b-b,10,3.88,0.071,42.94
Ajr,uAjr,a-j-r,Eml,uEml,ʿ-m-l,24,2.27,0.117,42.93
$Tn,shuTn,sh-ṭ-n,Edw,uEdw,ʿ-d-w,13,3.5,0.153,42.91
bdA,bduA,b-d-a,xlq,xlq,kh-l-q,9,4.2,0.078,42.82
qsT,qsuT,q-s-ṭ,Edl,uEdl,ʿ-d-l,6,6.15,0.261,42.67
nxl,nxl,n-kh-l,zrE,zruE,z-r-ʿ,5,7.02,0.313,42.52
jnn,jnn,j-n-n,SlH,uSluH,ṣ-l-ḥ,25,2.23,0.137,42.45
bgt,bgt,b-gh-t,swE,swuE,s-w-ʿ,6,6.03,0.211,42.44
lwn,lwn,l-w-n,xlf,xlf,kh-l-f,6,5.53,0.098,42.42
lbv,lbv,l-b-th,snw,snw,s-n-w,6,6.11,0.255,42.41
nqD,nquD,n-q-ḍ,wvq,wvq,w-th-q,5,6.9,0.263,42.29
Sdq,uSdq,ṣ-d-q,wEd,wuEd,w-ʿ-d,19,2.66,0.139,42.16
byn,byn,b-y-n,Ayy,uAyy,a-y-y,61,1.25,0.151,42.03
ndm,ndm,n-d-m,SbH,uSbuH,ṣ-b-ḥ,5,6.69,0.2,42.02
nzl,nzl,n-z-l,Alh,uAlh,a-l-h,126,0.7,0.118,41.94
Ajr,uAjr,a-j-r,Amn,uAmn,a-m-n,36,1.65,0.088,41.84
nhr,nhr,n-h-r,qmr,qmr,q-m-r,9,4.4,0.141,41.81
Awy,uAwy,a-w-y,Syr,uSyr,ṣ-y-r,7,5.39,0.215,41.77
tHt,tuHt,t-ḥ-t,Eml,uEml,ʿ-m-l,17,2.76,0.094,41.74
dnw,dnw,d-n-w,E*b,uEdhb,ʿ-dh-b,28,2.02,0.121,41.63
qhr,qhr,q-h-r,wHd,wuHd,w-ḥ-d,6,5.8,0.156,41.57
hdy,hdy,h-d-y,Alh,uAlh,a-l-h,130,0.69,0.121,41.51
gbr,gbr,gh-b-r,mrA,mruA,m-r-a,5,6.72,0.222,41.42
byn,byn,b-y-n,Hkm,uHkm,ḥ-k-m,41,1.58,0.128,41.38
byn,byn,b-y-n,rsl,rsl,r-s-l,69,1.14,0.156,41.3
stt,stt,s-t-t,xlq,xlq,kh-l-q,7,4.65,0.062,41.21
Drr,uDrr,ḍ-r-r,Alh,uAlh,a-l-h,47,1.16,0.048,41.13
qdr,qdr,q-d-r,ArD,uAruD,a-r-ḍ,31,1.86,0.111,41.12
mwl,mwl,m-w-l,sbl,sbl,s-b-l,16,2.93,0.131,41.03
jnH,jnuH,j-n-ḥ,lys,lys,l-y-s,9,4.37,0.154,40.84
bny,bny,b-n-y,nsw,nsw,n-s-w,13,3.35,0.128,40.78
bEd,buEd,b-ʿ-d,Alh,uAlh,a-l-h,112,0.74,0.107,40.76
nkr,nkr,n-k-r,Amr,uAmr,a-m-r,13,3.28,0.099,40.69
qwl,qwl,q-w-l,Alh,uAlh,a-l-h,514,0.3,0.315,40.65
fDl,fuDl,f-ḍ-l,$kr,shkr,sh-k-r,12,3.56,0.149,40.53
dxl,dxl,d-kh-l,xld,xld,kh-l-d,14,3.19,0.142,40.48
ktb,ktb,k-t-b,Hkm,uHkm,ḥ-k-m,31,1.87,0.132,40.42
kfy,kfy,k-f-y,$hd,shhd,sh-h-d,10,3.99,0.129,40.4
Sdd,uSdd,ṣ-d-d,Alh,uAlh,a-l-h,32,1.37,0.033,40.37
qwl,qwl,q-w-l,rAy,ruAy,r-a-y,113,0.78,0.135,40.24
nqD,nquD,n-q-ḍ,Ehd,uEhd,ʿ-h-d,5,6.59,0.222,39.95
A*n,uAdhn,a-dh-n,wqr,wqr,w-q-r,6,5.53,0.121,39.89
Ans,uAns,a-n-s,xlq,xlq,kh-l-q,19,2.55,0.122,39.76
fSl,fuSl,f-ṣ-l,Ayy,uAyy,a-y-y,16,2.75,0.081,39.67
fDl,fuDl,f-ḍ-l,EZm,uEuZm,ʿ-ẓ-m,15,3,0.137,39.62
qwl,qwl,q-w-l,Elm,uElm,ʿ-l-m,230,0.51,0.218,39.34
rkE,rkuE,r-k-ʿ,sjd,sjd,s-j-d,6,5.53,0.132,39.21
Hmd,uHmd,ḥ-m-d,Alh,uAlh,a-l-h,42,1.19,0.043,39.15
Aty,uAty,a-t-y,Slw,uSlw,ṣ-l-w,27,1.94,0.094,38.99
rsl,rsl,r-s-l,rwH,rwuH,r-w-ḥ,19,2.41,0.079,38.75
Amr,uAmr,a-m-r,Alh,uAlh,a-l-h,112,0.72,0.106,38.71
gfr,gfr,gh-f-r,rbb,rbb,r-b-b,62,1.14,0.116,38.69
$hd,shhd,sh-h-d,Alh,uAlh,a-l-h,70,0.92,0.07,38.64
hjr,hjr,h-j-r,sbl,sbl,s-b-l,10,3.82,0.105,38.63
Ewj,uEwj,ʿ-w-j,Sdd,uSdd,ṣ-d-d,5,6.4,0.2,38.56
Abw,uAbw,a-b-w,wjd,wjd,w-j-d,14,3.08,0.138,38.37
frj,frj,f-r-j,HfZ,uHfuZ,ḥ-f-ẓ,5,6.37,0.196,38.3
mlk,mlk,m-l-k,qwl,qwl,q-w-l,80,0.92,0.102,38.28
qwl,qwl,q-w-l,Axw,uAxw,a-kh-w,43,1.28,0.059,38.23
klf,klf,k-l-f,nfs,nfs,n-f-s,7,4.34,0.05,38.19
bEd,buEd,b-ʿ-d,byn,byn,b-y-n,44,1.44,0.13,38.05
dEw,duEw,d-ʿ-w,$rk,shrk,sh-r-k,21,2.33,0.129,38.03
Eml,uEml,ʿ-m-l,Hsn,uHsn,ḥ-s-n,31,1.8,0.127,38.03
mtE,mtuE,m-t-ʿ,Hyn,uHyn,ḥ-y-n,8,4.54,0.163,37.94
Aty,uAty,a-t-y,Sdq,uSdq,ṣ-d-q,35,1.64,0.111,37.91
lTf,luTf,l-ṭ-f,xbr,xbr,kh-b-r,5,6.23,0.167,37.82
qbl,qbl,q-b-l,qrn,qrn,q-r-n,13,3.08,0.082,37.71
rbE,rbuE,r-b-ʿ,$hr,shhr,sh-h-r,5,6.45,0.263,37.69
Amm,uAmm,a-m-m,wHd,wuHd,w-ḥ-d,12,3.38,0.138,37.66
rDw,ruDw,r-ḍ-w,Alh,uAlh,a-l-h,43,1.16,0.044,37.65
Ax*,uAxdh,a-kh-dh,wly,wly,w-l-y,29,1.88,0.13,37.61
Eml,uEml,ʿ-m-l,zyn,zyn,z-y-n,15,2.8,0.084,37.59
hzA,hzuA,h-z-a,Ax*,uAxdh,a-kh-dh,12,3.26,0.087,37.54
tHt,tuHt,t-ḥ-t,Abd,uAbd,a-b-d,7,4.96,0.179,37.39
fry,fry,f-r-y,Alh,uAlh,a-l-h,38,1.22,0.039,37.38
Swb,uSwb,ṣ-w-b,Alh,uAlh,a-l-h,39,1.21,0.04,37.38
bgy,bgy,b-gh-y,Alh,uAlh,a-l-h,55,1.02,0.056,37.37
mlk,mlk,m-l-k,ArD,uAruD,a-r-ḍ,39,1.53,0.124,37.37
gny,gny,gh-n-y,Hmd,uHmd,ḥ-m-d,10,3.83,0.15,37.27
qrD,qruD,q-r-ḍ,Hsn,uHsn,ḥ-s-n,6,4.92,0.065,37.26
bgy,bgy,b-gh-y,rDw,ruDw,r-ḍ-w,11,3.57,0.143,37.25
kll,kll,k-l-l,smw,smw,s-m-w,50,1.32,0.141,37.23
mwh,mwh,m-w-h,sqy,sqy,s-q-y,7,4.92,0.167,37.17
qlb,qlb,q-l-b,rEb,ruEb,r-ʿ-b,5,5.33,0.063,37.11
b$r,bshr,b-sh-r,rsl,rsl,r-s-l,29,1.82,0.106,37.03
fwz,fwz,f-w-z,xld,xld,kh-l-d,8,4.43,0.142,36.96
H$r,uHshr,ḥ-sh-r,ywm,ywm,y-w-m,16,2.62,0.076,36.91
jhd,jhd,j-h-d,Amn,uAmn,a-m-n,19,2.19,0.05,36.62
sbH,sbuH,s-b-ḥ,smw,smw,s-m-w,22,2.16,0.1,36.54
wEd,wuEd,w-ʿ-d,xlf,xlf,kh-l-f,16,2.73,0.13,36.53
nhy,nhy,n-h-y,Erf,uErf,ʿ-r-f,9,4.07,0.155,36.47
qrr,qrr,q-r-r,Eyn,uEyn,ʿ-y-n,8,4.42,0.16,36.45
smw,smw,s-m-w,sxr,sxr,s-kh-r,14,2.83,0.072,36.26
kwn,kwn,k-w-n,Alh,uAlh,a-l-h,441,0.32,0.289,36.25
qlb,qlb,q-l-b,Tmn,uTmn,ṭ-m-n,7,4.55,0.084,35.98
flk,flk,f-l-k,sxr,sxr,s-kh-r,6,5.42,0.2,35.9
jnn,jnn,j-n-n,nEm,nuEm,n-ʿ-m,20,2.31,0.123,35.76
qdr,qdr,q-d-r,smw,smw,s-m-w,26,1.93,0.11,35.74
byn,byn,b-y-n,qDy,quDy,q-ḍ-y,20,2.22,0.078,35.73
blg,blg,b-l-gh,Ajl,uAjl,a-j-l,9,4,0.149,35.68
dyn,dyn,d-y-n,Alh,uAlh,a-l-h,53,1.02,0.054,35.67
nsw,nsw,n-s-w,Alh,uAlh,a-l-h,37,1.21,0.038,35.66
$yA,shyuA,sh-y-a,Elm,uElm,ʿ-l-m,95,0.86,0.161,35.66
flk,flk,f-l-k,jry,jry,j-r-y,7,4.77,0.157,35.58
E*b,uEdhb,ʿ-dh-b,EZm,uEuZm,ʿ-ẓ-m,26,1.93,0.112,35.53
nfx,nfx,n-f-kh,rwH,rwuH,r-w-ḥ,6,5.32,0.171,35.42
$rk,shrk,sh-r-k,Elw,uElw,ʿ-l-w,13,3.06,0.123,35.32
gfr,gfr,gh-f-r,xTA,xuTuA,kh-ṭ-a,9,3.8,0.081,35.3
gfr,gfr,gh-f-r,Hlm,uHlm,ḥ-l-m,9,3.8,0.081,35.3
gny,gny,gh-n-y,$yA,shyuA,sh-y-a,22,2.09,0.084,35.3
nxl,nxl,n-kh-l,vmr,vmr,th-m-r,5,6.15,0.238,35.29
dnw,dnw,d-n-w,grr,grr,gh-r-r,8,4.21,0.107,35.27
wld,wld,w-l-d,wSy,wuSy,w-ṣ-y,7,4.7,0.139,35.21
jmE,jmuE,j-m-ʿ,ywm,ywm,y-w-m,27,1.86,0.108,35.14
jnn,jnn,j-n-n,Ans,uAns,a-n-s,17,2.54,0.118,35.12
*rr,dhrr,dh-r-r,vql,vql,th-q-l,6,5.32,0.194,35.01
jhd,jhd,j-h-d,Alh,uAlh,a-l-h,28,1.37,0.029,35
bHr,buHr,b-ḥ-r,jry,jry,j-r-y,8,4.28,0.154,34.85
A*n,uAdhn,a-dh-n,Alh,uAlh,a-l-h,54,0.99,0.055,34.79
Hqq,uHqq,ḥ-q-q,wEd,wuEd,w-ʿ-d,23,2.07,0.117,34.79
qsT,qsuT,q-s-ṭ,wzn,wzn,w-z-n,5,6.08,0.233,34.74
mlk,mlk,m-l-k,ymn,ymn,y-m-n,14,2.86,0.11,34.72
kwn,kwn,k-w-n,Amn,uAmn,a-m-n,197,0.53,0.207,34.62
qrA,qruA,q-r-a,Erb,uErb,ʿ-r-b,7,4.65,0.139,34.62
kbr,kbr,k-b-r,Sgr,uSgr,ṣ-gh-r,7,4.46,0.084,34.56
dwr,dwr,d-w-r,xrj,xrj,kh-r-j,12,3.17,0.114,34.52
hjr,hjr,h-j-r,jhd,jhd,j-h-d,6,5.27,0.19,34.51
jnn,jnn,j-n-n,Enb,uEnb,ʿ-n-b,7,4.34,0.068,34.51
smw,smw,s-m-w,stt,stt,s-t-t,7,3.95,0.039,34.46
rsl,rsl,r-s-l,TwE,uTwuE,ṭ-w-ʿ,28,1.79,0.102,34.43
snw,snw,s-n-w,Edd,uEdd,ʿ-d-d,6,5.23,0.171,34.42
nkH,nkuH,n-k-ḥ,nsw,nsw,n-s-w,6,5.22,0.167,34.41
Avm,uAvm,a-th-m,Edw,uEdw,ʿ-d-w,9,3.86,0.134,34.03
ktb,ktb,k-t-b,tlw,tlw,t-l-w,16,2.55,0.094,34.01
kll,kll,k-l-l,nfs,nfs,n-f-s,41,1.42,0.131,33.97
fkr,fkr,f-k-r,Ayy,uAyy,a-y-y,10,3.29,0.054,33.88
jry,jry,j-r-y,Abd,uAbd,a-b-d,7,4.61,0.152,33.79
Axr,uAxr,a-kh-r,E*b,uEdhb,ʿ-dh-b,37,1.5,0.128,33.78
nwr,nwr,n-w-r,Zlm,uZlm,ẓ-l-m,28,1.79,0.121,33.7
Edd,uEdd,ʿ-d-d,HSy,uHuSy,ḥ-ṣ-y,5,5.83,0.164,33.7
nbt,nbt,n-b-t,ArD,uAruD,a-r-ḍ,12,2.89,0.052,33.67
stt,stt,s-t-t,ywm,ywm,y-w-m,7,3.86,0.036,33.5
fsq,fsq,f-s-q,qwm,qwm,q-w-m,21,2.02,0.065,33.48
nfs,nfs,n-f-s,wfy,wfy,w-f-y,16,2.53,0.096,33.44
kfr,kfr,k-f-r,Alm,uAlm,a-l-m,22,2.01,0.082,33.43
ktb,ktb,k-t-b,Amm,uAmm,a-m-m,21,2.13,0.109,33.42
stt,stt,s-t-t,swy,swy,s-w-y,5,5.61,0.114,33.36
wHd,wuHd,w-ḥ-d,Alh,uAlh,a-l-h,43,1.09,0.044,33.36
qtl,qtl,q-t-l,xrj,xrj,kh-r-j,17,2.47,0.122,33.35
lyl,lyl,l-y-l,sxr,sxr,s-kh-r,8,4.14,0.138,33.32
lyl,lyl,l-y-l,sry,sry,s-r-y,5,5.59,0.112,33.24
bSr,buSr,b-ṣ-r,fAd,fuAd,f-a-d,7,4.39,0.091,33.22
nwr,nwr,n-w-r,Sly,uSly,ṣ-l-y,9,3.69,0.09,33.07
grb,grb,gh-r-b,$ms,shms,sh-m-s,5,5.84,0.204,33.05
$yA,shyuA,sh-y-a,xlq,xlq,kh-l-q,41,1.39,0.123,33.05
nfs,nfs,n-f-s,qtl,qtl,q-t-l,22,2.06,0.112,32.98
$yA,shyuA,sh-y-a,Drr,uDrr,ḍ-r-r,21,2.06,0.081,32.93
hdy,hdy,h-d-y,tbE,tbuE,t-b-ʿ,25,1.9,0.118,32.92
kll,kll,k-l-l,nbt,nbt,n-b-t,11,3.07,0.058,32.9
$yA,shyuA,sh-y-a,smw,smw,s-m-w,56,1.14,0.14,32.9
jEl,juEl,j-ʿ-l,Amm,uAmm,a-m-m,22,2.04,0.105,32.87
byt,byt,b-y-t,Twf,uTwf,ṭ-w-f,7,4.53,0.157,32.83
Amm,uAmm,a-m-m,xlw,xlw,kh-l-w,8,4.06,0.119,32.79
sbH,sbuH,s-b-ḥ,wSf,wuSf,w-ṣ-f,6,4.94,0.119,32.77
EZm,uEuZm,ʿ-ẓ-m,Alh,uAlh,a-l-h,69,0.85,0.069,32.77
dnw,dnw,d-n-w,xzy,xzy,kh-z-y,8,4.02,0.105,32.75
nbA,nbuA,n-b-a,Aty,uAty,a-t-y,34,1.53,0.107,32.58
Eml,uEml,ʿ-m-l,Alh,uAlh,a-l-h,141,0.58,0.129,32.55
bdw,bdw,b-d-w,swA,swuA,s-w-a,9,3.68,0.1,32.51
jvm,jvm,j-th-m,Ax*,uAxdh,a-kh-dh,5,4.68,0.04,32.51
jnn,jnn,j-n-n,SHb,uSuHb,ṣ-ḥ-b,16,2.52,0.112,32.49
kfy,kfy,k-f-y,wkl,wkl,w-k-l,7,4.48,0.151,32.42
$hr,shhr,sh-h-r,Hrm,uHrm,ḥ-r-m,6,4.95,0.136,32.38
gyb,gyb,gh-y-b,$hd,shhd,sh-h-d,11,3.24,0.121,32.35
qwm,qwm,q-w-m,Alh,uAlh,a-l-h,242,0.43,0.195,32.35
Hll,uHll,ḥ-l-l,Alh,uAlh,a-l-h,31,1.26,0.032,32.31
smE,smuE,s-m-ʿ,Smm,uSmm,ṣ-m-m,7,4.26,0.079,32.27
kvr,kvr,k-th-r,Alh,uAlh,a-l-h,83,0.77,0.081,32.22
kwn,kwn,k-w-n,nbA,nbuA,n-b-a,58,1.03,0.087,32.18
mwt,mwt,m-w-t,xrj,xrj,kh-r-j,18,2.32,0.12,32.11
bEv,buEv,b-ʿ-th,mwt,mwt,m-w-t,12,3.03,0.116,32.07
E*b,uEdhb,ʿ-dh-b,ywm,ywm,y-w-m,48,1.24,0.135,32.03
b$r,bshr,b-sh-r,mvl,mvl,m-th-l,16,2.5,0.12,31.96
kwn,kwn,k-w-n,$hd,shhd,sh-h-d,50,1.11,0.077,31.92
Hml,uHml,ḥ-m-l,wDE,wuDuE,w-ḍ-ʿ,6,4.96,0.162,31.92
*kr,dhkr,dh-k-r,nsy,nsy,n-s-y,12,2.94,0.08,31.87
qdr,qdr,q-d-r,rzq,rzq,r-z-q,14,2.73,0.122,31.78
ktb,ktb,k-t-b,Hqq,uHqq,ḥ-q-q,34,1.53,0.125,31.71
$rk,shrk,sh-r-k,zEm,zuEm,z-ʿ-m,7,4.25,0.088,31.66
kwn,kwn,k-w-n,kyf,kyf,k-y-f,38,1.28,0.06,31.65
grr,grr,gh-r-r,Hyy,uHyy,ḥ-y-y,8,3.88,0.088,31.64
fDl,fuDl,f-ḍ-l,rHm,ruHm,r-ḥ-m,20,2.11,0.099,31.57
mwh,mwh,m-w-h,xrj,xrj,kh-r-j,12,2.99,0.111,31.51
bSr,buSr,b-ṣ-r,Eml,uEml,ʿ-m-l,25,1.84,0.111,31.49
lyl,lyl,l-y-l,wlj,wlj,w-l-j,5,5.42,0.111,31.48
gfr,gfr,gh-f-r,Efw,uEfw,ʿ-f-w,10,3.32,0.086,31.42
jhr,jhr,j-h-r,srr,srr,s-r-r,5,5.6,0.172,31.4
byn,byn,b-y-n,frq,frq,f-r-q,20,2.06,0.077,31.34
stt,stt,s-t-t,ArD,uAruD,a-r-ḍ,7,3.63,0.031,31.34
ksb,ksb,k-s-b,nfs,nfs,n-f-s,15,2.53,0.091,31.3
bEv,buEv,b-ʿ-th,ywm,ywm,y-w-m,18,2.22,0.082,31.28
kll,kll,k-l-l,Amm,uAmm,a-m-m,23,1.92,0.1,31.19
kwn,kwn,k-w-n,Eqb,uEqb,ʿ-q-b,35,1.33,0.056,31.18
byn,byn,b-y-n,Edw,uEdw,ʿ-d-w,24,1.84,0.088,31.16
qwm,qwm,q-w-m,Ayy,uAyy,a-y-y,67,0.99,0.141,31.08
Erf,uErf,ʿ-r-f,Tlq,uTlq,ṭ-l-q,6,4.84,0.145,31.07
Amr,uAmr,a-m-r,Erf,uErf,ʿ-r-f,14,2.64,0.097,30.85
mwh,mwh,m-w-h,vmr,vmr,th-m-r,6,4.83,0.146,30.84
Hml,uHml,ḥ-m-l,wzr,wzr,w-z-r,5,5.48,0.156,30.66
vlv,vlv,th-l-th,vny,vny,th-n-y,5,5.54,0.192,30.58
rwd,rwd,r-w-d,Alh,uAlh,a-l-h,65,0.85,0.065,30.52
Zlm,uZlm,ẓ-l-m,Alh,uAlh,a-l-h,131,0.58,0.121,30.52
bgy,bgy,b-gh-y,Ewj,uEwj,ʿ-w-j,5,5.27,0.101,30.41
mwl,mwl,m-w-l,nfs,nfs,n-f-s,17,2.3,0.097,30.3
Amn,uAmn,a-m-n,Axr,uAxr,a-kh-r,58,1.05,0.12,30.23
nfq,nfq,n-f-q,sbl,sbl,s-b-l,14,2.63,0.112,30.19
nzl,nzl,n-z-l,Ayy,uAyy,a-y-y,38,1.39,0.125,30.17
b$r,bshr,b-sh-r,glm,glm,gh-l-m,6,4.6,0.091,30.12
dwn,dwn,d-w-n,Drr,uDrr,ḍ-r-r,12,2.91,0.113,30.12
rzq,rzq,r-z-q,vmr,vmr,th-m-r,7,4.19,0.107,30.08
bqy,bqy,b-q-y,xyr,xyr,kh-y-r,8,3.74,0.08,30.07
bny,bny,b-n-y,Ayd,uAyd,a-y-d,6,4.5,0.075,30.04
Axr,uAxr,a-kh-r,ywm,ywm,y-w-m,38,1.38,0.123,29.93
mtE,mtuE,m-t-ʿ,qll,qll,q-l-l,9,3.54,0.129,29.84
jEl,juEl,j-ʿ-l,xlf,xlf,kh-l-f,22,1.93,0.103,29.78
mrr,mrr,m-r-r,Awl,uAwl,a-w-l,9,3.47,0.095,29.76
bTn,buTn,b-ṭ-n,Zhr,uZhr,ẓ-h-r,6,4.71,0.146,29.75
DyE,uDyuE,ḍ-y-ʿ,Hsn,uHsn,ḥ-s-n,6,4.4,0.064,29.71
nhr,nhr,n-h-r,sxr,sxr,s-kh-r,8,3.8,0.117,29.64
Slb,uSlb,ṣ-l-b,xlf,xlf,kh-l-f,5,5.07,0.081,29.58
jnn,jnn,j-n-n,nxl,nxl,n-kh-l,8,3.67,0.074,29.5
dxl,dxl,d-kh-l,Amn,uAmn,a-m-n,34,1.4,0.082,29.44
smE,smuE,s-m-ʿ,Elm,uElm,ʿ-l-m,44,1.21,0.099,29.43
jzy,jzy,j-z-y,ksb,ksb,k-s-b,10,3.25,0.118,29.41
kfr,kfr,k-f-r,qtl,qtl,q-t-l,28,1.62,0.095,29.37
Ax*,uAxdh,a-kh-dh,Alh,uAlh,a-l-h,113,0.62,0.106,29.36
jry,jry,j-r-y,Eml,uEml,ʿ-m-l,16,2.32,0.085,29.27
Hqq,uHqq,ḥ-q-q,Alh,uAlh,a-l-h,120,0.6,0.112,29.2
lHm,luHm,l-ḥ-m,mwt,mwt,m-w-t,6,4.45,0.077,29.18
nhr,nhr,n-h-r,wlj,wlj,w-l-j,5,5.09,0.09,29.14
lgw,lgw,l-gh-w,smE,smuE,s-m-ʿ,6,4.38,0.069,29.05
qwm,qwm,q-w-m,Aty,uAty,a-t-y,83,0.84,0.153,28.98
Elm,uElm,ʿ-l-m,Sdr,uSdr,ṣ-d-r,19,1.92,0.049,28.85
ksf,ksf,k-s-f,smw,smw,s-m-w,5,4.15,0.028,28.81
kwn,kwn,k-w-n,nfs,nfs,n-f-s,87,0.77,0.12,28.78
dEw,duEw,d-ʿ-w,Drr,uDrr,ḍ-r-r,13,2.67,0.103,28.77
qdm,qdm,q-d-m,vbt,vbt,th-b-t,5,5.26,0.154,28.77
Elm,uElm,ʿ-l-m,Eln,uEln,ʿ-l-n,11,2.56,0.03,28.75
TwE,uTwuE,ṭ-w-ʿ,wqy,wqy,w-q-y,19,2.08,0.107,28.74
qwl,qwl,q-w-l,qwm,qwm,q-w-m,186,0.49,0.188,28.67
qwm,qwm,q-w-m,Zlm,uZlm,ẓ-l-m,57,1.04,0.129,28.61
fsq,fsq,f-s-q,kvr,kvr,k-th-r,11,2.97,0.102,28.58
swy,swy,s-w-y,Er$,uErsh,ʿ-r-sh,7,4.09,0.125,28.58
fDl,fuDl,f-ḍ-l,Aty,uAty,a-t-y,24,1.74,0.083,28.56
SyH,uSyuH,ṣ-y-ḥ,wHd,wuHd,w-ḥ-d,5,5.16,0.125,28.55
gfr,gfr,gh-f-r,Ajr,uAjr,a-j-r,16,2.32,0.106,28.51
qtl,qtl,q-t-l,Hrm,uHrm,ḥ-r-m,11,2.99,0.114,28.5
$rb,shrb,sh-r-b,sqy,sqy,s-q-y,5,5.26,0.172,28.5
hdy,hdy,h-d-y,nws,nws,n-w-s,29,1.58,0.118,28.38
hdy,hdy,h-d-y,jby,jby,j-b-y,7,3.76,0.05,28.36
kll,kll,k-l-l,mlk,mlk,m-l-k,31,1.51,0.114,28.31
Elq,uElq,ʿ-l-q,xlq,xlq,kh-l-q,5,4.58,0.045,28.31
bED,buEuD,b-ʿ-ḍ,Alh,uAlh,a-l-h,50,0.93,0.051,28.27
fTr,fuTr,f-ṭ-r,ArD,uAruD,a-r-ḍ,10,2.9,0.044,28.24
jry,jry,j-r-y,SlH,uSluH,ṣ-l-ḥ,12,2.78,0.103,28.22
ktb,ktb,k-t-b,Amn,uAmn,a-m-n,63,0.96,0.126,28.22
Ax*,uAxdh,a-kh-dh,SyH,uSyuH,ṣ-y-ḥ,7,3.78,0.054,28.09
gfr,gfr,gh-f-r,SlH,uSluH,ṣ-l-ḥ,21,1.93,0.113,28.04
gfr,gfr,gh-f-r,Amn,uAmn,a-m-n,50,1.09,0.108,28.01
nbt,nbt,n-b-t,zwj,zwj,z-w-j,6,4.5,0.126,28.01
lys,lys,l-y-s,Alh,uAlh,a-l-h,49,0.94,0.05,27.96
dnw,dnw,d-n-w,rwd,rwd,r-w-d,14,2.51,0.113,27.87
bEd,buEd,b-ʿ-d,xlf,xlf,kh-l-f,18,2.12,0.106,27.85
xlq,xlq,kh-l-q,zwj,zwj,z-w-j,14,2.48,0.097,27.74
qdr,qdr,q-d-r,Alh,uAlh,a-l-h,64,0.81,0.064,27.68
xbr,xbr,kh-b-r,Alh,uAlh,a-l-h,34,1.12,0.035,27.66
swm,swm,s-w-m,Erf,uErf,ʿ-r-f,5,5.07,0.13,27.61
fry,fry,f-r-y,Dll,uDll,ḍ-l-l,11,2.9,0.098,27.6
nbA,nbuA,n-b-a,rjE,rjuE,r-j-ʿ,14,2.49,0.11,27.6
rzq,rzq,r-z-q,Alh,uAlh,a-l-h,59,0.85,0.059,27.58
jnH,jnuH,j-n-ḥ,Alh,uAlh,a-l-h,24,1.32,0.025,27.49
lbv,lbv,l-b-th,ywm,ywm,y-w-m,11,2.75,0.054,27.48
jnH,jnuH,j-n-ḥ,nsw,nsw,n-s-w,6,4.46,0.141,27.42
dyn,dyn,d-y-n,ywm,ywm,y-w-m,20,1.93,0.086,27.41
flk,flk,f-l-k,$kr,shkr,sh-k-r,6,4.44,0.128,27.41
mwl,mwl,m-w-l,ytm,ytm,y-t-m,6,4.41,0.118,27.33
dEw,duEw,d-ʿ-w,Alh,uAlh,a-l-h,88,0.68,0.085,27.3
gyr,gyr,gh-y-r,Hqq,uHqq,ḥ-q-q,22,1.84,0.108,27.25
jld,jld,j-l-d,$hd,shhd,sh-h-d,5,4.82,0.076,27.25
gny,gny,gh-n-y,Alh,uAlh,a-l-h,43,0.99,0.044,27.24
qtl,qtl,q-t-l,Edw,uEdw,ʿ-d-w,12,2.74,0.112,27.24
qrb,qrb,q-r-b,wld,wld,w-l-d,10,3.1,0.117,27.23
nhr,nhr,n-h-r,Abd,uAbd,a-b-d,7,3.93,0.108,27.22
Hsn,uHsn,ḥ-s-n,Alh,uAlh,a-l-h,86,0.69,0.084,27.19
dnw,dnw,d-n-w,lhw,lhw,l-h-w,6,4.28,0.084,27.08
rbb,rbb,r-b-b,Hmd,uHmd,ḥ-m-d,25,1.55,0.054,27.05
mkn,mkn,m-k-n,ArD,uAruD,a-r-ḍ,9,2.99,0.039,26.97
Zhr,uZhr,ẓ-h-r,wry,wry,w-r-y,6,4.4,0.136,26.94
qDy,quDy,q-ḍ-y,Ajl,uAjl,a-j-l,7,3.95,0.131,26.92
bkr,bkr,b-k-r,sbH,sbuH,s-b-ḥ,5,4.9,0.101,26.9
dyn,dyn,d-y-n,Hnf,uHnf,ḥ-n-f,5,4.9,0.101,26.9
Aty,uAty,a-t-y,Alh,uAlh,a-l-h,198,0.44,0.167,26.8
jzy,jzy,j-z-y,xld,xld,kh-l-d,11,2.87,0.113,26.78
fqh,fqh,f-q-h,qlb,qlb,q-l-b,7,3.82,0.08,26.77
kyl,kyl,k-y-l,Axw,uAxw,a-kh-w,5,4.91,0.108,26.75
mlA,mluA,m-l-a,qwl,qwl,q-w-l,24,1.44,0.034,26.69
qlb,qlb,q-l-b,zyg,zyg,z-y-gh,5,4.65,0.061,26.67
jbl,jbl,j-b-l,syr,syr,s-y-r,5,5,0.156,26.61
ArD,uAruD,a-r-ḍ,Evw,uEvw,ʿ-th-w,5,3.83,0.022,26.57
bgy,bgy,b-gh-y,lHm,luHm,l-ḥ-m,5,4.85,0.098,26.55
byn,byn,b-y-n,slT,sluT,s-l-ṭ,14,2.3,0.057,26.52
fAd,fuAd,f-a-d,$kr,shkr,sh-k-r,5,4.91,0.119,26.52
flk,flk,f-l-k,njw,njw,n-j-w,6,4.32,0.12,26.4
bAs,buAs,b-a-s,mhd,mhd,m-h-d,5,4.89,0.118,26.37
Akl,uAkl,a-k-l,Hll,uHll,ḥ-l-l,8,3.52,0.111,26.35
Amn,uAmn,a-m-n,wqy,wqy,w-q-y,55,1,0.115,26.32
vlv,vlv,th-l-th,wHd,wuHd,w-ḥ-d,6,4.32,0.126,26.29
bgD,bguD,b-gh-ḍ,byn,byn,b-y-n,5,3.78,0.022,26.25
Abw,uAbw,a-b-w,Awl,uAwl,a-w-l,14,2.41,0.107,26.23
Hsn,uHsn,ḥ-s-n,SlH,uSluH,ṣ-l-ḥ,19,1.98,0.11,26.22
blg,blg,b-l-gh,rsl,rsl,r-s-l,19,1.92,0.076,26.2
sbH,sbuH,s-b-ḥ,Elw,uElw,ʿ-l-w,9,3.25,0.116,26.19
nfs,nfs,n-f-s,zwj,zwj,z-w-j,15,2.27,0.088,26.11
rjm,rjm,r-j-m,$Tn,shuTn,sh-ṭ-n,5,4.84,0.109,26.1
Eql,uEql,ʿ-q-l,Hyy,uHyy,ḥ-y-y,10,2.98,0.095,26.08
dxl,dxl,d-kh-l,slm,slm,s-l-m,13,2.52,0.109,26.07
dxl,dxl,d-kh-l,Abd,uAbd,a-b-d,7,3.81,0.101,26.06
nfq,nfq,n-f-q,Slw,uSlw,ṣ-l-w,10,3.01,0.114,26.06
rbb,rbb,r-b-b,sbH,sbuH,s-b-ḥ,31,1.35,0.065,26.06
Hsn,uHsn,ḥ-s-n,Swb,uSwb,ṣ-w-b,11,2.79,0.094,26
nhy,nhy,n-h-y,Amr,uAmr,a-m-r,12,2.62,0.086,25.99
Ajr,uAjr,a-j-r,Alh,uAlh,a-l-h,54,0.86,0.055,25.86
drs,drs,d-r-s,ktb,ktb,k-t-b,5,4.22,0.035,25.84
bny,bny,b-n-y,skn,skn,s-k-n,11,2.79,0.102,25.83
Ax*,uAxdh,a-kh-dh,wld,wld,w-l-d,15,2.26,0.093,25.82
Efw,uEfw,ʿ-f-w,Alh,uAlh,a-l-h,23,1.3,0.024,25.66
kvr,kvr,k-th-r,Elm,uElm,ʿ-l-m,42,1.15,0.094,25.65
qwm,qwm,q-w-m,xzy,xzy,kh-z-y,12,2.38,0.039,25.63
twb,twb,t-w-b,Alh,uAlh,a-l-h,41,0.98,0.042,25.57
qwl,qwl,q-w-l,Aty,uAty,a-t-y,154,0.51,0.165,25.53
rbb,rbb,r-b-b,Hqq,uHqq,ḥ-q-q,67,0.87,0.118,25.53
jnH,jnuH,j-n-ḥ,Erf,uErf,ʿ-r-f,6,4.24,0.128,25.51
$kr,shkr,sh-k-r,Tyb,uTyb,ṭ-y-b,7,3.78,0.122,25.33
srr,srr,s-r-r,Elm,uElm,ʿ-l-m,18,1.84,0.047,25.33
ktb,ktb,k-t-b,Alh,uAlh,a-l-h,123,0.55,0.114,25.32
A*y,uAdhy,a-dh-y,Alh,uAlh,a-l-h,18,1.44,0.019,25.29
$rk,shrk,sh-r-k,Hrm,uHrm,ḥ-r-m,11,2.76,0.103,25.26
rDw,ruDw,r-ḍ-w,tHt,tuHt,t-ḥ-t,7,3.77,0.123,25.19
tHt,tuHt,t-ḥ-t,EZm,uEuZm,ʿ-ẓ-m,9,3.14,0.102,25.17
jhd,jhd,j-h-d,qsm,qsm,q-s-m,5,4.8,0.149,25.14
bgy,bgy,b-gh-y,sbl,sbl,s-b-l,13,2.46,0.102,25.1
vmr,vmr,th-m-r,xrj,xrj,kh-r-j,7,3.66,0.078,25.07
byn,byn,b-y-n,nzl,nzl,n-z-l,42,1.17,0.118,25.06
dxl,dxl,d-kh-l,Eml,uEml,ʿ-m-l,20,1.84,0.094,25.06
gfl,gfl,gh-f-l,Eml,uEml,ʿ-m-l,11,2.65,0.063,25.01
jnH,jnuH,j-n-ḥ,mtE,mtuE,m-t-ʿ,6,4.17,0.124,24.94
gyr,gyr,gh-y-r,Hrm,uHrm,ḥ-r-m,11,2.73,0.101,24.85
nhr,nhr,n-h-r,Eml,uEml,ʿ-m-l,19,1.89,0.092,24.83
kbr,kbr,k-b-r,Elw,uElw,ʿ-l-w,11,2.72,0.1,24.81
nsw,nsw,n-s-w,Erf,uErf,ʿ-r-f,7,3.73,0.122,24.81
ArD,uAruD,a-r-ḍ,Hmd,uHmd,ḥ-m-d,17,1.98,0.068,24.8
mvl,mvl,m-th-l,$yA,shyuA,sh-y-a,29,1.44,0.097,24.78
fSl,fuSl,f-ṣ-l,qwm,qwm,q-w-m,16,1.99,0.05,24.76
jEl,juEl,j-ʿ-l,ndd,ndd,n-d-d,5,4.06,0.032,24.75
bEd,buEd,b-ʿ-d,Dll,uDll,ḍ-l-l,21,1.79,0.107,24.71
End,uEnd,ʿ-n-d,xzn,xzn,kh-z-n,6,3.93,0.059,24.62
fEl,fuEl,f-ʿ-l,Amr,uAmr,a-m-r,16,2.11,0.098,24.61
dEw,duEw,d-ʿ-w,k$f,kshf,k-sh-f,7,3.58,0.069,24.59
lys,lys,l-y-s,Elm,uElm,ʿ-l-m,27,1.44,0.066,24.58
byD,byuD,b-y-ḍ,ydy,ydy,y-d-y,5,4.56,0.082,24.54
kfr,kfr,k-f-r,Sdd,uSdd,ṣ-d-d,14,2.2,0.055,24.51
kll,kll,k-l-l,Elm,uElm,ʿ-l-m,73,0.82,0.135,24.49
ktb,ktb,k-t-b,Elm,uElm,ʿ-l-m,61,0.91,0.121,24.44
nbt,nbt,n-b-t,xrj,xrj,kh-r-j,7,3.6,0.078,24.37
sbl,sbl,s-b-l,Ewj,uEwj,ʿ-w-j,5,4.4,0.058,24.37
fH$,fuHsh,f-ḥ-sh,nsw,nsw,n-s-w,5,4.68,0.132,24.36
lhw,lhw,l-h-w,Hyy,uHyy,ḥ-y-y,6,3.95,0.068,24.36
Hjj,uHjj,ḥ-j-j,Alh,uAlh,a-l-h,20,1.35,0.021,24.31
rsw,rsw,r-s-w,ArD,uAruD,a-r-ḍ,8,3.02,0.035,24.3
bgy,bgy,b-gh-y,flk,flk,f-l-k,6,4.06,0.104,24.23
dbb,dbb,d-b-b,ArD,uAruD,a-r-ḍ,9,2.83,0.039,24.23
fAd,fuAd,f-a-d,smE,smuE,s-m-ʿ,6,3.94,0.067,24.22
bEd,buEd,b-ʿ-d,ArD,uAruD,a-r-ḍ,37,1.23,0.112,24.17
fsq,fsq,f-s-q,rDw,ruDw,r-ḍ-w,7,3.66,0.119,24.11
nsy,nsy,n-s-y,Ax*,uAxdh,a-kh-dh,10,2.79,0.071,24.11
brr,brr,b-r-r,njw,njw,n-j-w,6,4.06,0.114,24.05
sbl,sbl,s-b-l,skn,skn,s-k-n,11,2.66,0.096,24.05
kvr,kvr,k-th-r,Amn,uAmn,a-m-n,41,1.13,0.093,24.02
lqy,lqy,l-q-y,rjw,rjw,r-j-w,7,3.58,0.086,23.95
fkr,fkr,f-k-r,qwm,qwm,q-w-m,10,2.54,0.033,23.93
kbr,kbr,k-b-r,DEf,uDuEf,ḍ-ʿ-f,9,3.03,0.091,23.92
Elm,uElm,ʿ-l-m,wsE,wsuE,w-s-ʿ,14,2.05,0.037,23.87
jHm,juHm,j-ḥ-m,SHb,uSuHb,ṣ-ḥ-b,6,4.02,0.104,23.85
dwn,dwn,d-w-n,$fE,shfuE,sh-f-ʿ,7,3.56,0.083,23.84
bgy,bgy,b-gh-y,gyr,gyr,gh-y-r,12,2.51,0.102,23.83
nfE,nfuE,n-f-ʿ,$fE,shfuE,sh-f-ʿ,5,4.61,0.133,23.83
$Tn,shuTn,sh-ṭ-n,Ew*,uEwdh,ʿ-w-dh,5,4.56,0.105,23.82
Amn,uAmn,a-m-n,xlq,xlq,kh-l-q,6,-2.07,0.013,23.76
swA,swuA,s-w-a,Hyq,uHyq,ḥ-y-q,5,4.37,0.062,23.75
ktb,ktb,k-t-b,qbl,qbl,q-b-l,32,1.34,0.114,23.74
dwr,dwr,d-w-r,SbH,uSbuH,ṣ-b-ḥ,6,4.04,0.125,23.72
nsw,nsw,n-s-w,Hll,uHll,ḥ-l-l,6,4.04,0.125,23.72
smw,smw,s-m-w,Elm,uElm,ʿ-l-m,72,0.81,0.133,23.72
kll,kll,k-l-l,Alh,uAlh,a-l-h,149,0.48,0.133,23.7
EZm,uEuZm,ʿ-ẓ-m,xld,xld,kh-l-d,11,2.65,0.103,23.7
Axr,uAxr,a-kh-r,zkw,zkw,z-k-w,12,2.47,0.081,23.69
Sdq,uSdq,ṣ-d-q,Alh,uAlh,a-l-h,71,0.71,0.07,23.69
mlk,mlk,m-l-k,Drr,uDrr,ḍ-r-r,12,2.48,0.092,23.67
qwl,qwl,q-w-l,End,uEnd,ʿ-n-d,71,0.76,0.09,23.66
dwn,dwn,d-w-n,nfE,nfuE,n-f-ʿ,9,3.01,0.094,23.65
nzl,nzl,n-z-l,swr,swr,s-w-r,7,3.41,0.051,23.64
rbb,rbb,r-b-b,Er$,uErsh,ʿ-r-sh,16,1.84,0.035,23.62
rHm,ruHm,r-ḥ-m,Ezz,uEzz,ʿ-z-z,20,1.78,0.093,23.61
mwl,mwl,m-w-l,nfq,nfq,n-f-q,9,3.03,0.108,23.57
sjd,sjd,s-j-d,Hyv,uHyv,ḥ-y-th,6,3.99,0.109,23.56
kll,kll,k-l-l,vmr,vmr,th-m-r,9,2.85,0.048,23.53
nzl,nzl,n-z-l,Hqq,uHqq,ḥ-q-q,29,1.42,0.112,23.53
twb,twb,t-w-b,Eml,uEml,ʿ-m-l,15,2.11,0.079,23.52
qbl,qbl,q-b-l,snn,snn,s-n-n,7,3.37,0.047,23.51
rzq,rzq,r-z-q,Akl,uAkl,a-k-l,11,2.64,0.105,23.5
nSr,nuSr,n-ṣ-r,Ayd,uAyd,a-y-d,5,4.37,0.068,23.46
bEd,buEd,b-ʿ-d,$qq,shqq,sh-q-q,8,3.16,0.065,23.43
jnn,jnn,j-n-n,Abd,uAbd,a-b-d,8,3.18,0.071,23.41
kfr,kfr,k-f-r,sbl,sbl,s-b-l,31,1.34,0.099,23.4
Sdq,uSdq,ṣ-d-q,ydy,ydy,y-d-y,13,2.36,0.102,23.4
tHt,tuHt,t-ḥ-t,Amn,uAmn,a-m-n,19,1.71,0.049,23.39
hdy,hdy,h-d-y,$yA,shyuA,sh-y-a,42,1.12,0.117,23.38
mss,mss,m-s-s,E*b,uEdhb,ʿ-dh-b,14,2.19,0.071,23.38
Sdr,uSdr,ṣ-d-r,xfy,xfy,kh-f-y,5,4.55,0.135,23.3
njw,njw,n-j-w,Ahl,uAhl,a-h-l,10,2.79,0.103,23.28
ArD,uAruD,a-r-ḍ,Elm,uElm,ʿ-l-m,85,0.73,0.146,23.28
dwn,dwn,d-w-n,Dll,uDll,ḍ-l-l,16,2.05,0.103,23.18
lyl,lyl,l-y-l,sbH,sbuH,s-b-ḥ,9,2.99,0.107,23.17
nSr,nuSr,n-ṣ-r,wjd,wjd,w-j-d,12,2.46,0.102,23.12
Ajr,uAjr,a-j-r,End,uEnd,ʿ-n-d,14,2.22,0.097,23.12
mnn,mnn,m-n-n,Ajr,uAjr,a-j-r,6,3.92,0.097,23.1
ArD,uAruD,a-r-ḍ,xlf,xlf,kh-l-f,24,1.55,0.086,23.08
qwy,qwy,q-w-y,Ax*,uAxdh,a-kh-dh,10,2.71,0.071,23.04
dnw,dnw,d-n-w,lEb,luEb,l-ʿ-b,6,3.87,0.081,23.03
nEm,nuEm,n-ʿ-m,tmm,tmm,t-m-m,6,3.87,0.081,23.03
Ans,uAns,a-n-s,Alh,uAlh,a-l-h,9,-1.64,0.009,22.97
jnH,jnuH,j-n-ḥ,Hll,uHll,ḥ-l-l,5,4.5,0.133,22.96
bsT,bsuT,b-s-ṭ,ydy,ydy,y-d-y,6,3.89,0.09,22.95
mlk,mlk,m-l-k,nfE,nfuE,n-f-ʿ,10,2.74,0.083,22.95
Ajr,uAjr,a-j-r,Aty,uAty,a-t-y,23,1.58,0.079,22.93
lqy,lqy,l-q-y,ywm,ywm,y-w-m,24,1.56,0.094,22.9
jhd,jhd,j-h-d,nfs,nfs,n-f-s,10,2.68,0.065,22.83
ktb,ktb,k-t-b,ryb,ryb,r-y-b,10,2.67,0.064,22.82
fDl,fuDl,f-ḍ-l,$yA,shyuA,sh-y-a,21,1.66,0.078,22.79
bHr,buHr,b-ḥ-r,sxr,sxr,s-kh-r,5,4.48,0.133,22.77
mwh,mwh,m-w-h,qdr,qdr,q-d-r,9,2.95,0.099,22.77
nbt,nbt,n-b-t,nzl,nzl,n-z-l,8,3.08,0.057,22.77
blg,blg,b-l-gh,$dd,shdd,sh-d-d,9,2.96,0.105,22.76
klm,klm,k-l-m,sbq,sbq,s-b-q,6,3.91,0.113,22.76
mlA,mluA,m-l-a,qwm,qwm,q-w-m,15,1.97,0.047,22.73
rjl,rjl,r-j-l,ydy,ydy,y-d-y,9,2.95,0.102,22.72
nwr,nwr,n-w-r,ywm,ywm,y-w-m,28,1.41,0.102,22.7
kff,kff,k-f-f,ydy,ydy,y-d-y,5,4.34,0.081,22.66
jEl,juEl,j-ʿ-l,lyl,lyl,l-y-l,16,1.99,0.082,22.59
fH$,fuHsh,f-ḥ-sh,Elm,uElm,ʿ-l-m,12,2.16,0.032,22.57
qlb,qlb,q-l-b,A*n,uAdhn,a-dh-n,12,2.42,0.098,22.57
rbb,rbb,r-b-b,Alh,uAlh,a-l-h,204,-0.36,0.148,22.55
jzy,jzy,j-z-y,swA,swuA,s-w-a,13,2.3,0.1,22.54
nbA,nbuA,n-b-a,Alh,uAlh,a-l-h,73,0.68,0.072,22.5
qTE,quTuE,q-ṭ-ʿ,ydy,ydy,y-d-y,7,3.46,0.096,22.48
Ayy,uAyy,a-y-y,Eql,uEql,ʿ-q-l,13,2.23,0.065,22.48
kll,kll,k-l-l,zwj,zwj,z-w-j,16,1.96,0.075,22.43
ktb,ktb,k-t-b,$hd,shhd,sh-h-d,19,1.79,0.095,22.42
dwr,dwr,d-w-r,Eqb,uEqb,ʿ-q-b,7,3.48,0.11,22.38
dwn,dwn,d-w-n,wjd,wjd,w-j-d,12,2.41,0.1,22.37
rsl,rsl,r-s-l,Hdd,uHdd,ḥ-d-d,9,2.71,0.04,22.37
byn,byn,b-y-n,$kk,shkk,sh-k-k,8,2.87,0.034,22.36
lyl,lyl,l-y-l,Ayy,uAyy,a-y-y,17,1.89,0.078,22.33
hjr,hjr,h-j-r,Alh,uAlh,a-l-h,20,1.3,0.021,22.21
SHb,uSuHb,ṣ-ḥ-b,ymn,ymn,y-m-n,8,3.15,0.105,22.21
grr,grr,gh-r-r,wEd,wuEd,w-ʿ-d,6,3.78,0.079,22.2
hzA,hzuA,h-z-a,kwn,kwn,k-w-n,18,1.58,0.03,22.2
n$A,nshuA,n-sh-a,Axr,uAxr,a-kh-r,8,3.04,0.06,22.2
Efw,uEfw,ʿ-f-w,Hbb,uHbb,ḥ-b-b,6,3.83,0.103,22.15
bAs,buAs,b-a-s,kfr,kfr,k-f-r,18,1.79,0.067,22.1
ktm,ktm,k-t-m,Elm,uElm,ʿ-l-m,11,2.24,0.029,22.08
kwn,kwn,k-w-n,Abw,uAbw,a-b-w,40,1.03,0.063,22.07
wvq,wvq,w-th-q,Alh,uAlh,a-l-h,21,1.26,0.022,22.07
nws,nws,n-w-s,Drb,uDrb,ḍ-r-b,11,2.5,0.079,22.04
Dll,uDll,ḍ-l-l,Alh,uAlh,a-l-h,80,0.64,0.078,22.04
rAy,ruAy,r-a-y,sHb,suHb,s-ḥ-b,6,3.52,0.039,21.97
Eyn,uEyn,ʿ-y-n,Hzn,uHzn,ḥ-z-n,6,3.82,0.114,21.94
bdl,bdl,b-d-l,gyr,gyr,gh-y-r,8,3.09,0.086,21.91
gny,gny,gh-n-y,mwl,mwl,m-w-l,8,3.11,0.105,21.78
jnn,jnn,j-n-n,Akl,uAkl,a-k-l,14,2.14,0.094,21.78
n*r,ndhr,n-dh-r,rsl,rsl,r-s-l,23,1.54,0.085,21.73
dEw,duEw,d-ʿ-w,rbb,rbb,r-b-b,49,0.95,0.093,21.67
fAy,fuAy,f-a-y,Alh,uAlh,a-l-h,9,1.73,0.01,21.62
hwd,hwd,h-w-d,nSr,nuSr,n-ṣ-r,6,3.7,0.076,21.59
mwl,mwl,m-w-l,Alh,uAlh,a-l-h,44,0.87,0.045,21.58
Ady,uAdy,a-d-y,Amn,uAmn,a-m-n,5,3.11,0.014,21.58
bvv,bvv,b-th-th,xlq,xlq,kh-l-q,5,3.99,0.044,21.56
swA,swuA,s-w-a,SlH,uSluH,ṣ-l-ḥ,16,1.96,0.1,21.56
kfr,kfr,k-f-r,Ayy,uAyy,a-y-y,51,0.95,0.125,21.55
$rk,shrk,sh-r-k,$yA,shyuA,sh-y-a,27,1.39,0.091,21.54
dnw,dnw,d-n-w,xyr,xyr,kh-y-r,15,2.04,0.098,21.52
dbr,dbr,d-b-r,qTE,quTuE,q-ṭ-ʿ,5,4.3,0.125,21.5
bHr,buHr,b-ḥ-r,$kr,shkr,sh-k-r,6,3.76,0.11,21.46
qwl,qwl,q-w-l,AHd,uAuHd,a-ḥ-d,37,1.02,0.051,21.46
jyA,jyuA,j-y-a,k*b,kdhb,k-dh-b,28,1.37,0.108,21.44
qwm,qwm,q-w-m,xlf,xlf,kh-l-f,28,1.33,0.079,21.42
fsd,fsd,f-s-d,SlH,uSluH,ṣ-l-ḥ,9,2.81,0.083,21.4
Abw,uAbw,a-b-w,Ebd,uEbd,ʿ-b-d,16,1.93,0.09,21.33
nsw,nsw,n-s-w,wld,wld,w-l-d,7,3.36,0.105,21.32
jzy,jzy,j-z-y,kwn,kwn,k-w-n,41,1,0.064,21.31
ktb,ktb,k-t-b,nfs,nfs,n-f-s,30,1.31,0.109,21.3
lqy,lqy,l-q-y,sHr,suHr,s-ḥ-r,9,2.82,0.093,21.25
kyf,kyf,k-y-f,qbl,qbl,q-b-l,15,2,0.082,21.23
Amr,uAmr,a-m-r,Ezm,uEzm,ʿ-z-m,5,3.94,0.043,21.21
mvl,mvl,m-th-l,Alh,uAlh,a-l-h,71,0.67,0.07,21.18
kwn,kwn,k-w-n,$rk,shrk,sh-r-k,50,0.89,0.076,21.16
Axr,uAxr,a-kh-r,Hyy,uHyy,ḥ-y-y,20,1.68,0.099,21.15
dyn,dyn,d-y-n,$rk,shrk,sh-r-k,11,2.46,0.096,21.14
kfr,kfr,k-f-r,mvl,mvl,m-th-l,28,1.34,0.091,21.1
$hd,shhd,sh-h-d,Edl,uEdl,ʿ-d-l,6,3.66,0.082,21.09
dwr,dwr,d-w-r,Axr,uAxr,a-kh-r,11,2.42,0.075,21.02
nwr,nwr,n-w-r,Awy,uAwy,a-w-y,8,2.99,0.076,21.01
flk,flk,f-l-k,kll,kll,k-l-l,9,2.66,0.047,20.97
qdr,qdr,q-d-r,xlq,xlq,kh-l-q,16,1.92,0.094,20.94
qwy,qwy,q-w-y,Eqb,uEqb,ʿ-q-b,6,3.7,0.106,20.94
Erf,uErf,ʿ-r-f,Alh,uAlh,a-l-h,36,0.95,0.037,20.92
ryb,ryb,r-y-b,Ajl,uAjl,a-j-l,5,4.21,0.12,20.91
jry,jry,j-r-y,EZm,uEuZm,ʿ-ẓ-m,9,2.79,0.094,20.86
Edw,uEdw,ʿ-d-w,ESy,uEuSy,ʿ-ṣ-y,6,3.67,0.097,20.83
Hrm,uHrm,ḥ-r-m,Sdd,uSdd,ṣ-d-d,6,3.68,0.107,20.82
bEd,buEd,b-ʿ-d,Zlm,uZlm,ẓ-l-m,27,1.38,0.105,20.81
dnw,dnw,d-n-w,Alh,uAlh,a-l-h,63,0.71,0.063,20.81
kll,kll,k-l-l,ksb,ksb,k-s-b,14,2.04,0.067,20.79
dxl,dxl,d-kh-l,fwz,fwz,f-w-z,6,3.64,0.087,20.78
bEd,buEd,b-ʿ-d,twb,twb,t-w-b,12,2.28,0.082,20.77
lyl,lyl,l-y-l,qwm,qwm,q-w-m,22,1.5,0.065,20.74
bEv,buEv,b-ʿ-th,lbv,lbv,l-b-th,5,4.17,0.11,20.73
kfr,kfr,k-f-r,Etd,uEtd,ʿ-t-d,8,2.75,0.033,20.7
byn,byn,b-y-n,Dll,uDll,ḍ-l-l,30,1.28,0.096,20.69
kwn,kwn,k-w-n,syr,syr,s-y-r,15,1.67,0.025,20.69
trb,trb,t-r-b,xlq,xlq,kh-l-q,7,3.19,0.058,20.68
trk,trk,t-r-k,wld,wld,w-l-d,6,3.66,0.103,20.67
Ax*,uAxdh,a-kh-dh,Ejl,uEjl,ʿ-j-l,10,2.54,0.069,20.67
Elm,uElm,ʿ-l-m,End,uEnd,ʿ-n-d,44,1,0.096,20.67
dnw,dnw,d-n-w,Aty,uAty,a-t-y,26,1.38,0.085,20.64
mvl,mvl,m-th-l,qdr,qdr,q-d-r,13,2.18,0.097,20.64
qwy,qwy,q-w-y,Ezz,uEzz,ʿ-z-z,7,3.27,0.09,20.63
nqm,nqm,n-q-m,Ezz,uEzz,ʿ-z-z,5,4.07,0.076,20.58
Avm,uAvm,a-th-m,Hrm,uHrm,ḥ-r-m,6,3.65,0.106,20.53
frq,frq,f-r-q,ktb,ktb,k-t-b,13,2.14,0.075,20.52
jyA,jyuA,j-y-a,Aty,uAty,a-t-y,42,1.04,0.112,20.51
mry,mry,m-r-y,Hqq,uHqq,ḥ-q-q,7,3.13,0.05,20.5
lEn,luEn,l-ʿ-n,Alh,uAlh,a-l-h,24,1.15,0.025,20.49
mwt,mwt,m-w-t,trb,trb,t-r-b,6,3.57,0.073,20.48
gyr,gyr,gh-y-r,jnH,jnuH,j-n-ḥ,7,3.22,0.079,20.41
lEb,luEb,l-ʿ-b,Hyy,uHyy,ḥ-y-y,6,3.54,0.066,20.37
nEm,nuEm,n-ʿ-m,Akl,uAkl,a-k-l,11,2.41,0.096,20.35
xlf,xlf,kh-l-f,Alh,uAlh,a-l-h,58,0.73,0.058,20.35
$kr,shkr,sh-k-r,skn,skn,s-k-n,7,3.26,0.104,20.33
byn,byn,b-y-n,nws,nws,n-w-s,36,1.14,0.106,20.32
Aty,uAty,a-t-y,HSn,uHuSn,ḥ-ṣ-n,7,2.9,0.028,20.32
swA,swuA,s-w-a,Swb,uSwb,ṣ-w-b,9,2.73,0.087,20.31
ktb,ktb,k-t-b,Sdq,uSdq,ṣ-d-q,20,1.63,0.095,20.3
xlS,xluS,kh-l-ṣ,Alh,uAlh,a-l-h,21,1.22,0.022,20.29
ESm,uEuSm,ʿ-ṣ-m,Alh,uAlh,a-l-h,11,1.61,0.012,20.27
Hlf,uHlf,ḥ-l-f,Alh,uAlh,a-l-h,11,1.61,0.012,20.27
dyn,dyn,d-y-n,qtl,qtl,q-t-l,10,2.55,0.096,20.25
bgy,bgy,b-gh-y,Hrm,uHrm,ḥ-r-m,8,2.96,0.099,20.22
bny,bny,b-n-y,qtl,qtl,q-t-l,13,2.15,0.096,20.17
sbl,sbl,s-b-l,swy,swy,s-w-y,11,2.39,0.09,20.17
*wq,dhwq,dh-w-q,kfr,kfr,k-f-r,16,1.81,0.061,20.15
byt,byt,b-y-t,Ahl,uAhl,a-h-l,8,2.94,0.092,20.12
ktb,ktb,k-t-b,Sgr,uSgr,ṣ-gh-r,6,3.37,0.041,20.09
tlw,tlw,t-l-w,Hqq,uHqq,ḥ-q-q,12,2.22,0.074,20.08
E*b,uEdhb,ʿ-dh-b,Etd,uEtd,ʿ-t-d,7,3.02,0.04,20.08
*kr,dhkr,dh-k-r,nEm,nuEm,n-ʿ-m,18,1.73,0.092,20.04
hdy,hdy,h-d-y,Hjj,uHjj,ḥ-j-j,8,2.84,0.054,20.03
bEd,buEd,b-ʿ-d,ktb,ktb,k-t-b,26,1.38,0.104,20.02
qwl,qwl,q-w-l,tbE,tbuE,t-b-ʿ,59,0.77,0.077,20.02
mss,mss,m-s-s,swA,swuA,s-w-a,9,2.71,0.087,20.01
$hr,shhr,sh-h-r,Alh,uAlh,a-l-h,14,1.45,0.015,19.96
Anv,uAnv,a-n-th,zwj,zwj,z-w-j,5,4.06,0.102,19.96
Thr,uThr,ṭ-h-r,zwj,zwj,z-w-j,5,4.06,0.102,19.96
qbl,qbl,q-b-l,syr,syr,s-y-r,8,2.82,0.052,19.95
qrb,qrb,q-r-b,wSy,wuSy,w-ṣ-y,5,4.03,0.089,19.94
bny,bny,b-n-y,ytm,ytm,y-t-m,6,3.5,0.07,19.93
Edw,uEdw,ʿ-d-w,Hrm,uHrm,ḥ-r-m,8,2.93,0.098,19.89
qrA,qruA,q-r-a,ysr,ysr,y-s-r,6,3.57,0.101,19.87
hdy,hdy,h-d-y,Amn,uAmn,a-m-n,56,0.85,0.113,19.86
rHm,ruHm,r-ḥ-m,Drr,uDrr,ḍ-r-r,14,1.99,0.073,19.86
byn,byn,b-y-n,Aty,uAty,a-t-y,62,0.81,0.132,19.79
Erf,uErf,ʿ-r-f,xyr,xyr,kh-y-r,10,2.5,0.083,19.76
bSr,buSr,b-ṣ-r,qlb,qlb,q-l-b,14,2.02,0.095,19.7
qbl,qbl,q-b-l,$dd,shdd,sh-d-d,16,1.84,0.084,19.68
nbt,nbt,n-b-t,Hbb,uHbb,ḥ-b-b,5,4,0.093,19.63
rzq,rzq,r-z-q,$yA,shyuA,sh-y-a,22,1.49,0.079,19.62
twb,twb,t-w-b,Esy,uEsy,ʿ-s-y,5,4.01,0.103,19.61
nws,nws,n-w-s,Hqq,uHqq,ḥ-q-q,25,1.4,0.102,19.57
mdn,mdn,m-d-n,Ahl,uAhl,a-h-l,5,3.93,0.073,19.56
Ax*,uAxdh,a-kh-dh,Zlm,uZlm,ẓ-l-m,28,1.3,0.105,19.56
Amn,uAmn,a-m-n,Hqq,uHqq,ḥ-q-q,55,0.85,0.112,19.54
tbE,tbuE,t-b-ʿ,Znn,uZnn,ẓ-n-n,9,2.66,0.085,19.48
nhr,nhr,n-h-r,skn,skn,s-k-n,8,2.89,0.095,19.46
dnw,dnw,d-n-w,dwr,dwr,d-w-r,8,2.88,0.088,19.45
nzl,nzl,n-z-l,Amn,uAmn,a-m-n,54,0.86,0.11,19.45
qsm,qsm,q-s-m,ymn,ymn,y-m-n,5,4,0.106,19.45
mvl,mvl,m-th-l,Aty,uAty,a-t-y,28,1.28,0.088,19.43
fwh,fwh,f-w-h,kfr,kfr,k-f-r,7,2.85,0.029,19.41
nkH,nkuH,n-k-ḥ,Alh,uAlh,a-l-h,15,1.39,0.016,19.37
bny,bny,b-n-y,qrb,qrb,q-r-b,11,2.33,0.091,19.35
bAs,buAs,b-a-s,Drr,uDrr,ḍ-r-r,7,3.16,0.1,19.35
jEl,juEl,j-ʿ-l,zwj,zwj,z-w-j,14,1.96,0.073,19.33
sjd,sjd,s-j-d,Sdd,uSdd,ṣ-d-d,6,3.49,0.098,19.29
nzl,nzl,n-z-l,Hkm,uHkm,ḥ-k-m,22,1.5,0.099,19.27
rHm,ruHm,r-ḥ-m,Alh,uAlh,a-l-h,130,0.46,0.119,19.26
rAy,ruAy,r-a-y,$ms,shms,sh-m-s,9,2.56,0.055,19.22
jry,jry,j-r-y,rwH,rwuH,r-w-ḥ,6,3.49,0.103,19.2
krm,krm,k-r-m,rzq,rzq,r-z-q,7,3.12,0.09,19.16
qdm,qdm,q-d-m,Axr,uAxr,a-kh-r,10,2.42,0.069,19.15
$Tn,shuTn,sh-ṭ-n,zyn,zyn,z-y-n,6,3.48,0.099,19.15
qsT,qsuT,q-s-ṭ,qwm,qwm,q-w-m,10,2.25,0.032,19.14
Awl,uAwl,a-w-l,Axr,uAxr,a-kh-r,19,1.63,0.095,19.11
AHd,uAuHd,a-ḥ-d,HDr,uHuDr,ḥ-ḍ-r,5,3.93,0.093,19.1
ksb,ksb,k-s-b,kwn,kwn,k-w-n,26,1.2,0.042,19.08
Amr,uAmr,a-m-r,ESy,uEuSy,ʿ-ṣ-y,8,2.79,0.062,19.08
E*b,uEdhb,ʿ-dh-b,xff,xff,kh-f-f,7,2.93,0.04,19.08
ArD,uAruD,a-r-ḍ,Eqb,uEqb,ʿ-q-b,17,1.7,0.066,19.07
kbr,kbr,k-b-r,rAy,ruAy,r-a-y,21,1.53,0.093,19.05
nkH,nkuH,n-k-ḥ,Elm,uElm,ʿ-l-m,10,2.17,0.027,19
Amn,uAmn,a-m-n,xyr,xyr,kh-y-r,41,0.99,0.091,19
sbl,sbl,s-b-l,Hbb,uHbb,ḥ-b-b,11,2.3,0.088,18.99
mwh,mwh,m-w-h,$rb,shrb,sh-r-b,5,3.93,0.106,18.98
jry,jry,j-r-y,$ms,shms,sh-m-s,5,3.93,0.104,18.97
Hyy,uHyy,ḥ-y-y,xrj,xrj,kh-r-j,15,1.89,0.094,18.97
Hrm,uHrm,ḥ-r-m,Hyv,uHyv,ḥ-y-th,5,3.92,0.1,18.96
hdy,hdy,h-d-y,Amm,uAmm,a-m-m,16,1.8,0.085,18.94
bED,buEuD,b-ʿ-ḍ,byn,byn,b-y-n,19,1.58,0.07,18.9
fwq,fwq,f-w-q,tHt,tuHt,t-ḥ-t,5,3.93,0.11,18.89
jwb,jwb,j-w-b,ndw,ndw,n-d-w,5,3.93,0.11,18.89
ktb,ktb,k-t-b,nbA,nbuA,n-b-a,20,1.57,0.093,18.87
bEd,buEd,b-ʿ-d,mwt,mwt,m-w-t,17,1.73,0.093,18.81
g$w,gshw,gh-sh-w,lyl,lyl,l-y-l,5,3.89,0.093,18.81
fqr,fqr,f-q-r,Alh,uAlh,a-l-h,12,1.51,0.013,18.79
rjE,rjuE,r-j-ʿ,Eml,uEml,ʿ-m-l,17,1.72,0.082,18.79
bEd,buEd,b-ʿ-d,bEv,buEv,b-ʿ-th,11,2.26,0.077,18.77
qwl,qwl,q-w-l,Ebd,uEbd,ʿ-b-d,85,0.61,0.104,18.77
nSr,nuSr,n-ṣ-r,qtl,qtl,q-t-l,12,2.16,0.093,18.76
$ry,shry,sh-r-y,Alh,uAlh,a-l-h,17,1.29,0.018,18.76
$rr,shrr,sh-r-r,xyr,xyr,kh-y-r,7,3.03,0.067,18.75
Axr,uAxr,a-kh-r,HbT,uHbuT,ḥ-b-ṭ,6,3.27,0.047,18.74
sbl,sbl,s-b-l,tbE,tbuE,t-b-ʿ,15,1.87,0.094,18.68
wsE,wsuE,w-s-ʿ,Alh,uAlh,a-l-h,20,1.19,0.021,18.61
qrb,qrb,q-r-b,Alh,uAlh,a-l-h,47,0.78,0.048,18.56
mll,mll,m-l-l,$rk,shrk,sh-r-k,5,3.77,0.063,18.54
kyf,kyf,k-y-f,ArD,uAruD,a-r-ḍ,18,1.62,0.069,18.52
nZr,nuZr,n-ẓ-r,qbl,qbl,q-b-l,17,1.71,0.086,18.52
qrb,qrb,q-r-b,Edl,uEdl,ʿ-d-l,5,3.84,0.087,18.51
kvr,kvr,k-th-r,Hqq,uHqq,ḥ-q-q,20,1.55,0.094,18.5
$rb,shrb,sh-r-b,Eyn,uEyn,ʿ-y-n,5,3.86,0.103,18.5
bED,buEuD,b-ʿ-ḍ,fwq,fwq,f-w-q,6,3.39,0.094,18.47
hjr,hjr,h-j-r,nSr,nuSr,n-ṣ-r,6,3.34,0.073,18.37
kbr,kbr,k-b-r,Ayy,uAyy,a-y-y,23,1.41,0.091,18.36
kfr,kfr,k-f-r,wdd,wdd,w-d-d,10,2.26,0.041,18.36
rjl,rjl,r-j-l,wld,wld,w-l-d,7,3.05,0.096,18.36
mss,mss,m-s-s,Ans,uAns,a-n-s,7,3.04,0.093,18.34
nhr,nhr,n-h-r,vmr,vmr,th-m-r,5,3.8,0.081,18.33
bEd,buEd,b-ʿ-d,wrv,wrv,w-r-th,8,2.72,0.062,18.31
kwn,kwn,k-w-n,nZr,nuZr,n-ẓ-r,41,0.92,0.064,18.3
kll,kll,k-l-l,xlq,xlq,kh-l-q,29,1.22,0.101,18.29
wqy,wqy,w-q-y,wEZ,wuEuZ,w-ʿ-ẓ,7,2.94,0.054,18.29
Elm,uElm,ʿ-l-m,xfy,xfy,kh-f-y,13,1.84,0.034,18.28
Ayy,uAyy,a-y-y,Srf,uSrf,ṣ-r-f,9,2.45,0.047,18.26
$yA,shyuA,sh-y-a,wsE,wsuE,w-s-ʿ,10,2.26,0.042,18.25
nzl,nzl,n-z-l,qrA,qruA,q-r-a,13,2,0.077,18.22
jEl,juEl,j-ʿ-l,skn,skn,s-k-n,13,1.98,0.069,18.21
lyl,lyl,l-y-l,skn,skn,s-k-n,7,3.03,0.095,18.2
Anv,uAnv,a-n-th,xlq,xlq,kh-l-q,7,2.95,0.057,18.19
bTl,buTl,b-ṭ-l,nws,nws,n-w-s,8,2.71,0.062,18.18
qtl,qtl,q-t-l,Amn,uAmn,a-m-n,31,1.13,0.073,18.18
qwl,qwl,q-w-l,$rk,shrk,sh-r-k,54,0.77,0.071,18.18
bEv,buEv,b-ʿ-th,nZr,nuZr,n-ẓ-r,8,2.76,0.089,18.17
vlv,vlv,th-l-th,wld,wld,w-l-d,5,3.8,0.093,18.16
mrD,mruD,m-r-ḍ,wjd,wjd,w-j-d,5,3.78,0.082,18.15
nbt,nbt,n-b-t,smw,smw,s-m-w,8,2.62,0.043,18.15
nfs,nfs,n-f-s,wsE,wsuE,w-s-ʿ,8,2.67,0.054,18.11
bny,bny,b-n-y,qwl,qwl,q-w-l,56,0.75,0.073,18.1
jEl,juEl,j-ʿ-l,sfl,sfl,s-f-l,5,3.48,0.031,18.1
bgy,bgy,b-gh-y,Sdd,uSdd,ṣ-d-d,6,3.34,0.092,18.08
nhr,nhr,n-h-r,SlH,uSluH,ṣ-l-ḥ,12,2.11,0.088,18.07
Eqb,uEqb,ʿ-q-b,wqy,wqy,w-q-y,12,2.09,0.077,18.07
xwn,xwn,kh-w-n,Alh,uAlh,a-l-h,10,1.59,0.011,18.04
nfq,nfq,n-f-q,srr,srr,s-r-r,6,3.34,0.093,18.03
nzl,nzl,n-z-l,slT,sluT,s-l-ṭ,9,2.49,0.061,18.02
flk,flk,f-l-k,fDl,fuDl,f-ḍ-l,5,3.76,0.085,17.98
fdy,fdy,f-d-y,E*b,uEdhb,ʿ-dh-b,6,3.1,0.034,17.97
dbb,dbb,d-b-b,nws,nws,n-w-s,6,3.21,0.049,17.96
fkr,fkr,f-k-r,nws,nws,n-w-s,6,3.21,0.049,17.96
dwn,dwn,d-w-n,$rk,shrk,sh-r-k,13,2,0.091,17.92
jhd,jhd,j-h-d,ymn,ymn,y-m-n,5,3.78,0.101,17.92
qrA,qruA,q-r-a,Srf,uSrf,ṣ-r-f,5,3.77,0.093,17.92
bED,buEuD,b-ʿ-ḍ,wly,wly,w-l-y,12,2.09,0.083,17.89
byn,byn,b-y-n,ryb,ryb,r-y-b,11,2.11,0.045,17.87
Eml,uEml,ʿ-m-l,xld,xld,kh-l-d,15,1.8,0.075,17.86
Hsb,uHsb,ḥ-s-b,Alh,uAlh,a-l-h,51,0.73,0.051,17.85
jhr,jhr,j-h-r,qwl,qwl,q-w-l,11,1.73,0.016,17.8
jnn,jnn,j-n-n,Eyn,uEyn,ʿ-y-n,10,2.34,0.077,17.8
mdd,mdd,m-d-d,mwl,mwl,m-w-l,5,3.75,0.092,17.8
rsl,rsl,r-s-l,Aty,uAty,a-t-y,58,0.79,0.127,17.8
ArD,uAruD,a-r-ḍ,Hyy,uHyy,ḥ-y-y,27,1.25,0.09,17.79
rwd,rwd,r-w-d,tmm,tmm,t-m-m,5,3.7,0.071,17.78
$fE,shfuE,sh-f-ʿ,A*n,uAdhn,a-dh-n,5,3.74,0.086,17.78
kwn,kwn,k-w-n,swA,swuA,s-w-a,50,0.81,0.075,17.77
fry,fry,f-r-y,qwl,qwl,q-w-l,26,1.12,0.036,17.76
A*n,uAdhn,a-dh-n,Amn,uAmn,a-m-n,25,1.26,0.062,17.74
qwl,qwl,q-w-l,Sdq,uSdq,ṣ-d-q,54,0.76,0.071,17.73
Any,uAny,a-n-y,xlq,xlq,kh-l-q,8,2.67,0.063,17.73
bED,buEuD,b-ʿ-ḍ,hjr,hjr,h-j-r,5,3.73,0.088,17.72
rzq,rzq,r-z-q,Slw,uSlw,ṣ-l-w,9,2.52,0.09,17.72
mll,mll,m-l-l,tbE,tbuE,t-b-ʿ,5,3.64,0.058,17.71
qrb,qrb,q-r-b,sbl,sbl,s-b-l,11,2.2,0.086,17.69
Eml,uEml,ʿ-m-l,Sdd,uSdd,ṣ-d-d,10,2.28,0.056,17.69
qlb,qlb,q-l-b,rDw,ruDw,r-ḍ-w,9,2.5,0.082,17.67
$yA,shyuA,sh-y-a,Ebd,uEbd,ʿ-b-d,37,1.03,0.106,17.66
kfr,kfr,k-f-r,Syr,uSyr,ṣ-y-r,10,2.21,0.04,17.65
nws,nws,n-w-s,Elm,uElm,ʿ-l-m,48,0.87,0.101,17.65
kwn,kwn,k-w-n,Ayy,uAyy,a-y-y,98,0.56,0.128,17.62
dbb,dbb,d-b-b,smw,smw,s-m-w,7,2.78,0.038,17.57
kwn,kwn,k-w-n,Hyq,uHyq,ḥ-y-q,8,2.08,0.013,17.56
wld,wld,w-l-d,Alh,uAlh,a-l-h,42,0.8,0.043,17.56
fH$,fuHsh,f-ḥ-sh,Aty,uAty,a-t-y,9,2.33,0.035,17.53
hdy,hdy,h-d-y,ktb,ktb,k-t-b,28,1.22,0.102,17.52
ArD,uAruD,a-r-ḍ,Ejz,uEjz,ʿ-j-z,9,2.35,0.039,17.52
gyb,gyb,gh-y-b,x$y,xshy,kh-sh-y,5,3.72,0.101,17.51
fSl,fuSl,f-ṣ-l,ywm,ywm,y-w-m,11,2.12,0.053,17.5
qwm,qwm,q-w-m,Amn,uAmn,a-m-n,102,0.56,0.155,17.5
sbE,sbuE,s-b-ʿ,Akl,uAkl,a-k-l,5,3.69,0.08,17.5
sqy,sqy,s-q-y,Akl,uAkl,a-k-l,5,3.69,0.08,17.5
jrm,jrm,j-r-m,qwm,qwm,q-w-m,18,1.53,0.054,17.48
sbH,sbuH,s-b-ḥ,$rk,shrk,sh-r-k,10,2.33,0.087,17.48
qTE,quTuE,q-ṭ-ʿ,rjl,rjl,r-j-l,5,3.71,0.098,17.47
Ans,uAns,a-n-s,E$r,uEshr,ʿ-sh-r,5,3.69,0.084,17.47
Ewd,uEwd,ʿ-w-d,xlq,xlq,kh-l-q,10,2.3,0.072,17.47
jnH,jnuH,j-n-ḥ,Elm,uElm,ʿ-l-m,13,1.8,0.034,17.46
kfr,kfr,k-f-r,kwn,kwn,k-w-n,123,0.49,0.15,17.46
bny,bny,b-n-y,rwH,rwuH,r-w-ḥ,8,2.68,0.079,17.45
swy,swy,s-w-y,Emy,uEmy,ʿ-m-y,5,3.7,0.091,17.45
brA,bruA,b-r-a,$rk,shrk,sh-r-k,6,3.22,0.07,17.44
vwb,vwb,th-w-b,xyr,xyr,kh-y-r,6,3.19,0.06,17.43
bEd,buEd,b-ʿ-d,Hdv,uHdv,ḥ-d-th,8,2.64,0.062,17.41
nsw,nsw,n-s-w,DEf,uDuEf,ḍ-ʿ-f,5,3.71,0.102,17.39
smw,smw,s-m-w,Hmd,uHmd,ḥ-m-d,13,1.92,0.063,17.39
rjl,rjl,r-j-l,sHr,suHr,s-ḥ-r,6,3.26,0.096,17.37
dyn,dyn,d-y-n,kll,kll,k-l-l,16,1.69,0.072,17.36
E*b,uEdhb,ʿ-dh-b,Hrq,uHrq,ḥ-r-q,5,3.37,0.029,17.35
dwn,dwn,d-w-n,mlk,mlk,m-l-k,15,1.79,0.09,17.32
kll,kll,k-l-l,vny,vny,th-n-y,8,2.55,0.042,17.31
fry,fry,f-r-y,Zlm,uZlm,ẓ-l-m,11,2.13,0.064,17.27
brk,brk,b-r-k,nzl,nzl,n-z-l,8,2.6,0.055,17.24
*kr,dhkr,dh-k-r,qlb,qlb,q-l-b,19,1.53,0.091,17.23
jEl,juEl,j-ʿ-l,$kr,shkr,sh-k-r,13,1.92,0.068,17.22
qTE,quTuE,q-ṭ-ʿ,Amr,uAmr,a-m-r,8,2.62,0.061,17.22
rAy,ruAy,r-a-y,Ayy,uAyy,a-y-y,35,1.06,0.108,17.22
kfy,kfy,k-f-y,Alh,uAlh,a-l-h,21,1.12,0.022,17.19
nfq,nfq,n-f-q,TwE,uTwuE,ṭ-w-ʿ,9,2.47,0.088,17.19
sbH,sbuH,s-b-ḥ,ArD,uAruD,a-r-ḍ,18,1.55,0.068,17.19
hjr,hjr,h-j-r,rHm,ruHm,r-ḥ-m,8,2.56,0.047,17.16
byn,byn,b-y-n,Elm,uElm,ʿ-l-m,82,0.63,0.139,17.15
fEl,fuEl,f-ʿ-l,nfs,nfs,n-f-s,15,1.76,0.081,17.15
gyr,gyr,gh-y-r,Drr,uDrr,ḍ-r-r,9,2.46,0.083,17.15
k*b,kdhb,k-dh-b,kyf,kyf,k-y-f,13,1.93,0.076,17.14
ktm,ktm,k-t-m,Alh,uAlh,a-l-h,15,1.32,0.016,17.14
Hdd,uHdd,ḥ-d-d,Alh,uAlh,a-l-h,15,1.32,0.016,17.14
gyr,gyr,gh-y-r,ArD,uAruD,a-r-ḍ,25,1.28,0.085,17.13
rsl,rsl,r-s-l,$hd,shhd,sh-h-d,22,1.38,0.08,17.11
gDb,guDb,gh-ḍ-b,qtl,qtl,q-t-l,5,3.61,0.07,17.1
bTn,buTn,b-ṭ-n,Akl,uAkl,a-k-l,5,3.63,0.079,17.08
hzA,hzuA,h-z-a,rsl,rsl,r-s-l,10,2.18,0.043,17.07
rsl,rsl,r-s-l,ESy,uEuSy,ʿ-ṣ-y,10,2.18,0.043,17.07
mwl,mwl,m-w-l,Ajr,uAjr,a-j-r,8,2.66,0.089,17.06
jnn,jnn,j-n-n,nwr,nwr,n-w-r,17,1.64,0.092,17.04
rbE,rbuE,r-b-ʿ,$hd,shhd,sh-h-d,5,3.59,0.069,17.02
kbr,kbr,k-b-r,kwn,kwn,k-w-n,50,0.79,0.075,17
Abd,uAbd,a-b-d,Alh,uAlh,a-l-h,19,1.17,0.02,16.96
byn,byn,b-y-n,qwl,qwl,q-w-l,137,0.44,0.149,16.95
fEl,fuEl,f-ʿ-l,$yA,shyuA,sh-y-a,20,1.45,0.073,16.93
$yA,shyuA,sh-y-a,xfy,xfy,kh-f-y,10,2.16,0.042,16.92
Hyy,uHyy,ḥ-y-y,Alh,uAlh,a-l-h,73,0.59,0.072,16.92
dry,dry,d-r-y,qrb,qrb,q-r-b,5,3.61,0.084,16.91
jmE,jmuE,j-m-ʿ,nws,nws,n-w-s,15,1.76,0.086,16.91
smw,smw,s-m-w,wlj,wlj,w-l-j,5,3.3,0.028,16.91
bED,buEuD,b-ʿ-ḍ,fDl,fuDl,f-ḍ-l,8,2.64,0.089,16.9
krh,krh,k-r-h,TwE,uTwuE,ṭ-w-ʿ,6,3.18,0.078,16.9
Edl,uEdl,ʿ-d-l,Alh,uAlh,a-l-h,17,1.23,0.018,16.9
bny,bny,b-n-y,Aty,uAty,a-t-y,27,1.21,0.085,16.89
Aty,uAty,a-t-y,Hyv,uHyv,ḥ-y-th,10,2.15,0.039,16.89
mwh,mwh,m-w-h,xlq,xlq,kh-l-q,10,2.25,0.072,16.87
ksb,ksb,k-s-b,Avm,uAvm,a-th-m,5,3.63,0.098,16.86
swA,swuA,s-w-a,twb,twb,t-w-b,9,2.43,0.082,16.86
kfr,kfr,k-f-r,yAs,yuAs,y-a-s,6,2.87,0.025,16.83
nbA,nbuA,n-b-a,qtl,qtl,q-t-l,12,2.02,0.088,16.83
qrD,qruD,q-r-ḍ,Alh,uAlh,a-l-h,7,1.73,0.007,16.81
frq,frq,f-r-q,Amn,uAmn,a-m-n,20,1.39,0.051,16.8
jry,jry,j-r-y,Alh,uAlh,a-l-h,35,0.86,0.036,16.8
jry,jry,j-r-y,rDw,ruDw,r-ḍ-w,6,3.19,0.094,16.79
byE,byuE,b-y-ʿ,Amn,uAmn,a-m-n,7,2.46,0.019,16.78
mwl,mwl,m-w-l,Akl,uAkl,a-k-l,8,2.63,0.088,16.77
$rk,shrk,sh-r-k,Zhr,uZhr,ẓ-h-r,8,2.61,0.08,16.77
Akl,uAkl,a-k-l,TEm,uTuEm,ṭ-ʿ-m,6,3.18,0.085,16.77
bgy,bgy,b-gh-y,rHm,ruHm,r-ḥ-m,15,1.73,0.074,16.76
End,uEnd,ʿ-n-d,vwb,vwb,th-w-b,6,3.11,0.057,16.76
nhr,nhr,n-h-r,EZm,uEuZm,ʿ-ẓ-m,10,2.27,0.087,16.75
rAy,ruAy,r-a-y,Srf,uSrf,ṣ-r-f,8,2.53,0.049,16.75
b$r,bshr,b-sh-r,qwl,qwl,q-w-l,46,0.8,0.061,16.74
kll,kll,k-l-l,Drb,uDrb,ḍ-r-b,12,1.96,0.059,16.74
fDl,fuDl,f-ḍ-l,Elm,uElm,ʿ-l-m,25,1.22,0.061,16.71
mlk,mlk,m-l-k,xlq,xlq,kh-l-q,19,1.51,0.093,16.69
tbE,tbuE,t-b-ʿ,Amn,uAmn,a-m-n,36,0.99,0.082,16.69
fdy,fdy,f-d-y,ywm,ywm,y-w-m,6,2.93,0.031,16.68
wqt,wqt,w-q-t,ywm,ywm,y-w-m,6,2.93,0.031,16.68
xrj,xrj,kh-r-j,ArD,uAruD,a-r-ḍ,26,1.23,0.087,16.67
nzl,nzl,n-z-l,rwH,rwuH,r-w-ḥ,10,2.22,0.065,16.66
xwf,xwf,kh-w-f,ywm,ywm,y-w-m,19,1.49,0.078,16.66
bld,bld,b-l-d,mwt,mwt,m-w-t,5,3.52,0.062,16.65
Zlm,uZlm,ẓ-l-m,xrj,xrj,kh-r-j,20,1.45,0.089,16.63
klm,klm,k-l-m,nws,nws,n-w-s,11,2.1,0.074,16.6
jzy,jzy,j-z-y,Zlm,uZlm,ẓ-l-m,16,1.66,0.08,16.56
smw,smw,s-m-w,Er$,uErsh,ʿ-r-sh,9,2.32,0.047,16.55
jEl,juEl,j-ʿ-l,nhr,nhr,n-h-r,16,1.65,0.077,16.54
nzE,nzuE,n-z-ʿ,Amr,uAmr,a-m-r,6,3.05,0.049,16.54
*kr,dhkr,dh-k-r,ErD,uEruD,ʿ-r-ḍ,12,1.98,0.071,16.53
rHm,ruHm,r-ḥ-m,SlH,uSluH,ṣ-l-ḥ,22,1.37,0.091,16.53
hdy,hdy,h-d-y,Hrm,uHrm,ḥ-r-m,12,1.98,0.071,16.52
slm,slm,s-l-m,Amn,uAmn,a-m-n,31,1.07,0.073,16.52
Aty,uAty,a-t-y,Elm,uElm,ʿ-l-m,86,0.6,0.142,16.52
hzA,hzuA,h-z-a,Ayy,uAyy,a-y-y,9,2.31,0.047,16.5
wjd,wjd,w-j-d,Alh,uAlh,a-l-h,49,0.72,0.05,16.47
fDl,fuDl,f-ḍ-l,wsE,wsuE,w-s-ʿ,5,3.55,0.083,16.45
jmE,jmuE,j-m-ʿ,ryb,ryb,r-y-b,6,3.12,0.076,16.43
bgy,bgy,b-gh-y,Edw,uEdw,ʿ-d-w,8,2.59,0.088,16.42
*rr,dhrr,dh-r-r,jEl,juEl,j-ʿ-l,9,2.33,0.052,16.42
hwy,hwy,h-w-y,Dll,uDll,ḍ-l-l,7,2.79,0.068,16.42
xsf,xsf,kh-s-f,ArD,uAruD,a-r-ḍ,5,3.15,0.022,16.42
rbb,rbb,r-b-b,xwf,xwf,kh-w-f,32,1.03,0.065,16.4
b$r,bshr,b-sh-r,rwH,rwuH,r-w-ḥ,7,2.82,0.082,16.39
ktb,ktb,k-t-b,Ayy,uAyy,a-y-y,33,1.06,0.104,16.32
gyr,gyr,gh-y-r,qwm,qwm,q-w-m,30,1.1,0.081,16.3
End,uEnd,ʿ-n-d,Hrm,uHrm,ḥ-r-m,10,2.22,0.077,16.3
qwl,qwl,q-w-l,Ahl,uAhl,a-h-l,46,0.79,0.061,16.27
n*r,ndhr,n-dh-r,Ejb,uEjb,ʿ-j-b,5,3.5,0.072,16.26
trb,trb,t-r-b,EZm,uEuZm,ʿ-ẓ-m,5,3.48,0.067,16.23
SlH,uSluH,ṣ-l-ḥ,xwf,xwf,kh-w-f,12,1.97,0.085,16.21
fsq,fsq,f-s-q,kwn,kwn,k-w-n,23,1.18,0.037,16.2
gny,gny,gh-n-y,ksb,ksb,k-s-b,6,3.11,0.091,16.19
bTl,buTl,b-ṭ-l,mwl,mwl,m-w-l,5,3.52,0.088,16.18
nbA,nbuA,n-b-a,zwj,zwj,z-w-j,9,2.37,0.081,16.18
sbl,sbl,s-b-l,Amn,uAmn,a-m-n,37,0.96,0.083,16.15
qmr,qmr,q-m-r,smw,smw,s-m-w,8,2.45,0.042,16.12
tbE,tbuE,t-b-ʿ,wHy,wuHy,w-ḥ-y,9,2.36,0.08,16.12
wdd,wdd,w-d-d,wjd,wjd,w-j-d,5,3.49,0.079,16.11
Edw,uEdw,ʿ-d-w,Alh,uAlh,a-l-h,46,0.73,0.047,16.07
brA,bruA,b-r-a,qwl,qwl,q-w-l,16,1.37,0.023,16.06
qwm,qwm,q-w-m,wzn,wzn,w-z-n,9,2.16,0.029,16.06
krh,krh,k-r-h,Alh,uAlh,a-l-h,22,1.06,0.023,16.03
nws,nws,n-w-s,nzl,nzl,n-z-l,23,1.31,0.095,16.03
jyA,jyuA,j-y-a,qbl,qbl,q-b-l,27,1.19,0.099,16.02
mwh,mwh,m-w-h,mwt,mwt,m-w-t,8,2.54,0.079,16.02
ydy,ydy,y-d-y,Alh,uAlh,a-l-h,53,0.68,0.053,15.99
bny,bny,b-n-y,jEl,juEl,j-ʿ-l,20,1.42,0.087,15.98
mvl,mvl,m-th-l,Zlm,uZlm,ẓ-l-m,19,1.46,0.087,15.98
mrA,mruA,m-r-a,njw,njw,n-j-w,5,3.49,0.089,15.96
rAy,ruAy,r-a-y,xrj,xrj,kh-r-j,20,1.42,0.088,15.96
Sbr,uSbr,ṣ-b-r,TwE,uTwuE,ṭ-w-ʿ,9,2.35,0.085,15.96
nwr,nwr,n-w-r,tHt,tuHt,t-ḥ-t,8,2.52,0.071,15.94
jEl,juEl,j-ʿ-l,mkn,mkn,m-k-n,6,2.91,0.037,15.93
kll,kll,k-l-l,Ajl,uAjl,a-j-l,11,2.01,0.055,15.92
ndw,ndw,n-d-w,SHb,uSuHb,ṣ-ḥ-b,6,3.07,0.086,15.89
rAy,ruAy,r-a-y,Dll,uDll,ḍ-l-l,21,1.38,0.09,15.89
hdy,hdy,h-d-y,ESm,uEuSm,ʿ-ṣ-m,5,3.28,0.036,15.86
kfr,kfr,k-f-r,Dll,uDll,ḍ-l-l,28,1.14,0.088,15.84
trk,trk,t-r-k,Axr,uAxr,a-kh-r,8,2.48,0.057,15.84
bdw,bdw,b-d-w,kwn,kwn,k-w-n,15,1.46,0.025,15.83
rAy,ruAy,r-a-y,Alh,uAlh,a-l-h,121,0.44,0.111,15.83
swA,swuA,s-w-a,E*b,uEdhb,ʿ-dh-b,21,1.37,0.086,15.83
Awb,uAwb,a-w-b,Hsn,uHsn,ḥ-s-n,5,3.37,0.052,15.83
Erf,uErf,ʿ-r-f,zwj,zwj,z-w-j,6,3.07,0.09,15.82
zEm,zuEm,z-ʿ-m,qwl,qwl,q-w-l,11,1.63,0.016,15.82
nwr,nwr,n-w-r,E*b,uEdhb,ʿ-dh-b,23,1.29,0.09,15.8
mwt,mwt,m-w-t,ArD,uAruD,a-r-ḍ,24,1.25,0.082,15.77
kfr,kfr,k-f-r,Hqq,uHqq,ḥ-q-q,38,0.95,0.104,15.75
byn,byn,b-y-n,sHr,suHr,s-ḥ-r,14,1.7,0.055,15.73
bdl,bdl,b-d-l,klm,klm,k-l-m,5,3.46,0.09,15.72
bny,bny,b-n-y,Alh,uAlh,a-l-h,68,0.59,0.067,15.72
hdy,hdy,h-d-y,rbb,rbb,r-b-b,61,0.7,0.107,15.72
sjd,sjd,s-j-d,swy,swy,s-w-y,7,2.75,0.087,15.71
dnw,dnw,d-n-w,nbt,nbt,n-b-t,5,3.4,0.066,15.69
xlf,xlf,kh-l-f,ywm,ywm,y-w-m,19,1.44,0.077,15.69
blg,blg,b-l-gh,Erf,uErf,ʿ-r-f,6,3.05,0.089,15.67
nws,nws,n-w-s,x$y,xshy,kh-sh-y,8,2.47,0.06,15.67
nbA,nbuA,n-b-a,Hqq,uHqq,ḥ-q-q,18,1.5,0.087,15.66
Eml,uEml,ʿ-m-l,wfy,wfy,w-f-y,12,1.9,0.064,15.66
nhr,nhr,n-h-r,rDw,ruDw,r-ḍ-w,7,2.74,0.084,15.64
nsw,nsw,n-s-w,Elm,uElm,ʿ-l-m,17,1.46,0.044,15.64
Eyn,uEyn,ʿ-y-n,zwj,zwj,z-w-j,6,3.04,0.089,15.64
frq,frq,f-r-q,nzl,nzl,n-z-l,11,2.02,0.068,15.6
qwm,qwm,q-w-m,Thr,uThr,ṭ-h-r,10,2.01,0.032,15.6
hbT,hbuT,h-b-ṭ,qwl,qwl,q-w-l,7,1.98,0.01,15.58
lyl,lyl,l-y-l,sjd,sjd,s-j-d,7,2.73,0.086,15.55
qwm,qwm,q-w-m,sfh,sfh,s-f-h,6,2.65,0.02,15.55
krh,krh,k-r-h,Hqq,uHqq,ḥ-q-q,8,2.44,0.054,15.53
dxl,dxl,d-kh-l,swA,swuA,s-w-a,11,2.03,0.084,15.52
bEd,buEd,b-ʿ-d,Amn,uAmn,a-m-n,46,0.83,0.097,15.51
gyb,gyb,gh-y-b,nbA,nbuA,n-b-a,8,2.49,0.076,15.5
nfs,nfs,n-f-s,nsw,nsw,n-s-w,10,2.12,0.062,15.5
Er$,uErsh,ʿ-r-sh,ywm,ywm,y-w-m,9,2.22,0.044,15.49
wrv,wrv,w-r-th,ArD,uAruD,a-r-ḍ,10,2.06,0.042,15.49
gyr,gyr,gh-y-r,nws,nws,n-w-s,16,1.6,0.086,15.48
ktb,ktb,k-t-b,HSn,uHuSn,ḥ-ṣ-n,5,3.22,0.034,15.48
Hrm,uHrm,ḥ-r-m,TEm,uTuEm,ṭ-ʿ-m,5,3.42,0.089,15.47
Ehd,uEhd,ʿ-h-d,End,uEnd,ʿ-n-d,7,2.68,0.062,15.46
sbl,sbl,s-b-l,Ax*,uAxdh,a-kh-dh,18,1.49,0.088,15.44
qrb,qrb,q-r-b,kwn,kwn,k-w-n,33,0.94,0.052,15.42
twb,twb,t-w-b,Amn,uAmn,a-m-n,20,1.32,0.051,15.41
dwn,dwn,d-w-n,$yA,shyuA,sh-y-a,24,1.23,0.081,15.37
kll,kll,k-l-l,$rb,shrb,sh-r-b,9,2.22,0.046,15.37
$rk,shrk,sh-r-k,wld,wld,w-l-d,9,2.29,0.081,15.35
blg,blg,b-l-gh,wfy,wfy,w-f-y,6,3,0.088,15.31
ktb,ktb,k-t-b,Erf,uErf,ʿ-r-f,11,1.99,0.065,15.31
mlk,mlk,m-l-k,qdr,qdr,q-d-r,13,1.81,0.083,15.28
dyn,dyn,d-y-n,nhy,nhy,n-h-y,6,2.99,0.085,15.27
ksb,ksb,k-s-b,Zlm,uZlm,ẓ-l-m,11,1.98,0.063,15.25
Ajl,uAjl,a-j-l,Erf,uErf,ʿ-r-f,5,3.39,0.091,15.24
rwH,rwuH,r-w-ḥ,Amr,uAmr,a-m-r,9,2.26,0.065,15.21
mkr,mkr,m-k-r,Alh,uAlh,a-l-h,16,1.21,0.017,15.2
mrD,mruD,m-r-ḍ,Alh,uAlh,a-l-h,16,1.21,0.017,15.2
$yA,shyuA,sh-y-a,wkl,wkl,w-k-l,14,1.67,0.055,15.2
mvl,mvl,m-th-l,nws,nws,n-w-s,16,1.58,0.086,15.16
rjl,rjl,r-j-l,kwn,kwn,k-w-n,26,1.06,0.042,15.16
xTb,xuTb,kh-ṭ-b,qwl,qwl,q-w-l,9,1.76,0.013,15.16
kfr,kfr,k-f-r,SHb,uSuHb,ṣ-ḥ-b,18,1.44,0.065,15.15
nEm,nuEm,n-ʿ-m,Hrm,uHrm,ḥ-r-m,8,2.46,0.08,15.15
smE,smuE,s-m-ʿ,Emy,uEmy,ʿ-m-y,6,2.94,0.062,15.15
dEw,duEw,d-ʿ-w,qwl,qwl,q-w-l,63,0.64,0.081,15.14
brr,brr,b-r-r,wqy,wqy,w-q-y,7,2.62,0.052,15.12
dyn,dyn,d-y-n,krh,krh,k-r-h,5,3.36,0.082,15.1
rdd,rdd,r-d-d,Aty,uAty,a-t-y,14,1.66,0.052,15.09
flH,fluH,f-l-ḥ,Amn,uAmn,a-m-n,14,1.59,0.037,15.08
frH,fruH,f-r-ḥ,swA,swuA,s-w-a,5,3.3,0.058,15.08
qDy,quDy,q-ḍ-y,xlf,xlf,kh-l-f,7,2.67,0.08,15.07
Axr,uAxr,a-kh-r,wzr,wzr,w-z-r,5,3.2,0.039,15.04
nzl,nzl,n-z-l,$yA,shyuA,sh-y-a,36,0.96,0.102,15.02
Esy,uEsy,ʿ-s-y,xyr,xyr,kh-y-r,6,2.91,0.058,15.01
kfr,kfr,k-f-r,rsl,rsl,r-s-l,54,0.76,0.121,15
mwt,mwt,m-w-t,AHd,uAuHd,a-ḥ-d,9,2.26,0.08,14.97
$rk,shrk,sh-r-k,AHd,uAuHd,a-ḥ-d,9,2.26,0.08,14.97
gny,gny,gh-n-y,wly,wly,w-l-y,10,2.1,0.073,14.96
swy,swy,s-w-y,xlq,xlq,kh-l-q,11,1.98,0.074,14.95
Ajl,uAjl,a-j-l,wfy,wfy,w-f-y,5,3.34,0.089,14.93
Edw,uEdw,ʿ-d-w,kwn,kwn,k-w-n,33,0.93,0.052,14.93
byn,byn,b-y-n,ArD,uAruD,a-r-ḍ,54,0.75,0.121,14.92
nSr,nuSr,n-ṣ-r,Awy,uAwy,a-w-y,6,2.92,0.069,14.92
Ajr,uAjr,a-j-r,Sbr,uSbr,ṣ-b-r,8,2.44,0.083,14.92
qtl,qtl,q-t-l,qEd,quEd,q-ʿ-d,5,3.3,0.068,14.89
End,uEnd,ʿ-n-d,xyr,xyr,kh-y-r,16,1.57,0.087,14.89
bAs,buAs,b-a-s,$dd,shdd,sh-d-d,7,2.66,0.083,14.87
mwt,mwt,m-w-t,Eql,uEql,ʿ-q-l,7,2.64,0.073,14.86
nwr,nwr,n-w-r,Syr,uSyr,ṣ-y-r,6,2.89,0.059,14.84
nws,nws,n-w-s,$ry,shry,sh-r-y,6,2.85,0.048,14.84
bTn,buTn,b-ṭ-n,nEm,nuEm,n-ʿ-m,5,3.28,0.065,14.83
mwh,mwh,m-w-h,rAy,ruAy,r-a-y,11,1.94,0.062,14.83
DEf,uDuEf,ḍ-ʿ-f,Alh,uAlh,a-l-h,26,0.94,0.027,14.83
sbH,sbuH,s-b-ḥ,wld,wld,w-l-d,7,2.65,0.084,14.81
$kr,shkr,sh-k-r,Akl,uAkl,a-k-l,7,2.65,0.082,14.81
Axr,uAxr,a-kh-r,Edd,uEdd,ʿ-d-d,9,2.21,0.062,14.81
Any,uAny,a-n-y,Alh,uAlh,a-l-h,22,1.02,0.023,14.8
fH$,fuHsh,f-ḥ-sh,Amr,uAmr,a-m-r,6,2.85,0.048,14.79
mwt,mwt,m-w-t,qtl,qtl,q-t-l,11,1.98,0.083,14.79
nbA,nbuA,n-b-a,Erf,uErf,ʿ-r-f,8,2.41,0.075,14.79
SlH,uSluH,ṣ-l-ḥ,xld,xld,kh-l-d,10,2.09,0.078,14.79
mwh,mwh,m-w-h,rwH,rwuH,r-w-ḥ,5,3.32,0.089,14.78
nhy,nhy,n-h-y,Ewd,uEwd,ʿ-w-d,5,3.32,0.089,14.74
Ahl,uAhl,a-h-l,wjd,wjd,w-j-d,9,2.24,0.082,14.73
nbA,nbuA,n-b-a,Amn,uAmn,a-m-n,34,0.96,0.078,14.72
nEm,nuEm,n-ʿ-m,Ans,uAns,a-n-s,9,2.24,0.081,14.71
fty,fty,f-t-y,qwl,qwl,q-w-l,12,1.51,0.017,14.7
rHm,ruHm,r-ḥ-m,Amn,uAmn,a-m-n,59,0.7,0.114,14.7
TwE,uTwuE,ṭ-w-ʿ,wly,wly,w-l-y,13,1.77,0.081,14.68
gfr,gfr,gh-f-r,swA,swuA,s-w-a,15,1.62,0.085,14.66
ftn,ftn,f-t-n,jEl,juEl,j-ʿ-l,11,1.93,0.06,14.65
bny,bny,b-n-y,Axw,uAxw,a-kh-w,9,2.23,0.078,14.63
End,uEnd,ʿ-n-d,ktb,ktb,k-t-b,21,1.31,0.09,14.63
nkH,nkuH,n-k-ḥ,xyr,xyr,kh-y-r,5,3.2,0.051,14.59
jhd,jhd,j-h-d,Elm,uElm,ʿ-l-m,13,1.63,0.034,14.58
rzq,rzq,r-z-q,Ebd,uEbd,ʿ-b-d,14,1.67,0.078,14.57
nfs,nfs,n-f-s,$yA,shyuA,sh-y-a,37,0.93,0.103,14.55
dwn,dwn,d-w-n,lys,lys,l-y-s,9,2.22,0.079,14.52
jyA,jyuA,j-y-a,ktb,ktb,k-t-b,26,1.15,0.096,14.51
$ry,shry,sh-r-y,E*b,uEdhb,ʿ-dh-b,7,2.5,0.039,14.5
mlk,mlk,m-l-k,nzl,nzl,n-z-l,20,1.35,0.089,14.49
tHt,tuHt,t-ḥ-t,Alh,uAlh,a-l-h,28,0.89,0.029,14.49
Aty,uAty,a-t-y,xyr,xyr,kh-y-r,29,1.06,0.087,14.48
Avr,uAvr,a-th-r,Hyy,uHyy,ḥ-y-y,5,3.21,0.055,14.48
bED,buEuD,b-ʿ-ḍ,qwl,qwl,q-w-l,35,0.86,0.048,14.47
bED,buEuD,b-ʿ-ḍ,ftn,ftn,f-t-n,6,2.89,0.083,14.47
bSr,buSr,b-ṣ-r,xbr,xbr,kh-b-r,7,2.59,0.073,14.45
gyr,gyr,gh-y-r,nbt,nbt,n-b-t,5,3.21,0.059,14.45
$rk,shrk,sh-r-k,wHd,wuHd,w-ḥ-d,8,2.38,0.076,14.44
$Tn,shuTn,sh-ṭ-n,tbE,tbuE,t-b-ʿ,9,2.21,0.077,14.43
fyA,fyuA,f-y-a,Alh,uAlh,a-l-h,6,1.73,0.006,14.41
Hrf,uHrf,ḥ-r-f,Alh,uAlh,a-l-h,6,1.73,0.006,14.41
lHm,luHm,l-ḥ-m,rHm,ruHm,r-ḥ-m,5,3.05,0.031,14.4
rbb,rbb,r-b-b,Ew*,uEwdh,ʿ-w-dh,9,1.92,0.02,14.39
jnn,jnn,j-n-n,Amn,uAmn,a-m-n,41,0.85,0.089,14.38
mwh,mwh,m-w-h,Hyy,uHyy,ḥ-y-y,8,2.37,0.072,14.38
E*b,uEdhb,ʿ-dh-b,Alh,uAlh,a-l-h,133,0.39,0.12,14.38
fkr,fkr,f-k-r,byn,byn,b-y-n,7,2.42,0.03,14.36
hlk,hlk,h-l-k,Zlm,uZlm,ẓ-l-m,11,1.91,0.062,14.34
$yA,shyuA,sh-y-a,Swb,uSwb,ṣ-w-b,13,1.69,0.051,14.34
rsl,rsl,r-s-l,Hqq,uHqq,ḥ-q-q,35,0.95,0.101,14.33
nzl,nzl,n-z-l,qdr,qdr,q-d-r,15,1.59,0.079,14.32
qll,qll,q-l-l,$kr,shkr,sh-k-r,6,2.87,0.084,14.32
Ayy,uAyy,a-y-y,Enb,uEnb,ʿ-n-b,5,3.01,0.027,14.32
Dll,uDll,ḍ-l-l,qwl,qwl,q-w-l,59,0.65,0.076,14.31
mwl,mwl,m-w-l,rDw,ruDw,r-ḍ-w,6,2.87,0.083,14.3
AHd,uAuHd,a-ḥ-d,Alh,uAlh,a-l-h,41,0.73,0.042,14.3
mss,mss,m-s-s,nEm,nuEm,n-ʿ-m,7,2.58,0.076,14.29
qwm,qwm,q-w-m,xwf,xwf,kh-w-f,24,1.16,0.068,14.28
jyA,jyuA,j-y-a,Ajl,uAjl,a-j-l,9,2.16,0.058,14.27
Amr,uAmr,a-m-r,Edl,uEdl,ʿ-d-l,6,2.79,0.048,14.27
kll,kll,k-l-l,HSy,uHuSy,ḥ-ṣ-y,5,3,0.027,14.26
kfr,kfr,k-f-r,nbA,nbuA,n-b-a,25,1.15,0.081,14.25
nwr,nwr,n-w-r,wjh,wjh,w-j-h,9,2.18,0.073,14.24
ktm,ktm,k-t-m,ktb,ktb,k-t-b,6,2.75,0.04,14.23
trb,trb,t-r-b,xrj,xrj,kh-r-j,5,3.17,0.056,14.23
dbr,dbr,d-b-r,Amr,uAmr,a-m-r,8,2.33,0.059,14.21
nsw,nsw,n-s-w,wqy,wqy,w-q-y,9,2.16,0.062,14.2
bEd,buEd,b-ʿ-d,qrn,qrn,q-r-n,7,2.53,0.054,14.18
Ajl,uAjl,a-j-l,Alh,uAlh,a-l-h,27,0.9,0.028,14.17
bEd,buEd,b-ʿ-d,rHm,ruHm,r-ḥ-m,25,1.16,0.093,14.16
Ejl,uEjl,ʿ-j-l,Zlm,uZlm,ẓ-l-m,9,2.14,0.054,14.15
nsw,nsw,n-s-w,ymn,ymn,y-m-n,5,3.22,0.086,14.13
$hd,shhd,sh-h-d,ywm,ywm,y-w-m,19,1.35,0.076,14.11
Any,uAny,a-n-y,$yA,shyuA,sh-y-a,10,1.95,0.041,14.1
wqy,wqy,w-q-y,xyr,xyr,kh-y-r,18,1.41,0.087,14.09
Edd,uEdd,ʿ-d-d,ywm,ywm,y-w-m,11,1.86,0.052,14.08
gfr,gfr,gh-f-r,hjr,hjr,h-j-r,6,2.78,0.052,14.07
rbb,rbb,r-b-b,wkl,wkl,w-k-l,20,1.23,0.043,14.07
Slw,uSlw,ṣ-l-w,Alh,uAlh,a-l-h,44,0.7,0.045,14.05
Zlm,uZlm,ẓ-l-m,wfy,wfy,w-f-y,11,1.89,0.062,14.05
nZr,nuZr,n-ẓ-r,ArD,uAruD,a-r-ḍ,20,1.3,0.072,14.04
rAy,ruAy,r-a-y,smw,smw,s-m-w,33,0.98,0.102,14.03
kbr,kbr,k-b-r,mkr,mkr,m-k-r,5,3.15,0.057,14.02
Edl,uEdl,ʿ-d-l,Amn,uAmn,a-m-n,10,1.85,0.027,14.02
bny,bny,b-n-y,sbl,sbl,s-b-l,13,1.72,0.083,14.01
mvl,mvl,m-th-l,qwm,qwm,q-w-m,29,1.03,0.078,14.01
qry,qry,q-r-y,Zlm,uZlm,ẓ-l-m,10,1.99,0.058,14.01
qtl,qtl,q-t-l,wly,wly,w-l-y,13,1.72,0.08,14.01
Amm,uAmm,a-m-m,Hqq,uHqq,ḥ-q-q,14,1.63,0.076,14
blg,blg,b-l-gh,fEl,fuEl,f-ʿ-l,7,2.55,0.08,13.98
trb,trb,t-r-b,kwn,kwn,k-w-n,12,1.53,0.02,13.97
brr,brr,b-r-r,dEw,duEw,d-ʿ-w,6,2.78,0.057,13.96
bEd,buEd,b-ʿ-d,rdd,rdd,r-d-d,9,2.14,0.064,13.96
dEw,duEw,d-ʿ-w,xlS,xluS,kh-l-ṣ,6,2.78,0.057,13.96
kll,kll,k-l-l,mrA,mruA,m-r-a,9,2.1,0.046,13.96
wld,wld,w-l-d,$yA,shyuA,sh-y-a,16,1.47,0.06,13.95
jrm,jrm,j-r-m,kbr,kbr,k-b-r,8,2.33,0.073,13.94
fry,fry,f-r-y,kwn,kwn,k-w-n,22,1.11,0.036,13.93
$Er,shuEr,sh-ʿ-r,Aty,uAty,a-t-y,11,1.82,0.042,13.93
jEl,juEl,j-ʿ-l,ArD,uAruD,a-r-ḍ,40,0.87,0.107,13.92
A*n,uAdhn,a-dh-n,ydy,ydy,y-d-y,8,2.33,0.08,13.92
gyr,gyr,gh-y-r,hwy,hwy,h-w-y,6,2.79,0.066,13.91
qry,qry,q-r-y,Alh,uAlh,a-l-h,5,-1.7,0.005,13.91
$hd,shhd,sh-h-d,Elm,uElm,ʿ-l-m,29,1.01,0.068,13.9
Hll,uHll,ḥ-l-l,wqy,wqy,w-q-y,8,2.29,0.057,13.9
bAs,buAs,b-a-s,nfE,nfuE,n-f-ʿ,5,3.18,0.084,13.89
mwt,mwt,m-w-t,Alh,uAlh,a-l-h,64,0.57,0.063,13.88
qry,qry,q-r-y,$dd,shdd,sh-d-d,6,2.81,0.078,13.86
rAy,ruAy,r-a-y,sxr,sxr,s-kh-r,8,2.26,0.048,13.86
Amm,uAmm,a-m-m,Ans,uAns,a-n-s,8,2.33,0.08,13.85
nfs,nfs,n-f-s,Ajl,uAjl,a-j-l,9,2.11,0.057,13.83
sbl,sbl,s-b-l,ytm,ytm,y-t-m,5,3.11,0.054,13.83
$rk,shrk,sh-r-k,wHy,wuHy,w-ḥ-y,8,2.32,0.075,13.83
qtl,qtl,q-t-l,wvq,wvq,w-th-q,5,3.14,0.066,13.79
Axr,uAxr,a-kh-r,Slw,uSlw,ṣ-l-w,12,1.78,0.072,13.79
dwr,dwr,d-w-r,Ax*,uAxdh,a-kh-dh,9,2.12,0.061,13.77
smw,smw,s-m-w,Swr,uSwr,ṣ-w-r,6,2.64,0.033,13.77
Abd,uAbd,a-b-d,EZm,uEuZm,ʿ-ẓ-m,5,3.13,0.065,13.77
Zlm,uZlm,ẓ-l-m,kwn,kwn,k-w-n,80,0.55,0.109,13.77
Edl,uEdl,ʿ-d-l,wqy,wqy,w-q-y,6,2.72,0.046,13.76
*wq,dhwq,dh-w-q,mss,mss,m-s-s,5,3.16,0.085,13.75
bED,buEuD,b-ʿ-ḍ,Erf,uErf,ʿ-r-f,6,2.79,0.081,13.73
*rr,dhrr,dh-r-r,rbb,rbb,r-b-b,14,1.48,0.031,13.73
Ayy,uAyy,a-y-y,Amn,uAmn,a-m-n,64,0.65,0.119,13.72
dwn,dwn,d-w-n,fry,fry,f-r-y,7,2.51,0.071,13.71
kfr,kfr,k-f-r,nfq,nfq,n-f-q,17,1.41,0.062,13.71
sHr,suHr,s-ḥ-r,Alh,uAlh,a-l-h,6,-1.57,0.006,13.71
qmr,qmr,q-m-r,xlq,xlq,kh-l-q,6,2.72,0.049,13.7
Swm,uSwm,ṣ-w-m,ywm,ywm,y-w-m,5,2.91,0.026,13.7
k*b,kdhb,k-dh-b,rsl,rsl,r-s-l,34,0.94,0.099,13.67
bsT,bsuT,b-s-ṭ,Ebd,uEbd,ʿ-b-d,6,2.7,0.044,13.65
qtl,qtl,q-t-l,Hqq,uHqq,ḥ-q-q,15,1.54,0.078,13.64
sxr,sxr,s-kh-r,Amr,uAmr,a-m-r,7,2.46,0.054,13.64
ymn,ymn,y-m-n,Alh,uAlh,a-l-h,33,0.8,0.034,13.64
gyb,gyb,gh-y-b,ArD,uAruD,a-r-ḍ,13,1.64,0.052,13.63
nSf,nuSf,n-ṣ-f,Elm,uElm,ʿ-l-m,5,2.61,0.014,13.63
gyr,gyr,gh-y-r,mnn,mnn,m-n-n,5,3.09,0.058,13.61
hdy,hdy,h-d-y,Emy,uEmy,ʿ-m-y,7,2.44,0.047,13.61
bSr,buSr,b-ṣ-r,jEl,juEl,j-ʿ-l,18,1.38,0.08,13.6
nws,nws,n-w-s,ktb,ktb,k-t-b,23,1.19,0.091,13.6
Hkm,uHkm,ḥ-k-m,xlf,xlf,kh-l-f,12,1.77,0.079,13.56
blg,blg,b-l-gh,Elm,uElm,ʿ-l-m,20,1.23,0.05,13.55
kfr,kfr,k-f-r,Ejb,uEjb,ʿ-j-b,8,2.16,0.033,13.55
lEn,luEn,l-ʿ-n,kfr,kfr,k-f-r,10,1.9,0.04,13.54
$rk,shrk,sh-r-k,slT,sluT,s-l-ṭ,6,2.75,0.066,13.54
rjl,rjl,r-j-l,Drb,uDrb,ḍ-r-b,5,3.13,0.083,13.52
jzy,jzy,j-z-y,Hrm,uHrm,ḥ-r-m,7,2.5,0.078,13.51
k*b,kdhb,k-dh-b,Eqb,uEqb,ʿ-q-b,11,1.85,0.066,13.51
rDw,ruDw,r-ḍ-w,xld,xld,kh-l-d,6,2.77,0.08,13.51
rzq,rzq,r-z-q,Hrm,uHrm,ḥ-r-m,7,2.5,0.078,13.51
tjr,tjr,t-j-r,qwm,qwm,q-w-m,5,2.71,0.017,13.51
dEw,duEw,d-ʿ-w,dyn,dyn,d-y-n,10,1.98,0.074,13.5
SlH,uSluH,ṣ-l-ḥ,whb,whb,w-h-b,5,3.06,0.052,13.5
bgy,bgy,b-gh-y,bHr,buHr,b-ḥ-r,5,3.11,0.077,13.48
dnw,dnw,d-n-w,mwl,mwl,m-w-l,8,2.28,0.077,13.48
bEv,buEv,b-ʿ-th,zkw,zkw,z-k-w,5,3.12,0.083,13.46
qrA,qruA,q-r-a,wHy,wuHy,w-ḥ-y,6,2.76,0.081,13.45
swy,swy,s-w-y,SrT,uSruT,ṣ-r-ṭ,5,3.11,0.08,13.45
nwr,nwr,n-w-r,Alh,uAlh,a-l-h,75,0.52,0.073,13.44
Ajl,uAjl,a-j-l,xlq,xlq,kh-l-q,8,2.25,0.06,13.44
rwd,rwd,r-w-d,kfr,kfr,k-f-r,21,1.23,0.072,13.43
gfr,gfr,gh-f-r,nkH,nkuH,n-k-ḥ,5,3.02,0.045,13.42
jEl,juEl,j-ʿ-l,nEm,nuEm,n-ʿ-m,17,1.41,0.077,13.42
rkE,rkuE,r-k-ʿ,Amn,uAmn,a-m-n,6,2.37,0.016,13.42
grq,grq,gh-r-q,k*b,kdhb,k-dh-b,6,2.66,0.043,13.4
nzl,nzl,n-z-l,$ry,shry,sh-r-y,6,2.66,0.043,13.4
ryb,ryb,r-y-b,Alh,uAlh,a-l-h,21,0.99,0.022,13.4
sbl,sbl,s-b-l,$ry,shry,sh-r-y,5,3.05,0.053,13.38
$hd,shhd,sh-h-d,byn,byn,b-y-n,21,1.23,0.073,13.38
byt,byt,b-y-t,gyr,gyr,gh-y-r,7,2.47,0.07,13.37
nfs,nfs,n-f-s,xsr,xsr,kh-s-r,10,1.94,0.061,13.37
nws,nws,n-w-s,Hjj,uHjj,ḥ-j-j,6,2.68,0.048,13.36
*nb,dhnb,dh-n-b,$dd,shdd,sh-d-d,5,3.09,0.074,13.35
swE,swuE,s-w-ʿ,ywm,ywm,y-w-m,10,1.91,0.048,13.35
DEf,uDuEf,ḍ-ʿ-f,Hsn,uHsn,ḥ-s-n,7,2.45,0.063,13.35
gyr,gyr,gh-y-r,Ayy,uAyy,a-y-y,20,1.27,0.08,13.34
sbE,sbuE,s-b-ʿ,smw,smw,s-m-w,7,2.37,0.037,13.34
nEm,nuEm,n-ʿ-m,Alh,uAlh,a-l-h,58,0.59,0.058,13.33
nws,nws,n-w-s,$dd,shdd,sh-d-d,12,1.75,0.074,13.33
nfs,nfs,n-f-s,Eml,uEml,ʿ-m-l,28,1.05,0.096,13.32
nbA,nbuA,n-b-a,qSS,quSuS,q-ṣ-ṣ,5,3.05,0.057,13.3
rwd,rwd,r-w-d,Axr,uAxr,a-kh-r,14,1.59,0.077,13.3
$dd,shdd,sh-d-d,Alh,uAlh,a-l-h,47,0.66,0.048,13.29
bHr,buHr,b-ḥ-r,fDl,fuDl,f-ḍ-l,5,3.08,0.076,13.28
dbb,dbb,d-b-b,xlq,xlq,kh-l-q,5,2.99,0.042,13.28
Ahl,uAhl,a-h-l,Amn,uAmn,a-m-n,28,1.01,0.066,13.27
gfr,gfr,gh-f-r,wsE,wsuE,w-s-ʿ,6,2.68,0.052,13.24
kll,kll,k-l-l,Tyr,uTyr,ṭ-y-r,7,2.36,0.037,13.24
swA,swuA,s-w-a,Zlm,uZlm,ẓ-l-m,18,1.36,0.082,13.24
n*r,ndhr,n-dh-r,byn,byn,b-y-n,20,1.26,0.07,13.22
swE,swuE,s-w-ʿ,wEd,wuEd,w-ʿ-d,6,2.71,0.069,13.2
klm,klm,k-l-m,rwH,rwuH,r-w-ḥ,5,3.08,0.081,13.19
mlk,mlk,m-l-k,nfs,nfs,n-f-s,20,1.27,0.087,13.19
b$r,bshr,b-sh-r,wHd,wuHd,w-ḥ-d,7,2.45,0.075,13.16
gyr,gyr,gh-y-r,zwj,zwj,z-w-j,8,2.25,0.073,13.16
gfl,gfl,gh-f-l,kwn,kwn,k-w-n,16,1.28,0.026,13.15
swA,swuA,s-w-a,EZm,uEuZm,ʿ-ẓ-m,11,1.84,0.079,13.15
jyA,jyuA,j-y-a,kwn,kwn,k-w-n,73,0.56,0.102,13.14
bny,bny,b-n-y,nEm,nuEm,n-ʿ-m,11,1.84,0.079,13.13
$hr,shhr,sh-h-r,wqy,wqy,w-q-y,5,2.95,0.039,13.12
Hnf,uHnf,ḥ-n-f,kwn,kwn,k-w-n,8,1.82,0.013,13.12
*wq,dhwq,dh-w-q,nwr,nwr,n-w-r,8,2.23,0.068,13.1
rzq,rzq,r-z-q,Hsn,uHsn,ḥ-s-n,11,1.83,0.077,13.08
dnw,dnw,d-n-w,ywm,ywm,y-w-m,19,1.3,0.075,13.07
fEl,fuEl,f-ʿ-l,Alh,uAlh,a-l-h,48,0.64,0.048,13.07
Drb,uDrb,ḍ-r-b,Alh,uAlh,a-l-h,29,0.83,0.03,13.07
nfq,nfq,n-f-q,qlb,qlb,q-l-b,9,2.07,0.075,13.05
jry,jry,j-r-y,Amn,uAmn,a-m-n,18,1.28,0.046,13.03
n*r,ndhr,n-dh-r,wHy,wuHy,w-ḥ-y,7,2.44,0.076,13.03
sjd,sjd,s-j-d,wjh,wjh,w-j-h,6,2.7,0.079,13.03
lbb,lbb,l-b-b,nzl,nzl,n-z-l,5,2.92,0.037,13.02
nws,nws,n-w-s,Ajl,uAjl,a-j-l,8,2.21,0.059,13.02
nzl,nzl,n-z-l,xrj,xrj,kh-r-j,17,1.39,0.082,13.01
sbl,sbl,s-b-l,TwE,uTwuE,ṭ-w-ʿ,11,1.83,0.078,13.01
bqy,bqy,b-q-y,End,uEnd,ʿ-n-d,5,2.97,0.048,13
drj,drj,d-r-j,Eml,uEml,ʿ-m-l,6,2.58,0.036,12.99
fEl,fuEl,f-ʿ-l,Abw,uAbw,a-b-w,8,2.23,0.078,12.98
nfs,nfs,n-f-s,xyr,xyr,kh-y-r,19,1.3,0.085,12.98
qbl,qbl,q-b-l,Amn,uAmn,a-m-n,53,0.7,0.105,12.98
Edd,uEdd,ʿ-d-d,E*b,uEdhb,ʿ-dh-b,10,1.89,0.052,12.98
bAs,buAs,b-a-s,qry,qry,q-r-y,5,3.04,0.081,12.97
qbl,qbl,q-b-l,qwy,qwy,q-w-y,8,2.18,0.05,12.97
nws,nws,n-w-s,ArD,uAruD,a-r-ḍ,31,0.97,0.093,12.95
dnw,dnw,d-n-w,Hsn,uHsn,ḥ-s-n,12,1.72,0.079,12.94
nbA,nbuA,n-b-a,rsl,rsl,r-s-l,23,1.15,0.079,12.92
qbl,qbl,q-b-l,wHy,wuHy,w-ḥ-y,11,1.8,0.063,12.92
brk,brk,b-r-k,smw,smw,s-m-w,8,2.15,0.042,12.91
AHd,uAuHd,a-ḥ-d,wjd,wjd,w-j-d,7,2.43,0.077,12.91
Hqq,uHqq,ḥ-q-q,qwl,qwl,q-w-l,83,0.51,0.101,12.91
ndw,ndw,n-d-w,rbb,rbb,r-b-b,17,1.28,0.037,12.89
qdr,qdr,q-d-r,Hyy,uHyy,ḥ-y-y,11,1.82,0.078,12.89
bED,buEuD,b-ʿ-ḍ,jmE,jmuE,j-m-ʿ,8,2.22,0.076,12.88
qbl,qbl,q-b-l,kfr,kfr,k-f-r,38,0.85,0.102,12.87
nbA,nbuA,n-b-a,Elm,uElm,ʿ-l-m,33,0.9,0.075,12.86
qbl,qbl,q-b-l,$kk,shkk,sh-k-k,5,2.88,0.034,12.86
bEd,buEd,b-ʿ-d,Eql,uEql,ʿ-q-l,8,2.19,0.059,12.85
gyr,gyr,gh-y-r,jdl,jdl,j-d-l,5,2.98,0.058,12.85
fry,fry,f-r-y,Hrm,uHrm,ḥ-r-m,5,3.02,0.08,12.84
bgt,bgt,b-gh-t,E*b,uEdhb,ʿ-dh-b,5,2.84,0.029,12.83
Hdv,uHdv,ḥ-d-th,Aty,uAty,a-t-y,10,1.83,0.038,12.83
qbl,qbl,q-b-l,Awl,uAwl,a-w-l,18,1.33,0.082,12.81
qrb,qrb,q-r-b,Slw,uSlw,ṣ-l-w,7,2.41,0.077,12.8
dEw,duEw,d-ʿ-w,smE,smuE,s-m-ʿ,14,1.56,0.081,12.79
dEw,duEw,d-ʿ-w,kwn,kwn,k-w-n,54,0.65,0.08,12.76
gyr,gyr,gh-y-r,TEm,uTuEm,ṭ-ʿ-m,6,2.64,0.064,12.76
qdr,qdr,q-d-r,Elm,uElm,ʿ-l-m,28,0.99,0.066,12.76
rbb,rbb,r-b-b,whb,whb,w-h-b,10,1.7,0.022,12.73
jEl,juEl,j-ʿ-l,rsw,rsw,r-s-w,5,2.84,0.031,12.72
kbr,kbr,k-b-r,qwl,qwl,q-w-l,53,0.64,0.069,12.71
swA,swuA,s-w-a,Alh,uAlh,a-l-h,66,0.54,0.065,12.7
Sdq,uSdq,ṣ-d-q,byn,byn,b-y-n,23,1.13,0.077,12.7
g$w,gshw,gh-sh-w,qlb,qlb,q-l-b,5,2.95,0.055,12.67
wEd,wuEd,w-ʿ-d,ywm,ywm,y-w-m,19,1.27,0.075,12.67
bED,buEuD,b-ʿ-ḍ,Amn,uAmn,a-m-n,22,1.13,0.054,12.66
dnw,dnw,d-n-w,Hbb,uHbb,ḥ-b-b,8,2.2,0.075,12.66
End,uEnd,ʿ-n-d,Hsn,uHsn,ḥ-s-n,15,1.48,0.082,12.66
byt,byt,b-y-t,dxl,dxl,d-kh-l,6,2.64,0.073,12.63
Dll,uDll,ḍ-l-l,vny,vny,th-n-y,5,2.93,0.052,12.63
byE,byuE,b-y-ʿ,Alh,uAlh,a-l-h,9,1.44,0.01,12.62
Hrj,uHrj,ḥ-r-j,Alh,uAlh,a-l-h,9,1.44,0.01,12.62
blg,blg,b-l-gh,Hkm,uHkm,ḥ-k-m,9,2.02,0.069,12.61
rdd,rdd,r-d-d,Alh,uAlh,a-l-h,30,0.8,0.031,12.6
qbl,qbl,q-b-l,Amm,uAmm,a-m-m,14,1.53,0.072,12.59
bqr,bqr,b-q-r,qwl,qwl,q-w-l,7,1.81,0.01,12.58
rAy,ruAy,r-a-y,E*b,uEdhb,ʿ-dh-b,31,0.95,0.098,12.57
lyl,lyl,l-y-l,Eql,uEql,ʿ-q-l,5,2.97,0.077,12.54
Sbr,uSbr,ṣ-b-r,Slw,uSlw,ṣ-l-w,7,2.38,0.077,12.54
$ry,shry,sh-r-y,ktb,ktb,k-t-b,6,2.54,0.04,12.53
rwd,rwd,r-w-d,Drr,uDrr,ḍ-r-r,7,2.38,0.074,12.52
xzy,xzy,kh-z-y,ywm,ywm,y-w-m,7,2.27,0.035,12.52
nSH,nuSuH,n-ṣ-ḥ,rsl,rsl,r-s-l,5,2.72,0.023,12.51
gfr,gfr,gh-f-r,wjd,wjd,w-j-d,11,1.78,0.073,12.5
$fE,shfuE,sh-f-ʿ,Ax*,uAxdh,a-kh-dh,6,2.56,0.044,12.5
slm,slm,s-l-m,Alh,uAlh,a-l-h,57,0.57,0.057,12.5
wjd,wjd,w-j-d,wly,wly,w-l-y,11,1.78,0.073,12.5
rsl,rsl,r-s-l,zkw,zkw,z-k-w,12,1.64,0.049,12.49
rsl,rsl,r-s-l,Swb,uSwb,ṣ-w-b,12,1.64,0.049,12.49
bny,bny,b-n-y,fwq,fwq,f-w-q,6,2.6,0.063,12.47
bEd,buEd,b-ʿ-d,qwm,qwm,q-w-m,38,0.83,0.093,12.47
Er$,uErsh,ʿ-r-sh,EZm,uEuZm,ʿ-ẓ-m,5,2.94,0.063,12.47
ftH,ftuH,f-t-ḥ,End,uEnd,ʿ-n-d,6,2.58,0.054,12.46
frD,fruD,f-r-ḍ,Elm,uElm,ʿ-l-m,7,2.1,0.019,12.44
rsl,rsl,r-s-l,swq,swq,s-w-q,6,2.45,0.027,12.44
bEd,buEd,b-ʿ-d,ymn,ymn,y-m-n,9,2,0.063,12.43
nsw,nsw,n-s-w,Hyy,uHyy,ḥ-y-y,7,2.35,0.065,12.43
sbq,sbq,s-b-q,xyr,xyr,kh-y-r,6,2.59,0.056,12.43
Afk,uAfk,a-f-k,xlq,xlq,kh-l-q,6,2.57,0.049,12.43
jdl,jdl,j-d-l,Alh,uAlh,a-l-h,17,1.06,0.018,12.42
$hd,shhd,sh-h-d,Amn,uAmn,a-m-n,28,0.97,0.066,12.42
qbl,qbl,q-b-l,tlw,tlw,t-l-w,10,1.86,0.058,12.41
dnw,dnw,d-n-w,wqy,wqy,w-q-y,14,1.53,0.077,12.4
$dd,shdd,sh-d-d,kfr,kfr,k-f-r,18,1.29,0.064,12.4
fry,fry,f-r-y,Hqq,uHqq,ḥ-q-q,9,1.98,0.057,12.39
rsl,rsl,r-s-l,Amm,uAmm,a-m-m,18,1.29,0.067,12.38
jyA,jyuA,j-y-a,Sdq,uSdq,ṣ-d-q,16,1.4,0.079,12.37
jnn,jnn,j-n-n,Elm,uElm,ʿ-l-m,9,-1.35,0.019,12.36
Anv,uAnv,a-n-th,Elm,uElm,ʿ-l-m,10,1.72,0.027,12.36
Hjj,uHjj,ḥ-j-j,Elm,uElm,ʿ-l-m,10,1.72,0.027,12.36
bEd,buEd,b-ʿ-d,nzl,nzl,n-z-l,21,1.19,0.088,12.35
tlw,tlw,t-l-w,byn,byn,b-y-n,13,1.55,0.05,12.35
Hrm,uHrm,ḥ-r-m,Zhr,uZhr,ẓ-h-r,5,2.95,0.078,12.34
Swb,uSwb,ṣ-w-b,ydy,ydy,y-d-y,6,2.6,0.072,12.33
hwn,hwn,h-w-n,kfr,kfr,k-f-r,8,2.04,0.033,12.32
jEl,juEl,j-ʿ-l,nws,nws,n-w-s,24,1.1,0.09,12.3
jbl,jbl,j-b-l,rAy,ruAy,r-a-y,8,2.11,0.048,12.29
jnn,jnn,j-n-n,zwj,zwj,z-w-j,9,1.99,0.067,12.29
Amm,uAmm,a-m-m,Axw,uAxw,a-kh-w,7,2.35,0.075,12.28
smE,smuE,s-m-ʿ,Alh,uAlh,a-l-h,70,0.51,0.069,12.27
n*r,ndhr,n-dh-r,qry,qry,q-r-y,6,2.59,0.071,12.26
*kr,dhkr,dh-k-r,Awl,uAwl,a-w-l,17,1.35,0.081,12.25
fEl,fuEl,f-ʿ-l,kwn,kwn,k-w-n,34,0.82,0.053,12.24
gyb,gyb,gh-y-b,smw,smw,s-m-w,11,1.72,0.054,12.24
*kr,dhkr,dh-k-r,Slw,uSlw,ṣ-l-w,12,1.66,0.068,12.23
jmE,jmuE,j-m-ʿ,ArD,uAruD,a-r-ḍ,20,1.2,0.071,12.23
mtE,mtuE,m-t-ʿ,nwr,nwr,n-w-r,8,2.14,0.067,12.23
bSr,buSr,b-ṣ-r,lyl,lyl,l-y-l,8,2.15,0.073,12.22
qEd,quEd,q-ʿ-d,smE,smuE,s-m-ʿ,5,2.88,0.053,12.22
bgy,bgy,b-gh-y,$kr,shkr,sh-k-r,6,2.59,0.075,12.21
HwT,uHwuT,ḥ-w-ṭ,$yA,shyuA,sh-y-a,8,2.04,0.034,12.21
jnn,jnn,j-n-n,vmr,vmr,th-m-r,5,2.85,0.046,12.2
qbl,qbl,q-b-l,Alm,uAlm,a-l-m,11,1.74,0.062,12.19
hlk,hlk,h-l-k,$dd,shdd,sh-d-d,6,2.58,0.074,12.18
qTE,quTuE,q-ṭ-ʿ,xlf,xlf,kh-l-f,5,2.9,0.066,12.17
jyA,jyuA,j-y-a,Abw,uAbw,a-b-w,13,1.57,0.071,12.16
gyb,gyb,gh-y-b,wHy,wuHy,w-ḥ-y,5,2.92,0.078,12.15
nbA,nbuA,n-b-a,qwl,qwl,q-w-l,52,0.63,0.068,12.15
Ajr,uAjr,a-j-r,Hzn,uHzn,ḥ-z-n,5,2.91,0.071,12.15
*kr,dhkr,dh-k-r,$Tn,shuTn,sh-ṭ-n,11,1.74,0.064,12.14
swE,swuE,s-w-ʿ,Aty,uAty,a-t-y,11,1.68,0.042,12.14
b$r,bshr,b-sh-r,Alm,uAlm,a-l-m,7,2.33,0.073,12.12
bSr,buSr,b-ṣ-r,nhr,nhr,n-h-r,9,1.98,0.075,12.12
$dd,shdd,sh-d-d,Eml,uEml,ʿ-m-l,14,1.49,0.068,12.12
*wq,dhwq,dh-w-q,rjE,rjuE,r-j-ʿ,6,2.57,0.073,12.11
rsl,rsl,r-s-l,ktb,ktb,k-t-b,35,0.87,0.099,12.09
mss,mss,m-s-s,Alm,uAlm,a-l-m,5,2.91,0.077,12.08
nfs,nfs,n-f-s,Dll,uDll,ḍ-l-l,18,1.29,0.082,12.08
hdy,hdy,h-d-y,Hqq,uHqq,ḥ-q-q,24,1.09,0.09,12.07
wjh,wjh,w-j-h,wly,wly,w-l-y,9,1.97,0.066,12.07
wkl,wkl,w-k-l,Amn,uAmn,a-m-n,17,1.27,0.043,12.07
jEl,juEl,j-ʿ-l,wHd,wuHd,w-ḥ-d,11,1.72,0.058,12.06
bsT,bsuT,b-s-ṭ,Alh,uAlh,a-l-h,15,1.11,0.016,12.05
fH$,fuHsh,f-ḥ-sh,Alh,uAlh,a-l-h,15,1.11,0.016,12.05
nzl,nzl,n-z-l,rbb,rbb,r-b-b,56,0.64,0.099,12.05
Amr,uAmr,a-m-r,Hyv,uHyv,ḥ-y-th,6,2.51,0.047,12.05
Edd,uEdd,ʿ-d-d,EZm,uEuZm,ʿ-ẓ-m,6,2.56,0.068,12.05
mwt,mwt,m-w-t,qdr,qdr,q-d-r,10,1.85,0.076,12.03
klm,klm,k-l-m,qDy,quDy,q-ḍ-y,5,2.9,0.077,12.02
hll,hll,h-l-l,Alh,uAlh,a-l-h,5,1.73,0.005,12.01
jhd,jhd,j-h-d,TwE,uTwuE,ṭ-w-ʿ,5,2.88,0.065,12.01
ksw,ksw,k-s-w,Alh,uAlh,a-l-h,5,1.73,0.005,12.01
lwy,lwy,l-w-y,Alh,uAlh,a-l-h,5,1.73,0.005,12.01
tlw,tlw,t-l-w,Hkm,uHkm,ḥ-k-m,8,2.11,0.064,12.01
Ajr,uAjr,a-j-r,wfy,wfy,w-f-y,6,2.56,0.074,12.01
Syd,uSyd,ṣ-y-d,Alh,uAlh,a-l-h,5,1.73,0.005,12.01
xnzr,xnzr,kh-n-z-r,Alh,uAlh,a-l-h,5,1.73,0.005,12.01
nwr,nwr,n-w-r,xrj,xrj,kh-r-j,13,1.57,0.079,12
sbl,sbl,s-b-l,Drb,uDrb,ḍ-r-b,7,2.3,0.064,11.99
zbr,zbr,z-b-r,byn,byn,b-y-n,5,2.64,0.022,11.99
fAd,fuAd,f-a-d,jEl,juEl,j-ʿ-l,5,2.74,0.031,11.97
jyA,jyuA,j-y-a,nfs,nfs,n-f-s,24,1.08,0.09,11.97
k*b,kdhb,k-dh-b,ArD,uAruD,a-r-ḍ,6,-1.6,0.017,11.97
Akl,uAkl,a-k-l,Avm,uAvm,a-th-m,5,2.88,0.07,11.97
Hrj,uHrj,ḥ-r-j,Amn,uAmn,a-m-n,6,2.23,0.016,11.97
Swm,uSwm,ṣ-w-m,Amn,uAmn,a-m-n,6,2.23,0.016,11.97
kll,kll,k-l-l,Aty,uAty,a-t-y,46,0.73,0.109,11.96
$Tn,shuTn,sh-ṭ-n,byn,byn,b-y-n,15,1.4,0.056,11.96
dnw,dnw,d-n-w,qwm,qwm,q-w-m,25,1.03,0.069,11.93
nEm,nuEm,n-ʿ-m,$kr,shkr,sh-k-r,7,2.31,0.071,11.93
*kr,dhkr,dh-k-r,qrA,qruA,q-r-a,11,1.72,0.064,11.92
gDb,guDb,gh-ḍ-b,Alh,uAlh,a-l-h,14,1.15,0.015,11.92
jEl,juEl,j-ʿ-l,whb,whb,w-h-b,6,2.45,0.036,11.92
nsw,nsw,n-s-w,Axw,uAxw,a-kh-w,5,2.88,0.075,11.92
sAl,suAl,s-a-l,Elm,uElm,ʿ-l-m,27,0.97,0.064,11.92
Eqb,uEqb,ʿ-q-b,rsl,rsl,r-s-l,14,1.46,0.056,11.91
k*b,kdhb,k-dh-b,Znn,uZnn,ẓ-n-n,9,1.94,0.057,11.9
rjw,rjw,r-j-w,kwn,kwn,k-w-n,13,1.35,0.022,11.9
ksb,ksb,k-s-b,Ax*,uAxdh,a-kh-dh,9,1.94,0.059,11.88
mlk,mlk,m-l-k,Hmd,uHmd,ḥ-m-d,8,2.1,0.063,11.87
Alm,uAlm,a-l-m,Alh,uAlh,a-l-h,36,0.71,0.037,11.87
b$r,bshr,b-sh-r,Amn,uAmn,a-m-n,27,0.97,0.064,11.86
gyr,gyr,gh-y-r,Ajr,uAjr,a-j-r,9,1.96,0.073,11.85
rHm,ruHm,r-ḥ-m,whb,whb,w-h-b,6,2.44,0.036,11.85
bED,buEuD,b-ʿ-ḍ,fEl,fuEl,f-ʿ-l,7,2.3,0.074,11.84
*wq,dhwq,dh-w-q,Drr,uDrr,ḍ-r-r,5,2.87,0.076,11.84
dwr,dwr,d-w-r,qtl,qtl,q-t-l,6,2.53,0.069,11.84
dxl,dxl,d-kh-l,Axw,uAxw,a-kh-w,7,2.3,0.073,11.84
Amm,uAmm,a-m-m,kwn,kwn,k-w-n,35,0.79,0.055,11.83
H*r,uHdhr,ḥ-dh-r,Alh,uAlh,a-l-h,13,1.18,0.014,11.83
rzq,rzq,r-z-q,Hyy,uHyy,ḥ-y-y,10,1.83,0.074,11.82
slm,slm,s-l-m,qwl,qwl,q-w-l,45,0.68,0.06,11.82
qry,qry,q-r-y,kwn,kwn,k-w-n,21,1.04,0.034,11.81
kll,kll,k-l-l,mwh,mwh,m-w-h,11,1.69,0.053,11.8
Tyb,uTyb,ṭ-y-b,Amn,uAmn,a-m-n,14,1.39,0.036,11.8
jnn,jnn,j-n-n,wqy,wqy,w-q-y,18,1.27,0.083,11.77
Ayd,uAyd,a-y-d,kfr,kfr,k-f-r,5,2.61,0.021,11.77
Edd,uEdd,ʿ-d-d,wqy,wqy,w-q-y,8,2.07,0.056,11.77
hjr,hjr,h-j-r,Amn,uAmn,a-m-n,10,1.68,0.027,11.76
Drb,uDrb,ḍ-r-b,kfr,kfr,k-f-r,12,1.58,0.046,11.76
mwt,mwt,m-w-t,kll,kll,k-l-l,19,1.22,0.076,11.75
Ayy,uAyy,a-y-y,kll,kll,k-l-l,36,0.84,0.102,11.75
gyr,gyr,gh-y-r,Axw,uAxw,a-kh-w,8,2.09,0.071,11.74
jEl,juEl,j-ʿ-l,$yA,shyuA,sh-y-a,39,0.8,0.103,11.74
jdl,jdl,j-d-l,Ayy,uAyy,a-y-y,7,2.2,0.037,11.72
Amr,uAmr,a-m-r,Sbr,uSbr,ṣ-b-r,11,1.71,0.069,11.71
ydy,ydy,y-d-y,rsl,rsl,r-s-l,18,1.25,0.067,11.71
rbb,rbb,r-b-b,qwm,qwm,q-w-m,112,0.43,0.153,11.7
dxl,dxl,d-kh-l,sjd,sjd,s-j-d,7,2.28,0.073,11.69
*hb,dhhb,dh-h-b,$yA,shyuA,sh-y-a,12,1.57,0.048,11.68
DEf,uDuEf,ḍ-ʿ-f,E*b,uEdhb,ʿ-dh-b,9,1.89,0.047,11.67
Slw,uSlw,ṣ-l-w,Amn,uAmn,a-m-n,22,1.08,0.054,11.67
blg,blg,b-l-gh,wly,wly,w-l-y,9,1.93,0.065,11.66
klm,klm,k-l-m,rbb,rbb,r-b-b,21,1.08,0.045,11.66
jhd,jhd,j-h-d,rsl,rsl,r-s-l,9,1.86,0.039,11.65
Ewd,uEwd,ʿ-w-d,xrj,xrj,kh-r-j,7,2.26,0.065,11.63
jyA,jyuA,j-y-a,Zlm,uZlm,ẓ-l-m,25,1.04,0.091,11.6
mrA,mruA,m-r-a,Ahl,uAhl,a-h-l,5,2.81,0.064,11.6
rjE,rjuE,r-j-ʿ,wfy,wfy,w-f-y,6,2.5,0.072,11.6
njw,njw,n-j-w,Awl,uAwl,a-w-l,8,2.07,0.069,11.57
mvl,mvl,m-th-l,swy,swy,s-w-y,8,2.08,0.07,11.56
dnw,dnw,d-n-w,gfl,gfl,gh-f-l,5,2.8,0.061,11.55
nfE,nfuE,n-f-ʿ,ywm,ywm,y-w-m,10,1.76,0.047,11.53
wdd,wdd,w-d-d,byn,byn,b-y-n,8,1.97,0.033,11.53
gfr,gfr,gh-f-r,krm,krm,k-r-m,7,2.23,0.056,11.51
rzq,rzq,r-z-q,TEm,uTuEm,ṭ-ʿ-m,5,2.8,0.067,11.51
Hyv,uHyv,ḥ-y-th,xrj,xrj,kh-r-j,5,2.78,0.054,11.5
fH$,fuHsh,f-ḥ-sh,gfr,gfr,gh-f-r,5,2.75,0.044,11.49
nfs,nfs,n-f-s,Aty,uAty,a-t-y,37,0.81,0.098,11.49
nZr,nuZr,n-ẓ-r,qwy,qwy,q-w-y,5,2.8,0.065,11.49
bny,bny,b-n-y,jyA,jyuA,j-y-a,16,1.34,0.078,11.48
*wq,dhwq,dh-w-q,swA,swuA,s-w-a,7,2.24,0.066,11.48
nbA,nbuA,n-b-a,tlw,tlw,t-l-w,7,2.24,0.066,11.48
kvr,kvr,k-th-r,Znn,uZnn,ẓ-n-n,7,2.24,0.064,11.47
rAy,ruAy,r-a-y,nzl,nzl,n-z-l,25,1.03,0.09,11.47
ydy,ydy,y-d-y,nzl,nzl,n-z-l,13,1.52,0.071,11.46
nbA,nbuA,n-b-a,Eml,uEml,ʿ-m-l,18,1.25,0.078,11.45
$fE,shfuE,sh-f-ʿ,ywm,ywm,y-w-m,7,2.15,0.035,11.45
tmm,tmm,t-m-m,wqy,wqy,w-q-y,5,2.72,0.039,11.45
bEd,buEd,b-ʿ-d,Efw,uEfw,ʿ-f-w,6,2.44,0.047,11.44
*kr,dhkr,dh-k-r,nzl,nzl,n-z-l,23,1.08,0.088,11.42
kyf,kyf,k-y-f,Drb,uDrb,ḍ-r-b,5,2.8,0.073,11.42
sbl,sbl,s-b-l,Eml,uEml,ʿ-m-l,19,1.21,0.08,11.42
kbr,kbr,k-b-r,E*b,uEdhb,ʿ-dh-b,19,1.2,0.078,11.41
Swr,uSwr,ṣ-w-r,ArD,uAruD,a-r-ḍ,6,2.32,0.026,11.41
bTl,buTl,b-ṭ-l,kfr,kfr,k-f-r,9,1.83,0.036,11.4
byt,byt,b-y-t,nws,nws,n-w-s,8,2.04,0.057,11.4
rjm,rjm,r-j-m,qwl,qwl,q-w-l,9,1.54,0.013,11.4
bny,bny,b-n-y,mwl,mwl,m-w-l,8,2.06,0.07,11.39
rAy,ruAy,r-a-y,Tyr,uTyr,ṭ-y-r,6,2.39,0.037,11.38
byE,byuE,b-y-ʿ,Aty,uAty,a-t-y,5,2.54,0.02,11.37
flH,fluH,f-l-ḥ,wqy,wqy,w-q-y,7,2.2,0.051,11.37
jhr,jhr,j-h-r,Elm,uElm,ʿ-l-m,7,2,0.019,11.37
nhr,nhr,n-h-r,Ayy,uAyy,a-y-y,15,1.38,0.066,11.37
nkH,nkuH,n-k-ḥ,Amn,uAmn,a-m-n,8,1.86,0.022,11.37
rzq,rzq,r-z-q,qwm,qwm,q-w-m,22,1.08,0.062,11.36
$hd,shhd,sh-h-d,kll,kll,k-l-l,17,1.28,0.071,11.36
bgy,bgy,b-gh-y,gfr,gfr,gh-f-r,10,1.78,0.068,11.34
nsw,nsw,n-s-w,Aty,uAty,a-t-y,12,1.54,0.045,11.34
xrj,xrj,kh-r-j,qwl,qwl,q-w-l,53,0.61,0.069,11.34
frH,fruH,f-r-ḥ,Aty,uAty,a-t-y,7,2.1,0.028,11.33
mrr,mrr,m-r-r,xlq,xlq,kh-l-q,6,2.42,0.048,11.32
$ms,shms,sh-m-s,xlq,xlq,kh-l-q,6,2.42,0.048,11.32
Er$,uErsh,ʿ-r-sh,xlq,xlq,kh-l-q,6,2.42,0.048,11.32
blg,blg,b-l-gh,$yA,shyuA,sh-y-a,14,1.41,0.054,11.31
krm,krm,k-r-m,Ajr,uAjr,a-j-r,5,2.78,0.069,11.31
Awl,uAwl,a-w-l,Ayy,uAyy,a-y-y,20,1.16,0.078,11.3
k*b,kdhb,k-dh-b,qbl,qbl,q-b-l,24,1.05,0.089,11.29
dnw,dnw,d-n-w,lEn,luEn,l-ʿ-n,5,2.76,0.061,11.28
nSr,nuSr,n-ṣ-r,Zlm,uZlm,ẓ-l-m,16,1.33,0.075,11.28
njw,njw,n-j-w,Zlm,uZlm,ẓ-l-m,11,1.66,0.06,11.27
qtl,qtl,q-t-l,$dd,shdd,sh-d-d,8,2.05,0.072,11.27
qtl,qtl,q-t-l,wjd,wjd,w-j-d,8,2.05,0.072,11.27
bAs,buAs,b-a-s,nwr,nwr,n-w-r,8,2.03,0.066,11.24
vmn,vmn,th-m-n,nzl,nzl,n-z-l,5,2.67,0.036,11.24
mlk,mlk,m-l-k,wfy,wfy,w-f-y,8,2.03,0.063,11.23
gyr,gyr,gh-y-r,ESy,uEuSy,ʿ-ṣ-y,5,2.74,0.056,11.22
swA,swuA,s-w-a,Efw,uEfw,ʿ-f-w,5,2.74,0.055,11.22
bEv,buEv,b-ʿ-th,Amm,uAmm,a-m-m,6,2.45,0.07,11.2
AHd,uAuHd,a-ḥ-d,Swb,uSwb,ṣ-w-b,5,2.76,0.072,11.2
hwy,hwy,h-w-y,jyA,jyuA,j-y-a,7,2.17,0.047,11.18
lyl,lyl,l-y-l,xlf,xlf,kh-l-f,7,2.22,0.071,11.18
gfr,gfr,gh-f-r,xyr,xyr,kh-y-r,15,1.38,0.079,11.17
bdw,bdw,b-d-w,$yA,shyuA,sh-y-a,8,1.94,0.033,11.16
Hyv,uHyv,ḥ-y-th,$yA,shyuA,sh-y-a,8,1.94,0.033,11.16
nfs,nfs,n-f-s,rwd,rwd,r-w-d,14,1.43,0.072,11.15
lqy,lqy,l-q-y,wHy,wuHy,w-ḥ-y,7,2.21,0.068,11.14
Eqb,uEqb,ʿ-q-b,Sbr,uSbr,ṣ-b-r,6,2.44,0.072,11.13
gyr,gyr,gh-y-r,mtE,mtuE,m-t-ʿ,7,2.2,0.066,11.11
wsE,wsuE,w-s-ʿ,sbl,sbl,s-b-l,5,2.71,0.052,11.11
blg,blg,b-l-gh,byn,byn,b-y-n,14,1.4,0.053,11.1
fEl,fuEl,f-ʿ-l,rwd,rwd,r-w-d,8,2.03,0.072,11.1
bEd,buEd,b-ʿ-d,$yA,shyuA,sh-y-a,30,0.9,0.089,11.07
mll,mll,m-l-l,kwn,kwn,k-w-n,9,1.58,0.015,11.06
nbA,nbuA,n-b-a,Sdq,uSdq,ṣ-d-q,11,1.66,0.075,11.06
qrA,qruA,q-r-a,zyd,zyd,z-y-d,5,2.74,0.072,11.06
qDy,quDy,q-ḍ-y,kwn,kwn,k-w-n,22,0.98,0.036,11.06
klm,klm,k-l-m,Hqq,uHqq,ḥ-q-q,10,1.74,0.06,11.05
Hzn,uHzn,ḥ-z-n,Alh,uAlh,a-l-h,23,0.86,0.024,11.05
njw,njw,n-j-w,EZm,uEuZm,ʿ-ẓ-m,7,2.2,0.069,11.03
nZr,nuZr,n-ẓ-r,TEm,uTuEm,ṭ-ʿ-m,5,2.73,0.064,11.03
Ax*,uAxdh,a-kh-dh,E*b,uEdhb,ʿ-dh-b,26,0.98,0.09,11.03
hjr,hjr,h-j-r,nfs,nfs,n-f-s,6,2.36,0.04,11.02
Any,uAny,a-n-y,qwl,qwl,q-w-l,17,1.09,0.024,11.02
hdy,hdy,h-d-y,nzl,nzl,n-z-l,23,1.06,0.088,11.01
jry,jry,j-r-y,jzy,jzy,j-z-y,6,2.42,0.069,11.01
mtE,mtuE,m-t-ʿ,zwj,zwj,z-w-j,5,2.74,0.073,11.01
qbl,qbl,q-b-l,qwl,qwl,q-w-l,86,0.46,0.103,11.01
Eql,uEql,ʿ-q-l,nzl,nzl,n-z-l,8,1.99,0.052,11.01
fDl,fuDl,f-ḍ-l,gfr,gfr,gh-f-r,10,1.75,0.068,11
qlb,qlb,q-l-b,smE,smuE,s-m-ʿ,12,1.57,0.075,11
kyf,kyf,k-y-f,n*r,ndhr,n-dh-r,7,2.19,0.071,10.99
jzy,jzy,j-z-y,E*b,uEdhb,ʿ-dh-b,15,1.35,0.067,10.98
nws,nws,n-w-s,$kr,shkr,sh-k-r,9,1.85,0.061,10.97
Amr,uAmr,a-m-r,Aty,uAty,a-t-y,32,0.86,0.09,10.94
hdy,hdy,h-d-y,hwy,hwy,h-w-y,7,2.14,0.046,10.92
jnn,jnn,j-n-n,rDw,ruDw,r-ḍ-w,8,1.99,0.062,10.9
End,uEnd,ʿ-n-d,Hjj,uHjj,ḥ-j-j,5,2.67,0.047,10.9
ftn,ftn,f-t-n,qtl,qtl,q-t-l,6,2.4,0.067,10.89
tlw,tlw,t-l-w,rsl,rsl,r-s-l,12,1.52,0.049,10.89
jnn,jnn,j-n-n,wEd,wuEd,w-ʿ-d,12,1.55,0.074,10.88
sbH,sbuH,s-b-ḥ,sjd,sjd,s-j-d,6,2.41,0.071,10.88
skn,skn,s-k-n,zwj,zwj,z-w-j,5,2.71,0.072,10.88
Drr,uDrr,ḍ-r-r,nfs,nfs,n-f-s,10,1.72,0.059,10.88
End,uEnd,ʿ-n-d,wjd,wjd,w-j-d,10,1.74,0.069,10.88
Hsn,uHsn,ḥ-s-n,sbl,sbl,s-b-l,13,1.48,0.076,10.88
hdy,hdy,h-d-y,r$d,rshd,r-sh-d,5,2.61,0.035,10.87
bny,bny,b-n-y,Ax*,uAxdh,a-kh-dh,15,1.35,0.076,10.85
ksb,ksb,k-s-b,ywm,ywm,y-w-m,11,1.6,0.05,10.83
$dd,shdd,sh-d-d,xrj,xrj,kh-r-j,9,1.85,0.07,10.83
mtE,mtuE,m-t-ʿ,Axr,uAxr,a-kh-r,9,1.84,0.059,10.82
Abw,uAbw,a-b-w,qbl,qbl,q-b-l,13,1.47,0.067,10.82
Hqq,uHqq,ḥ-q-q,byn,byn,b-y-n,34,0.83,0.095,10.82
bSr,buSr,b-ṣ-r,gfl,gfl,gh-f-l,5,2.68,0.057,10.81
klm,klm,k-l-m,qwl,qwl,q-w-l,28,0.83,0.039,10.81
Hll,uHll,ḥ-l-l,Amn,uAmn,a-m-n,13,1.38,0.034,10.81
mlk,mlk,m-l-k,Anv,uAnv,a-n-th,5,2.65,0.046,10.8
mlk,mlk,m-l-k,$fE,shfuE,sh-f-ʿ,5,2.65,0.046,10.8
Aby,uAby,a-b-y,kfr,kfr,k-f-r,5,2.48,0.021,10.78
Amr,uAmr,a-m-r,Ebd,uEbd,ʿ-b-d,20,1.14,0.084,10.78
Avm,uAvm,a-th-m,wqy,wqy,w-q-y,7,2.13,0.05,10.78
bny,bny,b-n-y,Abw,uAbw,a-b-w,9,1.85,0.071,10.77
bSr,buSr,b-ṣ-r,Alh,uAlh,a-l-h,60,0.52,0.059,10.77
nsw,nsw,n-s-w,qrb,qrb,q-r-b,5,2.69,0.069,10.77
bAs,buAs,b-a-s,Hsb,uHsb,ḥ-s-b,6,2.39,0.07,10.76
qDy,quDy,q-ḍ-y,rbb,rbb,r-b-b,18,1.13,0.039,10.75
grb,grb,gh-r-b,rbb,rbb,r-b-b,8,1.75,0.018,10.74
qtl,qtl,q-t-l,Axw,uAxw,a-kh-w,7,2.16,0.069,10.74
qtl,qtl,q-t-l,wld,wld,w-l-d,7,2.16,0.069,10.74
rbb,rbb,r-b-b,$rq,shrq,sh-r-q,8,1.75,0.018,10.74
$dd,shdd,sh-d-d,Awl,uAwl,a-w-l,9,1.84,0.07,10.74
msk,msk,m-s-k,Alh,uAlh,a-l-h,15,1.05,0.016,10.73
Srf,uSrf,ṣ-r-f,nzl,nzl,n-z-l,6,2.33,0.042,10.73
wsE,wsuE,w-s-ʿ,kll,kll,k-l-l,7,2.08,0.036,10.73
fkr,fkr,f-k-r,ArD,uAruD,a-r-ḍ,6,2.24,0.026,10.71
$Tn,shuTn,sh-ṭ-n,wly,wly,w-l-y,9,1.83,0.064,10.71
byt,byt,b-y-t,Slw,uSlw,ṣ-l-w,5,2.68,0.069,10.7
jry,jry,j-r-y,kll,kll,k-l-l,11,1.59,0.053,10.7
nhy,nhy,n-h-y,Slw,uSlw,ṣ-l-w,5,2.68,0.069,10.7
lyl,lyl,l-y-l,qdr,qdr,q-d-r,7,2.16,0.069,10.69
Ejz,uEjz,ʿ-j-z,wly,wly,w-l-y,5,2.63,0.044,10.69
kff,kff,k-f-f,qwm,qwm,q-w-m,6,2.16,0.02,10.68
Twf,uTwf,ṭ-w-f,kwn,kwn,k-w-n,15,1.18,0.025,10.68
$hd,shhd,sh-h-d,qwl,qwl,q-w-l,43,0.66,0.057,10.67
dnw,dnw,d-n-w,$dd,shdd,sh-d-d,8,1.98,0.07,10.66
dyn,dyn,d-y-n,gyr,gyr,gh-y-r,8,1.97,0.069,10.65
mss,mss,m-s-s,nwr,nwr,n-w-r,7,2.14,0.061,10.65
sjd,sjd,s-j-d,xrj,xrj,kh-r-j,8,1.97,0.067,10.65
nyl,nyl,n-y-l,Alh,uAlh,a-l-h,8,1.41,0.008,10.64
gyr,gyr,gh-y-r,E*b,uEdhb,ʿ-dh-b,18,1.19,0.075,10.63
mdn,mdn,m-d-n,qwl,qwl,q-w-l,10,1.41,0.014,10.63
n*r,ndhr,n-dh-r,nzl,nzl,n-z-l,13,1.46,0.07,10.63
tbE,tbuE,t-b-ʿ,ESy,uEuSy,ʿ-ṣ-y,5,2.64,0.053,10.63
Ew*,uEwdh,ʿ-w-dh,qwl,qwl,q-w-l,10,1.41,0.014,10.63
mvl,mvl,m-th-l,nfq,nfq,n-f-q,8,1.97,0.068,10.62
Ayy,uAyy,a-y-y,vmr,vmr,th-m-r,6,2.27,0.032,10.61
bny,bny,b-n-y,Hbb,uHbb,ḥ-b-b,8,1.97,0.068,10.6
mkr,mkr,m-k-r,E*b,uEdhb,ʿ-dh-b,6,2.28,0.033,10.6
jnn,jnn,j-n-n,E$r,uEshr,ʿ-sh-r,5,2.61,0.045,10.58
hlk,hlk,h-l-k,Awl,uAwl,a-w-l,7,2.13,0.063,10.57
byt,byt,b-y-t,Amn,uAmn,a-m-n,15,1.26,0.039,10.56
jyA,jyuA,j-y-a,Amn,uAmn,a-m-n,48,0.66,0.097,10.56
*wq,dhwq,dh-w-q,ywm,ywm,y-w-m,11,1.58,0.05,10.55
mlk,mlk,m-l-k,Aty,uAty,a-t-y,28,0.91,0.083,10.55
bgy,bgy,b-gh-y,lyl,lyl,l-y-l,6,2.36,0.07,10.54
DEf,uDuEf,ḍ-ʿ-f,sbl,sbl,s-b-l,6,2.34,0.057,10.54
rDw,ruDw,r-ḍ-w,tbE,tbuE,t-b-ʿ,7,2.13,0.064,10.53
Erf,uErf,ʿ-r-f,TwE,uTwuE,ṭ-w-ʿ,6,2.35,0.067,10.53
bED,buEuD,b-ʿ-ḍ,Zhr,uZhr,ẓ-h-r,5,2.65,0.069,10.51
dyn,dyn,d-y-n,Zhr,uZhr,ẓ-h-r,5,2.65,0.069,10.51
vmn,vmn,th-m-n,ktb,ktb,k-t-b,5,2.56,0.034,10.51
hdy,hdy,h-d-y,jyA,jyuA,j-y-a,23,1.03,0.087,10.5
grr,grr,gh-r-r,ywm,ywm,y-w-m,6,2.24,0.03,10.48
rwd,rwd,r-w-d,$yA,shyuA,sh-y-a,19,1.14,0.067,10.48
Dll,uDll,ḍ-l-l,Emy,uEmy,ʿ-m-y,5,2.61,0.05,10.48
Drr,uDrr,ḍ-r-r,Hrm,uHrm,ḥ-r-m,5,2.65,0.071,10.48
ymn,ymn,y-m-n,Aty,uAty,a-t-y,13,1.4,0.047,10.47
hdy,hdy,h-d-y,Aty,uAty,a-t-y,36,0.79,0.095,10.45
mlk,mlk,m-l-k,nsw,nsw,n-s-w,7,2.11,0.057,10.45
qlb,qlb,q-l-b,Elm,uElm,ʿ-l-m,32,0.82,0.072,10.45
Edd,uEdd,ʿ-d-d,Alh,uAlh,a-l-h,26,0.79,0.027,10.45
xwf,xwf,kh-w-f,E*b,uEdhb,ʿ-dh-b,15,1.31,0.067,10.43
kyf,kyf,k-y-f,qdr,qdr,q-d-r,7,2.12,0.069,10.41
sbE,sbuE,s-b-ʿ,xlq,xlq,kh-l-q,5,2.58,0.041,10.41
fdy,fdy,f-d-y,ArD,uAruD,a-r-ḍ,5,2.45,0.022,10.4
sfh,sfh,s-f-h,qwl,qwl,q-w-l,7,1.66,0.01,10.39
bdw,bdw,b-d-w,Elm,uElm,ʿ-l-m,10,1.56,0.026,10.38
dxl,dxl,d-kh-l,nwr,nwr,n-w-r,10,1.69,0.07,10.38
jEl,juEl,j-ʿ-l,qdr,qdr,q-d-r,15,1.31,0.069,10.38
rDw,ruDw,r-ḍ-w,xlf,xlf,kh-l-f,6,2.33,0.067,10.38
Zlm,uZlm,ẓ-l-m,E*b,uEdhb,ʿ-dh-b,29,0.89,0.093,10.38
b$r,bshr,b-sh-r,mlk,mlk,m-l-k,11,1.59,0.071,10.37
k*b,kdhb,k-dh-b,SHb,uSuHb,ṣ-ḥ-b,11,1.58,0.064,10.37
nsw,nsw,n-s-w,kwn,kwn,k-w-n,20,1,0.033,10.37
A*n,uAdhn,a-dh-n,Swb,uSwb,ṣ-w-b,5,2.63,0.068,10.37
sbH,sbuH,s-b-ḥ,Ezz,uEzz,ʿ-z-z,7,2.11,0.069,10.35
Hlm,uHlm,ḥ-l-m,Alh,uAlh,a-l-h,13,1.11,0.014,10.35
*nb,dhnb,dh-n-b,qbl,qbl,q-b-l,7,2.06,0.044,10.34
jEl,juEl,j-ʿ-l,rzq,rzq,r-z-q,14,1.36,0.067,10.34
lEn,luEn,l-ʿ-n,ywm,ywm,y-w-m,8,1.88,0.039,10.34
wEZ,wuEuZ,w-ʿ-ẓ,byn,byn,b-y-n,7,2,0.029,10.34
xyr,xyr,kh-y-r,$yA,shyuA,sh-y-a,25,0.96,0.08,10.33
nEm,nuEm,n-ʿ-m,x$y,xshy,kh-sh-y,5,2.61,0.06,10.31
Ax*,uAxdh,a-kh-dh,qwm,qwm,q-w-m,39,0.74,0.093,10.31
qrb,qrb,q-r-b,AHd,uAuHd,a-ḥ-d,6,2.33,0.069,10.3
jhl,jhl,j-h-l,qwm,qwm,q-w-m,8,1.8,0.026,10.27
qrb,qrb,q-r-b,zkw,zkw,z-k-w,5,2.61,0.068,10.27
skn,skn,s-k-n,Ayy,uAyy,a-y-y,11,1.56,0.053,10.27
swA,swuA,s-w-a,tHt,tuHt,t-ḥ-t,6,2.31,0.06,10.27
Amm,uAmm,a-m-m,wHy,wuHy,w-ḥ-y,6,2.32,0.068,10.27
Edl,uEdl,ʿ-d-l,qwm,qwm,q-w-m,8,1.8,0.026,10.27
vny,vny,th-n-y,qwm,qwm,q-w-m,8,1.8,0.026,10.27
mrA,mruA,m-r-a,qwl,qwl,q-w-l,17,1.05,0.024,10.26
Ajl,uAjl,a-j-l,ktb,ktb,k-t-b,8,1.9,0.049,10.25
lys,lys,l-y-s,Ahl,uAhl,a-h-l,7,2.1,0.068,10.23
rzq,rzq,r-z-q,$kr,shkr,sh-k-r,6,2.31,0.067,10.23
tbE,tbuE,t-b-ʿ,Elm,uElm,ʿ-l-m,32,0.81,0.072,10.23
Hrm,uHrm,ḥ-r-m,Elm,uElm,ʿ-l-m,18,1.12,0.045,10.23
wjd,wjd,w-j-d,sbl,sbl,s-b-l,9,1.79,0.068,10.23
xrj,xrj,kh-r-j,Alh,uAlh,a-l-h,66,0.48,0.065,10.23
dbb,dbb,d-b-b,Alh,uAlh,a-l-h,12,1.15,0.013,10.21
gyr,gyr,gh-y-r,xrj,xrj,kh-r-j,11,1.58,0.073,10.21
qtl,qtl,q-t-l,ktb,ktb,k-t-b,14,1.36,0.07,10.21
hdy,hdy,h-d-y,slm,slm,s-l-m,14,1.36,0.071,10.2
dnw,dnw,d-n-w,EZm,uEuZm,ʿ-ẓ-m,9,1.79,0.071,10.19
rEy,ruEy,r-ʿ-y,Amn,uAmn,a-m-n,5,2.26,0.014,10.19
bny,bny,b-n-y,ktb,ktb,k-t-b,16,1.25,0.075,10.18
Dll,uDll,ḍ-l-l,kwn,kwn,k-w-n,49,0.61,0.073,10.18
bDE,buDuE,b-ḍ-ʿ,qwl,qwl,q-w-l,5,1.91,0.007,10.17
jEl,juEl,j-ʿ-l,nwr,nwr,n-w-r,19,1.13,0.078,10.17
rbb,rbb,r-b-b,SlH,uSluH,ṣ-l-ḥ,39,0.72,0.075,10.16
bED,buEuD,b-ʿ-ḍ,sAl,suAl,s-a-l,7,2.09,0.068,10.15
nSb,nuSb,n-ṣ-b,Aty,uAty,a-t-y,8,1.82,0.031,10.15
wvq,wvq,w-th-q,Aty,uAty,a-t-y,8,1.82,0.031,10.15
dEw,duEw,d-ʿ-w,mss,mss,m-s-s,7,2.07,0.059,10.14
swA,swuA,s-w-a,qwm,qwm,q-w-m,27,0.9,0.072,10.14
zyd,zyd,z-y-d,kfr,kfr,k-f-r,12,1.45,0.046,10.13
blw,blw,b-l-w,bEd,buEd,b-ʿ-d,6,2.26,0.047,10.12
bEd,buEd,b-ʿ-d,mwh,mwh,m-w-h,8,1.9,0.057,10.12
fsd,fsd,f-s-d,bEd,buEd,b-ʿ-d,7,2.06,0.052,10.12
grq,grq,gh-r-q,Ayy,uAyy,a-y-y,6,2.2,0.032,10.11
lys,lys,l-y-s,wkl,wkl,w-k-l,5,2.59,0.068,10.11
mlk,mlk,m-l-k,vlv,vlv,th-l-th,5,2.54,0.046,10.11
Syr,uSyr,ṣ-y-r,Alh,uAlh,a-l-h,17,0.96,0.018,10.11
xlf,xlf,kh-l-f,rbb,rbb,r-b-b,29,0.84,0.059,10.11
ErD,uEruD,ʿ-r-ḍ,Aty,uAty,a-t-y,14,1.32,0.05,10.09
rDw,ruDw,r-ḍ-w,Eml,uEml,ʿ-m-l,10,1.64,0.053,10.08
jbl,jbl,j-b-l,ArD,uAruD,a-r-ḍ,9,1.71,0.038,10.07
mwl,mwl,m-w-l,Aty,uAty,a-t-y,15,1.27,0.053,10.07
rzq,rzq,r-z-q,smw,smw,s-m-w,15,1.29,0.065,10.07
dwr,dwr,d-w-r,Alh,uAlh,a-l-h,27,0.76,0.028,10.06
jwb,jwb,j-w-b,qwm,qwm,q-w-m,11,1.49,0.034,10.06
tlw,tlw,t-l-w,kwn,kwn,k-w-n,22,0.94,0.036,10.06
bED,buEuD,b-ʿ-ḍ,ksb,ksb,k-s-b,5,2.58,0.068,10.05
brk,brk,b-r-k,ArD,uAruD,a-r-ḍ,8,1.83,0.034,10.03
bEv,buEv,b-ʿ-th,rsl,rsl,r-s-l,12,1.45,0.049,10.03
Er$,uErsh,ʿ-r-sh,ArD,uAruD,a-r-ḍ,8,1.83,0.034,10.03
b$r,bshr,b-sh-r,nzl,nzl,n-z-l,13,1.41,0.069,10.02
fDl,fuDl,f-ḍ-l,mss,mss,m-s-s,5,2.57,0.067,10.02
fDl,fuDl,f-ḍ-l,rdd,rdd,r-d-d,5,2.57,0.067,10.02
g$w,gshw,gh-sh-w,jEl,juEl,j-ʿ-l,6,2.21,0.036,10.01
jmE,jmuE,j-m-ʿ,H$r,uHshr,ḥ-sh-r,5,2.56,0.06,10.01
klm,klm,k-l-m,qll,qll,q-l-l,5,2.57,0.069,9.99
nSH,nuSuH,n-ṣ-ḥ,rbb,rbb,r-b-b,6,1.97,0.014,9.99
rjl,rjl,r-j-l,qwl,qwl,q-w-l,26,0.83,0.036,9.99
nsy,nsy,n-s-y,ywm,ywm,y-w-m,8,1.84,0.039,9.97
qrn,qrn,q-r-n,Awl,uAwl,a-w-l,5,2.54,0.052,9.96
$hd,shhd,sh-h-d,Eml,uEml,ʿ-m-l,15,1.28,0.069,9.93
fdy,fdy,f-d-y,kfr,kfr,k-f-r,5,2.37,0.021,9.92
glZ,gluZ,gh-l-ẓ,kfr,kfr,k-f-r,5,2.37,0.021,9.92
Axw,uAxw,a-kh-w,Ebd,uEbd,ʿ-b-d,10,1.63,0.06,9.92
bEv,buEv,b-ʿ-th,kyf,kyf,k-y-f,5,2.55,0.068,9.9
kfy,kfy,k-f-y,Ebd,uEbd,ʿ-b-d,6,2.22,0.042,9.9
$ry,shry,sh-r-y,Axr,uAxr,a-kh-r,5,2.49,0.038,9.9
*wq,dhwq,dh-w-q,dnw,dnw,d-n-w,6,2.26,0.063,9.88
Ahl,uAhl,a-h-l,nzl,nzl,n-z-l,13,1.39,0.069,9.87
dxl,dxl,d-kh-l,qwl,qwl,q-w-l,39,0.66,0.052,9.86
gfl,gfl,gh-f-l,qlb,qlb,q-l-b,5,2.52,0.053,9.86
qlb,qlb,q-l-b,bEd,buEd,b-ʿ-d,14,1.34,0.074,9.86
jmE,jmuE,j-m-ʿ,mlk,mlk,m-l-k,11,1.55,0.07,9.85
Ahl,uAhl,a-h-l,Amr,uAmr,a-m-r,12,1.46,0.069,9.85
Axw,uAxw,a-kh-w,qwm,qwm,q-w-m,17,1.15,0.05,9.85
Hll,uHll,ḥ-l-l,Aty,uAty,a-t-y,10,1.58,0.038,9.85
fry,fry,f-r-y,$yA,shyuA,sh-y-a,11,1.5,0.044,9.84
gnm,gnm,gh-n-m,kwn,kwn,k-w-n,6,1.82,0.01,9.83
gfr,gfr,gh-f-r,nsw,nsw,n-s-w,7,2.03,0.055,9.82
hwd,hwd,h-w-d,Amn,uAmn,a-m-n,8,1.72,0.022,9.82
n$A,nshuA,n-sh-a,bEd,buEd,b-ʿ-d,5,2.48,0.04,9.82
Twf,uTwf,ṭ-w-f,Amn,uAmn,a-m-n,11,1.44,0.029,9.82
fry,fry,f-r-y,gyr,gyr,gh-y-r,6,2.25,0.06,9.81
fsq,fsq,f-s-q,gyr,gyr,gh-y-r,6,2.25,0.06,9.81
nwb,nwb,n-w-b,rbb,rbb,r-b-b,8,1.67,0.018,9.81
Axw,uAxw,a-kh-w,SlH,uSluH,ṣ-l-ḥ,8,1.88,0.064,9.81
vmr,vmr,th-m-r,nzl,nzl,n-z-l,5,2.46,0.036,9.81
bED,buEuD,b-ʿ-ḍ,qtl,qtl,q-t-l,7,2.04,0.067,9.78
mlk,mlk,m-l-k,Syr,uSyr,ṣ-y-r,5,2.49,0.045,9.78
byt,byt,b-y-t,qwm,qwm,q-w-m,13,1.33,0.04,9.76
mvl,mvl,m-th-l,trk,trk,t-r-k,5,2.51,0.054,9.76
dEw,duEw,d-ʿ-w,Dll,uDll,ḍ-l-l,13,1.39,0.074,9.75
A*n,uAdhn,a-dh-n,nws,nws,n-w-s,10,1.62,0.063,9.75
frq,frq,f-r-q,AHd,uAuHd,a-ḥ-d,5,2.53,0.068,9.73
fsq,fsq,f-s-q,nzl,nzl,n-z-l,8,1.85,0.051,9.73
rjl,rjl,r-j-l,AHd,uAuHd,a-ḥ-d,5,2.53,0.068,9.73
wld,wld,w-l-d,qwl,qwl,q-w-l,30,0.76,0.041,9.73
smE,smuE,s-m-ʿ,Eql,uEql,ʿ-q-l,6,2.23,0.057,9.72
Alm,uAlm,a-l-m,Amn,uAmn,a-m-n,18,1.09,0.045,9.72
zkw,zkw,z-k-w,Alh,uAlh,a-l-h,28,0.73,0.029,9.72
flk,flk,f-l-k,Amr,uAmr,a-m-r,5,2.46,0.04,9.71
jzy,jzy,j-z-y,tHt,tuHt,t-ḥ-t,5,2.52,0.063,9.71
mwl,mwl,m-w-l,$dd,shdd,sh-d-d,6,2.24,0.067,9.7
nZr,nuZr,n-ẓ-r,qwl,qwl,q-w-l,40,0.65,0.053,9.7
swA,swuA,s-w-a,wjh,wjh,w-j-h,7,2.03,0.063,9.7
lys,lys,l-y-s,kfr,kfr,k-f-r,15,1.24,0.055,9.69
dEw,duEw,d-ʿ-w,Ans,uAns,a-n-s,9,1.73,0.065,9.68
hdy,hdy,h-d-y,Sdd,uSdd,ṣ-d-d,7,1.99,0.045,9.68
Hjj,uHjj,ḥ-j-j,qwl,qwl,q-w-l,13,1.17,0.018,9.68
vql,vql,th-q-l,ArD,uAruD,a-r-ḍ,7,1.93,0.03,9.68
dwr,dwr,d-w-r,swA,swuA,s-w-a,6,2.23,0.059,9.67
bAs,buAs,b-a-s,Ax*,uAxdh,a-kh-dh,9,1.72,0.057,9.66
msk,msk,m-s-k,smw,smw,s-m-w,6,2.15,0.032,9.66
jnH,jnuH,j-n-ḥ,byn,byn,b-y-n,8,1.78,0.033,9.64
qrb,qrb,q-r-b,sAl,suAl,s-a-l,7,2.02,0.067,9.64
qrA,qruA,q-r-a,Alh,uAlh,a-l-h,12,-0.99,0.012,9.64
vbt,vbt,th-b-t,Amn,uAmn,a-m-n,7,1.83,0.019,9.64
kbr,kbr,k-b-r,A*n,uAdhn,a-dh-n,8,1.86,0.066,9.63
fqh,fqh,f-q-h,qwm,qwm,q-w-m,7,1.87,0.023,9.61
nSr,nuSr,n-ṣ-r,nwr,nwr,n-w-r,11,1.52,0.071,9.61
qrb,qrb,q-r-b,Amn,uAmn,a-m-n,21,0.99,0.052,9.61
$ms,shms,sh-m-s,smw,smw,s-m-w,7,1.95,0.036,9.61
Erf,uErf,ʿ-r-f,Amn,uAmn,a-m-n,16,1.15,0.041,9.6
bED,buEuD,b-ʿ-ḍ,Edw,uEdw,ʿ-d-w,6,2.22,0.067,9.59
frq,frq,f-r-q,Aty,uAty,a-t-y,13,1.34,0.047,9.59
skn,skn,s-k-n,Aty,uAty,a-t-y,13,1.34,0.047,9.59
kwd,kwd,k-w-d,kll,kll,k-l-l,6,2.13,0.032,9.57
xzy,xzy,kh-z-y,Aty,uAty,a-t-y,7,1.9,0.027,9.57
jrm,jrm,j-r-m,Alh,uAlh,a-l-h,9,-1.12,0.009,9.56
rjl,rjl,r-j-l,qtl,qtl,q-t-l,6,2.22,0.064,9.56
Axr,uAxr,a-kh-r,xyr,xyr,kh-y-r,16,1.21,0.076,9.56
tbE,tbuE,t-b-ʿ,Alh,uAlh,a-l-h,65,0.47,0.064,9.55
Zhr,uZhr,ẓ-h-r,qwl,qwl,q-w-l,23,0.86,0.032,9.55
wEd,wuEd,w-ʿ-d,kwn,kwn,k-w-n,39,0.67,0.06,9.55
hwy,hwy,h-w-y,bEd,buEd,b-ʿ-d,6,2.18,0.046,9.53
jyA,jyuA,j-y-a,rjl,rjl,r-j-l,9,1.7,0.055,9.53
EZm,uEuZm,ʿ-ẓ-m,Hyy,uHyy,ḥ-y-y,10,1.61,0.069,9.53
lys,lys,l-y-s,wly,wly,w-l-y,9,1.71,0.063,9.52
mrr,mrr,m-r-r,kll,kll,k-l-l,7,1.94,0.036,9.51
End,uEnd,ʿ-n-d,EZm,uEuZm,ʿ-ẓ-m,11,1.51,0.07,9.51
xfy,xfy,kh-f-y,nfs,nfs,n-f-s,6,2.16,0.04,9.51
hlk,hlk,h-l-k,bEd,buEd,b-ʿ-d,8,1.83,0.056,9.5
Amm,uAmm,a-m-m,nws,nws,n-w-s,11,1.51,0.066,9.5
Axr,uAxr,a-kh-r,xzy,xzy,kh-z-y,5,2.42,0.038,9.5
Axr,uAxr,a-kh-r,Edl,uEdl,ʿ-d-l,5,2.42,0.038,9.5
fry,fry,f-r-y,jyA,jyuA,j-y-a,8,1.82,0.051,9.49
$kr,shkr,sh-k-r,Ebd,uEbd,ʿ-b-d,9,1.7,0.056,9.49
Thr,uThr,ṭ-h-r,Amn,uAmn,a-m-n,9,1.58,0.024,9.49
wfy,wfy,w-f-y,Alh,uAlh,a-l-h,31,0.68,0.032,9.49
krh,krh,k-r-h,kvr,kvr,k-th-r,5,2.46,0.051,9.48
wEd,wuEd,w-ʿ-d,qwl,qwl,q-w-l,44,0.61,0.058,9.48
bEv,buEv,b-ʿ-th,EZm,uEuZm,ʿ-ẓ-m,6,2.2,0.063,9.47
kbr,kbr,k-b-r,mrA,mruA,m-r-a,5,2.46,0.053,9.47
rDw,ruDw,r-ḍ-w,EZm,uEuZm,ʿ-ẓ-m,6,2.2,0.063,9.47
Awl,uAwl,a-w-l,wEd,wuEd,w-ʿ-d,10,1.6,0.069,9.46
nEm,nuEm,n-ʿ-m,rzq,rzq,r-z-q,8,1.84,0.068,9.45
$fE,shfuE,sh-f-ʿ,$yA,shyuA,sh-y-a,7,1.9,0.029,9.45
Avr,uAvr,a-th-r,qbl,qbl,q-b-l,5,2.4,0.033,9.45
skn,skn,s-k-n,Hbb,uHbb,ḥ-b-b,5,2.47,0.066,9.42
jmE,jmuE,j-m-ʿ,Alh,uAlh,a-l-h,53,0.52,0.053,9.4
rdd,rdd,r-d-d,Amn,uAmn,a-m-n,15,1.18,0.038,9.4
jry,jry,j-r-y,nEm,nuEm,n-ʿ-m,6,2.19,0.063,9.39
rAy,ruAy,r-a-y,kll,kll,k-l-l,30,0.83,0.092,9.39
nSf,nuSf,n-ṣ-f,Alh,uAlh,a-l-h,6,1.51,0.006,9.38
qrb,qrb,q-r-b,Aty,uAty,a-t-y,16,1.17,0.055,9.38
fDl,fuDl,f-ḍ-l,kbr,kbr,k-b-r,8,1.83,0.065,9.36
mrA,mruA,m-r-a,kwn,kwn,k-w-n,15,1.1,0.025,9.35
bEv,buEv,b-ʿ-th,qwl,qwl,q-w-l,25,0.82,0.035,9.34
dyn,dyn,d-y-n,slm,slm,s-l-m,7,1.98,0.065,9.33
Ejl,uEjl,ʿ-j-l,wEd,wuEd,w-ʿ-d,5,2.45,0.057,9.33
gyb,gyb,gh-y-b,End,uEnd,ʿ-n-d,7,1.97,0.056,9.32
klm,klm,k-l-m,xlf,xlf,kh-l-f,6,2.18,0.064,9.32
glm,glm,gh-l-m,qwl,qwl,q-w-l,8,1.47,0.011,9.31
mvl,mvl,m-th-l,Swb,uSwb,ṣ-w-b,6,2.17,0.059,9.31
Avm,uAvm,a-th-m,nfs,nfs,n-f-s,7,1.94,0.045,9.31
xzn,xzn,kh-z-n,qwl,qwl,q-w-l,8,1.47,0.011,9.31
Hyv,uHyv,ḥ-y-th,wly,wly,w-l-y,5,2.41,0.043,9.3
fsd,fsd,f-s-d,qtl,qtl,q-t-l,5,2.44,0.059,9.29
srE,sruE,s-r-ʿ,Alh,uAlh,a-l-h,14,1.01,0.015,9.29
vwb,vwb,th-w-b,Alh,uAlh,a-l-h,14,1.01,0.015,9.29
bSr,buSr,b-ṣ-r,swy,swy,s-w-y,7,1.97,0.064,9.27
rdd,rdd,r-d-d,Elm,uElm,ʿ-l-m,15,1.17,0.038,9.27
rwd,rwd,r-w-d,$kr,shkr,sh-k-r,6,2.18,0.063,9.27
swm,swm,s-w-m,rbb,rbb,r-b-b,7,1.74,0.016,9.27
Hrm,uHrm,ḥ-r-m,xrj,xrj,kh-r-j,7,1.97,0.061,9.27
rzq,rzq,r-z-q,Hsb,uHsb,ḥ-s-b,7,1.97,0.066,9.25
Amr,uAmr,a-m-r,$yA,shyuA,sh-y-a,29,0.83,0.086,9.25
mtE,mtuE,m-t-ʿ,nEm,nuEm,n-ʿ-m,6,2.17,0.062,9.24
qrr,qrr,q-r-r,jEl,juEl,j-ʿ-l,7,1.92,0.04,9.24
Abw,uAbw,a-b-w,Amm,uAmm,a-m-m,7,1.97,0.066,9.24
gfr,gfr,gh-f-r,Hsn,uHsn,ḥ-s-n,14,1.29,0.074,9.23
gyb,gyb,gh-y-b,kwn,kwn,k-w-n,21,0.92,0.034,9.23
rwH,rwuH,r-w-ḥ,Hyy,uHyy,ḥ-y-y,6,2.16,0.056,9.23
rDw,ruDw,r-ḍ-w,A*n,uAdhn,a-dh-n,5,2.44,0.065,9.2
Amm,uAmm,a-m-m,byn,byn,b-y-n,17,1.13,0.061,9.2
wEd,wuEd,w-ʿ-d,xld,xld,kh-l-d,7,1.97,0.065,9.2
gfr,gfr,gh-f-r,Avm,uAvm,a-th-m,6,2.14,0.049,9.19
gny,gny,gh-n-y,wld,wld,w-l-d,5,2.44,0.066,9.19
wly,wly,w-l-y,Amn,uAmn,a-m-n,38,0.7,0.082,9.19
flk,flk,f-l-k,Ayy,uAyy,a-y-y,6,2.08,0.032,9.18
jnH,jnuH,j-n-ḥ,nfs,nfs,n-f-s,6,2.11,0.04,9.18
tlw,tlw,t-l-w,qwl,qwl,q-w-l,24,0.83,0.033,9.18
Hdd,uHdd,ḥ-d-d,byn,byn,b-y-n,6,2.04,0.025,9.17
Hyy,uHyy,ḥ-y-y,bEd,buEd,b-ʿ-d,14,1.28,0.073,9.17
qlb,qlb,q-l-b,jEl,juEl,j-ʿ-l,17,1.14,0.073,9.15
mvl,mvl,m-th-l,kll,kll,k-l-l,18,1.1,0.072,9.13
tbE,tbuE,t-b-ʿ,Edw,uEdw,ʿ-d-w,8,1.8,0.065,9.13
A*y,uAdhy,a-dh-y,Amn,uAmn,a-m-n,8,1.65,0.021,9.13
hwd,hwd,h-w-d,qwl,qwl,q-w-l,11,1.24,0.016,9.12
swA,swuA,s-w-a,kfr,kfr,k-f-r,22,0.97,0.071,9.12
E$r,uEshr,ʿ-sh-r,qwm,qwm,q-w-m,8,1.68,0.026,9.12
End,uEnd,ʿ-n-d,Amn,uAmn,a-m-n,36,0.72,0.079,9.11
Hqq,uHqq,ḥ-q-q,qbl,qbl,q-b-l,23,0.95,0.084,9.11
sAl,suAl,s-a-l,Aty,uAty,a-t-y,19,1.05,0.063,9.1
AHd,uAuHd,a-ḥ-d,wjh,wjh,w-j-h,5,2.42,0.065,9.1
Ejl,uEjl,ʿ-j-l,E*b,uEdhb,ʿ-dh-b,8,1.75,0.042,9.1
jyA,jyuA,j-y-a,Ayy,uAyy,a-y-y,27,0.86,0.088,9.09
qrA,qruA,q-r-a,nws,nws,n-w-s,9,1.66,0.059,9.09
njw,njw,n-j-w,swA,swuA,s-w-a,7,1.95,0.062,9.08
Amr,uAmr,a-m-r,nfs,nfs,n-f-s,20,1.03,0.081,9.08
bgy,bgy,b-gh-y,mtE,mtuE,m-t-ʿ,5,2.41,0.065,9.06
Avm,uAvm,a-th-m,Alh,uAlh,a-l-h,22,0.8,0.023,9.06
rbE,rbuE,r-b-ʿ,Alh,uAlh,a-l-h,13,1.04,0.014,9.05
fkr,fkr,f-k-r,smw,smw,s-m-w,5,2.3,0.027,9.03
mll,mll,m-l-l,qwm,qwm,q-w-m,6,1.97,0.02,9.03
rHm,ruHm,r-ḥ-m,$yA,shyuA,sh-y-a,37,0.72,0.097,9.03
rzq,rzq,r-z-q,Drb,uDrb,ḍ-r-b,5,2.41,0.061,9.03
fDl,fuDl,f-ḍ-l,rDw,ruDw,r-ḍ-w,5,2.4,0.064,9.01
mvl,mvl,m-th-l,rwd,rwd,r-w-d,9,1.66,0.067,9.01
Eqb,uEqb,ʿ-q-b,Zlm,uZlm,ẓ-l-m,10,1.54,0.055,9.01
Hyy,uHyy,ḥ-y-y,nws,nws,n-w-s,14,1.27,0.073,9.01
klm,klm,k-l-m,kwn,kwn,k-w-n,24,0.84,0.038,9
rjE,rjuE,r-j-ʿ,kll,kll,k-l-l,14,1.26,0.061,9
Swr,uSwr,ṣ-w-r,ywm,ywm,y-w-m,5,2.28,0.025,9
k*b,kdhb,k-dh-b,Zlm,uZlm,ẓ-l-m,23,0.94,0.084,8.99
rwd,rwd,r-w-d,wjh,wjh,w-j-h,6,2.13,0.063,8.99
Dll,uDll,ḍ-l-l,gyr,gyr,gh-y-r,11,1.47,0.07,8.99
hwd,hwd,h-w-d,qwm,qwm,q-w-m,7,1.8,0.023,8.98
mry,mry,m-r-y,rbb,rbb,r-b-b,8,1.59,0.018,8.98
nfq,nfq,n-f-q,Ajr,uAjr,a-j-r,6,2.14,0.065,8.98
srf,srf,s-r-f,qwm,qwm,q-w-m,7,1.8,0.023,8.98
Hsn,uHsn,ḥ-s-n,$yA,shyuA,sh-y-a,24,0.91,0.077,8.98
bgy,bgy,b-gh-y,slm,slm,s-l-m,7,1.93,0.065,8.96
mvl,mvl,m-th-l,Ewd,uEwd,ʿ-w-d,6,2.12,0.058,8.96
EZm,uEuZm,ʿ-ẓ-m,jnn,jnn,j-n-n,11,1.46,0.068,8.96
ydy,ydy,y-d-y,Aty,uAty,a-t-y,18,1.07,0.06,8.96
fSl,fuSl,f-ṣ-l,ktb,ktb,k-t-b,7,1.9,0.044,8.95
rwH,rwuH,r-w-ḥ,bEd,buEd,b-ʿ-d,7,1.91,0.051,8.95
wrv,wrv,w-r-th,xyr,xyr,kh-y-r,5,2.37,0.047,8.94
bwb,bwb,b-w-b,qwl,qwl,q-w-l,12,1.17,0.017,8.93
jzy,jzy,j-z-y,jnn,jnn,j-n-n,10,1.55,0.066,8.93
Zlm,uZlm,ẓ-l-m,Ayy,uAyy,a-y-y,29,0.82,0.09,8.93
vny,vny,th-n-y,qwl,qwl,q-w-l,12,1.17,0.017,8.93
frq,frq,f-r-q,bEd,buEd,b-ʿ-d,8,1.76,0.055,8.92
mhd,mhd,m-h-d,ArD,uAruD,a-r-ḍ,5,2.24,0.022,8.92
jnH,jnuH,j-n-ḥ,mlk,mlk,m-l-k,5,2.35,0.045,8.89
bgy,bgy,b-gh-y,dnw,dnw,d-n-w,7,1.92,0.064,8.87
nwr,nwr,n-w-r,Edd,uEdd,ʿ-d-d,6,2.1,0.054,8.87
Sdq,uSdq,ṣ-d-q,qbl,qbl,q-b-l,15,1.2,0.07,8.87
nsw,nsw,n-s-w,sbl,sbl,s-b-l,6,2.11,0.055,8.86
nEm,nuEm,n-ʿ-m,nws,nws,n-w-s,12,1.38,0.068,8.86
Ahl,uAhl,a-h-l,qtl,qtl,q-t-l,8,1.77,0.066,8.86
Alm,uAlm,a-l-m,wly,wly,w-l-y,8,1.76,0.058,8.86
Drb,uDrb,ḍ-r-b,Hyy,uHyy,ḥ-y-y,6,2.11,0.056,8.86
mtE,mtuE,m-t-ʿ,E*b,uEdhb,ʿ-dh-b,10,1.51,0.05,8.84
Dll,uDll,ḍ-l-l,Hqq,uHqq,ḥ-q-q,16,1.16,0.074,8.84
zyn,zyn,z-y-n,smw,smw,s-m-w,8,1.72,0.041,8.84
lbv,lbv,l-b-th,qwl,qwl,q-w-l,13,1.12,0.018,8.83
DEf,uDuEf,ḍ-ʿ-f,kwn,kwn,k-w-n,17,1,0.028,8.83
vmn,vmn,th-m-n,Alh,uAlh,a-l-h,12,1.07,0.013,8.83
bAs,buAs,b-a-s,xld,xld,kh-l-d,5,2.37,0.064,8.82
k*b,kdhb,k-dh-b,Ewd,uEwd,ʿ-w-d,8,1.74,0.051,8.82
sxr,sxr,s-kh-r,ArD,uAruD,a-r-ḍ,8,1.7,0.034,8.82
Elw,uElw,ʿ-l-w,xlq,xlq,kh-l-q,8,1.75,0.056,8.82
nhr,nhr,n-h-r,Hsn,uHsn,ḥ-s-n,9,1.64,0.065,8.81
Drb,uDrb,ḍ-r-b,xwf,xwf,kh-w-f,5,2.37,0.06,8.81
zyd,zyd,z-y-d,rbb,rbb,r-b-b,17,1.04,0.037,8.81
mwt,mwt,m-w-t,rjE,rjuE,r-j-ʿ,8,1.76,0.065,8.8
rwd,rwd,r-w-d,kwn,kwn,k-w-n,36,0.67,0.056,8.8
Amr,uAmr,a-m-r,qwl,qwl,q-w-l,69,0.46,0.086,8.8
blg,blg,b-l-gh,Alh,uAlh,a-l-h,34,0.63,0.035,8.79
$fE,shfuE,sh-f-ʿ,smw,smw,s-m-w,6,2.03,0.032,8.79
wdd,wdd,w-d-d,Alh,uAlh,a-l-h,16,0.92,0.017,8.79
*kr,dhkr,dh-k-r,vny,vny,th-n-y,5,2.3,0.035,8.77
kbr,kbr,k-b-r,End,uEnd,ʿ-n-d,12,1.37,0.07,8.77
rHm,ruHm,r-ḥ-m,wsE,wsuE,w-s-ʿ,6,2.04,0.035,8.77
$hd,shhd,sh-h-d,Ahl,uAhl,a-h-l,8,1.76,0.066,8.77
Awl,uAwl,a-w-l,qwl,qwl,q-w-l,51,0.54,0.066,8.77
Zhr,uZhr,ẓ-h-r,Hqq,uHqq,ḥ-q-q,8,1.73,0.05,8.77
wly,wly,w-l-y,kfr,kfr,k-f-r,27,0.84,0.081,8.77
slT,sluT,s-l-ṭ,Aty,uAty,a-t-y,9,1.57,0.034,8.75
Avm,uAvm,a-th-m,gyr,gyr,gh-y-r,5,2.35,0.053,8.75
Axr,uAxr,a-kh-r,Aty,uAty,a-t-y,32,0.76,0.088,8.75
xsr,xsr,kh-s-r,gyr,gyr,gh-y-r,6,2.09,0.058,8.75
fEl,fuEl,f-ʿ-l,xyr,xyr,kh-y-r,9,1.63,0.064,8.74
hwy,hwy,h-w-y,Elm,uElm,ʿ-l-m,11,1.35,0.029,8.74
kff,kff,k-f-f,Amn,uAmn,a-m-n,6,1.89,0.016,8.74
qrr,qrr,q-r-r,Elm,uElm,ʿ-l-m,11,1.35,0.029,8.74
Tlq,uTlq,ṭ-l-q,$yA,shyuA,sh-y-a,6,1.99,0.026,8.74
blw,blw,b-l-w,Hsn,uHsn,ḥ-s-n,5,2.33,0.047,8.73
brk,brk,b-r-k,Elm,uElm,ʿ-l-m,10,1.42,0.026,8.73
mvl,mvl,m-th-l,qrA,qruA,q-r-a,7,1.9,0.062,8.73
lEn,luEn,l-ʿ-n,E*b,uEdhb,ʿ-dh-b,7,1.85,0.038,8.72
slm,slm,s-l-m,twb,twb,t-w-b,6,2.09,0.061,8.72
Eyn,uEyn,ʿ-y-n,Alh,uAlh,a-l-h,9,-1.08,0.009,8.72
x$y,xshy,kh-sh-y,Alh,uAlh,a-l-h,21,0.8,0.022,8.72
dwn,dwn,d-w-n,ArD,uAruD,a-r-ḍ,20,1,0.069,8.71
nbA,nbuA,n-b-a,kll,kll,k-l-l,18,1.07,0.071,8.71
nqD,nquD,n-q-ḍ,Alh,uAlh,a-l-h,7,1.37,0.007,8.71
qmr,qmr,q-m-r,kll,kll,k-l-l,6,2.02,0.031,8.71
rjs,rjs,r-j-s,Alh,uAlh,a-l-h,7,1.37,0.007,8.71
tHt,tuHt,t-ḥ-t,Hsn,uHsn,ḥ-s-n,6,2.08,0.053,8.71
hwn,hwn,h-w-n,Ax*,uAxdh,a-kh-dh,5,2.3,0.037,8.7
bEv,buEv,b-ʿ-th,kwn,kwn,k-w-n,22,0.87,0.035,8.69
mwh,mwh,m-w-h,nhr,nhr,n-h-r,5,2.35,0.062,8.69
xyr,xyr,kh-y-r,qtl,qtl,q-t-l,10,1.52,0.067,8.68
fDl,fuDl,f-ḍ-l,kvr,kvr,k-th-r,8,1.74,0.063,8.67
gfr,gfr,gh-f-r,bEd,buEd,b-ʿ-d,16,1.15,0.075,8.67
dxl,dxl,d-kh-l,Alh,uAlh,a-l-h,48,0.52,0.048,8.66
sAl,suAl,s-a-l,qwl,qwl,q-w-l,40,0.61,0.053,8.66
Alm,uAlm,a-l-m,Ayy,uAyy,a-y-y,11,1.41,0.052,8.66
slm,slm,s-l-m,rbb,rbb,r-b-b,30,0.76,0.06,8.64
Amr,uAmr,a-m-r,kll,kll,k-l-l,24,0.9,0.083,8.64
lEn,luEn,l-ʿ-n,nwr,nwr,n-w-r,5,2.32,0.048,8.63
jwb,jwb,j-w-b,ywm,ywm,y-w-m,8,1.69,0.038,8.62
mlA,mluA,m-l-a,tbE,tbuE,t-b-ʿ,5,2.32,0.051,8.62
rwd,rwd,r-w-d,Ax*,uAxdh,a-kh-dh,12,1.35,0.066,8.62
TEm,uTuEm,ṭ-ʿ-m,ywm,ywm,y-w-m,8,1.69,0.038,8.62
dyn,dyn,d-y-n,wjh,wjh,w-j-h,5,2.34,0.063,8.6
jby,jby,j-b-y,qwm,qwm,q-w-m,5,2.12,0.016,8.6
nfE,nfuE,n-f-ʿ,qwl,qwl,q-w-l,20,0.88,0.028,8.6
qrA,qruA,q-r-a,ktb,ktb,k-t-b,10,1.5,0.056,8.6
$hd,shhd,sh-h-d,nfs,nfs,n-f-s,13,1.29,0.066,8.6
zyd,zyd,z-y-d,gfr,gfr,gh-f-r,7,1.87,0.054,8.6
gny,gny,gh-n-y,kwn,kwn,k-w-n,24,0.82,0.038,8.59
mwh,mwh,m-w-h,jEl,juEl,j-ʿ-l,9,1.59,0.049,8.59
zwj,zwj,z-w-j,kwn,kwn,k-w-n,24,0.82,0.038,8.59
nhr,nhr,n-h-r,sbH,sbuH,s-b-ḥ,6,2.08,0.063,8.58
sAl,suAl,s-a-l,qbl,qbl,q-b-l,13,1.28,0.065,8.58
Edl,uEdl,ʿ-d-l,nfs,nfs,n-f-s,5,2.27,0.034,8.58
Hbb,uHbb,ḥ-b-b,Hsn,uHsn,ḥ-s-n,8,1.73,0.061,8.58
Hjj,uHjj,ḥ-j-j,Aty,uAty,a-t-y,7,1.79,0.027,8.58
mlA,mluA,m-l-a,xrj,xrj,kh-r-j,5,2.31,0.051,8.57
nhr,nhr,n-h-r,xlf,xlf,kh-l-f,7,1.88,0.064,8.57
Ax*,uAxdh,a-kh-dh,kfr,kfr,k-f-r,31,0.77,0.087,8.57
qrb,qrb,q-r-b,Axr,uAxr,a-kh-r,10,1.5,0.06,8.56
Dll,uDll,ḍ-l-l,Drr,uDrr,ḍ-r-r,7,1.88,0.058,8.56
wjh,wjh,w-j-h,qwm,qwm,q-w-m,15,1.14,0.045,8.56
Erf,uErf,ʿ-r-f,Aty,uAty,a-t-y,12,1.31,0.044,8.55
Hll,uHll,ḥ-l-l,gyr,gyr,gh-y-r,5,2.31,0.053,8.55
jyA,jyuA,j-y-a,sbq,sbq,s-b-q,6,2.03,0.04,8.54
rHm,ruHm,r-ḥ-m,Hrm,uHrm,ḥ-r-m,10,1.49,0.052,8.54
Etw,uEtw,ʿ-t-w,rbb,rbb,r-b-b,5,1.99,0.011,8.54
Sbr,uSbr,ṣ-b-r,wqy,wqy,w-q-y,10,1.5,0.061,8.54
kvr,kvr,k-th-r,qwy,qwy,q-w-y,5,2.3,0.05,8.53
mwl,mwl,m-w-l,End,uEnd,ʿ-n-d,8,1.72,0.059,8.53
rwd,rwd,r-w-d,wjd,wjd,w-j-d,7,1.88,0.064,8.53
Hrm,uHrm,ḥ-r-m,Amn,uAmn,a-m-n,17,1.05,0.043,8.53
*kr,dhkr,dh-k-r,wqy,wqy,w-q-y,20,1,0.08,8.52
ftn,ftn,f-t-n,qlb,qlb,q-l-b,6,2.06,0.056,8.51
nEm,nuEm,n-ʿ-m,Drr,uDrr,ḍ-r-r,6,2.06,0.061,8.51
wHd,wuHd,w-ḥ-d,$yA,shyuA,sh-y-a,12,1.31,0.047,8.51
rwd,rwd,r-w-d,byn,byn,b-y-n,18,1.04,0.063,8.5
jyA,jyuA,j-y-a,Awl,uAwl,a-w-l,15,1.18,0.071,8.49
qEd,quEd,q-ʿ-d,Alh,uAlh,a-l-h,15,0.94,0.016,8.49
Hkm,uHkm,ḥ-k-m,Hqq,uHqq,ḥ-q-q,17,1.09,0.075,8.49
Sdd,uSdd,ṣ-d-d,bEd,buEd,b-ʿ-d,6,2.03,0.045,8.48
jzy,jzy,j-z-y,SlH,uSluH,ṣ-l-ḥ,9,1.6,0.065,8.47
rjE,rjuE,r-j-ʿ,xlf,xlf,kh-l-f,7,1.87,0.064,8.47
Srf,uSrf,ṣ-r-f,bEd,buEd,b-ʿ-d,5,2.27,0.04,8.47
Swm,uSwm,ṣ-w-m,Alh,uAlh,a-l-h,8,1.27,0.008,8.47
wqd,wqd,w-q-d,Alh,uAlh,a-l-h,8,1.27,0.008,8.47
wvq,wvq,w-th-q,bEd,buEd,b-ʿ-d,5,2.27,0.04,8.47
nbA,nbuA,n-b-a,gyr,gyr,gh-y-r,10,1.5,0.067,8.46
nfx,nfx,n-f-kh,ywm,ywm,y-w-m,5,2.2,0.025,8.45
sxr,sxr,s-kh-r,kll,kll,k-l-l,7,1.81,0.036,8.45
nfq,nfq,n-f-q,Hsn,uHsn,ḥ-s-n,8,1.71,0.061,8.44
Ewd,uEwd,ʿ-w-d,qwm,qwm,q-w-m,13,1.23,0.04,8.44
xrj,xrj,kh-r-j,sbl,sbl,s-b-l,11,1.41,0.069,8.44
qll,qll,q-l-l,qtl,qtl,q-t-l,6,2.05,0.061,8.43
qSS,quSuS,q-ṣ-ṣ,Hqq,uHqq,ḥ-q-q,5,2.25,0.035,8.43
rjw,rjw,r-j-w,Axr,uAxr,a-kh-r,5,2.25,0.037,8.43
rAf,ruAf,r-a-f,Alh,uAlh,a-l-h,9,1.2,0.01,8.43
nbA,nbuA,n-b-a,$hd,shhd,sh-h-d,9,1.6,0.066,8.42
Ax*,uAxdh,a-kh-dh,ymn,ymn,y-m-n,8,1.7,0.052,8.42
bED,buEuD,b-ʿ-ḍ,Aty,uAty,a-t-y,15,1.15,0.052,8.41
fEl,fuEl,f-ʿ-l,Erf,uErf,ʿ-r-f,5,2.3,0.061,8.41
qlb,qlb,q-l-b,Ahl,uAhl,a-h-l,9,1.59,0.065,8.41
zyd,zyd,z-y-d,$yA,shyuA,sh-y-a,11,1.37,0.043,8.41
grr,grr,gh-r-r,kfr,kfr,k-f-r,6,1.94,0.025,8.4
Hyy,uHyy,ḥ-y-y,$yA,shyuA,sh-y-a,22,0.92,0.072,8.39
Zlm,uZlm,ẓ-l-m,jEl,juEl,j-ʿ-l,26,0.85,0.087,8.39
fry,fry,f-r-y,Ayy,uAyy,a-y-y,9,1.56,0.044,8.38
fsq,fsq,f-s-q,Amr,uAmr,a-m-r,7,1.84,0.05,8.38
fsq,fsq,f-s-q,TwE,uTwuE,ṭ-w-ʿ,5,2.29,0.058,8.37
grq,grq,gh-r-q,Zlm,uZlm,ẓ-l-m,5,2.22,0.032,8.37
A*n,uAdhn,a-dh-n,Zlm,uZlm,ẓ-l-m,11,1.39,0.058,8.36
nEm,nuEm,n-ʿ-m,tHt,tuHt,t-ḥ-t,5,2.28,0.056,8.35
Abd,uAbd,a-b-d,Amn,uAmn,a-m-n,9,1.47,0.024,8.35
jzy,jzy,j-z-y,kfr,kfr,k-f-r,17,1.06,0.059,8.34
$hd,shhd,sh-h-d,xbr,xbr,kh-b-r,5,2.29,0.057,8.34
Esy,uEsy,ʿ-s-y,rbb,rbb,r-b-b,10,1.35,0.022,8.34
fDl,fuDl,f-ḍ-l,Ajr,uAjr,a-j-r,6,2.04,0.063,8.33
nbA,nbuA,n-b-a,bEd,buEd,b-ʿ-d,13,1.27,0.07,8.33
Awl,uAwl,a-w-l,Ewd,uEwd,ʿ-w-d,6,2.03,0.056,8.33
bny,bny,b-n-y,zyn,zyn,z-y-n,5,2.27,0.052,8.32
frq,frq,f-r-q,Alh,uAlh,a-l-h,31,0.64,0.032,8.32
Sbr,uSbr,ṣ-b-r,gfr,gfr,gh-f-r,9,1.58,0.061,8.32
jdl,jdl,j-d-l,kll,kll,k-l-l,6,1.96,0.031,8.31
klm,klm,k-l-m,A*n,uAdhn,a-dh-n,5,2.29,0.062,8.31
HwT,uHwuT,ḥ-w-ṭ,kll,kll,k-l-l,6,1.96,0.031,8.31
Hyy,uHyy,ḥ-y-y,qwm,qwm,q-w-m,27,0.81,0.071,8.3
wfy,wfy,w-f-y,kll,kll,k-l-l,10,1.46,0.048,8.3
zkw,zkw,z-k-w,ktb,ktb,k-t-b,8,1.67,0.048,8.29
klm,klm,k-l-m,rsl,rsl,r-s-l,12,1.3,0.048,8.27
mvl,mvl,m-th-l,swA,swuA,s-w-a,10,1.48,0.067,8.27
xlf,xlf,kh-l-f,nws,nws,n-w-s,11,1.39,0.065,8.27
zyn,zyn,z-y-n,swA,swuA,s-w-a,5,2.26,0.052,8.27
mtE,mtuE,m-t-ʿ,$dd,shdd,sh-d-d,5,2.28,0.061,8.26
sjd,sjd,s-j-d,mlk,mlk,m-l-k,8,1.69,0.059,8.26
blw,blw,b-l-w,nfs,nfs,n-f-s,6,1.99,0.039,8.25
Axw,uAxw,a-kh-w,wqy,wqy,w-q-y,9,1.57,0.057,8.25
Drr,uDrr,ḍ-r-r,Edw,uEdw,ʿ-d-w,5,2.28,0.062,8.25
mtE,mtuE,m-t-ʿ,End,uEnd,ʿ-n-d,7,1.83,0.055,8.24
qrb,qrb,q-r-b,Akl,uAkl,a-k-l,6,2.03,0.063,8.24
rwd,rwd,r-w-d,xrj,xrj,kh-r-j,9,1.57,0.065,8.24
nEm,nuEm,n-ʿ-m,zwj,zwj,z-w-j,6,2.02,0.06,8.23
ErD,uEruD,ʿ-r-ḍ,dnw,dnw,d-n-w,6,2.02,0.06,8.23
sbH,sbuH,s-b-ḥ,xlq,xlq,kh-l-q,9,1.57,0.059,8.22
tmm,tmm,t-m-m,rbb,rbb,r-b-b,8,1.52,0.018,8.22
Abw,uAbw,a-b-w,$yA,shyuA,sh-y-a,16,1.1,0.058,8.22
bgy,bgy,b-gh-y,ErD,uEruD,ʿ-r-ḍ,5,2.27,0.062,8.2
jmE,jmuE,j-m-ʿ,$yA,shyuA,sh-y-a,18,1.02,0.063,8.2
lyl,lyl,l-y-l,swy,swy,s-w-y,5,2.27,0.062,8.19
xfy,xfy,kh-f-y,Alh,uAlh,a-l-h,17,0.86,0.018,8.19
*kr,dhkr,dh-k-r,Hdv,uHdv,ḥ-d-th,6,1.98,0.04,8.18
*kr,dhkr,dh-k-r,Any,uAny,a-n-y,6,1.98,0.04,8.18
n*r,ndhr,n-dh-r,jyA,jyuA,j-y-a,12,1.31,0.064,8.18
Ajl,uAjl,a-j-l,Aty,uAty,a-t-y,10,1.42,0.037,8.17
qdr,qdr,q-d-r,Drb,uDrb,ḍ-r-b,5,2.25,0.057,8.16
qry,qry,q-r-y,rsl,rsl,r-s-l,10,1.43,0.041,8.16
n*r,ndhr,n-dh-r,Amm,uAmm,a-m-m,7,1.83,0.063,8.15
rzq,rzq,r-z-q,Amn,uAmn,a-m-n,23,0.86,0.055,8.15
tlw,tlw,t-l-w,Amm,uAmm,a-m-m,5,2.26,0.06,8.15
fEl,fuEl,f-ʿ-l,wfy,wfy,w-f-y,5,2.26,0.06,8.14
kbr,kbr,k-b-r,tlw,tlw,t-l-w,6,2,0.056,8.14
$bh,shbh,sh-b-h,qwl,qwl,q-w-l,6,1.59,0.009,8.14
wrv,wrv,w-r-th,jnn,jnn,j-n-n,5,2.23,0.043,8.14
dwr,dwr,d-w-r,Hsn,uHsn,ḥ-s-n,6,2,0.052,8.13
Dll,uDll,ḍ-l-l,Tgy,uTgy,ṭ-gh-y,5,2.23,0.048,8.13
E$r,uEshr,ʿ-sh-r,ywm,ywm,y-w-m,6,1.93,0.03,8.13
mkn,mkn,m-k-n,$yA,shyuA,sh-y-a,5,2.12,0.022,8.12
mwt,mwt,m-w-t,rzq,rzq,r-z-q,8,1.68,0.063,8.12
qsT,qsuT,q-s-ṭ,byn,byn,b-y-n,6,1.91,0.025,8.12
wfy,wfy,w-f-y,gyr,gyr,gh-y-r,6,2,0.057,8.12
zyd,zyd,z-y-d,hdy,hdy,h-d-y,8,1.66,0.049,8.12
fDl,fuDl,f-ḍ-l,SlH,uSluH,ṣ-l-ḥ,8,1.67,0.061,8.11
nbA,nbuA,n-b-a,AHd,uAuHd,a-ḥ-d,7,1.82,0.06,8.11
lys,lys,l-y-s,Eml,uEml,ʿ-m-l,11,1.37,0.055,8.1
nhy,nhy,n-h-y,qtl,qtl,q-t-l,5,2.24,0.057,8.09
A*n,uAdhn,a-dh-n,Elm,uElm,ʿ-l-m,20,0.93,0.049,8.09
Drb,uDrb,ḍ-r-b,qtl,qtl,q-t-l,5,2.24,0.057,8.09
dwr,dwr,d-w-r,wqy,wqy,w-q-y,7,1.8,0.048,8.08
dwr,dwr,d-w-r,xyr,xyr,kh-y-r,6,1.99,0.052,8.08
A*n,uAdhn,a-dh-n,Alm,uAlm,a-l-m,5,2.25,0.061,8.08
ksb,ksb,k-s-b,ydy,ydy,y-d-y,5,2.24,0.059,8.06
rjl,rjl,r-j-l,qwm,qwm,q-w-m,14,1.15,0.042,8.06
Amm,uAmm,a-m-m,xlf,xlf,kh-l-f,7,1.81,0.063,8.06
dyn,dyn,d-y-n,qwm,qwm,q-w-m,17,1.03,0.05,8.05
dyn,dyn,d-y-n,Hqq,uHqq,ḥ-q-q,10,1.45,0.057,8.05
qlb,qlb,q-l-b,Sdr,uSdr,ṣ-d-r,5,2.23,0.051,8.05
qlb,qlb,q-l-b,zyn,zyn,z-y-n,5,2.23,0.051,8.05
End,uEnd,ʿ-n-d,Aty,uAty,a-t-y,26,0.82,0.077,8.05
Hkm,uHkm,ḥ-k-m,Aty,uAty,a-t-y,26,0.82,0.077,8.05
bny,bny,b-n-y,rsl,rsl,r-s-l,20,0.95,0.069,8.04
fEl,fuEl,f-ʿ-l,Edw,uEdw,ʿ-d-w,6,2,0.062,8.04
Ax*,uAxdh,a-kh-dh,Amr,uAmr,a-m-r,18,1.03,0.077,8.04
Ehd,uEhd,ʿ-h-d,Alh,uAlh,a-l-h,19,0.81,0.02,8.03
wdd,wdd,w-d-d,Ax*,uAxdh,a-kh-dh,5,2.19,0.037,8.03
wqy,wqy,w-q-y,nfs,nfs,n-f-s,20,0.96,0.079,8.03
*kr,dhkr,dh-k-r,kfr,kfr,k-f-r,9,-1.13,0.025,8.02
fry,fry,f-r-y,$hd,shhd,sh-h-d,5,2.23,0.056,8.02
nxl,nxl,n-kh-l,Ayy,uAyy,a-y-y,5,2.14,0.027,8.02
fDl,fuDl,f-ḍ-l,gny,gny,gh-n-y,5,2.23,0.061,8.01
jmE,jmuE,j-m-ʿ,tbE,tbuE,t-b-ʿ,9,1.55,0.065,8.01
Dll,uDll,ḍ-l-l,wly,wly,w-l-y,13,1.24,0.07,7.99
yqn,yqn,y-q-n,Ayy,uAyy,a-y-y,6,1.92,0.031,7.99
gDb,guDb,gh-ḍ-b,E*b,uEdhb,ʿ-dh-b,5,2.14,0.028,7.98
rzq,rzq,r-z-q,Elm,uElm,ʿ-l-m,23,0.85,0.055,7.98
twb,twb,t-w-b,E*b,uEdhb,ʿ-dh-b,10,1.43,0.049,7.98
Hkm,uHkm,ḥ-k-m,nws,nws,n-w-s,15,1.14,0.072,7.98
drj,drj,d-r-j,kll,kll,k-l-l,5,2.13,0.027,7.97
Ahl,uAhl,a-h-l,rsl,rsl,r-s-l,17,1.04,0.062,7.97
End,uEnd,ʿ-n-d,nhr,nhr,n-h-r,9,1.54,0.062,7.97
End,uEnd,ʿ-n-d,Hyy,uHyy,ḥ-y-y,12,1.3,0.069,7.97
wqy,wqy,w-q-y,wsE,wsuE,w-s-ʿ,5,2.18,0.038,7.97
bED,buEuD,b-ʿ-ḍ,$yA,shyuA,sh-y-a,14,1.16,0.052,7.96
mry,mry,m-r-y,kwn,kwn,k-w-n,9,1.33,0.015,7.95
Hbb,uHbb,ḥ-b-b,Amn,uAmn,a-m-n,19,0.95,0.047,7.95
sbq,sbq,s-b-q,ktb,ktb,k-t-b,6,1.94,0.038,7.94
Twf,uTwf,ṭ-w-f,ktb,ktb,k-t-b,6,1.94,0.038,7.94
mdn,mdn,m-d-n,rsl,rsl,r-s-l,5,2.1,0.022,7.92
Ans,uAns,a-n-s,ErD,uEruD,ʿ-r-ḍ,5,2.22,0.061,7.92
ydy,ydy,y-d-y,Amn,uAmn,a-m-n,23,0.85,0.055,7.92
ydy,ydy,y-d-y,ktb,ktb,k-t-b,12,1.29,0.062,7.92
qsT,qsuT,q-s-ṭ,Alh,uAlh,a-l-h,13,0.97,0.014,7.91
rdd,rdd,r-d-d,TwE,uTwuE,ṭ-w-ʿ,5,2.21,0.057,7.91
b$r,bshr,b-sh-r,nws,nws,n-w-s,11,1.36,0.064,7.9
*kr,dhkr,dh-k-r,kvr,kvr,k-th-r,15,1.13,0.07,7.9
*kr,dhkr,dh-k-r,qll,qll,q-l-l,9,1.52,0.053,7.9
dxl,dxl,d-kh-l,rHm,ruHm,r-ḥ-m,13,1.22,0.061,7.9
Hmd,uHmd,ḥ-m-d,Elm,uElm,ʿ-l-m,15,1.07,0.038,7.9
*kr,dhkr,dh-k-r,tlw,tlw,t-l-w,8,1.63,0.049,7.89
TbE,uTbuE,ṭ-b-ʿ,Amn,uAmn,a-m-n,5,1.97,0.014,7.89
Amm,uAmm,a-m-m,Eyn,uEyn,ʿ-y-n,5,2.21,0.059,7.88
mss,mss,m-s-s,qwl,qwl,q-w-l,22,0.8,0.031,7.87
rHm,ruHm,r-ḥ-m,xyr,xyr,kh-y-r,18,1.01,0.073,7.87
bdw,bdw,b-d-w,Alh,uAlh,a-l-h,16,0.87,0.017,7.86
frq,frq,f-r-q,kll,kll,k-l-l,10,1.41,0.048,7.86
rjl,rjl,r-j-l,kll,kll,k-l-l,10,1.41,0.048,7.86
slT,sluT,s-l-ṭ,Ebd,uEbd,ʿ-b-d,6,1.93,0.041,7.86
Hsn,uHsn,ḥ-s-n,Axr,uAxr,a-kh-r,15,1.13,0.072,7.86
vql,vql,th-q-l,nfs,nfs,n-f-s,5,2.15,0.034,7.86
*hb,dhhb,dh-h-b,qdr,qdr,q-d-r,5,2.2,0.056,7.85
mtE,mtuE,m-t-ʿ,Abw,uAbw,a-b-w,5,2.21,0.059,7.85
qSS,quSuS,q-ṣ-ṣ,qbl,qbl,q-b-l,5,2.14,0.033,7.85
EZm,uEuZm,ʿ-ẓ-m,Axr,uAxr,a-kh-r,12,1.28,0.065,7.85
nSr,nuSr,n-ṣ-r,ywm,ywm,y-w-m,17,1.04,0.066,7.84
Ajr,uAjr,a-j-r,dnw,dnw,d-n-w,7,1.78,0.062,7.84
vny,vny,th-n-y,Elm,uElm,ʿ-l-m,8,1.51,0.021,7.83
xlf,xlf,kh-l-f,Aty,uAty,a-t-y,18,0.99,0.06,7.83
xwn,xwn,kh-w-n,Elm,uElm,ʿ-l-m,5,1.96,0.014,7.83
brk,brk,b-r-k,jEl,juEl,j-ʿ-l,6,1.91,0.035,7.82
*kr,dhkr,dh-k-r,ktb,ktb,k-t-b,22,0.9,0.081,7.82
njw,njw,n-j-w,jyA,jyuA,j-y-a,9,1.51,0.053,7.82
HbT,uHbuT,ḥ-b-ṭ,kfr,kfr,k-f-r,5,2.07,0.021,7.82
bEv,buEv,b-ʿ-th,nbA,nbuA,n-b-a,6,1.95,0.056,7.81
gfl,gfl,gh-f-l,ywm,ywm,y-w-m,7,1.73,0.034,7.81
rHm,ruHm,r-ḥ-m,wjd,wjd,w-j-d,12,1.27,0.058,7.81
ryb,ryb,r-y-b,ywm,ywm,y-w-m,7,1.73,0.034,7.81
Drb,uDrb,ḍ-r-b,ArD,uAruD,a-r-ḍ,10,1.39,0.04,7.81
wjd,wjd,w-j-d,Eml,uEml,ʿ-m-l,12,1.27,0.058,7.81
xzn,xzn,kh-z-n,rbb,rbb,r-b-b,6,1.72,0.014,7.81
qdm,qdm,q-d-m,nfs,nfs,n-f-s,7,1.75,0.044,7.8
bny,bny,b-n-y,Amm,uAmm,a-m-m,8,1.64,0.062,7.79
mvl,mvl,m-th-l,ArD,uAruD,a-r-ḍ,20,0.94,0.068,7.79
rdd,rdd,r-d-d,Amr,uAmr,a-m-r,7,1.76,0.049,7.79
Ejl,uEjl,ʿ-j-l,bEd,buEd,b-ʿ-d,6,1.93,0.045,7.78
bgy,bgy,b-gh-y,Aty,uAty,a-t-y,15,1.1,0.052,7.77
nZr,nuZr,n-ẓ-r,Elm,uElm,ʿ-l-m,5,-1.42,0.012,7.77
qrb,qrb,q-r-b,Hsn,uHsn,ḥ-s-n,8,1.63,0.06,7.77
Efw,uEfw,ʿ-f-w,Amr,uAmr,a-m-r,5,2.15,0.039,7.77
xlf,xlf,kh-l-f,$yA,shyuA,sh-y-a,17,1.03,0.06,7.77
bSr,buSr,b-ṣ-r,Ebd,uEbd,ʿ-b-d,13,1.22,0.067,7.76
nbt,nbt,n-b-t,$yA,shyuA,sh-y-a,6,1.86,0.025,7.76
swy,swy,s-w-y,wly,wly,w-l-y,8,1.63,0.057,7.76
bny,bny,b-n-y,Tyb,uTyb,ṭ-y-b,5,2.18,0.051,7.75
byt,byt,b-y-t,Alh,uAlh,a-l-h,26,0.68,0.027,7.75
klm,klm,k-l-m,ktb,ktb,k-t-b,9,1.5,0.051,7.74
xzy,xzy,kh-z-y,rsl,rsl,r-s-l,6,1.86,0.026,7.74
fDl,fuDl,f-ḍ-l,Amn,uAmn,a-m-n,20,0.91,0.049,7.73
rfE,rfuE,r-f-ʿ,Ax*,uAxdh,a-kh-dh,5,2.14,0.037,7.73
rjE,rjuE,r-j-ʿ,mlk,mlk,m-l-k,9,1.51,0.061,7.72
nwr,nwr,n-w-r,byn,byn,b-y-n,23,0.86,0.073,7.71
Sbr,uSbr,ṣ-b-r,rbb,rbb,r-b-b,23,0.82,0.048,7.71
hwy,hwy,h-w-y,nfs,nfs,n-f-s,6,1.91,0.039,7.7
mrA,mruA,m-r-a,nfs,nfs,n-f-s,6,1.91,0.039,7.7
qrr,qrr,q-r-r,nfs,nfs,n-f-s,6,1.91,0.039,7.7
Hkm,uHkm,ḥ-k-m,xbr,xbr,kh-b-r,6,1.93,0.05,7.7
Ebd,uEbd,ʿ-b-d,xbr,xbr,kh-b-r,7,1.74,0.046,7.69
blg,blg,b-l-gh,Hsn,uHsn,ḥ-s-n,7,1.76,0.056,7.68
nfE,nfuE,n-f-ʿ,Alh,uAlh,a-l-h,24,0.7,0.025,7.67
AHd,uAuHd,a-ḥ-d,Axr,uAxr,a-kh-r,9,1.5,0.056,7.67
kyf,kyf,k-y-f,rsl,rsl,r-s-l,13,1.19,0.051,7.66
mwl,mwl,m-w-l,Amn,uAmn,a-m-n,18,0.96,0.045,7.66
b$r,bshr,b-sh-r,jyA,jyuA,j-y-a,12,1.26,0.063,7.65
gny,gny,gh-n-y,ArD,uAruD,a-r-ḍ,12,1.24,0.047,7.65
sbq,sbq,s-b-q,Aty,uAty,a-t-y,8,1.55,0.031,7.65
Zhr,uZhr,ẓ-h-r,qtl,qtl,q-t-l,5,2.16,0.056,7.64
fwq,fwq,f-w-q,Ax*,uAxdh,a-kh-dh,6,1.9,0.042,7.63
kvr,kvr,k-th-r,mwl,mwl,m-w-l,7,1.75,0.058,7.63
kvr,kvr,k-th-r,wld,wld,w-l-d,7,1.75,0.058,7.63
tmm,tmm,t-m-m,Alh,uAlh,a-l-h,12,0.99,0.013,7.63
Ajr,uAjr,a-j-r,wjd,wjd,w-j-d,6,1.93,0.061,7.63
qwy,qwy,q-w-y,Alh,uAlh,a-l-h,20,0.77,0.021,7.62
$rk,shrk,sh-r-k,xlq,xlq,kh-l-q,12,1.26,0.066,7.62
slT,sluT,s-l-ṭ,Alh,uAlh,a-l-h,20,0.77,0.021,7.62
dyn,dyn,d-y-n,Axw,uAxw,a-kh-w,5,2.16,0.06,7.6
Alm,uAlm,a-l-m,nws,nws,n-w-s,8,1.6,0.054,7.6
Sdq,uSdq,ṣ-d-q,Amn,uAmn,a-m-n,28,0.75,0.065,7.59
zyn,zyn,z-y-n,sbl,sbl,s-b-l,5,2.14,0.048,7.59
bgy,bgy,b-gh-y,Hqq,uHqq,ḥ-q-q,10,1.4,0.057,7.58
frq,frq,f-r-q,bny,bny,b-n-y,6,1.92,0.056,7.58
fDl,fuDl,f-ḍ-l,xyr,xyr,kh-y-r,8,1.61,0.059,7.58
nfE,nfuE,n-f-ʿ,nfs,nfs,n-f-s,7,1.72,0.044,7.58
wkl,wkl,w-k-l,qwl,qwl,q-w-l,23,0.77,0.032,7.58
kvr,kvr,k-th-r,Akl,uAkl,a-k-l,8,1.61,0.061,7.57
rdd,rdd,r-d-d,$hd,shhd,sh-h-d,5,2.15,0.056,7.57
rHm,ruHm,r-ḥ-m,byn,byn,b-y-n,36,0.66,0.094,7.55
bdl,bdl,b-d-l,xyr,xyr,kh-y-r,5,2.13,0.046,7.54
flH,fluH,f-l-ḥ,xyr,xyr,kh-y-r,5,2.13,0.046,7.54
sbH,sbuH,s-b-ḥ,Hkm,uHkm,ḥ-k-m,8,1.6,0.058,7.54
Slw,uSlw,ṣ-l-w,qwl,qwl,q-w-l,10,-1,0.014,7.54
bqy,bqy,b-q-y,rbb,rbb,r-b-b,8,1.45,0.018,7.53
frH,fruH,f-r-ḥ,kll,kll,k-l-l,5,2.06,0.027,7.53
rbE,rbuE,r-b-ʿ,kll,kll,k-l-l,5,2.06,0.027,7.53
Akl,uAkl,a-k-l,Ayy,uAyy,a-y-y,13,1.19,0.057,7.53
Dll,uDll,ḍ-l-l,qbl,qbl,q-b-l,16,1.06,0.071,7.53
dwr,dwr,d-w-r,End,uEnd,ʿ-n-d,6,1.9,0.05,7.52
njw,njw,n-j-w,qwm,qwm,q-w-m,15,1.06,0.045,7.52
Ahl,uAhl,a-h-l,jyA,jyuA,j-y-a,12,1.25,0.063,7.52
Dll,uDll,ḍ-l-l,Elm,uElm,ʿ-l-m,32,0.69,0.071,7.52
Sbr,uSbr,ṣ-b-r,Hsn,uHsn,ḥ-s-n,8,1.6,0.059,7.52
drj,drj,d-r-j,Amn,uAmn,a-m-n,7,1.59,0.019,7.51
frq,frq,f-r-q,nbA,nbuA,n-b-a,6,1.91,0.055,7.51
Zhr,uZhr,ẓ-h-r,Alh,uAlh,a-l-h,27,0.65,0.028,7.51
b$r,bshr,b-sh-r,ydy,ydy,y-d-y,7,1.74,0.061,7.5
Hzn,uHzn,ḥ-z-n,SlH,uSluH,ṣ-l-ḥ,5,2.13,0.047,7.5
lqy,lqy,l-q-y,qtl,qtl,q-t-l,8,1.6,0.062,7.48
A*y,uAdhy,a-dh-y,Aty,uAty,a-t-y,6,1.81,0.024,7.48
byt,byt,b-y-t,jEl,juEl,j-ʿ-l,8,1.57,0.044,7.47
mwt,mwt,m-w-t,Drr,uDrr,ḍ-r-r,6,1.9,0.056,7.46
xSm,xuSm,kh-ṣ-m,byn,byn,b-y-n,5,2.01,0.021,7.45
bED,buEuD,b-ʿ-ḍ,nZr,nuZr,n-ẓ-r,6,1.9,0.059,7.44
jmE,jmuE,j-m-ʿ,Amm,uAmm,a-m-m,7,1.73,0.061,7.44
Erf,uErf,ʿ-r-f,nfs,nfs,n-f-s,8,1.58,0.048,7.44
H$r,uHshr,ḥ-sh-r,wqy,wqy,w-q-y,6,1.88,0.043,7.44
Hlm,uHlm,ḥ-l-m,Elm,uElm,ʿ-l-m,7,1.58,0.019,7.43
sbH,sbuH,s-b-ḥ,mlk,mlk,m-l-k,8,1.59,0.058,7.42
$hd,shhd,sh-h-d,nws,nws,n-w-s,11,1.31,0.063,7.42
SHb,uSuHb,ṣ-ḥ-b,wld,wld,w-l-d,5,2.13,0.059,7.42
kyf,kyf,k-y-f,Ax*,uAxdh,a-kh-dh,9,1.47,0.055,7.41
qlb,qlb,q-l-b,nzl,nzl,n-z-l,14,1.13,0.068,7.39
tlw,tlw,t-l-w,kfr,kfr,k-f-r,11,1.27,0.042,7.39
Ajr,uAjr,a-j-r,Axr,uAxr,a-kh-r,10,1.38,0.059,7.39
Zll,uZll,ẓ-l-l,wqy,wqy,w-q-y,5,2.09,0.037,7.39
ydy,ydy,y-d-y,swA,swuA,s-w-a,8,1.59,0.061,7.39
Axw,uAxw,a-kh-w,byn,byn,b-y-n,13,1.16,0.049,7.37
vlv,vlv,th-l-th,ywm,ywm,y-w-m,6,1.83,0.03,7.37
frq,frq,f-r-q,rsl,rsl,r-s-l,11,1.28,0.044,7.36
hmm,hmm,h-m-m,kwn,kwn,k-w-n,5,1.73,0.008,7.36
jhl,jhl,j-h-l,Eml,uEml,ʿ-m-l,5,2.05,0.03,7.36
mnn,mnn,m-n-n,Amn,uAmn,a-m-n,8,1.46,0.021,7.36
msk,msk,m-s-k,rHm,ruHm,r-ḥ-m,5,2.05,0.03,7.36
xms,xms,kh-m-s,kwn,kwn,k-w-n,5,1.73,0.008,7.36
A*n,uAdhn,a-dh-n,jEl,juEl,j-ʿ-l,11,1.29,0.055,7.35
byt,byt,b-y-t,End,uEnd,ʿ-n-d,6,1.87,0.049,7.34
jzy,jzy,j-z-y,qtl,qtl,q-t-l,7,1.71,0.061,7.34
ryb,ryb,r-y-b,Elm,uElm,ʿ-l-m,10,1.29,0.026,7.34
Slw,uSlw,ṣ-l-w,Amr,uAmr,a-m-r,9,1.46,0.057,7.34
xsr,xsr,kh-s-r,qbl,qbl,q-b-l,8,1.56,0.047,7.34
bgy,bgy,b-gh-y,mwl,mwl,m-w-l,5,2.11,0.059,7.33
msk,msk,m-s-k,qwm,qwm,q-w-m,7,1.61,0.023,7.33
mwt,mwt,m-w-t,Hrm,uHrm,ḥ-r-m,6,1.88,0.056,7.33
n*r,ndhr,n-dh-r,Alh,uAlh,a-l-h,22,-0.66,0.022,7.33
ydy,ydy,y-d-y,Zlm,uZlm,ẓ-l-m,12,1.23,0.06,7.33
qSS,quSuS,q-ṣ-ṣ,rsl,rsl,r-s-l,6,1.8,0.026,7.32
slT,sluT,s-l-ṭ,smw,smw,s-m-w,7,1.67,0.036,7.32
swy,swy,s-w-y,smw,smw,s-m-w,11,1.28,0.051,7.32
Dll,uDll,ḍ-l-l,xsr,xsr,kh-s-r,6,1.88,0.052,7.32
b$r,bshr,b-sh-r,hdy,hdy,h-d-y,12,1.23,0.062,7.31
ndd,ndd,n-d-d,Alh,uAlh,a-l-h,5,1.47,0.005,7.31
rbS,rbuS,r-b-ṣ,qwl,qwl,q-w-l,7,1.4,0.01,7.31
$rk,shrk,sh-r-k,Ebd,uEbd,ʿ-b-d,13,1.18,0.066,7.31
sjn,sjn,s-j-n,qwl,qwl,q-w-l,7,1.4,0.01,7.31
DwA,uDwuA,ḍ-w-a,Alh,uAlh,a-l-h,5,1.47,0.005,7.31
HSr,uHuSr,ḥ-ṣ-r,Alh,uAlh,a-l-h,5,1.47,0.005,7.31
Hwr,uHwr,ḥ-w-r,qwl,qwl,q-w-l,7,1.4,0.01,7.31
blg,blg,b-l-gh,wjd,wjd,w-j-d,5,2.11,0.058,7.3
nsy,nsy,n-s-y,qbl,qbl,q-b-l,6,1.84,0.038,7.29
Emy,uEmy,ʿ-m-y,Ayy,uAyy,a-y-y,6,1.82,0.031,7.29
wsE,wsuE,w-s-ʿ,Aty,uAty,a-t-y,7,1.63,0.027,7.29
tbE,tbuE,t-b-ʿ,nzl,nzl,n-z-l,14,1.12,0.068,7.28
*nb,dhnb,dh-n-b,Alh,uAlh,a-l-h,19,0.77,0.02,7.27
$Tn,shuTn,sh-ṭ-n,Ans,uAns,a-n-s,5,2.1,0.058,7.27
Sdq,uSdq,ṣ-d-q,Hrm,uHrm,ḥ-r-m,6,1.87,0.056,7.27
jwb,jwb,j-w-b,E*b,uEdhb,ʿ-dh-b,7,1.66,0.037,7.26
sHr,suHr,s-ḥ-r,Aty,uAty,a-t-y,11,1.26,0.04,7.26
Sdd,uSdd,ṣ-d-d,E*b,uEdhb,ʿ-dh-b,7,1.66,0.037,7.26
vbt,vbt,th-b-t,kfr,kfr,k-f-r,5,1.98,0.021,7.26
Drb,uDrb,ḍ-r-b,mlk,mlk,m-l-k,6,1.86,0.049,7.25
Edw,uEdw,ʿ-d-w,gyr,gyr,gh-y-r,7,1.7,0.059,7.24
Efw,uEfw,ʿ-f-w,byn,byn,b-y-n,7,1.63,0.029,7.24
ydy,ydy,y-d-y,qtl,qtl,q-t-l,7,1.7,0.06,7.24
bED,buEuD,b-ʿ-ḍ,TwE,uTwuE,ṭ-w-ʿ,6,1.87,0.059,7.21
bEv,buEv,b-ʿ-th,Hyy,uHyy,ḥ-y-y,6,1.86,0.053,7.21
dwn,dwn,d-w-n,Sdq,uSdq,ṣ-d-q,9,1.46,0.063,7.21
nfq,nfq,n-f-q,Hbb,uHbb,ḥ-b-b,5,2.09,0.058,7.21
nEm,nuEm,n-ʿ-m,Hkm,uHkm,ḥ-k-m,10,1.37,0.063,7.21
Edl,uEdl,ʿ-d-l,byn,byn,b-y-n,6,1.78,0.025,7.21
Hbb,uHbb,ḥ-b-b,Axr,uAxr,a-kh-r,9,1.45,0.055,7.21
dxl,dxl,d-kh-l,skn,skn,s-k-n,5,2.09,0.056,7.2
sbH,sbuH,s-b-ḥ,Alh,uAlh,a-l-h,38,0.54,0.039,7.2
klm,klm,k-l-m,mlk,mlk,m-l-k,7,1.69,0.053,7.19
Sdq,uSdq,ṣ-d-q,rbb,rbb,r-b-b,10,-1.01,0.02,7.19
A*n,uAdhn,a-dh-n,byn,byn,b-y-n,14,1.1,0.051,7.18
fDl,fuDl,f-ḍ-l,xwf,xwf,kh-w-f,6,1.86,0.059,7.17
Drr,uDrr,ḍ-r-r,Ax*,uAxdh,a-kh-dh,8,1.55,0.051,7.17
SbH,uSbuH,ṣ-b-ḥ,Ax*,uAxdh,a-kh-dh,6,1.83,0.042,7.17
wrv,wrv,w-r-th,Eml,uEml,ʿ-m-l,6,1.81,0.035,7.16
ydy,ydy,y-d-y,$yA,shyuA,sh-y-a,16,1.01,0.057,7.16
A*n,uAdhn,a-dh-n,Hkm,uHkm,ḥ-k-m,8,1.55,0.057,7.15
Afk,uAfk,a-f-k,jyA,jyuA,j-y-a,5,2.04,0.034,7.15
Eql,uEql,ʿ-q-l,qwm,qwm,q-w-m,11,1.23,0.034,7.15
wry,wry,w-r-y,Ax*,uAxdh,a-kh-dh,5,2.04,0.036,7.15
*kr,dhkr,dh-k-r,ysr,ysr,y-s-r,6,1.83,0.039,7.14
mwt,mwt,m-w-t,nws,nws,n-w-s,12,1.22,0.065,7.14
xsr,xsr,kh-s-r,kwn,kwn,k-w-n,20,0.82,0.032,7.14
Ebd,uEbd,ʿ-b-d,xyr,xyr,kh-y-r,15,1.07,0.07,7.13
Sdq,uSdq,ṣ-d-q,TwE,uTwuE,ṭ-w-ʿ,8,1.55,0.061,7.13
fDl,fuDl,f-ḍ-l,nws,nws,n-w-s,9,1.44,0.057,7.12
jnH,jnuH,j-n-ḥ,wqy,wqy,w-q-y,5,2.04,0.037,7.12
mwt,mwt,m-w-t,rwH,rwuH,r-w-ḥ,5,2.07,0.051,7.12
Hbb,uHbb,ḥ-b-b,qtl,qtl,q-t-l,6,1.85,0.058,7.12
dEw,duEw,d-ʿ-w,njw,njw,n-j-w,7,1.68,0.054,7.11
slm,slm,s-l-m,Amm,uAmm,a-m-m,7,1.68,0.06,7.11
twb,twb,t-w-b,rbb,rbb,r-b-b,18,0.9,0.038,7.1
klm,klm,k-l-m,Alh,uAlh,a-l-h,32,0.58,0.033,7.09
qmr,qmr,q-m-r,rAy,ruAy,r-a-y,5,2.01,0.031,7.09
$hd,shhd,sh-h-d,Hqq,uHqq,ḥ-q-q,12,1.21,0.062,7.09
wjh,wjh,w-j-h,Alh,uAlh,a-l-h,32,0.58,0.033,7.09
kyf,kyf,k-y-f,rAy,ruAy,r-a-y,10,1.34,0.053,7.07
fsd,fsd,f-s-d,nws,nws,n-w-s,6,1.82,0.044,7.06
qdm,qdm,q-d-m,Zlm,uZlm,ẓ-l-m,7,1.65,0.041,7.06
xrj,xrj,kh-r-j,rzq,rzq,r-z-q,8,1.54,0.06,7.06
lyl,lyl,l-y-l,fDl,fuDl,f-ḍ-l,5,2.06,0.058,7.05
A*n,uAdhn,a-dh-n,xlf,xlf,kh-l-f,6,1.84,0.058,7.05
zwj,zwj,z-w-j,mlk,mlk,m-l-k,7,1.67,0.053,7.05
Hbb,uHbb,ḥ-b-b,Aty,uAty,a-t-y,14,1.08,0.049,7.04
qll,qll,q-l-l,Akl,uAkl,a-k-l,5,2.06,0.057,7.03
sxr,sxr,s-kh-r,xlq,xlq,kh-l-q,5,2.03,0.04,7.03
bEv,buEv,b-ʿ-th,byn,byn,b-y-n,11,1.24,0.042,7.02
nwb,nwb,n-w-b,$yA,shyuA,sh-y-a,5,1.95,0.021,7.02
bAs,buAs,b-a-s,qwm,qwm,q-w-m,14,1.06,0.042,7.01
mnn,mnn,m-n-n,Eml,uEml,ʿ-m-l,5,1.99,0.03,7.01
x$y,xshy,kh-sh-y,hdy,hdy,h-d-y,6,1.8,0.039,7.01
mss,mss,m-s-s,Ax*,uAxdh,a-kh-dh,7,1.65,0.047,7
Swb,uSwb,ṣ-w-b,End,uEnd,ʿ-n-d,6,1.82,0.049,7
dxl,dxl,d-kh-l,$yA,shyuA,sh-y-a,16,1,0.057,6.99
jzy,jzy,j-z-y,$kr,shkr,sh-k-r,5,2.05,0.056,6.99
mlA,mluA,m-l-a,Alh,uAlh,a-l-h,5,-1.27,0.005,6.99
Hll,uHll,ḥ-l-l,qwm,qwm,q-w-m,10,1.28,0.031,6.99
Tmn,uTmn,ṭ-m-n,Amn,uAmn,a-m-n,5,1.85,0.014,6.99
zyn,zyn,z-y-n,qwm,qwm,q-w-m,10,1.28,0.031,6.99
wly,wly,w-l-y,bEd,buEd,b-ʿ-d,15,1.05,0.071,6.98
*kr,dhkr,dh-k-r,rjl,rjl,r-j-l,8,1.52,0.048,6.97
swy,swy,s-w-y,jEl,juEl,j-ʿ-l,10,1.33,0.051,6.97
Ahl,uAhl,a-h-l,nwr,nwr,n-w-r,9,1.43,0.061,6.97
Edw,uEdw,ʿ-d-w,bny,bny,b-n-y,7,1.66,0.058,6.97
Hrj,uHrj,ḥ-r-j,kwn,kwn,k-w-n,6,1.53,0.01,6.97
hlk,hlk,h-l-k,Ahl,uAhl,a-h-l,5,2.04,0.055,6.96
Elw,uElw,ʿ-l-w,jEl,juEl,j-ʿ-l,9,1.41,0.047,6.96
wHy,wuHy,w-ḥ-y,nbA,nbuA,n-b-a,6,1.82,0.054,6.96
ydy,ydy,y-d-y,xrj,xrj,kh-r-j,8,1.53,0.06,6.96
frD,fruD,f-r-ḍ,Alh,uAlh,a-l-h,9,1.09,0.01,6.95
vwy,vwy,th-w-y,Alh,uAlh,a-l-h,9,1.09,0.01,6.95
Eqb,uEqb,ʿ-q-b,Alh,uAlh,a-l-h,33,0.57,0.034,6.94
HSn,uHuSn,ḥ-ṣ-n,Elm,uElm,ʿ-l-m,5,1.84,0.014,6.94
bdl,bdl,b-d-l,Alh,uAlh,a-l-h,20,0.73,0.021,6.92
bqy,bqy,b-q-y,Amn,uAmn,a-m-n,7,1.52,0.019,6.92
flH,fluH,f-l-ḥ,Alh,uAlh,a-l-h,20,0.73,0.021,6.92
Thr,uThr,ṭ-h-r,rsl,rsl,r-s-l,6,1.75,0.026,6.92
Ebd,uEbd,ʿ-b-d,H$r,uHshr,ḥ-sh-r,6,1.79,0.041,6.91
ldn,ldn,l-d-n,Aty,uAty,a-t-y,5,1.92,0.02,6.9
Edw,uEdw,ʿ-d-w,nbA,nbuA,n-b-a,7,1.65,0.058,6.9
ydy,ydy,y-d-y,mlk,mlk,m-l-k,9,1.42,0.06,6.9
kfy,kfy,k-f-y,byn,byn,b-y-n,7,1.59,0.029,6.89
klm,klm,k-l-m,bny,bny,b-n-y,6,1.81,0.054,6.89
Hsb,uHsb,ḥ-s-b,$yA,shyuA,sh-y-a,15,1.03,0.054,6.89
Alm,uAlm,a-l-m,gyr,gyr,gh-y-r,6,1.81,0.055,6.88
rwd,rwd,r-w-d,xlf,xlf,kh-l-f,7,1.65,0.059,6.87
dwn,dwn,d-w-n,Zlm,uZlm,ẓ-l-m,14,1.08,0.065,6.86
Ebd,uEbd,ʿ-b-d,wHy,wuHy,w-ḥ-y,8,1.51,0.05,6.86
n*r,ndhr,n-dh-r,qwm,qwm,q-w-m,20,0.86,0.056,6.85
rjl,rjl,r-j-l,xlf,xlf,kh-l-f,5,2.03,0.055,6.85
ryb,ryb,r-y-b,bEd,buEd,b-ʿ-d,5,2,0.039,6.85
Hml,uHml,ḥ-m-l,qwm,qwm,q-w-m,11,1.2,0.034,6.85
x$y,xshy,kh-sh-y,rbb,rbb,r-b-b,12,1.1,0.026,6.85
zyd,zyd,z-y-d,Amn,uAmn,a-m-n,14,1.03,0.036,6.85
dEw,duEw,d-ʿ-w,Amr,uAmr,a-m-r,14,1.09,0.069,6.84
hmm,hmm,h-m-m,Alh,uAlh,a-l-h,6,1.32,0.006,6.84
tjr,tjr,t-j-r,Alh,uAlh,a-l-h,6,1.32,0.006,6.84
dwn,dwn,d-w-n,smw,smw,s-m-w,16,1,0.065,6.83
gny,gny,gh-n-y,kfr,kfr,k-f-r,12,1.16,0.045,6.83
kvr,kvr,k-th-r,$yA,shyuA,sh-y-a,21,0.85,0.069,6.83
kvr,kvr,k-th-r,kwn,kwn,k-w-n,44,0.53,0.066,6.83
sbH,sbuH,s-b-ḥ,Ax*,uAxdh,a-kh-dh,9,1.4,0.054,6.83
b$r,bshr,b-sh-r,A*n,uAdhn,a-dh-n,6,1.8,0.057,6.82
nSr,nuSr,n-ṣ-r,kfr,kfr,k-f-r,19,0.9,0.063,6.82
Tgy,uTgy,ṭ-gh-y,kfr,kfr,k-f-r,8,1.46,0.032,6.82
bgy,bgy,b-gh-y,ktb,ktb,k-t-b,10,1.31,0.054,6.81
*kr,dhkr,dh-k-r,Emy,uEmy,ʿ-m-y,5,1.98,0.034,6.81
fsq,fsq,f-s-q,Hqq,uHqq,ḥ-q-q,7,1.62,0.044,6.81
$dd,shdd,sh-d-d,Hsn,uHsn,ḥ-s-n,8,1.51,0.058,6.81
dyn,dyn,d-y-n,wly,wly,w-l-y,8,1.51,0.055,6.8
lHm,luHm,l-ḥ-m,Alh,uAlh,a-l-h,8,1.15,0.008,6.8
n*r,ndhr,n-dh-r,wHd,wuHd,w-ḥ-d,5,2.02,0.055,6.8
rbS,rbuS,r-b-ṣ,Alh,uAlh,a-l-h,8,1.15,0.008,6.8
Ajl,uAjl,a-j-l,byn,byn,b-y-n,9,1.36,0.036,6.8
HDr,uHuDr,ḥ-ḍ-r,byn,byn,b-y-n,6,1.72,0.025,6.8
Tmn,uTmn,ṭ-m-n,Alh,uAlh,a-l-h,8,1.15,0.008,6.8
Tyb,uTyb,ṭ-y-b,wqy,wqy,w-q-y,6,1.78,0.042,6.8
k*b,kdhb,k-dh-b,rHm,ruHm,r-ḥ-m,5,-1.37,0.018,6.79
k*b,kdhb,k-dh-b,Eml,uEml,ʿ-m-l,5,-1.37,0.018,6.79
$Tn,shuTn,sh-ṭ-n,Amr,uAmr,a-m-r,8,1.5,0.053,6.79
Sbr,uSbr,ṣ-b-r,nbA,nbuA,n-b-a,7,1.64,0.057,6.79
nSr,nuSr,n-ṣ-r,dnw,dnw,d-n-w,8,1.51,0.06,6.78
bAs,buAs,b-a-s,wly,wly,w-l-y,7,1.63,0.051,6.77
nbt,nbt,n-b-t,Ayy,uAyy,a-y-y,5,1.94,0.027,6.77
bED,buEuD,b-ʿ-ḍ,kvr,kvr,k-th-r,7,1.63,0.056,6.76
*wq,dhwq,dh-w-q,kwn,kwn,k-w-n,20,0.8,0.032,6.76
jnd,jnd,j-n-d,rAy,ruAy,r-a-y,5,1.96,0.031,6.76
bgy,bgy,b-gh-y,nfq,nfq,n-f-q,5,2.01,0.057,6.75
jzy,jzy,j-z-y,$dd,shdd,sh-d-d,6,1.79,0.058,6.75
jzy,jzy,j-z-y,Ajr,uAjr,a-j-r,6,1.79,0.058,6.75
qrb,qrb,q-r-b,Hbb,uHbb,ḥ-b-b,5,2.01,0.057,6.75
rwd,rwd,r-w-d,jEl,juEl,j-ʿ-l,13,1.12,0.06,6.75
$kr,shkr,sh-k-r,xrj,xrj,kh-r-j,6,1.79,0.053,6.75
dxl,dxl,d-kh-l,EZm,uEuZm,ʿ-ẓ-m,7,1.63,0.059,6.74
fsq,fsq,f-s-q,wly,wly,w-l-y,6,1.78,0.047,6.74
gyZ,gyuZ,gh-y-ẓ,Alh,uAlh,a-l-h,7,1.22,0.007,6.74
jwr,jwr,j-w-r,Alh,uAlh,a-l-h,7,1.22,0.007,6.74
qhr,qhr,q-h-r,Alh,uAlh,a-l-h,7,1.22,0.007,6.74
ErD,uEruD,ʿ-r-ḍ,Ayy,uAyy,a-y-y,10,1.29,0.047,6.74
bAs,buAs,b-a-s,dxl,dxl,d-kh-l,5,2,0.055,6.73
swy,swy,s-w-y,hdy,hdy,h-d-y,9,1.39,0.052,6.73
A*n,uAdhn,a-dh-n,xrj,xrj,kh-r-j,7,1.63,0.057,6.73
bEv,buEv,b-ʿ-th,Dll,uDll,ḍ-l-l,6,1.78,0.051,6.72
tHt,tuHt,t-ḥ-t,rbb,rbb,r-b-b,14,1,0.03,6.72
Anv,uAnv,a-n-th,jEl,juEl,j-ʿ-l,5,1.95,0.03,6.72
bAs,buAs,b-a-s,qwl,qwl,q-w-l,25,0.69,0.034,6.71
$rk,shrk,sh-r-k,smw,smw,s-m-w,16,0.99,0.065,6.71
fSl,fuSl,f-ṣ-l,Elm,uElm,ʿ-l-m,11,1.17,0.029,6.7
ftn,ftn,f-t-n,End,uEnd,ʿ-n-d,6,1.77,0.049,6.68
slm,slm,s-l-m,jyA,jyuA,j-y-a,12,1.17,0.062,6.68
nfE,nfuE,n-f-ʿ,nws,nws,n-w-s,6,1.76,0.044,6.67
rHm,ruHm,r-ḥ-m,Anv,uAnv,a-n-th,5,1.94,0.029,6.67
$hd,shhd,sh-h-d,Sdq,uSdq,ṣ-d-q,8,1.49,0.06,6.67
Edw,uEdw,ʿ-d-w,Hbb,uHbb,ḥ-b-b,5,2,0.056,6.67
Elw,uElw,ʿ-l-w,Hqq,uHqq,ḥ-q-q,8,1.48,0.048,6.67
Esy,uEsy,ʿ-s-y,Alh,uAlh,a-l-h,15,0.83,0.016,6.67
vlv,vlv,th-l-th,Alh,uAlh,a-l-h,15,0.83,0.016,6.67
kvr,kvr,k-th-r,nzl,nzl,n-z-l,14,1.07,0.067,6.66
nSb,nuSb,n-ṣ-b,ktb,ktb,k-t-b,5,1.95,0.032,6.66
Hzn,uHzn,ḥ-z-n,End,uEnd,ʿ-n-d,5,1.97,0.043,6.66
wjd,wjd,w-j-d,ydy,ydy,y-d-y,6,1.78,0.057,6.66
Abd,uAbd,a-b-d,Zlm,uZlm,ẓ-l-m,5,1.94,0.031,6.65
Edl,uEdl,ʿ-d-l,kwn,kwn,k-w-n,10,1.14,0.017,6.65
ESy,uEuSy,ʿ-ṣ-y,kfr,kfr,k-f-r,7,1.55,0.028,6.65
EZm,uEuZm,ʿ-ẓ-m,xwf,xwf,kh-w-f,7,1.62,0.059,6.65
mvl,mvl,m-th-l,Eqb,uEqb,ʿ-q-b,6,1.77,0.054,6.64
nfq,nfq,n-f-q,qwm,qwm,q-w-m,16,0.96,0.047,6.64
Ewn,uEwn,ʿ-w-n,qwl,qwl,q-w-l,6,1.44,0.009,6.63
b$r,bshr,b-sh-r,fDl,fuDl,f-ḍ-l,6,1.77,0.057,6.62
fsq,fsq,f-s-q,hdy,hdy,h-d-y,7,1.59,0.043,6.62
kvr,kvr,k-th-r,Eql,uEql,ʿ-q-l,5,1.97,0.047,6.62
Any,uAny,a-n-y,bEd,buEd,b-ʿ-d,5,1.96,0.039,6.62
jhd,jhd,j-h-d,Eml,uEml,ʿ-m-l,6,1.73,0.034,6.61
$ms,shms,sh-m-s,kll,kll,k-l-l,6,1.72,0.031,6.61
Hkm,uHkm,ḥ-k-m,qlb,qlb,q-l-b,11,1.23,0.064,6.61
jzy,jzy,j-z-y,nfs,nfs,n-f-s,11,1.22,0.058,6.6
nSr,nuSr,n-ṣ-r,xrj,xrj,kh-r-j,9,1.38,0.061,6.6
qdr,qdr,q-d-r,xyr,xyr,kh-y-r,9,1.38,0.06,6.6
fsq,fsq,f-s-q,Amn,uAmn,a-m-n,13,1.05,0.033,6.59
hwd,hwd,h-w-d,Alh,uAlh,a-l-h,12,0.92,0.013,6.59
dxl,dxl,d-kh-l,wjd,wjd,w-j-d,6,1.77,0.057,6.58
fsd,fsd,f-s-d,jEl,juEl,j-ʿ-l,7,1.58,0.039,6.58
jhl,jhl,j-h-l,qwl,qwl,q-w-l,11,1.05,0.016,6.58
rjl,rjl,r-j-l,Ahl,uAhl,a-h-l,5,1.98,0.054,6.58
Ejb,uEjb,ʿ-j-b,qwl,qwl,q-w-l,11,1.05,0.016,6.58
jry,jry,j-r-y,Amr,uAmr,a-m-r,7,1.59,0.048,6.57
Elw,uElw,ʿ-l-w,ArD,uAruD,a-r-ḍ,11,1.2,0.043,6.57
ftH,ftuH,f-t-ḥ,byn,byn,b-y-n,7,1.54,0.029,6.56
bdl,bdl,b-d-l,qbl,qbl,q-b-l,6,1.73,0.037,6.55
xsr,xsr,kh-s-r,Axr,uAxr,a-kh-r,7,1.59,0.046,6.55
rAy,ruAy,r-a-y,jEl,juEl,j-ʿ-l,25,0.76,0.082,6.54
slT,sluT,s-l-ṭ,Zlm,uZlm,ẓ-l-m,6,1.73,0.036,6.54
Eqb,uEqb,ʿ-q-b,Ax*,uAxdh,a-kh-dh,8,1.47,0.05,6.54
Tyb,uTyb,ṭ-y-b,kwn,kwn,k-w-n,16,0.88,0.026,6.54
dwn,dwn,d-w-n,$Tn,shuTn,sh-ṭ-n,6,1.76,0.055,6.53
mrA,mruA,m-r-a,Elm,uElm,ʿ-l-m,10,1.21,0.026,6.53
qll,qll,q-l-l,qwl,qwl,q-w-l,26,0.66,0.036,6.53
rwd,rwd,r-w-d,Ahl,uAhl,a-h-l,7,1.6,0.058,6.53
rwH,rwuH,r-w-ḥ,smw,smw,s-m-w,8,1.45,0.04,6.53
xbr,xbr,kh-b-r,smw,smw,s-m-w,8,1.45,0.04,6.53
x$y,xshy,kh-sh-y,gfr,gfr,gh-f-r,5,1.95,0.041,6.53
lys,lys,l-y-s,Dll,uDll,ḍ-l-l,7,1.59,0.055,6.52
jry,jry,j-r-y,nwr,nwr,n-w-r,6,1.75,0.05,6.51
Edw,uEdw,ʿ-d-w,xrj,xrj,kh-r-j,7,1.6,0.056,6.51
zwj,zwj,z-w-j,dxl,dxl,d-kh-l,5,1.96,0.055,6.51
Ajr,uAjr,a-j-r,xwf,xwf,kh-w-f,6,1.75,0.057,6.5
jzy,jzy,j-z-y,nhr,nhr,n-h-r,6,1.75,0.057,6.48
lqy,lqy,l-q-y,Hyy,uHyy,ḥ-y-y,9,1.37,0.061,6.48
kvr,kvr,k-th-r,$kr,shkr,sh-k-r,6,1.74,0.052,6.47
Hkm,uHkm,ḥ-k-m,Hll,uHll,ḥ-l-l,5,1.94,0.043,6.47
Hsb,uHsb,ḥ-s-b,kwn,kwn,k-w-n,10,-0.94,0.016,6.47
blg,blg,b-l-gh,kbr,kbr,k-b-r,6,1.74,0.053,6.46
frq,frq,f-r-q,qtl,qtl,q-t-l,5,1.95,0.053,6.46
$hr,shhr,sh-h-r,Elm,uElm,ʿ-l-m,6,1.6,0.016,6.46
Ahl,uAhl,a-h-l,kwn,kwn,k-w-n,34,0.59,0.052,6.46
EZm,uEuZm,ʿ-ẓ-m,gfr,gfr,gh-f-r,10,1.28,0.061,6.46
wHd,wuHd,w-ḥ-d,xlq,xlq,kh-l-q,7,1.58,0.049,6.46
nkH,nkuH,n-k-ḥ,byn,byn,b-y-n,5,1.85,0.021,6.45
qrn,qrn,q-r-n,Axr,uAxr,a-kh-r,5,1.92,0.036,6.45
Ezz,uEzz,ʿ-z-z,kwn,kwn,k-w-n,12,-0.87,0.019,6.45
SlH,uSluH,ṣ-l-ḥ,bEd,buEd,b-ʿ-d,13,1.1,0.066,6.45
rwH,rwuH,r-w-ḥ,kll,kll,k-l-l,8,1.43,0.039,6.44
Akl,uAkl,a-k-l,Sdq,uSdq,ṣ-d-q,7,1.59,0.057,6.44
HfZ,uHfuZ,ḥ-f-ẓ,kll,kll,k-l-l,7,1.55,0.035,6.44
qdr,qdr,q-d-r,qwl,qwl,q-w-l,16,-0.75,0.021,6.43
$ms,shms,sh-m-s,qwm,qwm,q-w-m,8,1.38,0.025,6.43
dwr,dwr,d-w-r,ktb,ktb,k-t-b,7,1.56,0.042,6.42
gny,gny,gh-n-y,tbE,tbuE,t-b-ʿ,6,1.74,0.053,6.42
lys,lys,l-y-s,qwl,qwl,q-w-l,29,0.62,0.04,6.42
nhy,nhy,n-h-y,kwn,kwn,k-w-n,18,0.82,0.029,6.42
Erf,uErf,ʿ-r-f,wqy,wqy,w-q-y,7,1.57,0.047,6.42
kbr,kbr,k-b-r,$rk,shrk,sh-r-k,9,1.36,0.061,6.4
mvl,mvl,m-th-l,nwr,nwr,n-w-r,10,1.28,0.062,6.4
njw,njw,n-j-w,bny,bny,b-n-y,6,1.73,0.053,6.4
wHy,wuHy,w-ḥ-y,kwn,kwn,k-w-n,22,0.74,0.035,6.4
bAs,buAs,b-a-s,jyA,jyuA,j-y-a,8,1.44,0.048,6.39
ftH,ftuH,f-t-ḥ,smw,smw,s-m-w,6,1.69,0.031,6.39
wSy,wuSy,w-ṣ-y,kwn,kwn,k-w-n,9,1.18,0.015,6.39
fwz,fwz,f-w-z,Amn,uAmn,a-m-n,8,1.35,0.021,6.38
$Tn,shuTn,sh-ṭ-n,Abw,uAbw,a-b-w,5,1.94,0.055,6.38
b$r,bshr,b-sh-r,kbr,kbr,k-b-r,8,1.45,0.059,6.37
jry,jry,j-r-y,Hsn,uHsn,ḥ-s-n,6,1.72,0.05,6.36
mvl,mvl,m-th-l,$dd,shdd,sh-d-d,7,1.57,0.057,6.36
sbE,sbuE,s-b-ʿ,kll,kll,k-l-l,5,1.87,0.026,6.36
A*n,uAdhn,a-dh-n,rsl,rsl,r-s-l,13,1.07,0.05,6.36
Hsb,uHsb,ḥ-s-b,ywm,ywm,y-w-m,13,1.08,0.054,6.36
rjw,rjw,r-j-w,rHm,ruHm,r-ḥ-m,5,1.88,0.029,6.35
$fq,shfq,sh-f-q,rbb,rbb,r-b-b,5,1.7,0.011,6.35
HwT,uHwuT,ḥ-w-ṭ,Eml,uEml,ʿ-m-l,5,1.88,0.029,6.35
wrv,wrv,w-r-th,$yA,shyuA,sh-y-a,7,1.52,0.029,6.35
qwy,qwy,q-w-y,Aty,uAty,a-t-y,8,1.4,0.03,6.34
nEm,nuEm,n-ʿ-m,rDw,ruDw,r-ḍ-w,5,1.93,0.052,6.33
rDw,ruDw,r-ḍ-w,dnw,dnw,d-n-w,5,1.93,0.052,6.33
Thr,uThr,ṭ-h-r,Alh,uAlh,a-l-h,14,0.84,0.015,6.33
TEm,uTuEm,ṭ-ʿ-m,qbl,qbl,q-b-l,6,1.69,0.037,6.32
wdd,wdd,w-d-d,kwn,kwn,k-w-n,11,1.06,0.018,6.32
rjE,rjuE,r-j-ʿ,ydy,ydy,y-d-y,6,1.72,0.056,6.31
rAy,ruAy,r-a-y,kfr,kfr,k-f-r,34,0.62,0.089,6.31
dwn,dwn,d-w-n,nfs,nfs,n-f-s,13,1.08,0.063,6.3
frq,frq,f-r-q,nws,nws,n-w-s,7,1.56,0.048,6.3
lbv,lbv,l-b-th,Elm,uElm,ʿ-l-m,8,1.34,0.021,6.3
hwy,hwy,h-w-y,Amr,uAmr,a-m-r,5,1.9,0.038,6.29
rdd,rdd,r-d-d,jyA,jyuA,j-y-a,7,1.55,0.044,6.29
Emr,uEmr,ʿ-m-r,Alh,uAlh,a-l-h,11,0.94,0.012,6.29
Zhr,uZhr,ẓ-h-r,jyA,jyuA,j-y-a,7,1.55,0.044,6.29
k*b,kdhb,k-dh-b,Amn,uAmn,a-m-n,18,-0.73,0.037,6.28
swE,swuE,s-w-ʿ,End,uEnd,ʿ-n-d,5,1.91,0.043,6.28
ESy,uEuSy,ʿ-ṣ-y,rbb,rbb,r-b-b,10,1.16,0.022,6.28
fsq,fsq,f-s-q,Alh,uAlh,a-l-h,25,0.62,0.026,6.27
lqy,lqy,l-q-y,sbl,sbl,s-b-l,9,1.34,0.06,6.27
srE,sruE,s-r-ʿ,ywm,ywm,y-w-m,5,1.85,0.025,6.26
m$y,mshy,m-sh-y,ArD,uAruD,a-r-ḍ,5,1.83,0.022,6.25
jry,jry,j-r-y,smw,smw,s-m-w,9,1.32,0.043,6.24
kyf,kyf,k-y-f,bEd,buEd,b-ʿ-d,8,1.43,0.052,6.24
ndw,ndw,n-d-w,ywm,ywm,y-w-m,8,1.4,0.037,6.24
fsq,fsq,f-s-q,ktb,ktb,k-t-b,7,1.53,0.042,6.23
fSl,fuSl,f-ṣ-l,byn,byn,b-y-n,8,1.39,0.032,6.22
rAy,ruAy,r-a-y,wEd,wuEd,w-ʿ-d,13,1.07,0.061,6.22
Avm,uAvm,a-th-m,byn,byn,b-y-n,8,1.39,0.032,6.22
Twf,uTwf,ṭ-w-f,Axr,uAxr,a-kh-r,5,1.88,0.036,6.22
bEv,buEv,b-ʿ-th,Ayy,uAyy,a-y-y,9,1.31,0.043,6.21
hzA,hzuA,h-z-a,Aty,uAty,a-t-y,7,1.49,0.027,6.21
rAf,ruAf,r-a-f,Amn,uAmn,a-m-n,5,1.73,0.014,6.21
Eqb,uEqb,ʿ-q-b,gfr,gfr,gh-f-r,7,1.55,0.051,6.21
Hsb,uHsb,ḥ-s-b,gyr,gyr,gh-y-r,7,1.55,0.056,6.2
b$r,bshr,b-sh-r,wHy,wuHy,w-ḥ-y,5,1.9,0.053,6.19
*wq,dhwq,dh-w-q,Alh,uAlh,a-l-h,10,-0.88,0.01,6.19
fsq,fsq,f-s-q,qlb,qlb,q-l-b,5,1.9,0.048,6.19
nfq,nfq,n-f-q,Amn,uAmn,a-m-n,18,0.85,0.044,6.19
nsw,nsw,n-s-w,Awl,uAwl,a-w-l,5,1.9,0.047,6.19
SlH,uSluH,ṣ-l-ḥ,rzq,rzq,r-z-q,8,1.43,0.057,6.19
zwj,zwj,z-w-j,rHm,ruHm,r-ḥ-m,9,1.32,0.047,6.19
$rk,shrk,sh-r-k,tbE,tbuE,t-b-ʿ,9,1.33,0.06,6.18
Swb,uSwb,ṣ-w-b,nfs,nfs,n-f-s,7,1.53,0.043,6.18
zkw,zkw,z-k-w,nfs,nfs,n-f-s,7,1.53,0.043,6.18
fwh,fwh,f-w-h,qwl,qwl,q-w-l,7,1.28,0.01,6.17
kyl,kyl,k-y-l,qwl,qwl,q-w-l,7,1.28,0.01,6.17
xbr,xbr,kh-b-r,ArD,uAruD,a-r-ḍ,9,1.29,0.037,6.17
klm,klm,k-l-m,smE,smuE,s-m-ʿ,6,1.69,0.051,6.16
mny,mny,m-n-y,kwn,kwn,k-w-n,8,1.24,0.013,6.16
Edw,uEdw,ʿ-d-w,Ax*,uAxdh,a-kh-dh,9,1.32,0.054,6.16
wqt,wqt,w-q-t,Elm,uElm,ʿ-l-m,5,1.72,0.013,6.16
Abw,uAbw,a-b-w,dxl,dxl,d-kh-l,6,1.7,0.056,6.15
Ehd,uEhd,ʿ-h-d,wqy,wqy,w-q-y,5,1.87,0.037,6.15
xwf,xwf,kh-w-f,Amn,uAmn,a-m-n,22,0.76,0.053,6.15
Ahl,uAhl,a-h-l,Drr,uDrr,ḍ-r-r,5,1.89,0.053,6.12
Efw,uEfw,ʿ-f-w,ktb,ktb,k-t-b,5,1.85,0.032,6.11
klm,klm,k-l-m,ywm,ywm,y-w-m,10,1.22,0.045,6.1
vlv,vlv,th-l-th,jEl,juEl,j-ʿ-l,5,1.84,0.029,6.1
bHr,buHr,b-ḥ-r,rAy,ruAy,r-a-y,6,1.66,0.036,6.09
mlA,mluA,m-l-a,rAy,ruAy,r-a-y,6,1.66,0.036,6.09
mss,mss,m-s-s,Alh,uAlh,a-l-h,26,0.6,0.027,6.09
nSr,nuSr,n-ṣ-r,sbl,sbl,s-b-l,9,1.32,0.06,6.09
qry,qry,q-r-y,xrj,xrj,kh-r-j,5,1.88,0.047,6.09
$dd,shdd,sh-d-d,Aty,uAty,a-t-y,15,0.96,0.051,6.09
$qq,shqq,sh-q-q,smw,smw,s-m-w,5,1.83,0.027,6.09
wjd,wjd,w-j-d,hdy,hdy,h-d-y,10,1.23,0.054,6.09
b$r,bshr,b-sh-r,klm,klm,k-l-m,5,1.88,0.053,6.08
ftH,ftuH,f-t-ḥ,jyA,jyuA,j-y-a,5,1.85,0.034,6.08
ftH,ftuH,f-t-ḥ,Amn,uAmn,a-m-n,9,1.23,0.024,6.07
Zhr,uZhr,ẓ-h-r,hdy,hdy,h-d-y,7,1.51,0.043,6.07
brA,bruA,b-r-a,Eml,uEml,ʿ-m-l,5,1.83,0.029,6.06
nfq,nfq,n-f-q,Elm,uElm,ʿ-l-m,18,0.84,0.044,6.06
wdd,wdd,w-d-d,rHm,ruHm,r-ḥ-m,5,1.83,0.029,6.06
swE,swuE,s-w-ʿ,smw,smw,s-m-w,7,1.49,0.035,6.05
dwr,dwr,d-w-r,Hyy,uHyy,ḥ-y-y,5,1.87,0.047,6.04
dwr,dwr,d-w-r,Zlm,uZlm,ẓ-l-m,7,1.51,0.041,6.04
kbr,kbr,k-b-r,Ajr,uAjr,a-j-r,7,1.53,0.056,6.04
lqy,lqy,l-q-y,Eyn,uEyn,ʿ-y-n,5,1.87,0.051,6.04
nsw,nsw,n-s-w,bEd,buEd,b-ʿ-d,6,1.66,0.043,6.04
wrv,wrv,w-r-th,kll,kll,k-l-l,6,1.63,0.031,6.04
wHd,wuHd,w-ḥ-d,kwn,kwn,k-w-n,21,0.73,0.034,6.04
tHt,tuHt,t-ḥ-t,wqy,wqy,w-q-y,6,1.66,0.042,6.03
kbr,kbr,k-b-r,$hd,shhd,sh-h-d,8,1.41,0.058,6.02
*kr,dhkr,dh-k-r,Elm,uElm,ʿ-l-m,44,0.51,0.089,6.01
kbr,kbr,k-b-r,Amn,uAmn,a-m-n,28,0.66,0.064,6.01
klm,klm,k-l-m,rwd,rwd,r-w-d,5,1.87,0.052,6.01
nfq,nfq,n-f-q,wjd,wjd,w-j-d,5,1.87,0.054,6.01
tHt,tuHt,t-ḥ-t,kfr,kfr,k-f-r,9,1.27,0.035,6.01
bAs,buAs,b-a-s,qtl,qtl,q-t-l,5,1.87,0.052,6
jhl,jhl,j-h-l,Alh,uAlh,a-l-h,13,0.85,0.014,6
rdd,rdd,r-d-d,nfs,nfs,n-f-s,7,1.5,0.043,6
rqb,rqb,r-q-b,byn,byn,b-y-n,5,1.78,0.021,6
Abw,uAbw,a-b-w,AHd,uAuHd,a-ḥ-d,5,1.87,0.054,6
Akl,uAkl,a-k-l,nws,nws,n-w-s,9,1.3,0.055,6
Ejb,uEjb,ʿ-j-b,Alh,uAlh,a-l-h,13,0.85,0.014,6
vny,vny,th-n-y,Alh,uAlh,a-l-h,13,0.85,0.014,6
wEZ,wuEuZ,w-ʿ-ẓ,Alh,uAlh,a-l-h,13,0.85,0.014,6
xzy,xzy,kh-z-y,Alh,uAlh,a-l-h,13,0.85,0.014,6
dll,dll,d-l-l,qwl,qwl,q-w-l,5,1.49,0.007,5.99
jmE,jmuE,j-m-ʿ,kll,kll,k-l-l,14,1,0.059,5.99
SlH,uSluH,ṣ-l-ḥ,Alh,uAlh,a-l-h,66,0.37,0.064,5.99
TwE,uTwuE,ṭ-w-ʿ,Amr,uAmr,a-m-r,10,1.23,0.058,5.99
nEm,nuEm,n-ʿ-m,fDl,fuDl,f-ḍ-l,6,1.67,0.055,5.98
yqn,yqn,y-q-n,ArD,uAruD,a-r-ḍ,6,1.6,0.026,5.98
k*b,kdhb,k-dh-b,kwn,kwn,k-w-n,64,0.4,0.089,5.97
glb,glb,gh-l-b,qwl,qwl,q-w-l,12,0.95,0.017,5.96
sjd,sjd,s-j-d,End,uEnd,ʿ-n-d,7,1.51,0.052,5.96
qDy,quDy,q-ḍ-y,jyA,jyuA,j-y-a,7,1.5,0.044,5.95
Akl,uAkl,a-k-l,Hbb,uHbb,ḥ-b-b,5,1.86,0.054,5.95
bSr,buSr,b-ṣ-r,ydy,ydy,y-d-y,7,1.51,0.056,5.94
qTE,quTuE,q-ṭ-ʿ,ArD,uAruD,a-r-ḍ,7,1.46,0.029,5.94
rwH,rwuH,r-w-ḥ,$yA,shyuA,sh-y-a,9,1.27,0.036,5.94
Esy,uEsy,ʿ-s-y,Amn,uAmn,a-m-n,8,1.3,0.021,5.94
sbq,sbq,s-b-q,byn,byn,b-y-n,7,1.46,0.029,5.93
slT,sluT,s-l-ṭ,jEl,juEl,j-ʿ-l,6,1.63,0.034,5.93
Alm,uAlm,a-l-m,rsl,rsl,r-s-l,11,1.13,0.044,5.93
fty,fty,f-t-y,Aty,uAty,a-t-y,5,1.76,0.02,5.92
kvr,kvr,k-th-r,ArD,uAruD,a-r-ḍ,20,0.81,0.066,5.92
nkH,nkuH,n-k-ḥ,Aty,uAty,a-t-y,5,1.76,0.02,5.92
jHd,juHd,j-ḥ-d,kwn,kwn,k-w-n,6,1.41,0.01,5.91
qDy,quDy,q-ḍ-y,Hqq,uHqq,ḥ-q-q,7,1.49,0.043,5.91
sfr,sfr,s-f-r,kwn,kwn,k-w-n,6,1.41,0.01,5.91
rDw,ruDw,r-ḍ-w,Axr,uAxr,a-kh-r,7,1.49,0.046,5.9
Swb,uSwb,ṣ-w-b,qlb,qlb,q-l-b,5,1.84,0.047,5.9
zkw,zkw,z-k-w,Elm,uElm,ʿ-l-m,13,0.99,0.033,5.9
lqy,lqy,l-q-y,qwl,qwl,q-w-l,42,0.49,0.055,5.89
sHr,suHr,s-ḥ-r,kfr,kfr,k-f-r,10,1.18,0.038,5.89
tbE,tbuE,t-b-ʿ,nws,nws,n-w-s,12,1.09,0.063,5.89
dwn,dwn,d-w-n,xlq,xlq,kh-l-q,11,1.15,0.061,5.88
vlv,vlv,th-l-th,Elm,uElm,ʿ-l-m,8,1.29,0.021,5.86
*wq,dhwq,dh-w-q,mwt,mwt,m-w-t,5,1.84,0.049,5.85
kfy,kfy,k-f-y,ktb,ktb,k-t-b,5,1.8,0.032,5.85
kvr,kvr,k-th-r,qll,qll,q-l-l,6,1.64,0.051,5.85
bED,buEuD,b-ʿ-ḍ,Elm,uElm,ʿ-l-m,18,0.83,0.044,5.84
bTl,buTl,b-ṭ-l,jyA,jyuA,j-y-a,5,1.81,0.034,5.84
$Tn,shuTn,sh-ṭ-n,rAy,ruAy,r-a-y,9,1.28,0.048,5.84
bdl,bdl,b-d-l,kwn,kwn,k-w-n,14,0.89,0.023,5.83
rbE,rbuE,r-b-ʿ,ArD,uAruD,a-r-ḍ,5,1.75,0.022,5.83
tbE,tbuE,t-b-ʿ,Amr,uAmr,a-m-r,12,1.09,0.063,5.83
Erf,uErf,ʿ-r-f,rHm,ruHm,r-ḥ-m,8,1.36,0.043,5.83
wld,wld,w-l-d,bny,bny,b-n-y,6,1.64,0.052,5.83
mdd,mdd,m-d-d,jEl,juEl,j-ʿ-l,5,1.79,0.029,5.82
mwh,mwh,m-w-h,gyr,gyr,gh-y-r,5,1.83,0.049,5.82
$Tn,shuTn,sh-ṭ-n,xwf,xwf,kh-w-f,5,1.84,0.053,5.82
smE,smuE,s-m-ʿ,Ayy,uAyy,a-y-y,17,0.88,0.066,5.82
sxr,sxr,s-kh-r,Ayy,uAyy,a-y-y,6,1.6,0.031,5.82
dwr,dwr,d-w-r,rAy,ruAy,r-a-y,7,1.47,0.04,5.81
Drr,uDrr,ḍ-r-r,bEd,buEd,b-ʿ-d,7,1.48,0.048,5.81
E$r,uEshr,ʿ-sh-r,Aty,uAty,a-t-y,6,1.57,0.023,5.81
vql,vql,th-q-l,Aty,uAty,a-t-y,6,1.57,0.023,5.81
ksb,ksb,k-s-b,wly,wly,w-l-y,6,1.63,0.046,5.79
nSr,nuSr,n-ṣ-r,qwm,qwm,q-w-m,22,0.75,0.06,5.79
smE,smuE,s-m-ʿ,TwE,uTwuE,ṭ-w-ʿ,8,1.38,0.057,5.79
bdl,bdl,b-d-l,bEd,buEd,b-ʿ-d,5,1.81,0.038,5.78
dEw,duEw,d-ʿ-w,slm,slm,s-l-m,9,1.28,0.058,5.78
njw,njw,n-j-w,Hyy,uHyy,ḥ-y-y,6,1.63,0.051,5.78
rwd,rwd,r-w-d,Amr,uAmr,a-m-r,10,1.2,0.058,5.78
Hsb,uHsb,ḥ-s-b,End,uEnd,ʿ-n-d,8,1.37,0.055,5.78
*nb,dhnb,dh-n-b,Axr,uAxr,a-kh-r,5,1.8,0.036,5.77
kbr,kbr,k-b-r,qrA,qruA,q-r-a,6,1.63,0.052,5.77
mwl,mwl,m-w-l,$yA,shyuA,sh-y-a,12,1.06,0.045,5.77
$jr,shjr,sh-j-r,smw,smw,s-m-w,5,1.77,0.026,5.77
Zhr,uZhr,ẓ-h-r,qlb,qlb,q-l-b,5,1.82,0.047,5.77
Znn,uZnn,ẓ-n-n,qlb,qlb,q-l-b,5,1.82,0.047,5.77
vql,vql,th-q-l,smw,smw,s-m-w,5,1.77,0.026,5.77
nSb,nuSb,n-ṣ-b,kwn,kwn,k-w-n,11,1.01,0.018,5.76
fry,fry,f-r-y,qwm,qwm,q-w-m,11,1.09,0.034,5.74
hwn,hwn,h-w-n,Ayy,uAyy,a-y-y,5,1.76,0.026,5.74
rwd,rwd,r-w-d,Hyy,uHyy,ḥ-y-y,8,1.37,0.057,5.74
slm,slm,s-l-m,$hd,shhd,sh-h-d,7,1.48,0.056,5.73
qsT,qsuT,q-s-ṭ,kwn,kwn,k-w-n,9,1.12,0.015,5.72
rjE,rjuE,r-j-ʿ,Amr,uAmr,a-m-r,9,1.27,0.055,5.72
ytm,ytm,y-t-m,kwn,kwn,k-w-n,9,1.12,0.015,5.72
nsw,nsw,n-s-w,$yA,shyuA,sh-y-a,9,1.24,0.036,5.71
b$r,bshr,b-sh-r,Alh,uAlh,a-l-h,48,0.42,0.048,5.7
bHr,buHr,b-ḥ-r,jEl,juEl,j-ʿ-l,6,1.59,0.034,5.7
krh,krh,k-r-h,kfr,kfr,k-f-r,7,1.42,0.028,5.7
rwd,rwd,r-w-d,Aty,uAty,a-t-y,17,0.86,0.056,5.7
Ahl,uAhl,a-h-l,Aty,uAty,a-t-y,17,0.86,0.056,5.7
Ajl,uAjl,a-j-l,kwn,kwn,k-w-n,16,0.82,0.026,5.7
blg,blg,b-l-gh,hdy,hdy,h-d-y,8,1.35,0.047,5.69
dyn,dyn,d-y-n,kfr,kfr,k-f-r,13,1,0.047,5.69
Zhr,uZhr,ẓ-h-r,ktb,ktb,k-t-b,7,1.46,0.042,5.69
mwt,mwt,m-w-t,mlk,mlk,m-l-k,10,1.19,0.06,5.68
qdr,qdr,q-d-r,Amr,uAmr,a-m-r,10,1.19,0.058,5.68
klm,klm,k-l-m,bEd,buEd,b-ʿ-d,7,1.46,0.048,5.67
qrb,qrb,q-r-b,qwl,qwl,q-w-l,30,0.57,0.041,5.67
zwj,zwj,z-w-j,SlH,uSluH,ṣ-l-ḥ,6,1.61,0.05,5.67
qrr,qrr,q-r-r,ArD,uAruD,a-r-ḍ,7,1.42,0.029,5.66
Slw,uSlw,ṣ-l-w,wjd,wjd,w-j-d,5,1.81,0.053,5.66
Tyb,uTyb,ṭ-y-b,jnn,jnn,j-n-n,5,1.79,0.041,5.66
twb,twb,t-w-b,xyr,xyr,kh-y-r,6,1.61,0.049,5.65
A*n,uAdhn,a-dh-n,Ayy,uAyy,a-y-y,11,1.11,0.05,5.65
Hmd,uHmd,ḥ-m-d,gfr,gfr,gh-f-r,6,1.6,0.046,5.65
Syr,uSyr,ṣ-y-r,ArD,uAruD,a-r-ḍ,6,1.55,0.026,5.65
wsE,wsuE,w-s-ʿ,ArD,uAruD,a-r-ḍ,6,1.55,0.026,5.65
$dd,shdd,sh-d-d,wqy,wqy,w-q-y,9,1.26,0.054,5.64
A*y,uAdhy,a-dh-y,rsl,rsl,r-s-l,5,1.72,0.022,5.64
Erb,uErb,ʿ-r-b,rsl,rsl,r-s-l,5,1.72,0.022,5.64
k*b,kdhb,k-dh-b,$hd,shhd,sh-h-d,11,1.12,0.058,5.63
zyd,zyd,z-y-d,E*b,uEdhb,ʿ-dh-b,8,1.33,0.041,5.63
kyf,kyf,k-y-f,mvl,mvl,m-th-l,6,1.61,0.052,5.62
vmr,vmr,th-m-r,qwm,qwm,q-w-m,6,1.51,0.019,5.62
mwt,mwt,m-w-t,sbl,sbl,s-b-l,9,1.26,0.059,5.61
smE,smuE,s-m-ʿ,qwl,qwl,q-w-l,49,0.44,0.063,5.61
rdd,rdd,r-d-d,qbl,qbl,q-b-l,7,1.44,0.041,5.59
hwy,hwy,h-w-y,Alh,uAlh,a-l-h,18,0.69,0.019,5.58
qrb,qrb,q-r-b,$dd,shdd,sh-d-d,5,1.79,0.053,5.58
wrv,wrv,w-r-th,Aty,uAty,a-t-y,7,1.4,0.027,5.58
ksb,ksb,k-s-b,swA,swuA,s-w-a,5,1.78,0.047,5.57
kvr,kvr,k-th-r,Dll,uDll,ḍ-l-l,10,1.18,0.06,5.57
nSr,nuSr,n-ṣ-r,Ezz,uEzz,ʿ-z-z,7,1.46,0.055,5.57
Drr,uDrr,ḍ-r-r,Hsn,uHsn,ḥ-s-n,6,1.59,0.049,5.57
lys,lys,l-y-s,ktb,ktb,k-t-b,9,1.24,0.049,5.56
rjE,rjuE,r-j-ʿ,Ahl,uAhl,a-h-l,6,1.6,0.054,5.56
SrT,uSruT,ṣ-r-ṭ,$yA,shyuA,sh-y-a,8,1.3,0.032,5.56
kbr,kbr,k-b-r,sjd,sjd,s-j-d,6,1.59,0.051,5.55
qDy,quDy,q-ḍ-y,qwl,qwl,q-w-l,21,0.68,0.029,5.55
fwz,fwz,f-w-z,Alh,uAlh,a-l-h,14,0.78,0.015,5.54
rjw,rjw,r-j-w,Alh,uAlh,a-l-h,14,0.78,0.015,5.54
frq,frq,f-r-q,Hkm,uHkm,ḥ-k-m,6,1.58,0.047,5.53
gny,gny,gh-n-y,bEd,buEd,b-ʿ-d,7,1.44,0.047,5.53
qrb,qrb,q-r-b,$yA,shyuA,sh-y-a,13,0.99,0.048,5.53
$kr,shkr,sh-k-r,Alh,uAlh,a-l-h,30,0.53,0.031,5.53
rDw,ruDw,r-ḍ-w,rbb,rbb,r-b-b,16,0.84,0.034,5.52
Any,uAny,a-n-y,kll,kll,k-l-l,6,1.55,0.031,5.52
wvq,wvq,w-th-q,Amn,uAmn,a-m-n,8,1.25,0.021,5.52
lys,lys,l-y-s,Amm,uAmm,a-m-m,5,1.78,0.052,5.51
bkr,bkr,b-k-r,rbb,rbb,r-b-b,5,1.58,0.011,5.5
brA,bruA,b-r-a,kfr,kfr,k-f-r,6,1.52,0.024,5.5
fEl,fuEl,f-ʿ-l,qtl,qtl,q-t-l,6,1.59,0.054,5.5
lys,lys,l-y-s,End,uEnd,ʿ-n-d,7,1.44,0.051,5.5
sjn,sjn,s-j-n,rbb,rbb,r-b-b,5,1.58,0.011,5.5
Erf,uErf,ʿ-r-f,gfr,gfr,gh-f-r,6,1.58,0.045,5.5
ETw,uEuTw,ʿ-ṭ-w,rbb,rbb,r-b-b,5,1.58,0.011,5.5
xrr,xrr,kh-r-r,rbb,rbb,r-b-b,5,1.58,0.011,5.5
zyd,zyd,z-y-d,qlb,qlb,q-l-b,5,1.77,0.047,5.5
drj,drj,d-r-j,Aty,uAty,a-t-y,5,1.68,0.02,5.49
mwt,mwt,m-w-t,wfy,wfy,w-f-y,5,1.77,0.048,5.49
rDw,ruDw,r-ḍ-w,rHm,ruHm,r-ḥ-m,8,1.32,0.042,5.49
wjd,wjd,w-j-d,qwl,qwl,q-w-l,32,0.54,0.043,5.49
fqr,fqr,f-q-r,Elm,uElm,ʿ-l-m,5,1.61,0.013,5.48
rfE,rfuE,r-f-ʿ,$yA,shyuA,sh-y-a,6,1.52,0.025,5.48
rDw,ruDw,r-ḍ-w,Amn,uAmn,a-m-n,14,0.92,0.036,5.48
Eln,uEln,ʿ-l-n,rbb,rbb,r-b-b,6,1.42,0.014,5.48
Swb,uSwb,ṣ-w-b,nws,nws,n-w-s,6,1.57,0.043,5.48
bSr,buSr,b-ṣ-r,skn,skn,s-k-n,5,1.76,0.049,5.47
fwh,fwh,f-w-h,Alh,uAlh,a-l-h,8,1.03,0.008,5.47
mrA,mruA,m-r-a,$yA,shyuA,sh-y-a,7,1.39,0.029,5.47
kbr,kbr,k-b-r,AHd,uAuHd,a-ḥ-d,6,1.58,0.051,5.45
ksb,ksb,k-s-b,E*b,uEdhb,ʿ-dh-b,8,1.31,0.04,5.45
Drr,uDrr,ḍ-r-r,kfr,kfr,k-f-r,11,1.08,0.041,5.45
Ebd,uEbd,ʿ-b-d,kwn,kwn,k-w-n,62,0.39,0.087,5.45
vmn,vmn,th-m-n,kwn,kwn,k-w-n,8,1.16,0.013,5.45
wjh,wjh,w-j-h,Hsn,uHsn,ḥ-s-n,6,1.57,0.048,5.45
ymn,ymn,y-m-n,gyr,gyr,gh-y-r,5,1.76,0.048,5.45
Ezz,uEzz,ʿ-z-z,smw,smw,s-m-w,13,0.99,0.056,5.44
Swb,uSwb,ṣ-w-b,Amr,uAmr,a-m-r,6,1.56,0.043,5.44
zkw,zkw,z-k-w,Amr,uAmr,a-m-r,6,1.56,0.043,5.44
jmE,jmuE,j-m-ʿ,Hsb,uHsb,ḥ-s-b,6,1.58,0.053,5.43
k*b,kdhb,k-dh-b,qwm,qwm,q-w-m,36,0.55,0.084,5.43
mvl,mvl,m-th-l,Hyy,uHyy,ḥ-y-y,9,1.24,0.058,5.43
nSH,nuSuH,n-ṣ-ḥ,qwl,qwl,q-w-l,6,1.3,0.009,5.43
Tyb,uTyb,ṭ-y-b,gfr,gfr,gh-f-r,5,1.75,0.04,5.43
Zhr,uZhr,ẓ-h-r,kll,kll,k-l-l,8,1.3,0.039,5.43
ftn,ftn,f-t-n,qbl,qbl,q-b-l,7,1.42,0.041,5.42
gDb,guDb,gh-ḍ-b,kfr,kfr,k-f-r,5,1.67,0.021,5.42
Awy,uAwy,a-w-y,kfr,kfr,k-f-r,7,1.38,0.028,5.42
Drr,uDrr,ḍ-r-r,qwl,qwl,q-w-l,24,0.63,0.033,5.42
jhl,jhl,j-h-l,Amn,uAmn,a-m-n,7,1.33,0.019,5.41
jmE,jmuE,j-m-ʿ,njw,njw,n-j-w,5,1.76,0.051,5.41
kvr,kvr,k-th-r,ktb,ktb,k-t-b,14,0.95,0.063,5.41
nSr,nuSr,n-ṣ-r,TwE,uTwuE,ṭ-w-ʿ,7,1.43,0.055,5.41
sxr,sxr,s-kh-r,qwm,qwm,q-w-m,8,1.26,0.025,5.39
Twf,uTwf,ṭ-w-f,nfs,nfs,n-f-s,5,1.72,0.033,5.39
Twf,uTwf,ṭ-w-f,qwm,qwm,q-w-m,8,1.26,0.025,5.39
bEv,buEv,b-ʿ-th,Elm,uElm,ʿ-l-m,14,0.91,0.035,5.38
r$d,rshd,r-sh-d,Amn,uAmn,a-m-n,6,1.45,0.016,5.38
rDw,ruDw,r-ḍ-w,Elm,uElm,ʿ-l-m,14,0.91,0.035,5.38
tbE,tbuE,t-b-ʿ,Abw,uAbw,a-b-w,7,1.43,0.054,5.38
A*n,uAdhn,a-dh-n,bEd,buEd,b-ʿ-d,8,1.31,0.051,5.38
Syr,uSyr,ṣ-y-r,byn,byn,b-y-n,6,1.51,0.025,5.38
wHd,wuHd,w-ḥ-d,Ax*,uAxdh,a-kh-dh,7,1.42,0.045,5.38
wvq,wvq,w-th-q,byn,byn,b-y-n,6,1.51,0.025,5.38
jzy,jzy,j-z-y,ywm,ywm,y-w-m,13,0.98,0.053,5.37
slT,sluT,s-l-ṭ,rsl,rsl,r-s-l,7,1.38,0.03,5.37
wrv,wrv,w-r-th,ktb,ktb,k-t-b,5,1.72,0.032,5.37
ymn,ymn,y-m-n,gfr,gfr,gh-f-r,6,1.56,0.045,5.37
bdw,bdw,b-d-w,qwl,qwl,q-w-l,12,0.9,0.017,5.36
fry,fry,f-r-y,byn,byn,b-y-n,9,1.19,0.035,5.36
lys,lys,l-y-s,wqy,wqy,w-q-y,8,1.31,0.05,5.36
Hbb,uHbb,ḥ-b-b,wqy,wqy,w-q-y,8,1.31,0.05,5.36
jhl,jhl,j-h-l,Elm,uElm,ʿ-l-m,7,1.32,0.019,5.34
sbE,sbuE,s-b-ʿ,Elm,uElm,ʿ-l-m,7,1.32,0.019,5.34
tlw,tlw,t-l-w,nfs,nfs,n-f-s,7,1.41,0.042,5.34
wDE,wuDuE,w-ḍ-ʿ,Elm,uElm,ʿ-l-m,7,1.32,0.019,5.34
wHy,wuHy,w-ḥ-y,rbb,rbb,r-b-b,17,0.8,0.036,5.34
bAs,buAs,b-a-s,Zlm,uZlm,ẓ-l-m,8,1.3,0.044,5.33
hwy,hwy,h-w-y,k*b,kdhb,k-dh-b,5,1.71,0.034,5.33
hwy,hwy,h-w-y,nzl,nzl,n-z-l,5,1.71,0.034,5.33
krh,krh,k-r-h,Amn,uAmn,a-m-n,9,1.15,0.024,5.33
fty,fty,f-t-y,Elm,uElm,ʿ-l-m,6,1.44,0.016,5.32
Ebd,uEbd,ʿ-b-d,gyr,gyr,gh-y-r,12,1.03,0.06,5.32
Hkm,uHkm,ḥ-k-m,ArD,uAruD,a-r-ḍ,22,0.72,0.07,5.32
Zhr,uZhr,ẓ-h-r,nws,nws,n-w-s,6,1.54,0.043,5.32
wjd,wjd,w-j-d,Ax*,uAxdh,a-kh-dh,9,1.22,0.052,5.32
x$y,xshy,kh-sh-y,wqy,wqy,w-q-y,5,1.72,0.036,5.32
dEw,duEw,d-ʿ-w,A*n,uAdhn,a-dh-n,7,1.41,0.051,5.31
wHd,wuHd,w-ḥ-d,mlk,mlk,m-l-k,6,1.55,0.047,5.31
grb,grb,gh-r-b,qwm,qwm,q-w-m,5,1.62,0.016,5.3
$hr,shhr,sh-h-r,qwm,qwm,q-w-m,5,1.62,0.016,5.3
slT,sluT,s-l-ṭ,Ax*,uAxdh,a-kh-dh,5,1.71,0.035,5.3
smE,smuE,s-m-ʿ,mvl,mvl,m-th-l,9,1.22,0.058,5.29
tHt,tuHt,t-ḥ-t,End,uEnd,ʿ-n-d,5,1.72,0.042,5.29
bED,buEuD,b-ʿ-ḍ,Hkm,uHkm,ḥ-k-m,7,1.41,0.051,5.28
*kr,dhkr,dh-k-r,smw,smw,s-m-w,24,0.69,0.078,5.28
dyn,dyn,d-y-n,End,uEnd,ʿ-n-d,7,1.41,0.051,5.28
lyl,lyl,l-y-l,smw,smw,s-m-w,10,1.13,0.046,5.28
mtE,mtuE,m-t-ʿ,ywm,ywm,y-w-m,9,1.2,0.041,5.28
ryb,ryb,r-y-b,Aty,uAty,a-t-y,7,1.36,0.027,5.28
AHd,uAuHd,a-ḥ-d,byn,byn,b-y-n,12,1.01,0.045,5.28
b$r,bshr,b-sh-r,SlH,uSluH,ṣ-l-ḥ,8,1.3,0.055,5.27
qrb,qrb,q-r-b,bEd,buEd,b-ʿ-d,8,1.3,0.051,5.27
AHd,uAuHd,a-ḥ-d,rAy,ruAy,r-a-y,9,1.2,0.047,5.27
Elw,uElw,ʿ-l-w,Hkm,uHkm,ḥ-k-m,6,1.54,0.047,5.27
Ezz,uEzz,ʿ-z-z,Elm,uElm,ʿ-l-m,22,0.7,0.052,5.27
Hsb,uHsb,ḥ-s-b,Hyy,uHyy,ḥ-y-y,7,1.41,0.053,5.27
dEw,duEw,d-ʿ-w,wly,wly,w-l-y,12,1.03,0.063,5.26
klm,klm,k-l-m,kfr,kfr,k-f-r,11,1.06,0.041,5.26
rjl,rjl,r-j-l,$rk,shrk,sh-r-k,5,1.72,0.048,5.26
ymn,ymn,y-m-n,qwl,qwl,q-w-l,7,-1,0.01,5.26
bSr,buSr,b-ṣ-r,rAy,ruAy,r-a-y,13,0.97,0.06,5.25
kvr,kvr,k-th-r,qbl,qbl,q-b-l,14,0.93,0.063,5.25
lys,lys,l-y-s,nbA,nbuA,n-b-a,6,1.54,0.051,5.25
A*n,uAdhn,a-dh-n,Amr,uAmr,a-m-r,8,1.29,0.051,5.25
Ayd,uAyd,a-y-d,Alh,uAlh,a-l-h,7,1.08,0.007,5.25
Efw,uEfw,ʿ-f-w,rHm,ruHm,r-ḥ-m,5,1.68,0.029,5.25
Hrb,uHrb,ḥ-r-b,Alh,uAlh,a-l-h,7,1.08,0.007,5.25
Srf,uSrf,ṣ-r-f,qwm,qwm,q-w-m,7,1.33,0.022,5.25
TbE,uTbuE,ṭ-b-ʿ,Alh,uAlh,a-l-h,7,1.08,0.007,5.25
ymn,ymn,y-m-n,bny,bny,b-n-y,5,1.72,0.047,5.25
yAs,yuAs,y-a-s,Alh,uAlh,a-l-h,7,1.08,0.007,5.25
dwn,dwn,d-w-n,byn,byn,b-y-n,18,0.8,0.06,5.24
mwl,mwl,m-w-l,sAl,suAl,s-a-l,5,1.72,0.051,5.24
Ejl,uEjl,ʿ-j-l,rAy,ruAy,r-a-y,6,1.52,0.035,5.24
Syr,uSyr,ṣ-y-r,E*b,uEdhb,ʿ-dh-b,5,1.68,0.027,5.24
mwl,mwl,m-w-l,Hyy,uHyy,ḥ-y-y,6,1.54,0.05,5.23
dEw,duEw,d-ʿ-w,tbE,tbuE,t-b-ʿ,10,1.14,0.059,5.21
Ebd,uEbd,ʿ-b-d,rHm,ruHm,r-ḥ-m,21,0.74,0.074,5.21
Sbr,uSbr,ṣ-b-r,xyr,xyr,kh-y-r,7,1.4,0.052,5.21
wEd,wuEd,w-ʿ-d,EZm,uEuZm,ʿ-ẓ-m,7,1.4,0.054,5.21
bwA,bwuA,b-w-a,kwn,kwn,k-w-n,7,1.21,0.012,5.2
HbT,uHbuT,ḥ-b-ṭ,kwn,kwn,k-w-n,7,1.21,0.012,5.2
zEm,zuEm,z-ʿ-m,kwn,kwn,k-w-n,7,1.21,0.012,5.2
trk,trk,t-r-k,jyA,jyuA,j-y-a,5,1.69,0.033,5.19
bED,buEuD,b-ʿ-ḍ,mlk,mlk,m-l-k,7,1.39,0.05,5.18
ftn,ftn,f-t-n,nws,nws,n-w-s,6,1.52,0.042,5.18
rwd,rwd,r-w-d,Dll,uDll,ḍ-l-l,8,1.29,0.055,5.18
yqn,yqn,y-q-n,smw,smw,s-m-w,5,1.66,0.026,5.18
Sdq,uSdq,ṣ-d-q,Slw,uSlw,ṣ-l-w,6,1.53,0.051,5.17
ftn,ftn,f-t-n,Zlm,uZlm,ẓ-l-m,7,1.38,0.04,5.16
slm,slm,s-l-m,Hyy,uHyy,ḥ-y-y,8,1.29,0.056,5.16
Ebd,uEbd,ʿ-b-d,qwm,qwm,q-w-m,35,0.54,0.083,5.16
Hkm,uHkm,ḥ-k-m,nbA,nbuA,n-b-a,10,1.13,0.059,5.16
Sdr,uSdr,ṣ-d-r,nws,nws,n-w-s,5,1.69,0.037,5.16
xld,xld,kh-l-d,swA,swuA,s-w-a,6,1.53,0.051,5.16
zyn,zyn,z-y-n,nws,nws,n-w-s,5,1.69,0.037,5.16
nhy,nhy,n-h-y,xyr,xyr,kh-y-r,5,1.7,0.043,5.15
sjd,sjd,s-j-d,Alh,uAlh,a-l-h,34,0.48,0.035,5.15
twb,twb,t-w-b,Hkm,uHkm,ḥ-k-m,6,1.52,0.047,5.15
Drb,uDrb,ḍ-r-b,xyr,xyr,kh-y-r,5,1.7,0.043,5.15
bSr,buSr,b-ṣ-r,$kr,shkr,sh-k-r,5,1.7,0.048,5.14
fwq,fwq,f-w-q,wqy,wqy,w-q-y,5,1.68,0.036,5.14
qll,qll,q-l-l,ktb,ktb,k-t-b,8,1.27,0.045,5.14
Ebd,uEbd,ʿ-b-d,mvl,mvl,m-th-l,12,1.01,0.06,5.14
lys,lys,l-y-s,Zlm,uZlm,ẓ-l-m,9,1.19,0.048,5.13
Esy,uEsy,ʿ-s-y,Aty,uAty,a-t-y,6,1.46,0.023,5.13
yqn,yqn,y-q-n,Aty,uAty,a-t-y,6,1.46,0.023,5.13
fqh,fqh,f-q-h,qwl,qwl,q-w-l,9,1.02,0.013,5.12
mwl,mwl,m-w-l,rwd,rwd,r-w-d,5,1.7,0.05,5.12
tbE,tbuE,t-b-ʿ,Amm,uAmm,a-m-m,7,1.39,0.053,5.12
SbH,uSbuH,ṣ-b-ḥ,Amr,uAmr,a-m-r,5,1.68,0.037,5.12
jmE,jmuE,j-m-ʿ,hdy,hdy,h-d-y,11,1.06,0.056,5.11
qry,qry,q-r-y,Ax*,uAxdh,a-kh-dh,6,1.51,0.04,5.11
skn,skn,s-k-n,gyr,gyr,gh-y-r,5,1.69,0.047,5.11
Ajl,uAjl,a-j-l,gfr,gfr,gh-f-r,5,1.69,0.04,5.11
Sdr,uSdr,ṣ-d-r,Alh,uAlh,a-l-h,20,0.63,0.021,5.11
vlv,vlv,th-l-th,kll,kll,k-l-l,5,1.65,0.026,5.11
xld,xld,kh-l-d,E*b,uEdhb,ʿ-dh-b,10,1.11,0.047,5.11
gnm,gnm,gh-n-m,Alh,uAlh,a-l-h,6,1.15,0.006,5.1
jld,jld,j-l-d,Alh,uAlh,a-l-h,6,1.15,0.006,5.1
nEm,nuEm,n-ʿ-m,nhr,nhr,n-h-r,6,1.52,0.052,5.1
$bh,shbh,sh-b-h,Alh,uAlh,a-l-h,6,1.15,0.006,5.1
slm,slm,s-l-m,Amr,uAmr,a-m-r,10,1.12,0.057,5.1
Ewj,uEwj,ʿ-w-j,Alh,uAlh,a-l-h,6,1.15,0.006,5.1
Hrq,uHrq,ḥ-r-q,Alh,uAlh,a-l-h,6,1.15,0.006,5.1
xyl,xyl,kh-y-l,Alh,uAlh,a-l-h,6,1.15,0.006,5.1
dwn,dwn,d-w-n,TwE,uTwuE,ṭ-w-ʿ,7,1.38,0.054,5.08
ryb,ryb,r-y-b,qbl,qbl,q-b-l,5,1.66,0.032,5.07
Ajl,uAjl,a-j-l,ArD,uAruD,a-r-ḍ,8,1.24,0.033,5.07
gDb,guDb,gh-ḍ-b,rbb,rbb,r-b-b,7,1.25,0.016,5.06
AHd,uAuHd,a-ḥ-d,rbb,rbb,r-b-b,19,0.73,0.04,5.06
Eqd,uEqd,ʿ-q-d,Alh,uAlh,a-l-h,5,1.25,0.005,5.06
HZZ,uHuZuZ,ḥ-ẓ-ẓ,Alh,uAlh,a-l-h,5,1.25,0.005,5.06
zyn,zyn,z-y-n,jEl,juEl,j-ʿ-l,6,1.48,0.034,5.06
kbr,kbr,k-b-r,xld,xld,kh-l-d,6,1.51,0.05,5.05
$ms,shms,sh-m-s,jEl,juEl,j-ʿ-l,5,1.65,0.029,5.05
$Er,shuEr,sh-ʿ-r,E*b,uEdhb,ʿ-dh-b,6,1.48,0.032,5.05
skn,skn,s-k-n,nzl,nzl,n-z-l,7,1.36,0.043,5.05
Hkm,uHkm,ḥ-k-m,kwn,kwn,k-w-n,48,0.43,0.07,5.05
dyn,dyn,d-y-n,kwn,kwn,k-w-n,25,0.61,0.04,5.04
trb,trb,t-r-b,kfr,kfr,k-f-r,5,1.61,0.021,5.04
Erf,uErf,ʿ-r-f,xrj,xrj,kh-r-j,5,1.68,0.046,5.04
lyl,lyl,l-y-l,kwn,kwn,k-w-n,8,-0.93,0.013,5.03
lyl,lyl,l-y-l,smE,smuE,s-m-ʿ,6,1.5,0.049,5.03
ndw,ndw,n-d-w,jnn,jnn,j-n-n,5,1.67,0.041,5.03
nSr,nuSr,n-ṣ-r,$hd,shhd,sh-h-d,7,1.37,0.054,5.03
qDy,quDy,q-ḍ-y,nws,nws,n-w-s,6,1.49,0.042,5.03
Eyn,uEyn,ʿ-y-n,nfs,nfs,n-f-s,7,1.36,0.042,5.03
bSr,buSr,b-ṣ-r,nfs,nfs,n-f-s,12,1,0.059,5.01
mny,mny,m-n-y,Alh,uAlh,a-l-h,10,0.88,0.011,5.01
rdd,rdd,r-d-d,qwm,qwm,q-w-m,11,1.01,0.034,5.01
rjl,rjl,r-j-l,mvl,mvl,m-th-l,5,1.67,0.047,5.01
Hll,uHll,ḥ-l-l,rHm,ruHm,r-ḥ-m,6,1.48,0.034,5.01
Sgr,uSgr,ṣ-gh-r,kwn,kwn,k-w-n,6,1.29,0.01,5.01
xwf,xwf,kh-w-f,rAy,ruAy,r-a-y,11,1.04,0.054,5.01
zkw,zkw,z-k-w,ywm,ywm,y-w-m,8,1.24,0.037,5.01
qDy,quDy,q-ḍ-y,Zlm,uZlm,ẓ-l-m,7,1.35,0.04,5
rjl,rjl,r-j-l,Amn,uAmn,a-m-n,14,0.87,0.035,5
Ehd,uEhd,ʿ-h-d,Amn,uAmn,a-m-n,9,1.11,0.024,4.99
Sdd,uSdd,ṣ-d-d,Axr,uAxr,a-kh-r,5,1.65,0.035,4.99
mtE,mtuE,m-t-ʿ,Hqq,uHqq,ḥ-q-q,7,1.35,0.043,4.98
swE,swuE,s-w-ʿ,nws,nws,n-w-s,5,1.66,0.037,4.98
Axw,uAxw,a-kh-w,rHm,ruHm,r-ḥ-m,9,1.16,0.046,4.98
Eqb,uEqb,ʿ-q-b,qwl,qwl,q-w-l,9,-0.87,0.012,4.98
wld,wld,w-l-d,rHm,ruHm,r-ḥ-m,9,1.16,0.046,4.98
fEl,fuEl,f-ʿ-l,wEd,wuEd,w-ʿ-d,6,1.5,0.052,4.97
wEd,wuEd,w-ʿ-d,nhr,nhr,n-h-r,6,1.5,0.052,4.97
fwz,fwz,f-w-z,ywm,ywm,y-w-m,5,1.62,0.025,4.96
rjw,rjw,r-j-w,ywm,ywm,y-w-m,5,1.62,0.025,4.96
Slw,uSlw,ṣ-l-w,End,uEnd,ʿ-n-d,7,1.36,0.05,4.96
nhy,nhy,n-h-y,Alh,uAlh,a-l-h,24,0.56,0.025,4.95
Swb,uSwb,ṣ-w-b,byn,byn,b-y-n,9,1.14,0.035,4.95
*rr,dhrr,dh-r-r,ktb,ktb,k-t-b,5,1.63,0.032,4.94
jmE,jmuE,j-m-ʿ,Axw,uAxw,a-kh-w,5,1.66,0.049,4.94
Hmd,uHmd,ḥ-m-d,kvr,kvr,k-th-r,5,1.66,0.045,4.94
Hbb,uHbb,ḥ-b-b,$yA,shyuA,sh-y-a,12,0.97,0.045,4.93
Tyb,uTyb,ṭ-y-b,Alh,uAlh,a-l-h,21,0.6,0.022,4.93
bTn,buTn,b-ṭ-n,Elm,uElm,ʿ-l-m,7,1.26,0.019,4.92
qrn,qrn,q-r-n,rAy,ruAy,r-a-y,5,1.63,0.03,4.92
Hwl,uHwl,ḥ-w-l,Elm,uElm,ʿ-l-m,7,1.26,0.019,4.92
rjl,rjl,r-j-l,Elm,uElm,ʿ-l-m,14,0.86,0.035,4.9
ktm,ktm,k-t-m,Amn,uAmn,a-m-n,6,1.37,0.016,4.89
kyf,kyf,k-y-f,kll,kll,k-l-l,10,1.08,0.046,4.89
Alm,uAlm,a-l-m,Zlm,uZlm,ẓ-l-m,8,1.24,0.044,4.89
Slw,uSlw,ṣ-l-w,ydy,ydy,y-d-y,5,1.66,0.05,4.89
TwE,uTwuE,ṭ-w-ʿ,xyr,xyr,kh-y-r,8,1.25,0.054,4.89
zkw,zkw,z-k-w,xyr,xyr,kh-y-r,5,1.65,0.043,4.89
$kk,shkk,sh-k-k,Elm,uElm,ʿ-l-m,5,1.51,0.013,4.88
Edw,uEdw,ʿ-d-w,kfr,kfr,k-f-r,13,0.92,0.047,4.88
ErD,uEruD,ʿ-r-ḍ,smw,smw,s-m-w,9,1.15,0.042,4.88
kyf,kyf,k-y-f,kvr,kvr,k-th-r,6,1.48,0.049,4.87
lqy,lqy,l-q-y,slm,slm,s-l-m,7,1.35,0.053,4.87
krm,krm,k-r-m,rAy,ruAy,r-a-y,6,1.45,0.035,4.86
qdr,qdr,q-d-r,Amn,uAmn,a-m-n,7,-1,0.017,4.86
slT,sluT,s-l-ṭ,Ayy,uAyy,a-y-y,6,1.44,0.031,4.86
Alm,uAlm,a-l-m,kwn,kwn,k-w-n,7,-0.98,0.011,4.86
Any,uAny,a-n-y,qbl,qbl,q-b-l,5,1.62,0.031,4.86
Eql,uEql,ʿ-q-l,ArD,uAruD,a-r-ḍ,8,1.21,0.033,4.86
wEd,wuEd,w-ʿ-d,kvr,kvr,k-th-r,8,1.24,0.055,4.86
brA,bruA,b-r-a,Alh,uAlh,a-l-h,14,0.73,0.015,4.84
Afk,uAfk,a-f-k,kll,kll,k-l-l,5,1.6,0.026,4.84
Hjj,uHjj,ḥ-j-j,rbb,rbb,r-b-b,8,1.14,0.018,4.84
rdd,rdd,r-d-d,ywm,ywm,y-w-m,8,1.22,0.037,4.83
zyd,zyd,z-y-d,Dll,uDll,ḍ-l-l,5,1.64,0.044,4.83
rfE,rfuE,r-f-ʿ,Aty,uAty,a-t-y,6,1.41,0.023,4.82
Znn,uZnn,ẓ-n-n,Alh,uAlh,a-l-h,25,0.54,0.026,4.82
ktm,ktm,k-t-m,kwn,kwn,k-w-n,8,1.08,0.013,4.81
rDw,ruDw,r-ḍ-w,xrj,xrj,kh-r-j,5,1.63,0.045,4.81
sjd,sjd,s-j-d,Hqq,uHqq,ḥ-q-q,8,1.23,0.047,4.81
sqy,sqy,s-q-y,qwm,qwm,q-w-m,6,1.38,0.019,4.81
Hzn,uHzn,ḥ-z-n,Axr,uAxr,a-kh-r,5,1.62,0.035,4.81
wEZ,wuEuZ,w-ʿ-ẓ,qwm,qwm,q-w-m,6,1.38,0.019,4.81
xTA,xuTuA,kh-ṭ-a,kwn,kwn,k-w-n,8,1.08,0.013,4.81
lys,lys,l-y-s,sAl,suAl,s-a-l,5,1.64,0.049,4.8
qrA,qruA,q-r-a,EZm,uEuZm,ʿ-ẓ-m,5,1.64,0.049,4.8
wHd,wuHd,w-ḥ-d,bny,bny,b-n-y,5,1.63,0.046,4.8
Swb,uSwb,ṣ-w-b,rHm,ruHm,r-ḥ-m,7,1.32,0.038,4.79
zkw,zkw,z-k-w,rHm,ruHm,r-ḥ-m,7,1.32,0.038,4.79
nfq,nfq,n-f-q,$yA,shyuA,sh-y-a,12,0.95,0.045,4.78
nkr,nkr,n-k-r,qwm,qwm,q-w-m,8,1.18,0.025,4.78
$Tn,shuTn,sh-ṭ-n,bEd,buEd,b-ʿ-d,7,1.33,0.047,4.78
Sgr,uSgr,ṣ-gh-r,rbb,rbb,r-b-b,5,1.46,0.011,4.78
rjl,rjl,r-j-l,kbr,kbr,k-b-r,5,1.63,0.046,4.77
Ebd,uEbd,ʿ-b-d,SlH,uSluH,ṣ-l-ḥ,13,0.93,0.062,4.77
Efw,uEfw,ʿ-f-w,Amn,uAmn,a-m-n,8,1.15,0.021,4.77
jnb,jnb,j-n-b,kwn,kwn,k-w-n,11,0.91,0.018,4.76
kwd,kwd,k-w-d,ArD,uAruD,a-r-ḍ,5,1.56,0.022,4.76
mss,mss,m-s-s,xyr,xyr,kh-y-r,5,1.62,0.043,4.76
rdd,rdd,r-d-d,xyr,xyr,kh-y-r,5,1.62,0.043,4.76
vny,vny,th-n-y,ArD,uAruD,a-r-ḍ,5,1.56,0.022,4.76
wld,wld,w-l-d,xlq,xlq,kh-l-q,7,1.32,0.047,4.76
wry,wry,w-r-y,kwn,kwn,k-w-n,11,0.91,0.018,4.76
xfy,xfy,kh-f-y,kwn,kwn,k-w-n,11,0.91,0.018,4.76
blg,blg,b-l-gh,qwm,qwm,q-w-m,13,0.9,0.039,4.75
fEl,fuEl,f-ʿ-l,$dd,shdd,sh-d-d,5,1.63,0.05,4.75
nkr,nkr,n-k-r,Aty,uAty,a-t-y,7,1.28,0.027,4.74
slm,slm,s-l-m,Aty,uAty,a-t-y,17,0.78,0.055,4.74
wHy,wuHy,w-ḥ-y,rsl,rsl,r-s-l,10,1.05,0.04,4.74
hwy,hwy,h-w-y,ktb,ktb,k-t-b,5,1.59,0.032,4.73
jwb,jwb,j-w-b,Ebd,uEbd,ʿ-b-d,5,1.6,0.034,4.73
rdd,rdd,r-d-d,Axr,uAxr,a-kh-r,6,1.44,0.04,4.73
swE,swuE,s-w-ʿ,qwm,qwm,q-w-m,9,1.1,0.028,4.73
*wq,dhwq,dh-w-q,Amr,uAmr,a-m-r,6,1.44,0.042,4.72
jzy,jzy,j-z-y,Sbr,uSbr,ṣ-b-r,5,1.62,0.05,4.72
klm,klm,k-l-m,Aty,uAty,a-t-y,11,0.99,0.039,4.72
wjh,wjh,w-j-h,Aty,uAty,a-t-y,11,0.99,0.039,4.72
ytm,ytm,y-t-m,Aty,uAty,a-t-y,5,1.54,0.02,4.72
Ekf,uEkf,ʿ-k-f,qwl,qwl,q-w-l,5,1.32,0.007,4.71
bwA,bwuA,b-w-a,Alh,uAlh,a-l-h,9,0.9,0.009,4.7
ksb,ksb,k-s-b,Alh,uAlh,a-l-h,26,0.52,0.027,4.7
mtE,mtuE,m-t-ʿ,kfr,kfr,k-f-r,10,1.04,0.038,4.7
Sfw,uSfw,ṣ-f-w,Alh,uAlh,a-l-h,9,0.9,0.009,4.7
nZr,nuZr,n-ẓ-r,rAy,ruAy,r-a-y,11,1.01,0.053,4.69
$ry,shry,sh-r-y,kfr,kfr,k-f-r,5,1.54,0.02,4.69
Sdq,uSdq,ṣ-d-q,rsl,rsl,r-s-l,17,0.78,0.059,4.69
dEw,duEw,d-ʿ-w,TwE,uTwuE,ṭ-w-ʿ,8,1.22,0.053,4.68
fEl,fuEl,f-ʿ-l,qwl,qwl,q-w-l,32,0.5,0.043,4.68
fwq,fwq,f-w-q,rbb,rbb,r-b-b,11,0.94,0.024,4.68
n*r,ndhr,n-dh-r,E*b,uEdhb,ʿ-dh-b,12,0.95,0.053,4.68
sEy,suEy,s-ʿ-y,ywm,ywm,y-w-m,5,1.56,0.025,4.68
DEf,uDuEf,ḍ-ʿ-f,jEl,juEl,j-ʿ-l,6,1.42,0.034,4.68
Ezz,uEzz,ʿ-z-z,nzl,nzl,n-z-l,10,1.06,0.054,4.68
jzy,jzy,j-z-y,Hyy,uHyy,ḥ-y-y,7,1.31,0.052,4.67
b$r,bshr,b-sh-r,Ebd,uEbd,ʿ-b-d,10,1.06,0.054,4.66
HfZ,uHfuZ,ḥ-f-ẓ,rsl,rsl,r-s-l,7,1.28,0.03,4.66
wld,wld,w-l-d,dnw,dnw,d-n-w,5,1.61,0.048,4.66
nsy,nsy,n-s-y,qwl,qwl,q-w-l,14,0.77,0.02,4.65
lyl,lyl,l-y-l,xlq,xlq,kh-l-q,7,1.31,0.047,4.64
sjd,sjd,s-j-d,xlq,xlq,kh-l-q,7,1.31,0.047,4.64
slm,slm,s-l-m,wly,wly,w-l-y,9,1.13,0.055,4.64
mss,mss,m-s-s,rHm,ruHm,r-ḥ-m,7,1.29,0.038,4.63
nZr,nuZr,n-ẓ-r,ywm,ywm,y-w-m,13,0.9,0.053,4.63
sjd,sjd,s-j-d,hdy,hdy,h-d-y,8,1.2,0.046,4.63
ftn,ftn,f-t-n,qwl,qwl,q-w-l,20,0.64,0.028,4.62
Ewd,uEwd,ʿ-w-d,qwl,qwl,q-w-l,20,0.64,0.028,4.62
Sdr,uSdr,ṣ-d-r,Amn,uAmn,a-m-n,10,1,0.026,4.62
xwf,xwf,kh-w-f,rsl,rsl,r-s-l,14,0.86,0.052,4.62
jnH,jnuH,j-n-ḥ,$yA,shyuA,sh-y-a,6,1.38,0.025,4.61
sbE,sbuE,s-b-ʿ,$yA,shyuA,sh-y-a,5,1.53,0.021,4.61
Ejb,uEjb,ʿ-j-b,$yA,shyuA,sh-y-a,5,1.53,0.021,4.61
Sdq,uSdq,ṣ-d-q,bny,bny,b-n-y,8,1.21,0.054,4.61
xbr,xbr,kh-b-r,nfs,nfs,n-f-s,6,1.41,0.037,4.61
bHr,buHr,b-ḥ-r,kll,kll,k-l-l,6,1.4,0.03,4.6
lqy,lqy,l-q-y,kll,kll,k-l-l,14,0.87,0.057,4.6
bEv,buEv,b-ʿ-th,ktb,ktb,k-t-b,7,1.29,0.041,4.59
ftn,ftn,f-t-n,Axr,uAxr,a-kh-r,6,1.41,0.04,4.59
tbE,tbuE,t-b-ʿ,rsl,rsl,r-s-l,18,0.75,0.062,4.59
lys,lys,l-y-s,sbl,sbl,s-b-l,6,1.42,0.048,4.58
Awl,uAwl,a-w-l,Aty,uAty,a-t-y,20,0.7,0.062,4.58
k*b,kdhb,k-dh-b,rbb,rbb,r-b-b,48,0.42,0.085,4.57
jhl,jhl,j-h-l,kwn,kwn,k-w-n,9,0.99,0.015,4.56
jzy,jzy,j-z-y,dnw,dnw,d-n-w,6,1.42,0.051,4.56
jzy,jzy,j-z-y,nEm,nuEm,n-ʿ-m,6,1.42,0.051,4.56
Axw,uAxw,a-kh-w,bEd,buEd,b-ʿ-d,7,1.29,0.046,4.56
bTl,buTl,b-ṭ-l,Eml,uEml,ʿ-m-l,5,1.55,0.029,4.55
dyn,dyn,d-y-n,Ebd,uEbd,ʿ-b-d,8,1.19,0.047,4.55
skn,skn,s-k-n,Awl,uAwl,a-w-l,5,1.58,0.045,4.55
slm,slm,s-l-m,byn,byn,b-y-n,16,0.79,0.055,4.55
swy,swy,s-w-y,wEd,wuEd,w-ʿ-d,5,1.58,0.048,4.55
Awl,uAwl,a-w-l,xlq,xlq,kh-l-q,11,0.99,0.059,4.55
Eql,uEql,ʿ-q-l,byn,byn,b-y-n,8,1.17,0.032,4.55
Hll,uHll,ḥ-l-l,Elm,uElm,ʿ-l-m,10,0.99,0.026,4.55
x$y,xshy,kh-sh-y,*kr,dhkr,dh-k-r,5,1.56,0.033,4.55
zyd,zyd,z-y-d,Hsn,uHsn,ḥ-s-n,5,1.58,0.042,4.55
zyn,zyn,z-y-n,Elm,uElm,ʿ-l-m,10,0.99,0.026,4.55
bSr,buSr,b-ṣ-r,$yA,shyuA,sh-y-a,17,0.76,0.058,4.54
nfE,nfuE,n-f-ʿ,Zlm,uZlm,ẓ-l-m,6,1.4,0.035,4.53
qdm,qdm,q-d-m,kfr,kfr,k-f-r,8,1.16,0.031,4.53
qll,qll,q-l-l,rAy,ruAy,r-a-y,8,1.18,0.043,4.53
Er$,uErsh,ʿ-r-sh,byn,byn,b-y-n,6,1.36,0.025,4.52
frH,fruH,f-r-ḥ,Alh,uAlh,a-l-h,11,0.8,0.012,4.51
qdr,qdr,q-d-r,Ezz,uEzz,ʿ-z-z,6,1.41,0.051,4.51
wSy,wuSy,w-ṣ-y,Alh,uAlh,a-l-h,11,0.8,0.012,4.51
rdd,rdd,r-d-d,kfr,kfr,k-f-r,9,1.08,0.034,4.5
rjl,rjl,r-j-l,Alh,uAlh,a-l-h,28,0.49,0.029,4.5
rDw,ruDw,r-ḍ-w,sbl,sbl,s-b-l,5,1.57,0.044,4.5
skn,skn,s-k-n,Alh,uAlh,a-l-h,28,0.49,0.029,4.5
ESy,uEuSy,ʿ-ṣ-y,E*b,uEdhb,ʿ-dh-b,5,1.54,0.027,4.5
Slw,uSlw,ṣ-l-w,Ax*,uAxdh,a-kh-dh,8,1.18,0.048,4.5
klm,klm,k-l-m,jEl,juEl,j-ʿ-l,8,1.18,0.042,4.49
swy,swy,s-w-y,Hsn,uHsn,ḥ-s-n,6,1.4,0.047,4.47
wld,wld,w-l-d,Hsn,uHsn,ḥ-s-n,6,1.4,0.047,4.47
bSr,buSr,b-ṣ-r,Awl,uAwl,a-w-l,8,1.18,0.054,4.46
lqy,lqy,l-q-y,kfr,kfr,k-f-r,17,0.76,0.057,4.46
lys,lys,l-y-s,kwn,kwn,k-w-n,24,0.58,0.038,4.46
smE,smuE,s-m-ʿ,hdy,hdy,h-d-y,13,0.89,0.06,4.46
Avr,uAvr,a-th-r,qwl,qwl,q-w-l,9,0.95,0.013,4.46
Tyn,uTyn,ṭ-y-n,qwl,qwl,q-w-l,6,1.17,0.009,4.46
zkw,zkw,z-k-w,End,uEnd,ʿ-n-d,5,1.56,0.041,4.46
zkw,zkw,z-k-w,Hkm,uHkm,ḥ-k-m,5,1.56,0.041,4.46
bAs,buAs,b-a-s,nbA,nbuA,n-b-a,5,1.56,0.045,4.45
dwr,dwr,d-w-r,nfs,nfs,n-f-s,6,1.39,0.037,4.45
Tyb,uTyb,ṭ-y-b,Eml,uEml,ʿ-m-l,6,1.38,0.033,4.45
sAl,suAl,s-a-l,Ahl,uAhl,a-h-l,6,1.4,0.05,4.44
njw,njw,n-j-w,Amn,uAmn,a-m-n,15,0.79,0.038,4.43
swy,swy,s-w-y,ArD,uAruD,a-r-ḍ,11,0.96,0.042,4.43
ESy,uEuSy,ʿ-ṣ-y,Amn,uAmn,a-m-n,8,1.11,0.021,4.43
b$r,bshr,b-sh-r,$yA,shyuA,sh-y-a,15,0.81,0.053,4.42
nfE,nfuE,n-f-ʿ,xlq,xlq,kh-l-q,5,1.55,0.037,4.42
rjE,rjuE,r-j-ʿ,rAy,ruAy,r-a-y,10,1.03,0.05,4.42
rjw,rjw,r-j-w,rbb,rbb,r-b-b,8,1.08,0.018,4.42
Swb,uSwb,ṣ-w-b,Amn,uAmn,a-m-n,12,0.89,0.031,4.41
TwE,uTwuE,ṭ-w-ʿ,kbr,kbr,k-b-r,7,1.27,0.052,4.41
xfy,xfy,kh-f-y,smw,smw,s-m-w,5,1.51,0.026,4.41
zkw,zkw,z-k-w,Amn,uAmn,a-m-n,12,0.89,0.031,4.41
nqm,nqm,n-q-m,Amn,uAmn,a-m-n,5,1.43,0.014,4.4
swr,swr,s-w-r,Amn,uAmn,a-m-n,5,1.43,0.014,4.4
wEd,wuEd,w-ʿ-d,SlH,uSluH,ṣ-l-ḥ,8,1.17,0.053,4.4
bdA,bduA,b-d-a,Alh,uAlh,a-l-h,8,0.92,0.008,4.39
rbE,rbuE,r-b-ʿ,Elm,uElm,ʿ-l-m,6,1.29,0.016,4.39
wSf,wuSf,w-ṣ-f,Alh,uAlh,a-l-h,8,0.92,0.008,4.39
blw,blw,b-l-w,jEl,juEl,j-ʿ-l,5,1.52,0.029,4.38
dyn,dyn,d-y-n,rbb,rbb,r-b-b,6,-1.02,0.013,4.38
srE,sruE,s-r-ʿ,Aty,uAty,a-t-y,5,1.48,0.02,4.38
Sdd,uSdd,ṣ-d-d,byn,byn,b-y-n,7,1.23,0.028,4.38
rjl,rjl,r-j-l,kvr,kvr,k-th-r,5,1.54,0.044,4.37
rjl,rjl,r-j-l,xlq,xlq,kh-l-q,6,1.38,0.042,4.37
xzy,xzy,kh-z-y,kfr,kfr,k-f-r,5,1.48,0.02,4.37
slm,slm,s-l-m,$rk,shrk,sh-r-k,7,1.27,0.052,4.36
Edw,uEdw,ʿ-d-w,xlf,xlf,kh-l-f,5,1.55,0.048,4.36
lbb,lbb,l-b-b,Elm,uElm,ʿ-l-m,5,1.42,0.013,4.35
rwH,rwuH,r-w-ḥ,ktb,ktb,k-t-b,6,1.37,0.036,4.35
sbH,sbuH,s-b-ḥ,kll,kll,k-l-l,10,1.01,0.045,4.35
xfy,xfy,kh-f-y,kll,kll,k-l-l,5,1.5,0.026,4.35
xld,xld,kh-l-d,kfr,kfr,k-f-r,12,0.9,0.044,4.34
hzA,hzuA,h-z-a,kfr,kfr,k-f-r,6,1.33,0.024,4.33
skn,skn,s-k-n,smE,smuE,s-m-ʿ,5,1.54,0.044,4.33
E$r,uEshr,ʿ-sh-r,rsl,rsl,r-s-l,5,1.48,0.022,4.33
xwf,xwf,kh-w-f,Alh,uAlh,a-l-h,44,0.38,0.044,4.33
dEw,duEw,d-ʿ-w,hdy,hdy,h-d-y,14,0.84,0.062,4.32
gyb,gyb,gh-y-b,rHm,ruHm,r-ḥ-m,7,1.24,0.038,4.32
jnH,jnuH,j-n-ḥ,kwn,kwn,k-w-n,11,0.87,0.018,4.32
twb,twb,t-w-b,tbE,tbuE,t-b-ʿ,5,1.53,0.044,4.32
ESy,uEuSy,ʿ-ṣ-y,kwn,kwn,k-w-n,11,0.87,0.018,4.32
ftn,ftn,f-t-n,kfr,kfr,k-f-r,9,1.06,0.034,4.31
mwh,mwh,m-w-h,$yA,shyuA,sh-y-a,9,1.06,0.035,4.31
slm,slm,s-l-m,Eml,uEml,ʿ-m-l,12,0.91,0.055,4.31
bTl,buTl,b-ṭ-l,Alh,uAlh,a-l-h,16,0.64,0.017,4.3
fry,fry,f-r-y,nfs,nfs,n-f-s,6,1.36,0.037,4.3
qrr,qrr,q-r-r,rAy,ruAy,r-a-y,5,1.5,0.03,4.3
ftn,ftn,f-t-n,rbb,rbb,r-b-b,14,0.79,0.03,4.29
rjl,rjl,r-j-l,sbl,sbl,s-b-l,5,1.53,0.043,4.29
Edd,uEdd,ʿ-d-d,Elm,uElm,ʿ-l-m,11,0.91,0.028,4.29
zwj,zwj,z-w-j,bny,bny,b-n-y,5,1.53,0.045,4.29
gyb,gyb,gh-y-b,qwl,qwl,q-w-l,20,0.61,0.028,4.28
Edw,uEdw,ʿ-d-w,Zlm,uZlm,ẓ-l-m,9,1.07,0.047,4.28
swE,swuE,s-w-ʿ,Elm,uElm,ʿ-l-m,10,0.96,0.026,4.27
ErD,uEruD,ʿ-r-ḍ,wly,wly,w-l-y,6,1.36,0.044,4.27
ErD,uEruD,ʿ-r-ḍ,gfr,gfr,gh-f-r,6,1.36,0.044,4.27
Zhr,uZhr,ẓ-h-r,mlk,mlk,m-l-k,5,1.52,0.04,4.27
b$r,bshr,b-sh-r,byn,byn,b-y-n,15,0.79,0.052,4.26
dEw,duEw,d-ʿ-w,qwm,qwm,q-w-m,26,0.58,0.067,4.26
swE,swuE,s-w-ʿ,E*b,uEdhb,ʿ-dh-b,6,1.34,0.032,4.25
Awl,uAwl,a-w-l,fDl,fuDl,f-ḍ-l,6,1.36,0.048,4.25
Swb,uSwb,ṣ-w-b,jyA,jyuA,j-y-a,6,1.35,0.038,4.25
wry,wry,w-r-y,Aty,uAty,a-t-y,6,1.31,0.023,4.25
twb,twb,t-w-b,Elm,uElm,ʿ-l-m,14,0.8,0.035,4.24
Abw,uAbw,a-b-w,nzl,nzl,n-z-l,9,1.07,0.05,4.24
AHd,uAuHd,a-ḥ-d,Elm,uElm,ʿ-l-m,16,0.74,0.04,4.24
jmE,jmuE,j-m-ʿ,qwl,qwl,q-w-l,37,0.44,0.049,4.23
lys,lys,l-y-s,dnw,dnw,d-n-w,5,1.52,0.047,4.23
srf,srf,s-r-f,kwn,kwn,k-w-n,8,1.01,0.013,4.23
Hwl,uHwl,ḥ-w-l,byn,byn,b-y-n,5,1.46,0.021,4.23
fEl,fuEl,f-ʿ-l,Elm,uElm,ʿ-l-m,19,0.67,0.046,4.22
qrA,qruA,q-r-a,byn,byn,b-y-n,11,0.94,0.041,4.22
mtE,mtuE,m-t-ʿ,Aty,uAty,a-t-y,10,0.98,0.036,4.21
twb,twb,t-w-b,nfs,nfs,n-f-s,7,1.23,0.041,4.21
fSl,fuSl,f-ṣ-l,kll,kll,k-l-l,6,1.33,0.03,4.2
Afk,uAfk,a-f-k,Alh,uAlh,a-l-h,14,0.68,0.015,4.2
Eyn,uEyn,ʿ-y-n,rAy,ruAy,r-a-y,7,1.22,0.039,4.19
wEd,wuEd,w-ʿ-d,Alh,uAlh,a-l-h,50,0.35,0.05,4.19
xwf,xwf,kh-w-f,wly,wly,w-l-y,8,1.14,0.051,4.19
Edw,uEdw,ʿ-d-w,gfr,gfr,gh-f-r,7,1.23,0.048,4.18
fwq,fwq,f-w-q,kfr,kfr,k-f-r,7,1.2,0.028,4.17
jmE,jmuE,j-m-ʿ,nbA,nbuA,n-b-a,7,1.23,0.051,4.17
TEm,uTuEm,ṭ-ʿ-m,kfr,kfr,k-f-r,7,1.2,0.028,4.17
xsr,xsr,kh-s-r,rHm,ruHm,r-ḥ-m,7,1.22,0.038,4.17
$ms,shms,sh-m-s,Ayy,uAyy,a-y-y,5,1.46,0.026,4.16
tlw,tlw,t-l-w,qwm,qwm,q-w-m,11,0.91,0.033,4.16
Esy,uEsy,ʿ-s-y,qwl,qwl,q-w-l,11,0.82,0.016,4.16
SHb,uSuHb,ṣ-ḥ-b,Ayy,uAyy,a-y-y,10,0.99,0.045,4.16
vlv,vlv,th-l-th,qwl,qwl,q-w-l,11,0.82,0.016,4.16
wkl,wkl,w-k-l,qwm,qwm,q-w-m,11,0.91,0.033,4.16
hwn,hwn,h-w-n,ArD,uAruD,a-r-ḍ,5,1.45,0.021,4.15
jdl,jdl,j-d-l,Elm,uElm,ʿ-l-m,7,1.15,0.019,4.15
jrm,jrm,j-r-m,Ayy,uAyy,a-y-y,8,1.12,0.038,4.15
$fE,shfuE,sh-f-ʿ,ArD,uAruD,a-r-ḍ,5,1.45,0.021,4.15
$jr,shjr,sh-j-r,ArD,uAruD,a-r-ḍ,5,1.45,0.021,4.15
rjE,rjuE,r-j-ʿ,Amm,uAmm,a-m-m,5,1.5,0.048,4.14
wDE,wuDuE,w-ḍ-ʿ,Alh,uAlh,a-l-h,12,0.73,0.013,4.14
*rr,dhrr,dh-r-r,Eml,uEml,ʿ-m-l,5,1.47,0.029,4.13
fsq,fsq,f-s-q,rsl,rsl,r-s-l,8,1.11,0.033,4.13
Edw,uEdw,ʿ-d-w,rbb,rbb,r-b-b,20,0.64,0.042,4.13
Slw,uSlw,ṣ-l-w,sbl,sbl,s-b-l,6,1.34,0.047,4.13
Edd,uEdd,ʿ-d-d,kfr,kfr,k-f-r,8,1.1,0.031,4.12
nkr,nkr,n-k-r,Alh,uAlh,a-l-h,17,0.61,0.018,4.11
qEd,quEd,q-ʿ-d,qwm,qwm,q-w-m,6,1.27,0.019,4.11
Hjj,uHjj,ḥ-j-j,qwm,qwm,q-w-m,6,1.27,0.019,4.11
fSl,fuSl,f-ṣ-l,hdy,hdy,h-d-y,5,1.47,0.032,4.1
jHd,juHd,j-ḥ-d,Alh,uAlh,a-l-h,7,0.95,0.007,4.09
Sdr,uSdr,ṣ-d-r,jyA,jyuA,j-y-a,5,1.47,0.033,4.09
Zhr,uZhr,ẓ-h-r,Elm,uElm,ʿ-l-m,12,0.85,0.031,4.09
Znn,uZnn,ẓ-n-n,Elm,uElm,ʿ-l-m,12,0.85,0.031,4.09
rdd,rdd,r-d-d,Hqq,uHqq,ḥ-q-q,6,1.32,0.038,4.08
Hsb,uHsb,ḥ-s-b,jzy,jzy,j-z-y,5,1.49,0.047,4.08
SbH,uSbuH,ṣ-b-ḥ,smw,smw,s-m-w,6,1.31,0.03,4.08
dwr,dwr,d-w-r,ArD,uAruD,a-r-ḍ,8,1.1,0.032,4.07
qry,qry,q-r-y,qwm,qwm,q-w-m,10,0.95,0.031,4.07
Drb,uDrb,ḍ-r-b,qwm,qwm,q-w-m,10,0.95,0.031,4.07
Swb,uSwb,ṣ-w-b,hdy,hdy,h-d-y,6,1.32,0.037,4.07
Eqb,uEqb,ʿ-q-b,swA,swuA,s-w-a,5,1.48,0.044,4.06
Erf,uErf,ʿ-r-f,Axr,uAxr,a-kh-r,6,1.32,0.039,4.06
SrT,uSruT,ṣ-r-ṭ,Ebd,uEbd,ʿ-b-d,5,1.46,0.034,4.06
Hrv,uHrv,ḥ-r-th,kwn,kwn,k-w-n,5,1.27,0.008,4.04
Hsb,uHsb,ḥ-s-b,kll,kll,k-l-l,11,0.92,0.048,4.04
Swm,uSwm,ṣ-w-m,kwn,kwn,k-w-n,5,1.27,0.008,4.04
*wq,dhwq,dh-w-q,rHm,ruHm,r-ḥ-m,7,1.19,0.037,4.03
*wq,dhwq,dh-w-q,Eml,uEml,ʿ-m-l,7,1.19,0.037,4.03
qDy,quDy,q-ḍ-y,mlk,mlk,m-l-k,5,1.47,0.04,4.03
Akl,uAkl,a-k-l,mvl,mvl,m-th-l,6,1.32,0.048,4.03
Akl,uAkl,a-k-l,dxl,dxl,d-kh-l,5,1.48,0.047,4.03
Sdq,uSdq,ṣ-d-q,End,uEnd,ʿ-n-d,9,1.04,0.054,4.03
vlv,vlv,th-l-th,rbb,rbb,r-b-b,8,1.03,0.018,4.03
hwn,hwn,h-w-n,$yA,shyuA,sh-y-a,5,1.42,0.021,4.02
Anv,uAnv,a-n-th,$yA,shyuA,sh-y-a,5,1.42,0.021,4.02
Hjj,uHjj,ḥ-j-j,$yA,shyuA,sh-y-a,5,1.42,0.021,4.02
wjh,wjh,w-j-h,hdy,hdy,h-d-y,7,1.2,0.041,4.02
nxl,nxl,n-kh-l,qwm,qwm,q-w-m,5,1.38,0.016,4.01
swE,swuE,s-w-ʿ,ArD,uAruD,a-r-ḍ,7,1.17,0.029,4.01
Hzn,uHzn,ḥ-z-n,qwl,qwl,q-w-l,15,0.69,0.021,4.01
wHd,wuHd,w-ḥ-d,nws,nws,n-w-s,6,1.31,0.041,4.01
zkw,zkw,z-k-w,wly,wly,w-l-y,5,1.46,0.039,4.01
fsd,fsd,f-s-d,Axr,uAxr,a-kh-r,5,1.45,0.035,4
Ajl,uAjl,a-j-l,wqy,wqy,w-q-y,5,1.45,0.035,4
lys,lys,l-y-s,qwm,qwm,q-w-m,14,0.78,0.041,3.99
hwy,hwy,h-w-y,jEl,juEl,j-ʿ-l,5,1.44,0.029,3.98
jnH,jnuH,j-n-ḥ,Aty,uAty,a-t-y,6,1.27,0.023,3.98
rjE,rjuE,r-j-ʿ,gyr,gyr,gh-y-r,6,1.32,0.048,3.98
Erb,uErb,ʿ-r-b,Elm,uElm,ʿ-l-m,6,1.22,0.016,3.98
fsq,fsq,f-s-q,qbl,qbl,q-b-l,6,1.3,0.036,3.97
qry,qry,q-r-y,qbl,qbl,q-b-l,6,1.3,0.036,3.97
Ewd,uEwd,ʿ-w-d,jyA,jyuA,j-y-a,6,1.3,0.038,3.97
Sbr,uSbr,ṣ-b-r,Alh,uAlh,a-l-h,37,0.4,0.038,3.97
wEd,wuEd,w-ʿ-d,bED,buEuD,b-ʿ-ḍ,5,1.46,0.046,3.97
dwr,dwr,d-w-r,kwn,kwn,k-w-n,16,0.68,0.026,3.96
njw,njw,n-j-w,rsl,rsl,r-s-l,10,0.95,0.04,3.96
rwH,rwuH,r-w-ḥ,byn,byn,b-y-n,8,1.08,0.032,3.96
ESy,uEuSy,ʿ-ṣ-y,Alh,uAlh,a-l-h,15,0.64,0.016,3.96
Hsb,uHsb,ḥ-s-b,dxl,dxl,d-kh-l,5,1.46,0.047,3.96
byt,byt,b-y-t,rbb,rbb,r-b-b,13,0.79,0.028,3.95
Hll,uHll,ḥ-l-l,byn,byn,b-y-n,7,1.16,0.028,3.95
Hll,uHll,ḥ-l-l,hdy,hdy,h-d-y,5,1.44,0.032,3.94
swE,swuE,s-w-ʿ,jyA,jyuA,j-y-a,5,1.44,0.033,3.93
Ejl,uEjl,ʿ-j-l,jyA,jyuA,j-y-a,5,1.44,0.033,3.93
jrm,jrm,j-r-m,rAy,ruAy,r-a-y,7,1.18,0.039,3.92
nZr,nuZr,n-ẓ-r,$dd,shdd,sh-d-d,5,1.45,0.047,3.92
Hzb,uHzb,ḥ-z-b,Amn,uAmn,a-m-n,5,1.34,0.014,3.92
bdl,bdl,b-d-l,Zlm,uZlm,ẓ-l-m,5,1.43,0.03,3.91
bAs,buAs,b-a-s,E*b,uEdhb,ʿ-dh-b,8,1.08,0.039,3.91
bHr,buHr,b-ḥ-r,Zlm,uZlm,ẓ-l-m,5,1.43,0.03,3.91
flH,fluH,f-l-ḥ,Zlm,uZlm,ẓ-l-m,5,1.43,0.03,3.91
ftH,ftuH,f-t-ḥ,kll,kll,k-l-l,5,1.41,0.026,3.9
nSr,nuSr,n-ṣ-r,dxl,dxl,d-kh-l,6,1.3,0.048,3.9
swE,swuE,s-w-ʿ,Hqq,uHqq,ḥ-q-q,5,1.43,0.033,3.9
Hmd,uHmd,ḥ-m-d,Ebd,uEbd,ʿ-b-d,6,1.29,0.038,3.9
wkl,wkl,w-k-l,Ebd,uEbd,ʿ-b-d,6,1.29,0.038,3.9
wHy,wuHy,w-ḥ-y,qwm,qwm,q-w-m,12,0.84,0.036,3.89
Sdd,uSdd,ṣ-d-d,kwn,kwn,k-w-n,13,0.75,0.021,3.88
ftn,ftn,f-t-n,Elm,uElm,ʿ-l-m,12,0.83,0.031,3.87
Ewd,uEwd,ʿ-w-d,E*b,uEdhb,ʿ-dh-b,7,1.16,0.036,3.87
Hmd,uHmd,ḥ-m-d,Hkm,uHkm,ḥ-k-m,5,1.44,0.04,3.87
wdd,wdd,w-d-d,Amn,uAmn,a-m-n,7,1.11,0.019,3.87
xlw,xlw,kh-l-w,Amn,uAmn,a-m-n,7,1.11,0.019,3.87
bld,bld,b-l-d,rbb,rbb,r-b-b,6,1.18,0.013,3.85
nfq,nfq,n-f-q,nws,nws,n-w-s,7,1.17,0.045,3.85
rjE,rjuE,r-j-ʿ,nfs,nfs,n-f-s,9,1.01,0.048,3.85
rwH,rwuH,r-w-ḥ,ywm,ywm,y-w-m,7,1.15,0.033,3.85
skn,skn,s-k-n,kwn,kwn,k-w-n,19,0.61,0.031,3.85
HwT,uHwuT,ḥ-w-ṭ,Alh,uAlh,a-l-h,13,0.68,0.014,3.85
Sdq,uSdq,ṣ-d-q,mwl,mwl,m-w-l,5,1.44,0.045,3.85
ymn,ymn,y-m-n,ywm,ywm,y-w-m,8,1.07,0.036,3.85
bSr,buSr,b-ṣ-r,*kr,dhkr,dh-k-r,11,0.9,0.055,3.84
gny,gny,gh-n-y,nfs,nfs,n-f-s,7,1.17,0.041,3.84
twb,twb,t-w-b,qbl,qbl,q-b-l,7,1.17,0.04,3.84
grb,grb,gh-r-b,Alh,uAlh,a-l-h,9,0.81,0.009,3.83
$rb,shrb,sh-r-b,kfr,kfr,k-f-r,6,1.24,0.024,3.83
Abw,uAbw,a-b-w,hdy,hdy,h-d-y,9,1.01,0.048,3.83
bTl,buTl,b-ṭ-l,Amn,uAmn,a-m-n,8,1.02,0.021,3.81
dmw,dmw,d-m-w,Alh,uAlh,a-l-h,6,0.99,0.006,3.81
nfq,nfq,n-f-q,Aty,uAty,a-t-y,12,0.84,0.042,3.81
sHr,suHr,s-ḥ-r,Hqq,uHqq,ḥ-q-q,6,1.27,0.037,3.81
DyE,uDyuE,ḍ-y-ʿ,Alh,uAlh,a-l-h,6,0.99,0.006,3.81
Ezl,uEzl,ʿ-z-l,Alh,uAlh,a-l-h,6,0.99,0.006,3.81
wSl,wuSl,w-ṣ-l,Alh,uAlh,a-l-h,6,0.99,0.006,3.81
zyl,zyl,z-y-l,Alh,uAlh,a-l-h,6,0.99,0.006,3.81
Akl,uAkl,a-k-l,kwn,kwn,k-w-n,27,0.5,0.042,3.8
Ezz,uEzz,ʿ-z-z,ArD,uAruD,a-r-ḍ,14,0.77,0.05,3.8
Hsb,uHsb,ḥ-s-b,swA,swuA,s-w-a,6,1.28,0.047,3.8
w*r,wdhr,w-dh-r,Alh,uAlh,a-l-h,19,0.55,0.02,3.8
skn,skn,s-k-n,rAy,ruAy,r-a-y,7,1.16,0.039,3.79
swy,swy,s-w-y,Ax*,uAxdh,a-kh-dh,7,1.16,0.043,3.79
Abd,uAbd,a-b-d,rsl,rsl,r-s-l,5,1.38,0.022,3.79
wjh,wjh,w-j-h,sbl,sbl,s-b-l,5,1.42,0.043,3.79
xlw,xlw,kh-l-w,rsl,rsl,r-s-l,5,1.38,0.022,3.79
gny,gny,gh-n-y,kvr,kvr,k-th-r,5,1.42,0.043,3.78
nkr,nkr,n-k-r,rsl,rsl,r-s-l,6,1.24,0.026,3.77
sxr,sxr,s-kh-r,Alh,uAlh,a-l-h,16,0.6,0.017,3.77
AHd,uAuHd,a-ḥ-d,End,uEnd,ʿ-n-d,6,1.27,0.044,3.77
Elw,uElw,ʿ-l-w,Alh,uAlh,a-l-h,28,0.45,0.029,3.77
qll,qll,q-l-l,Awl,uAwl,a-w-l,5,1.42,0.043,3.76
r$d,rshd,r-sh-d,qwl,qwl,q-w-l,8,0.92,0.011,3.76
Awl,uAwl,a-w-l,Hsn,uHsn,ḥ-s-n,9,1,0.054,3.76
Elw,uElw,ʿ-l-w,smw,smw,s-m-w,8,1.06,0.038,3.76
bTl,buTl,b-ṭ-l,smw,smw,s-m-w,5,1.38,0.026,3.75
sjd,sjd,s-j-d,Axr,uAxr,a-kh-r,7,1.16,0.043,3.75
Axw,uAxw,a-kh-w,Ayy,uAyy,a-y-y,9,0.99,0.042,3.75
Edw,uEdw,ʿ-d-w,Amn,uAmn,a-m-n,17,0.67,0.042,3.75
mwh,mwh,m-w-h,jnn,jnn,j-n-n,5,1.41,0.039,3.74
smE,smuE,s-m-ʿ,ErD,uEruD,ʿ-r-ḍ,5,1.41,0.043,3.74
Sdq,uSdq,ṣ-d-q,nzl,nzl,n-z-l,11,0.89,0.055,3.74
xwf,xwf,kh-w-f,Ebd,uEbd,ʿ-b-d,9,1,0.05,3.74
zwj,zwj,z-w-j,Amn,uAmn,a-m-n,14,0.75,0.035,3.74
Hmd,uHmd,ḥ-m-d,nzl,nzl,n-z-l,6,1.26,0.038,3.73
jdd,jdd,j-d-d,qwl,qwl,q-w-l,5,1.17,0.007,3.71
smE,smuE,s-m-ʿ,gyr,gyr,gh-y-r,8,1.07,0.052,3.71
wSl,wuSl,w-ṣ-l,qwl,qwl,q-w-l,5,1.17,0.007,3.71
gny,gny,gh-n-y,sbl,sbl,s-b-l,5,1.4,0.042,3.7
wfy,wfy,w-f-y,ywm,ywm,y-w-m,8,1.05,0.036,3.7
ndw,ndw,n-d-w,qwl,qwl,q-w-l,17,0.62,0.024,3.69
sjd,sjd,s-j-d,Ax*,uAxdh,a-kh-dh,7,1.14,0.043,3.69
Awl,uAwl,a-w-l,nbA,nbuA,n-b-a,8,1.06,0.052,3.69
kyf,kyf,k-y-f,Hkm,uHkm,ḥ-k-m,6,1.25,0.044,3.68
mll,mll,m-l-l,qwl,qwl,q-w-l,7,0.98,0.01,3.68
sTr,suTr,s-ṭ-r,qwl,qwl,q-w-l,7,0.98,0.01,3.68
swr,swr,s-w-r,qwl,qwl,q-w-l,7,0.98,0.01,3.68
Afk,uAfk,a-f-k,qwl,qwl,q-w-l,11,0.77,0.016,3.68
wvq,wvq,w-th-q,qwl,qwl,q-w-l,11,0.77,0.016,3.68
dwr,dwr,d-w-r,nws,nws,n-w-s,5,1.39,0.036,3.67
lbv,lbv,l-b-th,byn,byn,b-y-n,5,1.35,0.021,3.67
lyl,lyl,l-y-l,rAy,ruAy,r-a-y,8,1.05,0.042,3.67
sjd,sjd,s-j-d,rAy,ruAy,r-a-y,8,1.05,0.042,3.67
Eql,uEql,ʿ-q-l,Ax*,uAxdh,a-kh-dh,5,1.38,0.034,3.67
Srf,uSrf,ṣ-r-f,rbb,rbb,r-b-b,8,0.98,0.018,3.67
wsE,wsuE,w-s-ʿ,rbb,rbb,r-b-b,8,0.98,0.018,3.67
wEd,wuEd,w-ʿ-d,qrb,qrb,q-r-b,5,1.4,0.045,3.67
kyf,kyf,k-y-f,Zlm,uZlm,ẓ-l-m,8,1.05,0.043,3.66
qDy,quDy,q-ḍ-y,Elm,uElm,ʿ-l-m,12,0.8,0.03,3.66
gny,gny,gh-n-y,Elm,uElm,ʿ-l-m,14,0.74,0.035,3.65
Sgr,uSgr,ṣ-gh-r,qwl,qwl,q-w-l,6,1.06,0.009,3.65
dwr,dwr,d-w-r,Amr,uAmr,a-m-r,5,1.38,0.036,3.64
rdd,rdd,r-d-d,ktb,ktb,k-t-b,6,1.23,0.036,3.64
wHy,wuHy,w-ḥ-y,Amr,uAmr,a-m-r,6,1.24,0.041,3.64
nSr,nuSr,n-ṣ-r,bED,buEuD,b-ʿ-ḍ,5,1.39,0.045,3.63
slm,slm,s-l-m,tbE,tbuE,t-b-ʿ,7,1.14,0.049,3.63
srr,srr,s-r-r,qwl,qwl,q-w-l,15,0.65,0.021,3.63
Tyb,uTyb,ṭ-y-b,jyA,jyuA,j-y-a,5,1.37,0.032,3.63
Znn,uZnn,ẓ-n-n,smw,smw,s-m-w,7,1.12,0.034,3.63
vlv,vlv,th-l-th,ArD,uAruD,a-r-ḍ,5,1.34,0.021,3.63
jbl,jbl,j-b-l,jEl,juEl,j-ʿ-l,5,1.36,0.029,3.62
qDy,quDy,q-ḍ-y,nfs,nfs,n-f-s,6,1.23,0.036,3.62
Ans,uAns,a-n-s,Dll,uDll,ḍ-l-l,6,1.24,0.046,3.62
xld,xld,kh-l-d,Amn,uAmn,a-m-n,16,0.68,0.04,3.62
bsT,bsuT,b-s-ṭ,Elm,uElm,ʿ-l-m,6,1.16,0.016,3.61
rdd,rdd,r-d-d,rsl,rsl,r-s-l,8,1.03,0.033,3.61
$kk,shkk,sh-k-k,rbb,rbb,r-b-b,5,1.25,0.011,3.61
twb,twb,t-w-b,Zlm,uZlm,ẓ-l-m,7,1.13,0.039,3.61
vql,vql,th-q-l,kwn,kwn,k-w-n,9,0.88,0.015,3.61
vwb,vwb,th-w-b,Elm,uElm,ʿ-l-m,6,1.16,0.016,3.61
fEl,fuEl,f-ʿ-l,wqy,wqy,w-q-y,8,1.05,0.047,3.6
$kk,shkk,sh-k-k,kwn,kwn,k-w-n,6,1.08,0.01,3.6
$kr,shkr,sh-k-r,Ayy,uAyy,a-y-y,8,1.03,0.038,3.6
Akl,uAkl,a-k-l,xrj,xrj,kh-r-j,6,1.24,0.047,3.59
Hzn,uHzn,ḥ-z-n,Aty,uAty,a-t-y,7,1.1,0.027,3.59
wld,wld,w-l-d,kwn,kwn,k-w-n,22,0.54,0.035,3.59
*nb,dhnb,dh-n-b,ArD,uAruD,a-r-ḍ,6,1.2,0.025,3.58
dyn,dyn,d-y-n,ktb,ktb,k-t-b,8,1.04,0.044,3.58
Abw,uAbw,a-b-w,byn,byn,b-y-n,13,0.78,0.047,3.58
fyD,fyuD,f-y-ḍ,Alh,uAlh,a-l-h,5,1.05,0.005,3.57
k*b,kdhb,k-dh-b,E*b,uEdhb,ʿ-dh-b,21,0.6,0.071,3.57
klf,klf,k-l-f,Alh,uAlh,a-l-h,5,1.05,0.005,3.57
stt,stt,s-t-t,Alh,uAlh,a-l-h,5,1.05,0.005,3.57
whn,whn,w-h-n,Alh,uAlh,a-l-h,5,1.05,0.005,3.57
xtm,xtm,kh-t-m,Alh,uAlh,a-l-h,5,1.05,0.005,3.57
gny,gny,gh-n-y,rbb,rbb,r-b-b,5,-1.01,0.011,3.56
mss,mss,m-s-s,qbl,qbl,q-b-l,6,1.22,0.035,3.56
nhy,nhy,n-h-y,qwl,qwl,q-w-l,18,0.59,0.025,3.56
Abw,uAbw,a-b-w,qwm,qwm,q-w-m,16,0.68,0.046,3.56
Axw,uAxw,a-kh-w,Alh,uAlh,a-l-h,32,0.41,0.033,3.56
Slw,uSlw,ṣ-l-w,Hsn,uHsn,ḥ-s-n,6,1.23,0.045,3.56
wkl,wkl,w-k-l,Hqq,uHqq,ḥ-q-q,6,1.22,0.037,3.56
wld,wld,w-l-d,Ebd,uEbd,ʿ-b-d,7,1.12,0.042,3.56
zyn,zyn,z-y-n,ywm,ywm,y-w-m,6,1.21,0.029,3.56
bdw,bdw,b-d-w,Amn,uAmn,a-m-n,7,1.06,0.019,3.55
bEv,buEv,b-ʿ-th,Hkm,uHkm,ḥ-k-m,5,1.37,0.04,3.55
ksb,ksb,k-s-b,gfr,gfr,gh-f-r,5,1.36,0.038,3.55
ryb,ryb,r-y-b,smw,smw,s-m-w,5,1.34,0.026,3.55
$Tn,shuTn,sh-ṭ-n,Eml,uEml,ʿ-m-l,8,1.03,0.041,3.55
Emy,uEmy,ʿ-m-y,kwn,kwn,k-w-n,10,0.82,0.017,3.55
wsE,wsuE,w-s-ʿ,Amn,uAmn,a-m-n,7,1.06,0.019,3.55
wvq,wvq,w-th-q,rsl,rsl,r-s-l,5,1.33,0.022,3.55
TEm,uTuEm,ṭ-ʿ-m,Amn,uAmn,a-m-n,9,0.92,0.024,3.54
wfy,wfy,w-f-y,Ebd,uEbd,ʿ-b-d,6,1.22,0.038,3.54
gfl,gfl,gh-f-l,Ayy,uAyy,a-y-y,5,1.34,0.026,3.53
nSr,nuSr,n-ṣ-r,Axr,uAxr,a-kh-r,10,0.91,0.053,3.53
Sdq,uSdq,ṣ-d-q,dxl,dxl,d-kh-l,6,1.23,0.047,3.53
TwE,uTwuE,ṭ-w-ʿ,SlH,uSluH,ṣ-l-ḥ,7,1.12,0.049,3.53
xsr,xsr,kh-s-r,Amn,uAmn,a-m-n,12,0.79,0.031,3.53
zwj,zwj,z-w-j,bEd,buEd,b-ʿ-d,6,1.22,0.041,3.53
jnd,jnd,j-n-d,kfr,kfr,k-f-r,5,1.31,0.02,3.52
qll,qll,q-l-l,sbl,sbl,s-b-l,5,1.36,0.042,3.52
lys,lys,l-y-s,$yA,shyuA,sh-y-a,11,0.85,0.041,3.51
AHd,uAuHd,a-ḥ-d,mvl,mvl,m-th-l,5,1.36,0.043,3.51
yqn,yqn,y-q-n,qwm,qwm,q-w-m,6,1.16,0.019,3.51
sbq,sbq,s-b-q,kll,kll,k-l-l,5,1.33,0.026,3.5
jhr,jhr,j-h-r,Alh,uAlh,a-l-h,8,0.82,0.008,3.49
rbw,rbw,r-b-w,Alh,uAlh,a-l-h,8,0.82,0.008,3.49
rjE,rjuE,r-j-ʿ,TwE,uTwuE,ṭ-w-ʿ,5,1.36,0.045,3.49
Esy,uEsy,ʿ-s-y,$yA,shyuA,sh-y-a,5,1.31,0.021,3.49
xld,xld,kh-l-d,Alh,uAlh,a-l-h,34,0.39,0.035,3.49
jwb,jwb,j-w-b,Alh,uAlh,a-l-h,18,0.54,0.019,3.48
nfE,nfuE,n-f-ʿ,Ebd,uEbd,ʿ-b-d,5,1.34,0.033,3.48
Slw,uSlw,ṣ-l-w,nws,nws,n-w-s,7,1.11,0.044,3.48
wld,wld,w-l-d,gfr,gfr,gh-f-r,6,1.21,0.043,3.47
gny,gny,gh-n-y,nws,nws,n-w-s,6,1.21,0.04,3.46
n*r,ndhr,n-dh-r,qwl,qwl,q-w-l,34,0.41,0.045,3.46
Ewd,uEwd,ʿ-w-d,rsl,rsl,r-s-l,8,1,0.033,3.46
mny,mny,m-n-y,Elm,uElm,ʿ-l-m,5,1.25,0.013,3.45
Ans,uAns,a-n-s,nwr,nwr,n-w-r,6,1.21,0.045,3.45
Ejl,uEjl,ʿ-j-l,qbl,qbl,q-b-l,5,1.33,0.031,3.45
Hbb,uHbb,ḥ-b-b,Zlm,uZlm,ẓ-l-m,8,1.02,0.043,3.45
Hmd,uHmd,ḥ-m-d,wly,wly,w-l-y,5,1.34,0.038,3.44
trk,trk,t-r-k,$yA,shyuA,sh-y-a,6,1.17,0.025,3.43
Ewd,uEwd,ʿ-w-d,qbl,qbl,q-b-l,6,1.19,0.035,3.43
TwE,uTwuE,ṭ-w-ʿ,rbb,rbb,r-b-b,10,-0.72,0.02,3.43
Tyb,uTyb,ṭ-y-b,nfs,nfs,n-f-s,5,1.33,0.032,3.43
brA,bruA,b-r-a,byn,byn,b-y-n,5,1.29,0.021,3.42
xld,xld,kh-l-d,End,uEnd,ʿ-n-d,6,1.2,0.044,3.42
ymn,ymn,y-m-n,jnn,jnn,j-n-n,5,1.34,0.039,3.42
lqy,lqy,l-q-y,Ayy,uAyy,a-y-y,13,0.77,0.053,3.41
slm,slm,s-l-m,nEm,nuEm,n-ʿ-m,6,1.2,0.047,3.41
x$y,xshy,kh-sh-y,rHm,ruHm,r-ḥ-m,5,1.32,0.028,3.41
fsq,fsq,f-s-q,kfr,kfr,k-f-r,8,0.99,0.031,3.4
sbH,sbuH,s-b-ḥ,dwn,dwn,d-w-n,5,1.34,0.044,3.4
Elw,uElw,ʿ-l-w,dEw,duEw,d-ʿ-w,5,1.33,0.04,3.4
Hsb,uHsb,ḥ-s-b,qdr,qdr,q-d-r,5,1.34,0.045,3.4
Znn,uZnn,ẓ-n-n,ArD,uAruD,a-r-ḍ,8,0.99,0.032,3.39
bSr,buSr,b-ṣ-r,Aty,uAty,a-t-y,17,0.65,0.054,3.38
gyb,gyb,gh-y-b,ktb,ktb,k-t-b,6,1.18,0.036,3.38
mdd,mdd,m-d-d,ArD,uAruD,a-r-ḍ,5,1.29,0.021,3.38
qll,qll,q-l-l,Amn,uAmn,a-m-n,14,0.71,0.035,3.38
qDy,quDy,q-ḍ-y,ktb,ktb,k-t-b,6,1.18,0.036,3.38
sjd,sjd,s-j-d,qwm,qwm,q-w-m,13,0.75,0.038,3.38
Abw,uAbw,a-b-w,xrj,xrj,kh-r-j,6,1.2,0.046,3.38
Axw,uAxw,a-kh-w,jEl,juEl,j-ʿ-l,8,1,0.041,3.38
Axw,uAxw,a-kh-w,qlb,qlb,q-l-b,5,1.33,0.043,3.38
wjh,wjh,w-j-h,Zlm,uZlm,ẓ-l-m,7,1.08,0.039,3.38
dyn,dyn,d-y-n,Elm,uElm,ʿ-l-m,16,0.66,0.039,3.37
gfl,gfl,gh-f-l,rbb,rbb,r-b-b,9,0.88,0.02,3.37
nkH,nkuH,n-k-ḥ,kwn,kwn,k-w-n,7,0.97,0.012,3.37
ryb,ryb,r-y-b,rbb,rbb,r-b-b,9,0.88,0.02,3.37
Drb,uDrb,ḍ-r-b,Elm,uElm,ʿ-l-m,11,0.8,0.028,3.37
Emr,uEmr,ʿ-m-r,kwn,kwn,k-w-n,7,0.97,0.012,3.37
*ll,dhll,dh-l-l,qwl,qwl,q-w-l,9,0.82,0.013,3.36
dwr,dwr,d-w-r,Eml,uEml,ʿ-m-l,6,1.17,0.033,3.35
hwy,hwy,h-w-y,byn,byn,b-y-n,6,1.16,0.024,3.35
mrA,mruA,m-r-a,byn,byn,b-y-n,6,1.16,0.024,3.35
qDy,quDy,q-ḍ-y,smw,smw,s-m-w,7,1.07,0.034,3.35
skn,skn,s-k-n,$yA,shyuA,sh-y-a,9,0.92,0.035,3.35
wEd,wuEd,w-ʿ-d,nws,nws,n-w-s,9,0.94,0.051,3.35
xwf,xwf,kh-w-f,dxl,dxl,d-kh-l,5,1.33,0.045,3.35
swy,swy,s-w-y,tbE,tbuE,t-b-ʿ,5,1.32,0.042,3.34
tlw,tlw,t-l-w,Amn,uAmn,a-m-n,12,0.76,0.031,3.34
bSr,buSr,b-ṣ-r,mvl,mvl,m-th-l,7,1.09,0.049,3.33
sjd,sjd,s-j-d,Amn,uAmn,a-m-n,15,0.68,0.037,3.33
sHr,suHr,s-ḥ-r,Ayy,uAyy,a-y-y,7,1.07,0.034,3.33
Abw,uAbw,a-b-w,rwd,rwd,r-w-d,5,1.32,0.045,3.33
gny,gny,gh-n-y,nwr,nwr,n-w-r,5,1.32,0.041,3.32
nZr,nuZr,n-ẓ-r,mwt,mwt,m-w-t,6,1.19,0.047,3.32
Dyq,uDyq,ḍ-y-q,kwn,kwn,k-w-n,5,1.14,0.008,3.32
wEZ,wuEuZ,w-ʿ-ẓ,Amn,uAmn,a-m-n,6,1.11,0.016,3.32
xzy,xzy,kh-z-y,Amn,uAmn,a-m-n,6,1.11,0.016,3.32
*rr,dhrr,dh-r-r,kll,kll,k-l-l,5,1.29,0.026,3.31
qTE,quTuE,q-ṭ-ʿ,kll,kll,k-l-l,5,1.29,0.026,3.31
$rb,shrb,sh-r-b,ywm,ywm,y-w-m,5,1.28,0.024,3.31
fwq,fwq,f-w-q,jEl,juEl,j-ʿ-l,5,1.29,0.028,3.29
skn,skn,s-k-n,mlk,mlk,m-l-k,5,1.31,0.039,3.29
Ajl,uAjl,a-j-l,Elm,uElm,ʿ-l-m,10,0.84,0.026,3.29
Ejl,uEjl,ʿ-j-l,qwl,qwl,q-w-l,15,0.62,0.021,3.29
blw,blw,b-l-w,Aty,uAty,a-t-y,6,1.14,0.023,3.28
lys,lys,l-y-s,mvl,mvl,m-th-l,5,1.31,0.043,3.28
njw,njw,n-j-w,E*b,uEdhb,ʿ-dh-b,8,0.99,0.039,3.28
slm,slm,s-l-m,Ajr,uAjr,a-j-r,5,1.31,0.044,3.28
fEl,fuEl,f-ʿ-l,Zlm,uZlm,ẓ-l-m,9,0.92,0.046,3.27
fEl,fuEl,f-ʿ-l,Amn,uAmn,a-m-n,18,0.61,0.044,3.27
nfq,nfq,n-f-q,Axr,uAxr,a-kh-r,7,1.07,0.043,3.27
nSr,nuSr,n-ṣ-r,Edw,uEdw,ʿ-d-w,5,1.31,0.044,3.27
qll,qll,q-l-l,nws,nws,n-w-s,6,1.17,0.04,3.27
SbH,uSbuH,ṣ-b-ḥ,rAy,ruAy,r-a-y,5,1.29,0.029,3.27
Tyr,uTyr,ṭ-y-r,Elm,uElm,ʿ-l-m,6,1.1,0.016,3.27
wfy,wfy,w-f-y,kwn,kwn,k-w-n,18,0.58,0.029,3.27
wjh,wjh,w-j-h,xyr,xyr,kh-y-r,5,1.3,0.04,3.27
xzy,xzy,kh-z-y,Elm,uElm,ʿ-l-m,6,1.1,0.016,3.27
fsd,fsd,f-s-d,Alh,uAlh,a-l-h,20,0.5,0.021,3.26
jrm,jrm,j-r-m,k*b,kdhb,k-dh-b,6,1.16,0.037,3.26
k*b,kdhb,k-dh-b,nZr,nuZr,n-ẓ-r,9,0.93,0.048,3.26
tlw,tlw,t-l-w,Alh,uAlh,a-l-h,25,0.44,0.026,3.26
Hdv,uHdv,ḥ-d-th,Amn,uAmn,a-m-n,8,0.94,0.021,3.26
wHd,wuHd,w-ḥ-d,Hkm,uHkm,ḥ-k-m,5,1.3,0.039,3.26
frq,frq,f-r-q,qwm,qwm,q-w-m,11,0.8,0.033,3.25
mkr,mkr,m-k-r,kwn,kwn,k-w-n,8,0.88,0.013,3.25
mrD,mruD,m-r-ḍ,kwn,kwn,k-w-n,8,0.88,0.013,3.25
qry,qry,q-r-y,jEl,juEl,j-ʿ-l,6,1.16,0.033,3.25
$ry,shry,sh-r-y,kwn,kwn,k-w-n,8,0.88,0.013,3.25
skn,skn,s-k-n,qwm,qwm,q-w-m,11,0.8,0.033,3.25
bEv,buEv,b-ʿ-th,jyA,jyuA,j-y-a,6,1.16,0.037,3.24
*rr,dhrr,dh-r-r,qwm,qwm,q-w-m,7,1.02,0.022,3.24
lEn,luEn,l-ʿ-n,qwm,qwm,q-w-m,7,1.02,0.022,3.24
wfy,wfy,w-f-y,jyA,jyuA,j-y-a,6,1.16,0.037,3.24
Eqb,uEqb,ʿ-q-b,Amr,uAmr,a-m-r,6,1.16,0.04,3.23
wsE,wsuE,w-s-ʿ,qwm,qwm,q-w-m,6,1.11,0.019,3.23
wvq,wvq,w-th-q,qwm,qwm,q-w-m,6,1.11,0.019,3.23
rdd,rdd,r-d-d,$yA,shyuA,sh-y-a,8,0.96,0.032,3.22
wHd,wuHd,w-ḥ-d,Ebd,uEbd,ʿ-b-d,6,1.15,0.038,3.21
jbl,jbl,j-b-l,kwn,kwn,k-w-n,12,0.71,0.02,3.2
TwE,uTwuE,ṭ-w-ʿ,byn,byn,b-y-n,14,0.7,0.049,3.2
mwh,mwh,m-w-h,Ayy,uAyy,a-y-y,7,1.04,0.034,3.19
rdd,rdd,r-d-d,rAy,ruAy,r-a-y,6,1.14,0.034,3.19
Slw,uSlw,ṣ-l-w,qbl,qbl,q-b-l,8,0.98,0.043,3.19
Srf,uSrf,ṣ-r-f,byn,byn,b-y-n,5,1.24,0.021,3.19
gny,gny,gh-n-y,xyr,xyr,kh-y-r,5,1.28,0.04,3.18
jwb,jwb,j-w-b,rbb,rbb,r-b-b,10,0.8,0.022,3.17
nfE,nfuE,n-f-ʿ,*kr,dhkr,dh-k-r,5,1.27,0.032,3.17
AHd,uAuHd,a-ḥ-d,Amn,uAmn,a-m-n,15,0.66,0.037,3.17
nsy,nsy,n-s-y,Ayy,uAyy,a-y-y,5,1.26,0.026,3.16
trk,trk,t-r-k,Ayy,uAyy,a-y-y,5,1.26,0.026,3.16
fSl,fuSl,f-ṣ-l,jEl,juEl,j-ʿ-l,5,1.26,0.028,3.14
sbq,sbq,s-b-q,Alh,uAlh,a-l-h,6,-0.81,0.006,3.14
smE,smuE,s-m-ʿ,ywm,ywm,y-w-m,5,-0.98,0.019,3.14
tHt,tuHt,t-ḥ-t,rsl,rsl,r-s-l,7,1.03,0.029,3.14
Ewd,uEwd,ʿ-w-d,bEd,buEd,b-ʿ-d,5,1.27,0.036,3.14
wkl,wkl,w-k-l,ktb,ktb,k-t-b,6,1.14,0.035,3.14
hwy,hwy,h-w-y,kll,kll,k-l-l,5,1.25,0.026,3.13
mll,mll,m-l-l,rbb,rbb,r-b-b,5,1.16,0.011,3.13
qrr,qrr,q-r-r,kll,kll,k-l-l,5,1.25,0.026,3.13
swq,swq,s-w-q,rbb,rbb,r-b-b,5,1.16,0.011,3.13
trk,trk,t-r-k,kll,kll,k-l-l,5,1.25,0.026,3.13
DEf,uDuEf,ḍ-ʿ-f,Zlm,uZlm,ẓ-l-m,5,1.26,0.03,3.13
wjh,wjh,w-j-h,dEw,duEw,d-ʿ-w,5,1.27,0.04,3.13
blw,blw,b-l-w,ywm,ywm,y-w-m,5,1.24,0.024,3.12
dbr,dbr,d-b-r,rAy,ruAy,r-a-y,5,1.25,0.029,3.12
Ezz,uEzz,ʿ-z-z,qwm,qwm,q-w-m,6,-0.89,0.017,3.12
Hbb,uHbb,ḥ-b-b,kll,kll,k-l-l,9,0.9,0.041,3.12
H*r,uHdhr,ḥ-dh-r,Amn,uAmn,a-m-n,5,1.18,0.013,3.11
Hzn,uHzn,ḥ-z-n,Eml,uEml,ʿ-m-l,5,1.25,0.028,3.1
nfq,nfq,n-f-q,swA,swuA,s-w-a,5,1.26,0.042,3.09
nfE,nfuE,n-f-ʿ,smw,smw,s-m-w,6,1.12,0.03,3.09
Any,uAny,a-n-y,rbb,rbb,r-b-b,9,0.84,0.02,3.09
lys,lys,l-y-s,Ebd,uEbd,ʿ-b-d,7,1.03,0.042,3.08
nZr,nuZr,n-ẓ-r,bEd,buEd,b-ʿ-d,8,0.96,0.047,3.08
grb,grb,gh-r-b,qwl,qwl,q-w-l,7,0.89,0.01,3.07
rjw,rjw,r-j-w,qwl,qwl,q-w-l,10,0.74,0.014,3.07
Emr,uEmr,ʿ-m-r,Elm,uElm,ʿ-l-m,5,1.17,0.013,3.07
H*r,uHdhr,ḥ-dh-r,Elm,uElm,ʿ-l-m,5,1.17,0.013,3.07
HwT,uHwuT,ḥ-w-ṭ,qwl,qwl,q-w-l,10,0.74,0.014,3.07
n*r,ndhr,n-dh-r,Hqq,uHqq,ḥ-q-q,9,0.89,0.048,3.06
AHd,uAuHd,a-ḥ-d,Aty,uAty,a-t-y,11,0.78,0.039,3.06
Hsb,uHsb,ḥ-s-b,rAy,ruAy,r-a-y,9,0.89,0.045,3.06
SHb,uSuHb,ṣ-ḥ-b,Zlm,uZlm,ẓ-l-m,8,0.95,0.042,3.06
qrn,qrn,q-r-n,qwl,qwl,q-w-l,12,0.67,0.017,3.05
sbH,sbuH,s-b-ḥ,bny,bny,b-n-y,5,1.26,0.042,3.05
sAl,suAl,s-a-l,xlq,xlq,kh-l-q,8,0.96,0.048,3.05
wjh,wjh,w-j-h,Axr,uAxr,a-kh-r,6,1.12,0.038,3.05
*hb,dhhb,dh-h-b,Alh,uAlh,a-l-h,23,0.45,0.024,3.04
nSb,nuSb,n-ṣ-b,kfr,kfr,k-f-r,5,1.21,0.02,3.04
qwy,qwy,q-w-y,$yA,shyuA,sh-y-a,6,1.1,0.025,3.04
ErD,uEruD,ʿ-r-ḍ,dEw,duEw,d-ʿ-w,5,1.25,0.039,3.04
wHd,wuHd,w-ḥ-d,qwl,qwl,q-w-l,21,0.5,0.029,3.04
wvq,wvq,w-th-q,kfr,kfr,k-f-r,5,1.21,0.02,3.04
zwj,zwj,z-w-j,dEw,duEw,d-ʿ-w,5,1.25,0.039,3.04
rjE,rjuE,r-j-ʿ,Elm,uElm,ʿ-l-m,18,0.58,0.043,3.03
Eql,uEql,ʿ-q-l,nfs,nfs,n-f-s,5,1.24,0.031,3.03
*wq,dhwq,dh-w-q,kll,kll,k-l-l,7,1.01,0.034,3.02
frq,frq,f-r-q,jyA,jyuA,j-y-a,6,1.11,0.037,3.02
fry,fry,f-r-y,Aty,uAty,a-t-y,8,0.93,0.03,3.02
qry,qry,q-r-y,Aty,uAty,a-t-y,8,0.93,0.03,3.02
DEf,uDuEf,ḍ-ʿ-f,Aty,uAty,a-t-y,7,1,0.026,3.02
bsT,bsuT,b-s-ṭ,qwm,qwm,q-w-m,5,1.18,0.016,3.01
hwy,hwy,h-w-y,qwm,qwm,q-w-m,7,0.98,0.022,3.01
nbt,nbt,n-b-t,qwm,qwm,q-w-m,5,1.18,0.016,3.01
nfq,nfq,n-f-q,kbr,kbr,k-b-r,5,1.24,0.042,3.01
trk,trk,t-r-k,Amn,uAmn,a-m-n,8,0.9,0.021,3.01
bHr,buHr,b-ḥ-r,ArD,uAruD,a-r-ḍ,6,1.09,0.025,3
SHb,uSuHb,ṣ-ḥ-b,mvl,mvl,m-th-l,5,1.24,0.042,3
zkw,zkw,z-k-w,wqy,wqy,w-q-y,5,1.23,0.034,2.99
gyb,gyb,gh-y-b,Alh,uAlh,a-l-h,24,0.43,0.025,2.98
jnb,jnb,j-n-b,Amn,uAmn,a-m-n,7,0.96,0.019,2.98
lqy,lqy,l-q-y,dnw,dnw,d-n-w,6,1.11,0.046,2.98
DEf,uDuEf,ḍ-ʿ-f,rAy,ruAy,r-a-y,5,1.22,0.029,2.98
xfy,xfy,kh-f-y,Amn,uAmn,a-m-n,7,0.96,0.019,2.98
zyd,zyd,z-y-d,Alh,uAlh,a-l-h,24,0.43,0.025,2.98
Avm,uAvm,a-th-m,qwl,qwl,q-w-l,5,-0.9,0.007,2.97
$Tn,shuTn,sh-ṭ-n,Dll,uDll,ḍ-l-l,5,1.23,0.04,2.96
DEf,uDuEf,ḍ-ʿ-f,qwl,qwl,q-w-l,15,0.59,0.021,2.96
SrT,uSruT,ṣ-r-ṭ,Alh,uAlh,a-l-h,19,0.49,0.02,2.96
mwh,mwh,m-w-h,qwm,qwm,q-w-m,10,0.8,0.03,2.95
nfE,nfuE,n-f-ʿ,$yA,shyuA,sh-y-a,7,0.99,0.028,2.95
E$r,uEshr,ʿ-sh-r,Alh,uAlh,a-l-h,12,0.62,0.013,2.95
wHy,wuHy,w-ḥ-y,jEl,juEl,j-ʿ-l,7,1,0.037,2.95
xfy,xfy,kh-f-y,ArD,uAruD,a-r-ḍ,5,1.19,0.021,2.95
Awy,uAwy,a-w-y,ywm,ywm,y-w-m,5,1.2,0.024,2.94
sbH,sbuH,s-b-ḥ,kbr,kbr,k-b-r,5,1.23,0.042,2.93
Zhr,uZhr,ẓ-h-r,kfr,kfr,k-f-r,8,0.91,0.031,2.93
bAs,buAs,b-a-s,Amn,uAmn,a-m-n,13,0.68,0.033,2.92
jml,jml,j-m-l,qwl,qwl,q-w-l,5,1.04,0.007,2.92
Hbb,uHbb,ḥ-b-b,xrj,xrj,kh-r-j,5,1.22,0.041,2.92
wHy,wuHy,w-ḥ-y,mlk,mlk,m-l-k,5,1.22,0.038,2.92
xwf,xwf,kh-w-f,b$r,bshr,b-sh-r,5,1.23,0.043,2.92
fSl,fuSl,f-ṣ-l,rbb,rbb,r-b-b,10,0.77,0.022,2.91
lqy,lqy,l-q-y,jyA,jyuA,j-y-a,10,0.82,0.05,2.91
smE,smuE,s-m-ʿ,AHd,uAuHd,a-ḥ-d,5,1.22,0.041,2.91
ymn,ymn,y-m-n,ktb,ktb,k-t-b,6,1.09,0.035,2.91
fqh,fqh,f-q-h,kwn,kwn,k-w-n,7,0.89,0.012,2.9
gny,gny,gh-n-y,Ax*,uAxdh,a-kh-dh,6,1.09,0.038,2.9
kfy,kfy,k-f-y,rsl,rsl,r-s-l,5,1.18,0.022,2.9
n*r,ndhr,n-dh-r,Elm,uElm,ʿ-l-m,8,-0.75,0.019,2.9
sbH,sbuH,s-b-ḥ,Ebd,uEbd,ʿ-b-d,7,1,0.041,2.9
Tyr,uTyr,ṭ-y-r,qwl,qwl,q-w-l,9,0.76,0.013,2.89
bSr,buSr,b-ṣ-r,xrj,xrj,kh-r-j,7,1,0.047,2.88
hwy,hwy,h-w-y,Aty,uAty,a-t-y,6,1.06,0.023,2.88
mwh,mwh,m-w-h,nws,nws,n-w-s,5,1.21,0.035,2.88
qdm,qdm,q-d-m,Alh,uAlh,a-l-h,20,0.47,0.021,2.88
wEd,wuEd,w-ʿ-d,gfr,gfr,gh-f-r,8,0.93,0.048,2.88
*wq,dhwq,dh-w-q,Zlm,uZlm,ẓ-l-m,6,1.08,0.034,2.87
lqy,lqy,l-q-y,wEd,wuEd,w-ʿ-d,6,1.09,0.045,2.87
Akl,uAkl,a-k-l,nwr,nwr,n-w-r,6,1.09,0.044,2.87
Sbr,uSbr,ṣ-b-r,Hkm,uHkm,ḥ-k-m,6,1.09,0.043,2.87
bdl,bdl,b-d-l,$yA,shyuA,sh-y-a,6,1.06,0.025,2.86
frq,frq,f-r-q,hdy,hdy,h-d-y,6,1.08,0.036,2.86
Swb,uSwb,ṣ-w-b,Axr,uAxr,a-kh-r,5,1.2,0.034,2.86
bSr,buSr,b-ṣ-r,rsl,rsl,r-s-l,5,-0.94,0.018,2.85
jbl,jbl,j-b-l,smw,smw,s-m-w,5,1.18,0.026,2.85
mwh,mwh,m-w-h,Amr,uAmr,a-m-r,5,1.2,0.035,2.85
rjE,rjuE,r-j-ʿ,Alh,uAlh,a-l-h,39,0.33,0.039,2.85
trk,trk,t-r-k,Alh,uAlh,a-l-h,16,0.52,0.017,2.85
Any,uAny,a-n-y,kwn,kwn,k-w-n,11,0.7,0.018,2.85
rwH,rwuH,r-w-ḥ,jyA,jyuA,j-y-a,5,1.19,0.032,2.84
Abw,uAbw,a-b-w,wEd,wuEd,w-ʿ-d,5,1.21,0.043,2.84
wEZ,wuEuZ,w-ʿ-ẓ,kwn,kwn,k-w-n,8,0.82,0.013,2.84
*wq,dhwq,dh-w-q,bEd,buEd,b-ʿ-d,5,1.2,0.035,2.83
grr,grr,gh-r-r,Alh,uAlh,a-l-h,10,0.66,0.011,2.83
rdd,rdd,r-d-d,Eml,uEml,ʿ-m-l,6,1.07,0.032,2.83
sHb,suHb,s-ḥ-b,Alh,uAlh,a-l-h,6,0.86,0.006,2.83
Hrr,uHrr,ḥ-r-r,Alh,uAlh,a-l-h,6,0.86,0.006,2.83
Hrv,uHrv,ḥ-r-th,Alh,uAlh,a-l-h,6,0.86,0.006,2.83
Hzn,uHzn,ḥ-z-n,rsl,rsl,r-s-l,6,1.05,0.025,2.83
Tlq,uTlq,ṭ-l-q,Alh,uAlh,a-l-h,10,0.66,0.011,2.83
dwr,dwr,d-w-r,qwm,qwm,q-w-m,9,0.83,0.028,2.82
fwq,fwq,f-w-q,E*b,uEdhb,ʿ-dh-b,5,1.18,0.027,2.82
glb,glb,gh-l-b,kwn,kwn,k-w-n,9,0.77,0.015,2.82
hwy,hwy,h-w-y,rbb,rbb,r-b-b,9,0.8,0.02,2.82
nSr,nuSr,n-ṣ-r,$dd,shdd,sh-d-d,5,1.2,0.042,2.82
Zll,uZll,ẓ-l-l,$yA,shyuA,sh-y-a,5,1.16,0.021,2.82
vlv,vlv,th-l-th,kwn,kwn,k-w-n,9,0.77,0.015,2.82
xlw,xlw,kh-l-w,kwn,kwn,k-w-n,9,0.77,0.015,2.82
gny,gny,gh-n-y,Hkm,uHkm,ḥ-k-m,5,1.2,0.038,2.81
hlk,hlk,h-l-k,Ayy,uAyy,a-y-y,7,0.97,0.034,2.81
nZr,nuZr,n-ẓ-r,Ayy,uAyy,a-y-y,11,0.76,0.047,2.81
swy,swy,s-w-y,Dll,uDll,ḍ-l-l,5,1.2,0.04,2.81
Hbb,uHbb,ḥ-b-b,qwm,qwm,q-w-m,13,0.68,0.038,2.81
wjh,wjh,w-j-h,ywm,ywm,y-w-m,8,0.9,0.036,2.8
bHr,buHr,b-ḥ-r,byn,byn,b-y-n,6,1.04,0.024,2.79
nSb,nuSb,n-ṣ-b,Alh,uAlh,a-l-h,13,0.57,0.014,2.79
Ajl,uAjl,a-j-l,rbb,rbb,r-b-b,11,0.71,0.024,2.79
Hyv,uHyv,ḥ-y-th,Alh,uAlh,a-l-h,13,0.57,0.014,2.79
*wq,dhwq,dh-w-q,nws,nws,n-w-s,5,1.18,0.035,2.78
Ewd,uEwd,ʿ-w-d,kfr,kfr,k-f-r,8,0.89,0.031,2.78
qll,qll,q-l-l,Axr,uAxr,a-kh-r,6,1.06,0.038,2.77
Ajl,uAjl,a-j-l,ywm,ywm,y-w-m,6,1.05,0.028,2.77
Hbb,uHbb,ḥ-b-b,Hyy,uHyy,ḥ-y-y,5,1.19,0.041,2.77
mll,mll,m-l-l,Alh,uAlh,a-l-h,8,0.73,0.008,2.76
Eln,uEln,ʿ-l-n,Alh,uAlh,a-l-h,8,0.73,0.008,2.76
HbT,uHbuT,ḥ-b-ṭ,Alh,uAlh,a-l-h,8,0.73,0.008,2.76
Ans,uAns,a-n-s,kwn,kwn,k-w-n,24,0.45,0.038,2.75
hlk,hlk,h-l-k,rsl,rsl,r-s-l,8,0.88,0.033,2.74
kwd,kwd,k-w-d,qwm,qwm,q-w-m,5,1.12,0.016,2.74
$ms,shms,sh-m-s,rbb,rbb,r-b-b,8,0.84,0.018,2.74
Ajl,uAjl,a-j-l,Zlm,uZlm,ẓ-l-m,5,1.16,0.03,2.73
ErD,uEruD,ʿ-r-ḍ,ArD,uAruD,a-r-ḍ,9,0.83,0.035,2.73
*hb,dhhb,dh-h-b,Aty,uAty,a-t-y,8,0.87,0.03,2.72
drj,drj,d-r-j,Elm,uElm,ʿ-l-m,5,1.1,0.013,2.72
grr,grr,gh-r-r,qwl,qwl,q-w-l,8,0.78,0.011,2.72
kfy,kfy,k-f-y,Amn,uAmn,a-m-n,7,0.92,0.019,2.72
tmm,tmm,t-m-m,Elm,uElm,ʿ-l-m,5,1.1,0.013,2.72
Hdd,uHdd,ḥ-d-d,Elm,uElm,ʿ-l-m,5,1.1,0.013,2.72
gll,gll,gh-l-l,kwn,kwn,k-w-n,5,1.03,0.008,2.71
glm,glm,gh-l-m,kwn,kwn,k-w-n,5,1.03,0.008,2.71
ldn,ldn,l-d-n,rbb,rbb,r-b-b,5,1.07,0.011,2.71
rdd,rdd,r-d-d,qwl,qwl,q-w-l,18,0.51,0.025,2.71
rjE,rjuE,r-j-ʿ,smw,smw,s-m-w,10,0.78,0.044,2.71
rAs,ruAs,r-a-s,rbb,rbb,r-b-b,5,1.07,0.011,2.71
Hjj,uHjj,ḥ-j-j,Amn,uAmn,a-m-n,6,0.99,0.016,2.71
wHd,wuHd,w-ḥ-d,nfs,nfs,n-f-s,6,1.05,0.036,2.71
Hbb,uHbb,ḥ-b-b,rbb,rbb,r-b-b,7,-0.76,0.015,2.7
xsr,xsr,kh-s-r,ywm,ywm,y-w-m,7,0.95,0.032,2.7
Hsb,uHsb,ḥ-s-b,Hsn,uHsn,ḥ-s-n,6,1.05,0.043,2.69
bdl,bdl,b-d-l,Ayy,uAyy,a-y-y,5,1.14,0.025,2.68
bEv,buEv,b-ʿ-th,xlq,xlq,kh-l-q,5,1.16,0.035,2.68
$kr,shkr,sh-k-r,gfr,gfr,gh-f-r,5,1.16,0.037,2.68
twb,twb,t-w-b,wly,wly,w-l-y,5,1.16,0.037,2.68
kfy,kfy,k-f-y,Elm,uElm,ʿ-l-m,7,0.91,0.018,2.67
krm,krm,k-r-m,Alh,uAlh,a-l-h,9,-0.62,0.009,2.67
nZr,nuZr,n-ẓ-r,qdr,qdr,q-d-r,5,1.16,0.042,2.67
srr,srr,s-r-r,Alh,uAlh,a-l-h,18,0.47,0.019,2.67
Axw,uAxw,a-kh-w,qbl,qbl,q-b-l,7,0.95,0.039,2.67
Er$,uErsh,ʿ-r-sh,Elm,uElm,ʿ-l-m,7,0.91,0.018,2.67
slm,slm,s-l-m,Hsn,uHsn,ḥ-s-n,7,0.96,0.046,2.66
Ezz,uEzz,ʿ-z-z,rwd,rwd,r-w-d,5,1.16,0.042,2.66
xlw,xlw,kh-l-w,qwl,qwl,q-w-l,10,0.69,0.014,2.66
bEv,buEv,b-ʿ-th,kll,kll,k-l-l,7,0.94,0.033,2.65
Slw,uSlw,ṣ-l-w,Ebd,uEbd,ʿ-b-d,7,0.95,0.041,2.65
nZr,nuZr,n-ẓ-r,Awl,uAwl,a-w-l,6,1.04,0.044,2.64
sjd,sjd,s-j-d,nws,nws,n-w-s,6,1.04,0.039,2.64
jmE,jmuE,j-m-ʿ,mvl,mvl,m-th-l,6,1.04,0.044,2.63
mlA,mluA,m-l-a,kfr,kfr,k-f-r,6,1.01,0.024,2.63
smE,smuE,s-m-ʿ,rbb,rbb,r-b-b,16,-0.51,0.031,2.63
Er$,uErsh,ʿ-r-sh,$yA,shyuA,sh-y-a,5,1.12,0.021,2.63
kwd,kwd,k-w-d,Alh,uAlh,a-l-h,11,0.61,0.012,2.62
sjd,sjd,s-j-d,Amr,uAmr,a-m-r,6,1.03,0.039,2.62
Hsb,uHsb,ḥ-s-b,Eml,uEml,ʿ-m-l,9,0.81,0.043,2.6
Tgy,uTgy,ṭ-gh-y,qwm,qwm,q-w-m,7,0.91,0.022,2.6
TEm,uTuEm,ṭ-ʿ-m,kwn,kwn,k-w-n,12,0.63,0.02,2.6
Ajl,uAjl,a-j-l,rAy,ruAy,r-a-y,5,1.13,0.029,2.59
Drb,uDrb,ḍ-r-b,Hqq,uHqq,ḥ-q-q,5,1.13,0.032,2.59
nfq,nfq,n-f-q,rsl,rsl,r-s-l,10,0.76,0.039,2.58
rwH,rwuH,r-w-ḥ,qwl,qwl,q-w-l,7,-0.72,0.01,2.58
DEf,uDuEf,ḍ-ʿ-f,Elm,uElm,ʿ-l-m,9,0.78,0.023,2.58
brk,brk,b-r-k,byn,byn,b-y-n,5,1.1,0.021,2.56
mdd,mdd,m-d-d,Alh,uAlh,a-l-h,5,-0.81,0.005,2.56
$Tn,shuTn,sh-ṭ-n,dEw,duEw,d-ʿ-w,5,1.14,0.038,2.56
Eyn,uEyn,ʿ-y-n,Amr,uAmr,a-m-r,5,1.13,0.035,2.56
zwj,zwj,z-w-j,$yA,shyuA,sh-y-a,9,0.8,0.035,2.56
nsy,nsy,n-s-y,kwn,kwn,k-w-n,11,0.66,0.018,2.55
Hzb,uHzb,ḥ-z-b,kwn,kwn,k-w-n,6,0.9,0.01,2.55
qll,qll,q-l-l,jEl,juEl,j-ʿ-l,7,0.92,0.036,2.54
Axw,uAxw,a-kh-w,xyr,xyr,kh-y-r,5,1.13,0.039,2.54
xwf,xwf,kh-w-f,qwl,qwl,q-w-l,32,0.37,0.043,2.54
fsd,fsd,f-s-d,qwm,qwm,q-w-m,8,0.83,0.025,2.53
blg,blg,b-l-gh,qwl,qwl,q-w-l,22,0.44,0.03,2.52
jmE,jmuE,j-m-ʿ,xlf,xlf,kh-l-f,5,1.13,0.042,2.52
jmE,jmuE,j-m-ʿ,Ezz,uEzz,ʿ-z-z,5,1.13,0.042,2.52
Hsb,uHsb,ḥ-s-b,nfs,nfs,n-f-s,8,0.86,0.043,2.52
brz,brz,b-r-z,Alh,uAlh,a-l-h,5,0.88,0.005,2.5
bEv,buEv,b-ʿ-th,nws,nws,n-w-s,5,1.11,0.035,2.5
dfE,dfuE,d-f-ʿ,Alh,uAlh,a-l-h,5,0.88,0.005,2.5
fDD,fuDuD,f-ḍ-ḍ,Alh,uAlh,a-l-h,5,0.88,0.005,2.5
hlk,hlk,h-l-k,rAy,ruAy,r-a-y,6,1,0.033,2.5
sjd,sjd,s-j-d,Hsn,uHsn,ḥ-s-n,5,1.12,0.039,2.5
Ekf,uEkf,ʿ-k-f,Alh,uAlh,a-l-h,5,0.88,0.005,2.5
Er$,uErsh,ʿ-r-sh,qwl,qwl,q-w-l,11,0.63,0.016,2.5
ESy,uEuSy,ʿ-ṣ-y,qwl,qwl,q-w-l,11,0.63,0.016,2.5
SEd,uSuEd,ṣ-ʿ-d,Alh,uAlh,a-l-h,5,0.88,0.005,2.5
wfy,wfy,w-f-y,nws,nws,n-w-s,5,1.11,0.035,2.5
wlj,wlj,w-l-j,Alh,uAlh,a-l-h,5,0.88,0.005,2.5
xld,xld,kh-l-d,ywm,ywm,y-w-m,9,0.79,0.039,2.5
xsr,xsr,kh-s-r,kfr,kfr,k-f-r,8,0.84,0.03,2.5
fry,fry,f-r-y,hdy,hdy,h-d-y,5,1.11,0.031,2.49
jrm,jrm,j-r-m,rsl,rsl,r-s-l,8,0.84,0.032,2.49
tHt,tuHt,t-ḥ-t,ywm,ywm,y-w-m,6,0.99,0.028,2.49
Edd,uEdd,ʿ-d-d,Zlm,uZlm,ẓ-l-m,5,1.1,0.029,2.49
Hml,uHml,ḥ-m-l,ywm,ywm,y-w-m,6,0.99,0.028,2.49
xbr,xbr,kh-b-r,Elm,uElm,ʿ-l-m,10,0.72,0.026,2.49
ysr,ysr,y-s-r,qwl,qwl,q-w-l,5,-0.83,0.007,2.49
hwd,hwd,h-w-d,kwn,kwn,k-w-n,7,0.82,0.012,2.48
ksb,ksb,k-s-b,Eml,uEml,ʿ-m-l,6,0.99,0.032,2.48
n$A,nshuA,n-sh-a,qwm,qwm,q-w-m,5,1.06,0.016,2.48
Ezz,uEzz,ʿ-z-z,ktb,ktb,k-t-b,9,0.79,0.046,2.48
Swb,uSwb,ṣ-w-b,E*b,uEdhb,ʿ-dh-b,6,0.99,0.031,2.48
xsr,xsr,kh-s-r,Eml,uEml,ʿ-m-l,6,0.99,0.032,2.48
smE,smuE,s-m-ʿ,smw,smw,s-m-w,5,-0.88,0.019,2.47
ErD,uEruD,ʿ-r-ḍ,kwn,kwn,k-w-n,19,0.48,0.03,2.47
qSS,quSuS,q-ṣ-ṣ,kwn,kwn,k-w-n,8,0.76,0.013,2.46
Hbb,uHbb,ḥ-b-b,SlH,uSluH,ṣ-l-ḥ,5,1.11,0.039,2.46
HDr,uHuDr,ḥ-ḍ-r,kwn,kwn,k-w-n,8,0.76,0.013,2.46
SHb,uSuHb,ṣ-ḥ-b,Elm,uElm,ʿ-l-m,6,-0.79,0.015,2.46
jnd,jnd,j-n-d,Amn,uAmn,a-m-n,6,0.94,0.016,2.44
kyf,kyf,k-y-f,rbb,rbb,r-b-b,7,-0.73,0.015,2.44
bAs,buAs,b-a-s,nfs,nfs,n-f-s,6,0.99,0.035,2.43
sHr,suHr,s-ḥ-r,Elm,uElm,ʿ-l-m,11,0.68,0.028,2.43
jmE,jmuE,j-m-ʿ,kbr,kbr,k-b-r,6,0.99,0.043,2.42
xbr,xbr,kh-b-r,byn,byn,b-y-n,7,0.89,0.028,2.42
kff,kff,k-f-f,Alh,uAlh,a-l-h,7,0.73,0.007,2.41
lqy,lqy,l-q-y,Eml,uEml,ʿ-m-l,11,0.7,0.049,2.41
Ans,uAns,a-n-s,qwl,qwl,q-w-l,27,0.39,0.037,2.41
ErD,uEruD,ʿ-r-ḍ,Hqq,uHqq,ḥ-q-q,6,0.98,0.036,2.41
wHd,wuHd,w-ḥ-d,rbb,rbb,r-b-b,14,0.58,0.03,2.41
ftn,ftn,f-t-n,Alh,uAlh,a-l-h,23,0.4,0.024,2.4
rjw,rjw,r-j-w,Elm,uElm,ʿ-l-m,6,0.93,0.016,2.4
$kk,shkk,sh-k-k,qwl,qwl,q-w-l,6,0.85,0.009,2.4
swy,swy,s-w-y,qwm,qwm,q-w-m,12,0.65,0.035,2.4
HwT,uHwuT,ḥ-w-ṭ,Elm,uElm,ʿ-l-m,6,0.93,0.016,2.4
wfy,wfy,w-f-y,rAy,ruAy,r-a-y,6,0.98,0.033,2.4
Abw,uAbw,a-b-w,nws,nws,n-w-s,7,0.9,0.043,2.39
Tyb,uTyb,ṭ-y-b,Elm,uElm,ʿ-l-m,9,0.74,0.023,2.39
blg,blg,b-l-gh,rbb,rbb,r-b-b,15,0.56,0.032,2.38
bTl,buTl,b-ṭ-l,ArD,uAruD,a-r-ḍ,5,1.06,0.021,2.38
fsd,fsd,f-s-d,qwl,qwl,q-w-l,15,0.53,0.021,2.38
qll,qll,q-l-l,nzl,nzl,n-z-l,6,0.98,0.036,2.38
TEm,uTuEm,ṭ-ʿ-m,Alh,uAlh,a-l-h,17,0.46,0.018,2.38
wkl,wkl,w-k-l,rHm,ruHm,r-ḥ-m,6,0.97,0.032,2.38
*rr,dhrr,dh-r-r,qwl,qwl,q-w-l,12,0.59,0.017,2.37
Ezz,uEzz,ʿ-z-z,gfr,gfr,gh-f-r,7,0.9,0.044,2.37
Avm,uAvm,a-th-m,kll,kll,k-l-l,5,1.06,0.025,2.36
krh,krh,k-r-h,rsl,rsl,r-s-l,5,1.05,0.022,2.35
Ezz,uEzz,ʿ-z-z,Aty,uAty,a-t-y,5,-0.85,0.017,2.35
brr,brr,b-r-r,Alh,uAlh,a-l-h,13,0.52,0.014,2.34
bsT,bsuT,b-s-ṭ,rbb,rbb,r-b-b,6,0.9,0.013,2.34
Ans,uAns,a-n-s,kll,kll,k-l-l,9,0.77,0.04,2.34
wHy,wuHy,w-ḥ-y,qwl,qwl,q-w-l,21,0.44,0.029,2.34
Alm,uAlm,a-l-m,rbb,rbb,r-b-b,6,-0.76,0.013,2.33
sAl,suAl,s-a-l,kvr,kvr,k-th-r,6,0.97,0.043,2.32
swy,swy,s-w-y,kll,kll,k-l-l,8,0.81,0.037,2.32
wkl,wkl,w-k-l,Ax*,uAxdh,a-kh-dh,5,1.07,0.033,2.32
wHd,wuHd,w-ḥ-d,kll,kll,k-l-l,7,0.88,0.033,2.32
Axw,uAxw,a-kh-w,rAy,ruAy,r-a-y,7,0.88,0.037,2.31
Ezz,uEzz,ʿ-z-z,Ax*,uAxdh,a-kh-dh,8,0.82,0.044,2.31
Hyn,uHyn,ḥ-y-n,qwm,qwm,q-w-m,6,0.93,0.019,2.31
ymn,ymn,y-m-n,byn,byn,b-y-n,8,0.8,0.031,2.31
Syr,uSyr,ṣ-y-r,qwl,qwl,q-w-l,10,0.64,0.014,2.3
Znn,uZnn,ẓ-n-n,jyA,jyuA,j-y-a,5,1.06,0.031,2.3
jmE,jmuE,j-m-ʿ,qdr,qdr,q-d-r,5,1.07,0.041,2.29
A*y,uAdhy,a-dh-y,qwl,qwl,q-w-l,8,0.71,0.011,2.29
wHd,wuHd,w-ḥ-d,bEd,buEd,b-ʿ-d,5,1.06,0.034,2.29
ytm,ytm,y-t-m,Alh,uAlh,a-l-h,10,0.59,0.011,2.29
fEl,fuEl,f-ʿ-l,ktb,ktb,k-t-b,8,0.81,0.042,2.28
AHd,uAuHd,a-ḥ-d,dEw,duEw,d-ʿ-w,5,1.06,0.038,2.28
Znn,uZnn,ẓ-n-n,Hqq,uHqq,ḥ-q-q,5,1.06,0.031,2.28
bEv,buEv,b-ʿ-th,$yA,shyuA,sh-y-a,8,0.8,0.031,2.27
jmE,jmuE,j-m-ʿ,nfs,nfs,n-f-s,9,0.76,0.046,2.27
$Er,shuEr,sh-ʿ-r,qwl,qwl,q-w-l,13,0.55,0.018,2.27
wfy,wfy,w-f-y,$yA,shyuA,sh-y-a,8,0.8,0.031,2.27
Ans,uAns,a-n-s,Hyy,uHyy,ḥ-y-y,5,1.06,0.039,2.26
sAl,suAl,s-a-l,sbl,sbl,s-b-l,6,0.95,0.043,2.25
Ans,uAns,a-n-s,kfr,kfr,k-f-r,11,0.67,0.039,2.25
DEf,uDuEf,ḍ-ʿ-f,rbb,rbb,r-b-b,10,0.67,0.022,2.25
ErD,uEruD,ʿ-r-ḍ,nfs,nfs,n-f-s,6,0.94,0.035,2.25
Ezz,uEzz,ʿ-z-z,rbb,rbb,r-b-b,22,0.44,0.045,2.25
ftH,ftuH,f-t-ḥ,Alh,uAlh,a-l-h,14,0.49,0.015,2.24
Drb,uDrb,ḍ-r-b,$yA,shyuA,sh-y-a,7,0.85,0.028,2.23
Ans,uAns,a-n-s,kvr,kvr,k-th-r,5,1.05,0.039,2.22
zyd,zyd,z-y-d,qwl,qwl,q-w-l,18,0.46,0.025,2.22
zyd,zyd,z-y-d,nzl,nzl,n-z-l,5,1.04,0.032,2.22
ftn,ftn,f-t-n,jyA,jyuA,j-y-a,5,1.04,0.031,2.21
qry,qry,q-r-y,Amn,uAmn,a-m-n,10,0.68,0.026,2.21
Drb,uDrb,ḍ-r-b,Amn,uAmn,a-m-n,10,0.68,0.026,2.21
bdA,bduA,b-d-a,kwn,kwn,k-w-n,5,0.92,0.008,2.2
bTl,buTl,b-ṭ-l,byn,byn,b-y-n,5,1.01,0.02,2.2
kyf,kyf,k-y-f,kfr,kfr,k-f-r,10,0.69,0.036,2.2
lqy,lqy,l-q-y,rbb,rbb,r-b-b,25,0.41,0.05,2.2
n*r,ndhr,n-dh-r,ywm,ywm,y-w-m,11,0.66,0.045,2.2
qrn,qrn,q-r-n,byn,byn,b-y-n,5,1.01,0.02,2.2
DEf,uDuEf,ḍ-ʿ-f,ArD,uAruD,a-r-ḍ,6,0.92,0.025,2.2
ErD,uEruD,ʿ-r-ḍ,E*b,uEdhb,ʿ-dh-b,7,0.85,0.034,2.2
*hb,dhhb,dh-h-b,smw,smw,s-m-w,6,0.92,0.029,2.19
sEy,suEy,s-ʿ-y,Amn,uAmn,a-m-n,6,0.89,0.016,2.19
Znn,uZnn,ẓ-n-n,qwm,qwm,q-w-m,9,0.72,0.028,2.19
fwq,fwq,f-w-q,Aty,uAty,a-t-y,6,0.91,0.023,2.18
jmE,jmuE,j-m-ʿ,jnn,jnn,j-n-n,7,0.86,0.044,2.18
rdd,rdd,r-d-d,hdy,hdy,h-d-y,5,1.03,0.031,2.18
zkw,zkw,z-k-w,Ayy,uAyy,a-y-y,6,0.92,0.029,2.18
xld,xld,kh-l-d,Hsn,uHsn,ḥ-s-n,5,1.03,0.038,2.17
blg,blg,b-l-gh,nfs,nfs,n-f-s,6,0.92,0.035,2.16
qsT,qsuT,q-s-ṭ,Amn,uAmn,a-m-n,5,0.97,0.013,2.16
swy,swy,s-w-y,mlk,mlk,m-l-k,5,1.03,0.037,2.15
Ew*,uEwdh,ʿ-w-dh,Alh,uAlh,a-l-h,8,0.64,0.008,2.15
Hll,uHll,ḥ-l-l,kfr,kfr,k-f-r,6,0.9,0.024,2.15
vbt,vbt,th-b-t,Alh,uAlh,a-l-h,8,0.64,0.008,2.15
zyn,zyn,z-y-n,kfr,kfr,k-f-r,6,0.9,0.024,2.15
mnn,mnn,m-n-n,Alh,uAlh,a-l-h,11,0.55,0.012,2.14
$qq,shqq,sh-q-q,Alh,uAlh,a-l-h,11,0.55,0.012,2.14
Hwl,uHwl,ḥ-w-l,Alh,uAlh,a-l-h,11,0.55,0.012,2.14
Zhr,uZhr,ẓ-h-r,nfs,nfs,n-f-s,5,1.02,0.031,2.14
Znn,uZnn,ẓ-n-n,nfs,nfs,n-f-s,5,1.02,0.031,2.14
mdd,mdd,m-d-d,rbb,rbb,r-b-b,7,0.79,0.016,2.13
qsT,qsuT,q-s-ṭ,Elm,uElm,ʿ-l-m,5,0.96,0.013,2.13
E$r,uEshr,ʿ-sh-r,kwn,kwn,k-w-n,8,0.71,0.013,2.13
Thr,uThr,ṭ-h-r,kwn,kwn,k-w-n,8,0.71,0.013,2.13
bdl,bdl,b-d-l,rbb,rbb,r-b-b,9,0.69,0.02,2.12
mtE,mtuE,m-t-ʿ,wqy,wqy,w-q-y,5,1.02,0.033,2.12
qDy,quDy,q-ḍ-y,Alh,uAlh,a-l-h,23,0.37,0.024,2.12
Eqb,uEqb,ʿ-q-b,hdy,hdy,h-d-y,6,0.92,0.035,2.12
A*y,uAdhy,a-dh-y,kwn,kwn,k-w-n,7,0.75,0.012,2.11
blw,blw,b-l-w,$yA,shyuA,sh-y-a,5,0.99,0.021,2.1
sAl,suAl,s-a-l,qwm,qwm,q-w-m,7,-0.69,0.02,2.1
E$r,uEshr,ʿ-sh-r,qwl,qwl,q-w-l,9,0.64,0.013,2.1
Thr,uThr,ṭ-h-r,qwl,qwl,q-w-l,9,0.64,0.013,2.1
qdm,qdm,q-d-m,Amn,uAmn,a-m-n,9,0.69,0.023,2.09
zyn,zyn,z-y-n,kwn,kwn,k-w-n,12,0.57,0.02,2.09
qrA,qruA,q-r-a,jnn,jnn,j-n-n,5,1.01,0.036,2.08
Zhr,uZhr,ẓ-h-r,smw,smw,s-m-w,6,0.9,0.029,2.08
qnt,qnt,q-n-t,Alh,uAlh,a-l-h,6,0.73,0.006,2.07
rhb,rhb,r-h-b,Alh,uAlh,a-l-h,6,0.73,0.006,2.07
sfr,sfr,s-f-r,Alh,uAlh,a-l-h,6,0.73,0.006,2.07
trk,trk,t-r-k,qwl,qwl,q-w-l,12,0.55,0.017,2.07
Hml,uHml,ḥ-m-l,rHm,ruHm,r-ḥ-m,5,0.99,0.028,2.07
Hnf,uHnf,ḥ-n-f,Alh,uAlh,a-l-h,6,0.73,0.006,2.07
Hsr,uHsr,ḥ-s-r,Alh,uAlh,a-l-h,6,0.73,0.006,2.07
$Tn,shuTn,sh-ṭ-n,nzl,nzl,n-z-l,6,0.9,0.036,2.06
byt,byt,b-y-t,Zlm,uZlm,ẓ-l-m,5,0.99,0.029,2.05
ftn,ftn,f-t-n,qwm,qwm,q-w-m,9,0.7,0.027,2.05
krm,krm,k-r-m,rbb,rbb,r-b-b,10,0.64,0.022,2.05
ryb,ryb,r-y-b,Amn,uAmn,a-m-n,7,0.79,0.018,2.05
tlw,tlw,t-l-w,Aty,uAty,a-t-y,8,0.75,0.029,2.05
twb,twb,t-w-b,Amr,uAmr,a-m-r,5,1,0.034,2.05
blw,blw,b-l-w,byn,byn,b-y-n,5,0.97,0.02,2.04
frq,frq,f-r-q,wqy,wqy,w-q-y,5,1,0.033,2.04
ndw,ndw,n-d-w,qwm,qwm,q-w-m,8,0.74,0.025,2.04
Hsb,uHsb,ḥ-s-b,E*b,uEdhb,ʿ-dh-b,9,0.71,0.041,2.04
fEl,fuEl,f-ʿ-l,kbr,kbr,k-b-r,5,1,0.039,2.03
fSl,fuSl,f-ṣ-l,Aty,uAty,a-t-y,6,0.87,0.023,2.03
qll,qll,q-l-l,Alh,uAlh,a-l-h,28,0.33,0.029,2.03
rjw,rjw,r-j-w,qwm,qwm,q-w-m,5,0.95,0.016,2.03
xlw,xlw,kh-l-w,Alh,uAlh,a-l-h,12,0.51,0.013,2.03
qwy,qwy,q-w-y,kwn,kwn,k-w-n,11,0.58,0.018,2.02
wHy,wuHy,w-ḥ-y,kll,kll,k-l-l,7,0.81,0.033,2.02
zkw,zkw,z-k-w,qbl,qbl,q-b-l,5,0.98,0.03,2.01
blw,blw,b-l-w,rbb,rbb,r-b-b,8,0.71,0.018,2
fty,fty,f-t-y,rbb,rbb,r-b-b,5,0.91,0.011,2
SrT,uSruT,ṣ-r-ṭ,Ayy,uAyy,a-y-y,5,0.97,0.025,2
vmn,vmn,th-m-n,rbb,rbb,r-b-b,5,0.91,0.011,2
xsr,xsr,kh-s-r,Hqq,uHqq,ḥ-q-q,5,0.98,0.031,2
xsr,xsr,kh-s-r,qwl,qwl,q-w-l,18,0.44,0.025,2
xwf,xwf,kh-w-f,*kr,dhkr,dh-k-r,8,0.75,0.043,2
jwb,jwb,j-w-b,qwl,qwl,q-w-l,13,0.52,0.018,1.99
ksb,ksb,k-s-b,qwl,qwl,q-w-l,9,-0.56,0.012,1.98
rjE,rjuE,r-j-ʿ,kbr,kbr,k-b-r,5,0.98,0.039,1.98
HfZ,uHfuZ,ḥ-f-ẓ,Amn,uAmn,a-m-n,8,0.72,0.021,1.97
Hzn,uHzn,ḥ-z-n,Amn,uAmn,a-m-n,8,0.72,0.021,1.97
Syr,uSyr,ṣ-y-r,Amn,uAmn,a-m-n,6,0.84,0.016,1.97
drj,drj,d-r-j,Alh,uAlh,a-l-h,9,0.58,0.009,1.96
rqb,rqb,r-q-b,Alh,uAlh,a-l-h,9,0.58,0.009,1.96
xbr,xbr,kh-b-r,Aty,uAty,a-t-y,7,0.79,0.026,1.96
xwf,xwf,kh-w-f,bEd,buEd,b-ʿ-d,7,0.81,0.042,1.95
lqy,lqy,l-q-y,k*b,kdhb,k-dh-b,9,0.69,0.046,1.93
njw,njw,n-j-w,kwn,kwn,k-w-n,19,0.43,0.03,1.93
nfr,nfr,n-f-r,qwl,qwl,q-w-l,6,0.76,0.009,1.92
SHb,uSuHb,ṣ-ḥ-b,Alh,uAlh,a-l-h,21,-0.35,0.021,1.92
Twf,uTwf,ṭ-w-f,kfr,kfr,k-f-r,5,0.94,0.02,1.92
blg,blg,b-l-gh,qbl,qbl,q-b-l,6,0.86,0.034,1.91
mrD,mruD,m-r-ḍ,Amn,uAmn,a-m-n,5,0.91,0.013,1.91
nZr,nuZr,n-ẓ-r,kfr,kfr,k-f-r,5,-0.78,0.017,1.91
$ry,shry,sh-r-y,Amn,uAmn,a-m-n,5,0.91,0.013,1.91
Zhr,uZhr,ẓ-h-r,qbl,qbl,q-b-l,5,0.96,0.029,1.91
vwb,vwb,th-w-b,Amn,uAmn,a-m-n,5,0.91,0.013,1.91
fEl,fuEl,f-ʿ-l,xrj,xrj,kh-r-j,5,0.96,0.039,1.9
gny,gny,gh-n-y,smw,smw,s-m-w,7,0.78,0.033,1.9
lbv,lbv,l-b-th,Alh,uAlh,a-l-h,5,-0.7,0.005,1.9
w*r,wdhr,w-dh-r,ywm,ywm,y-w-m,5,0.94,0.024,1.9
wjh,wjh,w-j-h,Amr,uAmr,a-m-r,5,0.96,0.034,1.9
xwf,xwf,kh-w-f,$rk,shrk,sh-r-k,5,0.96,0.039,1.9
frq,frq,f-r-q,Ax*,uAxdh,a-kh-dh,5,0.95,0.032,1.89
fEl,fuEl,f-ʿ-l,wly,wly,w-l-y,6,0.86,0.039,1.88
Hsb,uHsb,ḥ-s-b,wly,wly,w-l-y,6,0.86,0.039,1.88
mrD,mruD,m-r-ḍ,Elm,uElm,ʿ-l-m,5,0.9,0.013,1.87
nfE,nfuE,n-f-ʿ,Elm,uElm,ʿ-l-m,9,0.65,0.023,1.87
rwH,rwuH,r-w-ḥ,rHm,ruHm,r-ḥ-m,5,0.94,0.027,1.86
bAs,buAs,b-a-s,rAy,ruAy,r-a-y,6,0.85,0.033,1.85
wHd,wuHd,w-ḥ-d,Axr,uAxr,a-kh-r,5,0.94,0.032,1.85
lqy,lqy,l-q-y,rAy,ruAy,r-a-y,10,0.64,0.046,1.84
rjE,rjuE,r-j-ʿ,ArD,uAruD,a-r-ḍ,11,0.6,0.041,1.84
swE,swuE,s-w-ʿ,kwn,kwn,k-w-n,5,-0.73,0.008,1.84
xwf,xwf,kh-w-f,nfs,nfs,n-f-s,8,0.72,0.042,1.84
hjr,hjr,h-j-r,kwn,kwn,k-w-n,8,0.65,0.013,1.83
jnd,jnd,j-n-d,kwn,kwn,k-w-n,8,0.65,0.013,1.83
kyf,kyf,k-y-f,Elm,uElm,ʿ-l-m,6,-0.69,0.015,1.83
ErD,uEruD,ʿ-r-ḍ,Zlm,uZlm,ẓ-l-m,6,0.84,0.033,1.83
ymn,ymn,y-m-n,Elm,uElm,ʿ-l-m,11,0.58,0.028,1.83
fsd,fsd,f-s-d,$yA,shyuA,sh-y-a,6,0.83,0.024,1.82
Znn,uZnn,ẓ-n-n,qwl,qwl,q-w-l,17,0.43,0.024,1.82
n*r,ndhr,n-dh-r,*kr,dhkr,dh-k-r,8,0.72,0.042,1.81
snn,snn,s-n-n,Alh,uAlh,a-l-h,7,0.63,0.007,1.81
frq,frq,f-r-q,kfr,kfr,k-f-r,8,0.7,0.03,1.8
nsy,nsy,n-s-y,$yA,shyuA,sh-y-a,5,0.91,0.021,1.8
Znn,uZnn,ẓ-n-n,kwn,kwn,k-w-n,7,-0.62,0.011,1.8
bTn,buTn,b-ṭ-n,rbb,rbb,r-b-b,6,0.78,0.013,1.79
Hdv,uHdv,ḥ-d-th,rbb,rbb,r-b-b,8,0.67,0.018,1.79
Hmd,uHmd,ḥ-m-d,qwl,qwl,q-w-l,18,0.41,0.025,1.79
xsr,xsr,kh-s-r,qwm,qwm,q-w-m,9,0.65,0.027,1.79
grq,grq,gh-r-q,kwn,kwn,k-w-n,7,0.69,0.012,1.78
nZr,nuZr,n-ẓ-r,smw,smw,s-m-w,10,0.62,0.043,1.78
Ejl,uEjl,ʿ-j-l,ywm,ywm,y-w-m,5,0.91,0.024,1.78
Ezz,uEzz,ʿ-z-z,Hqq,uHqq,ḥ-q-q,8,0.71,0.042,1.78
hlk,hlk,h-l-k,jyA,jyuA,j-y-a,5,0.92,0.031,1.77
jhd,jhd,j-h-d,kfr,kfr,k-f-r,5,0.9,0.02,1.77
kyf,kyf,k-y-f,Amn,uAmn,a-m-n,6,-0.68,0.015,1.77
kyf,kyf,k-y-f,jEl,juEl,j-ʿ-l,7,0.76,0.036,1.77
lhw,lhw,l-h-w,kwn,kwn,k-w-n,5,0.82,0.008,1.77
qDy,quDy,q-ḍ-y,ArD,uAruD,a-r-ḍ,7,0.75,0.028,1.77
ysr,ysr,y-s-r,Alh,uAlh,a-l-h,16,0.41,0.017,1.77
qwy,qwy,q-w-y,rsl,rsl,r-s-l,5,0.9,0.021,1.76
Alm,uAlm,a-l-m,Amr,uAmr,a-m-r,5,0.92,0.033,1.76
Ans,uAns,a-n-s,Hsn,uHsn,ḥ-s-n,5,0.92,0.037,1.76
ErD,uEruD,ʿ-r-ḍ,Amn,uAmn,a-m-n,5,-0.74,0.013,1.76
Swb,uSwb,ṣ-w-b,kfr,kfr,k-f-r,7,0.75,0.027,1.76
gll,gll,gh-l-l,qwl,qwl,q-w-l,5,0.79,0.007,1.75
swy,swy,s-w-y,*kr,dhkr,dh-k-r,6,0.83,0.035,1.75
Ejl,uEjl,ʿ-j-l,qwm,qwm,q-w-m,7,0.73,0.022,1.75
wqt,wqt,w-q-t,qwl,qwl,q-w-l,5,0.79,0.007,1.75
nsy,nsy,n-s-y,byn,byn,b-y-n,5,0.89,0.02,1.74
qrA,qruA,q-r-a,hdy,hdy,h-d-y,6,0.82,0.035,1.74
hwn,hwn,h-w-n,Alh,uAlh,a-l-h,11,0.49,0.012,1.73
n*r,ndhr,n-dh-r,nws,nws,n-w-s,7,0.75,0.041,1.73
Hzn,uHzn,ḥ-z-n,rbb,rbb,r-b-b,9,0.62,0.02,1.73
zyn,zyn,z-y-n,Alh,uAlh,a-l-h,17,0.39,0.018,1.73
byt,byt,b-y-t,Aty,uAty,a-t-y,7,0.73,0.026,1.72
fsq,fsq,f-s-q,Aty,uAty,a-t-y,7,0.73,0.026,1.72
qds,qds,q-d-s,Alh,uAlh,a-l-h,5,0.73,0.005,1.72
sfh,sfh,s-f-h,Alh,uAlh,a-l-h,5,0.73,0.005,1.72
ASl,uAuSl,a-ṣ-l,Alh,uAlh,a-l-h,5,0.73,0.005,1.72
Eqb,uEqb,ʿ-q-b,Aty,uAty,a-t-y,9,0.64,0.032,1.72
SEq,uSuEq,ṣ-ʿ-q,Alh,uAlh,a-l-h,5,0.73,0.005,1.72
drj,drj,d-r-j,rbb,rbb,r-b-b,5,0.84,0.011,1.71
nZr,nuZr,n-ẓ-r,Amr,uAmr,a-m-r,7,0.75,0.041,1.71
sbH,sbuH,s-b-ḥ,qwm,qwm,q-w-m,5,-0.74,0.015,1.71
snw,snw,s-n-w,qwl,qwl,q-w-l,7,0.66,0.01,1.71
twb,twb,t-w-b,qwm,qwm,q-w-m,10,0.6,0.03,1.71
Eqb,uEqb,ʿ-q-b,Ayy,uAyy,a-y-y,7,0.74,0.033,1.71
xwf,xwf,kh-w-f,kfr,kfr,k-f-r,5,-0.74,0.017,1.71
jhd,jhd,j-h-d,kwn,kwn,k-w-n,10,0.56,0.017,1.7
qrA,qruA,q-r-a,nfs,nfs,n-f-s,6,0.81,0.034,1.7
$kr,shkr,sh-k-r,qwl,qwl,q-w-l,11,-0.48,0.015,1.7
twb,twb,t-w-b,qwl,qwl,q-w-l,11,-0.48,0.015,1.7
xsr,xsr,kh-s-r,ktb,ktb,k-t-b,5,0.9,0.029,1.7
ftn,ftn,f-t-n,byn,byn,b-y-n,7,0.73,0.027,1.69
krh,krh,k-r-h,Aty,uAty,a-t-y,5,0.87,0.019,1.69
mss,mss,m-s-s,ywm,ywm,y-w-m,6,0.8,0.028,1.69
nfE,nfuE,n-f-ʿ,ArD,uAruD,a-r-ḍ,6,0.8,0.025,1.69
qll,qll,q-l-l,Amr,uAmr,a-m-r,5,0.9,0.033,1.69
Ewd,uEwd,ʿ-w-d,byn,byn,b-y-n,7,0.73,0.027,1.69
Zhr,uZhr,ẓ-h-r,ywm,ywm,y-w-m,6,0.8,0.028,1.69
wHd,wuHd,w-ḥ-d,kfr,kfr,k-f-r,8,0.68,0.03,1.69
ndw,ndw,n-d-w,Alh,uAlh,a-l-h,11,-0.45,0.011,1.68
nkr,nkr,n-k-r,Amn,uAmn,a-m-n,7,0.71,0.018,1.68
Ezz,uEzz,ʿ-z-z,nws,nws,n-w-s,7,0.74,0.041,1.68
Hsb,uHsb,ḥ-s-b,sbl,sbl,s-b-l,5,0.9,0.038,1.68
xfy,xfy,kh-f-y,qwl,qwl,q-w-l,10,0.54,0.014,1.68
ksb,ksb,k-s-b,ArD,uAruD,a-r-ḍ,7,0.73,0.028,1.67
msk,msk,m-s-k,Amn,uAmn,a-m-n,5,0.85,0.013,1.67
nZr,nuZr,n-ẓ-r,nfs,nfs,n-f-s,8,0.68,0.042,1.67
Eql,uEql,ʿ-q-l,Alh,uAlh,a-l-h,19,0.36,0.02,1.67
xsr,xsr,kh-s-r,ArD,uAruD,a-r-ḍ,7,0.73,0.028,1.67
Ans,uAns,a-n-s,qbl,qbl,q-b-l,7,0.74,0.037,1.66
Sbr,uSbr,ṣ-b-r,qbl,qbl,q-b-l,7,0.74,0.037,1.66
bAs,buAs,b-a-s,ywm,ywm,y-w-m,7,0.73,0.031,1.65
hlk,hlk,h-l-k,kwn,kwn,k-w-n,16,0.43,0.026,1.65
ksb,ksb,k-s-b,qbl,qbl,q-b-l,5,0.88,0.029,1.65
ErD,uEruD,ʿ-r-ḍ,rbb,rbb,r-b-b,14,0.48,0.03,1.65
fkr,fkr,f-k-r,Alh,uAlh,a-l-h,8,0.56,0.008,1.64
$kr,shkr,sh-k-r,Eml,uEml,ʿ-m-l,6,0.79,0.031,1.64
sAl,suAl,s-a-l,*kr,dhkr,dh-k-r,8,0.68,0.042,1.64
Drb,uDrb,ḍ-r-b,kwn,kwn,k-w-n,14,0.46,0.023,1.64
wkl,wkl,w-k-l,kll,kll,k-l-l,6,0.79,0.029,1.64
wEZ,wuEuZ,w-ʿ-ẓ,Elm,uElm,ʿ-l-m,5,0.84,0.013,1.64
njw,njw,n-j-w,Amr,uAmr,a-m-r,5,0.88,0.033,1.63
qdm,qdm,q-d-m,byn,byn,b-y-n,6,0.78,0.024,1.63
qwy,qwy,q-w-y,ArD,uAruD,a-r-ḍ,5,0.86,0.021,1.63
wHy,wuHy,w-ḥ-y,$yA,shyuA,sh-y-a,8,0.67,0.031,1.63
ftn,ftn,f-t-n,Amn,uAmn,a-m-n,10,0.57,0.026,1.62
mtE,mtuE,m-t-ʿ,Amn,uAmn,a-m-n,11,0.55,0.028,1.62
njw,njw,n-j-w,Ayy,uAyy,a-y-y,7,0.72,0.033,1.62
jrm,jrm,j-r-m,jyA,jyuA,j-y-a,5,0.87,0.031,1.61
*nb,dhnb,dh-n-b,rbb,rbb,r-b-b,8,0.63,0.018,1.6
nsy,nsy,n-s-y,rbb,rbb,r-b-b,8,0.63,0.018,1.6
trk,trk,t-r-k,qwm,qwm,q-w-m,6,0.76,0.019,1.6
zyd,zyd,z-y-d,Zlm,uZlm,ẓ-l-m,5,0.87,0.029,1.6
hzA,hzuA,h-z-a,Alh,uAlh,a-l-h,13,0.43,0.014,1.59
$rb,shrb,sh-r-b,Alh,uAlh,a-l-h,7,-0.55,0.007,1.59
sAl,suAl,s-a-l,smw,smw,s-m-w,10,0.59,0.043,1.58
Eql,uEql,ʿ-q-l,smw,smw,s-m-w,5,0.85,0.025,1.58
wEZ,wuEuZ,w-ʿ-ẓ,qwl,qwl,q-w-l,8,0.59,0.011,1.58
$Tn,shuTn,sh-ṭ-n,qwl,qwl,q-w-l,22,0.35,0.03,1.57
$jr,shjr,sh-j-r,rbb,rbb,r-b-b,6,0.72,0.013,1.56
Esy,uEsy,ʿ-s-y,kwn,kwn,k-w-n,8,0.6,0.013,1.56
vql,vql,th-q-l,rbb,rbb,r-b-b,6,0.72,0.013,1.56
ksb,ksb,k-s-b,$yA,shyuA,sh-y-a,7,0.7,0.028,1.55
lqy,lqy,l-q-y,kvr,kvr,k-th-r,6,0.77,0.04,1.55
ndw,ndw,n-d-w,kwn,kwn,k-w-n,13,0.46,0.021,1.55
Twf,uTwf,ṭ-w-f,Alh,uAlh,a-l-h,14,0.41,0.015,1.55
$Tn,shuTn,sh-ṭ-n,qbl,qbl,q-b-l,6,0.77,0.033,1.54
twb,twb,t-w-b,Ebd,uEbd,ʿ-b-d,5,0.85,0.031,1.53
ldn,ldn,l-d-n,qwl,qwl,q-w-l,6,0.67,0.009,1.52
mnE,mnuE,m-n-ʿ,qwl,qwl,q-w-l,6,0.67,0.009,1.52
rAs,ruAs,r-a-s,qwl,qwl,q-w-l,6,0.67,0.009,1.52
Swb,uSwb,ṣ-w-b,jEl,juEl,j-ʿ-l,5,0.84,0.027,1.52
bdl,bdl,b-d-l,ArD,uAruD,a-r-ḍ,5,0.83,0.021,1.51
tlw,tlw,t-l-w,rbb,rbb,r-b-b,12,0.49,0.026,1.51
Sdr,uSdr,ṣ-d-r,qwl,qwl,q-w-l,13,0.45,0.018,1.51
jwb,jwb,j-w-b,rsl,rsl,r-s-l,5,0.83,0.021,1.5
TEm,uTuEm,ṭ-ʿ-m,rsl,rsl,r-s-l,5,0.83,0.021,1.5
swy,swy,s-w-y,kwn,kwn,k-w-n,11,-0.46,0.018,1.49
Swb,uSwb,ṣ-w-b,Eml,uEml,ʿ-m-l,5,0.83,0.027,1.49
ymn,ymn,y-m-n,Ayy,uAyy,a-y-y,6,0.75,0.029,1.49
nkr,nkr,n-k-r,kwn,kwn,k-w-n,10,0.52,0.016,1.48
qwy,qwy,q-w-y,byn,byn,b-y-n,5,0.82,0.02,1.48
xbr,xbr,kh-b-r,Amn,uAmn,a-m-n,9,0.58,0.023,1.48
xsr,xsr,kh-s-r,byn,byn,b-y-n,7,0.68,0.027,1.48
brk,brk,b-r-k,rbb,rbb,r-b-b,7,0.65,0.016,1.47
Edd,uEdd,ʿ-d-d,$yA,shyuA,sh-y-a,6,0.74,0.024,1.47
Hml,uHml,ḥ-m-l,$yA,shyuA,sh-y-a,6,0.74,0.024,1.47
Hml,uHml,ḥ-m-l,Ayy,uAyy,a-y-y,5,0.82,0.025,1.47
qSS,quSuS,q-ṣ-ṣ,Amn,uAmn,a-m-n,5,0.79,0.013,1.46
$kr,shkr,sh-k-r,Amn,uAmn,a-m-n,5,-0.68,0.013,1.46
$Tn,shuTn,sh-ṭ-n,nws,nws,n-w-s,5,0.83,0.033,1.46
sbH,sbuH,s-b-ḥ,gfr,gfr,gh-f-r,5,0.83,0.035,1.45
swE,swuE,s-w-ʿ,Alh,uAlh,a-l-h,17,0.36,0.018,1.45
Hmd,uHmd,ḥ-m-d,kwn,kwn,k-w-n,8,-0.52,0.013,1.45
Hmd,uHmd,ḥ-m-d,$yA,shyuA,sh-y-a,7,0.67,0.027,1.45
lEb,luEb,l-ʿ-b,kwn,kwn,k-w-n,6,0.67,0.01,1.44
Hml,uHml,ḥ-m-l,kll,kll,k-l-l,5,0.81,0.025,1.44
n$A,nshuA,n-sh-a,Elm,uElm,ʿ-l-m,5,0.78,0.013,1.43
hlk,hlk,h-l-k,qwl,qwl,q-w-l,18,0.37,0.025,1.42
nsy,nsy,n-s-y,Aty,uAty,a-t-y,5,0.79,0.019,1.42
rjE,rjuE,r-j-ʿ,xlq,xlq,kh-l-q,6,0.74,0.037,1.42
ErD,uEruD,ʿ-r-ḍ,rHm,ruHm,r-ḥ-m,6,0.73,0.031,1.42
mss,mss,m-s-s,Eml,uEml,ʿ-m-l,5,0.81,0.027,1.41
nfr,nfr,n-f-r,kwn,kwn,k-w-n,5,0.73,0.008,1.41
njw,njw,n-j-w,wqy,wqy,w-q-y,5,0.81,0.032,1.41
frq,frq,f-r-q,nfs,nfs,n-f-s,5,0.81,0.03,1.4
Alm,uAlm,a-l-m,ywm,ywm,y-w-m,7,0.67,0.031,1.4
jnH,jnuH,j-n-ḥ,Amn,uAmn,a-m-n,6,0.69,0.016,1.39
n*r,ndhr,n-dh-r,qbl,qbl,q-b-l,8,0.62,0.04,1.39
Ejl,uEjl,ʿ-j-l,rbb,rbb,r-b-b,9,0.55,0.02,1.39
Zhr,uZhr,ẓ-h-r,Aty,uAty,a-t-y,7,0.66,0.026,1.39
frH,fruH,f-r-ḥ,qwl,qwl,q-w-l,7,0.59,0.01,1.38
sAl,suAl,s-a-l,nbA,nbuA,n-b-a,5,0.81,0.037,1.38
rwH,rwuH,r-w-ḥ,ArD,uAruD,a-r-ḍ,6,0.71,0.024,1.37
lEn,luEn,l-ʿ-n,qwl,qwl,q-w-l,11,0.46,0.016,1.36
qrr,qrr,q-r-r,Alh,uAlh,a-l-h,8,-0.48,0.008,1.36
Awy,uAwy,a-w-y,qwl,qwl,q-w-l,11,0.46,0.016,1.36
n*r,ndhr,n-dh-r,kfr,kfr,k-f-r,12,0.48,0.041,1.35
slT,sluT,s-l-ṭ,Amn,uAmn,a-m-n,7,0.63,0.018,1.35
Tgy,uTgy,ṭ-gh-y,Amn,uAmn,a-m-n,7,0.63,0.018,1.35
lqy,lqy,l-q-y,Axr,uAxr,a-kh-r,8,0.61,0.042,1.34
Alm,uAlm,a-l-m,rHm,ruHm,r-ḥ-m,6,0.71,0.031,1.34
Ezz,uEzz,ʿ-z-z,qlb,qlb,q-l-b,5,0.79,0.037,1.34
HwT,uHwuT,ḥ-w-ṭ,rbb,rbb,r-b-b,6,0.67,0.013,1.34
bdA,bduA,b-d-a,qwl,qwl,q-w-l,5,0.69,0.007,1.33
jrm,jrm,j-r-m,kwn,kwn,k-w-n,16,0.38,0.026,1.33
mtE,mtuE,m-t-ʿ,kwn,kwn,k-w-n,16,0.38,0.026,1.33
nhy,nhy,n-h-y,E*b,uEdhb,ʿ-dh-b,5,0.78,0.026,1.33
wSf,wuSf,w-ṣ-f,qwl,qwl,q-w-l,5,0.69,0.007,1.33
lbb,lbb,l-b-b,Alh,uAlh,a-l-h,7,0.54,0.007,1.32
nqm,nqm,n-q-m,Alh,uAlh,a-l-h,7,0.54,0.007,1.32
qwy,qwy,q-w-y,qwm,qwm,q-w-m,6,0.68,0.019,1.32
swr,swr,s-w-r,Alh,uAlh,a-l-h,7,0.54,0.007,1.32
SHb,uSuHb,ṣ-ḥ-b,Eml,uEml,ʿ-m-l,7,0.65,0.035,1.32
wjh,wjh,w-j-h,kfr,kfr,k-f-r,8,0.6,0.03,1.32
bHr,buHr,b-ḥ-r,qwl,qwl,q-w-l,6,-0.56,0.008,1.31
jnb,jnb,j-n-b,qwm,qwm,q-w-m,5,0.75,0.016,1.31
Afk,uAfk,a-f-k,kwn,kwn,k-w-n,8,0.55,0.013,1.31
Hyv,uHyv,ḥ-y-th,kwn,kwn,k-w-n,8,0.55,0.013,1.31
wry,wry,w-r-y,qwm,qwm,q-w-m,5,0.75,0.016,1.31
lqy,lqy,l-q-y,Amn,uAmn,a-m-n,20,0.35,0.047,1.3
swE,swuE,s-w-ʿ,qwl,qwl,q-w-l,13,0.41,0.018,1.3
Alm,uAlm,a-l-m,qwm,qwm,q-w-m,10,0.52,0.03,1.3
Hsb,uHsb,ḥ-s-b,xyr,xyr,kh-y-r,5,0.78,0.036,1.3
Hsb,uHsb,ḥ-s-b,qwl,qwl,q-w-l,18,-0.33,0.024,1.3
ndw,ndw,n-d-w,kfr,kfr,k-f-r,6,0.69,0.023,1.29
rwH,rwuH,r-w-ḥ,Ayy,uAyy,a-y-y,5,0.76,0.025,1.29
sAl,suAl,s-a-l,wqy,wqy,w-q-y,7,0.64,0.039,1.29
Eyn,uEyn,ʿ-y-n,Zlm,uZlm,ẓ-l-m,5,0.77,0.028,1.29
Ezz,uEzz,ʿ-z-z,xrj,xrj,kh-r-j,5,0.78,0.037,1.29
jrm,jrm,j-r-m,qbl,qbl,q-b-l,5,0.77,0.029,1.28
qdm,qdm,q-d-m,qwl,qwl,q-w-l,14,0.4,0.02,1.28
rjE,rjuE,r-j-ʿ,Hsn,uHsn,ḥ-s-n,5,0.77,0.036,1.28
syr,syr,s-y-r,qwl,qwl,q-w-l,8,0.53,0.011,1.28
Swb,uSwb,ṣ-w-b,qwm,qwm,q-w-m,8,0.58,0.025,1.28
zyd,zyd,z-y-d,jEl,juEl,j-ʿ-l,5,0.76,0.027,1.28
fsd,fsd,f-s-d,kwn,kwn,k-w-n,12,0.44,0.02,1.27
g$w,gshw,gh-sh-w,Amn,uAmn,a-m-n,5,0.73,0.013,1.27
qEd,quEd,q-ʿ-d,Amn,uAmn,a-m-n,5,0.73,0.013,1.27
Anv,uAnv,a-n-th,Amn,uAmn,a-m-n,5,0.73,0.013,1.27
E$r,uEshr,ʿ-sh-r,Amn,uAmn,a-m-n,5,0.73,0.013,1.27
hlk,hlk,h-l-k,Alh,uAlh,a-l-h,15,-0.34,0.015,1.26
qTE,quTuE,q-ṭ-ʿ,Alh,uAlh,a-l-h,14,0.37,0.015,1.26
Awy,uAwy,a-w-y,Alh,uAlh,a-l-h,14,0.37,0.015,1.26
bdl,bdl,b-d-l,kfr,kfr,k-f-r,5,0.75,0.02,1.25
gyb,gyb,gh-y-b,Eml,uEml,ʿ-m-l,5,0.76,0.027,1.25
SrT,uSruT,ṣ-r-ṭ,qwl,qwl,q-w-l,7,-0.51,0.01,1.25
TEm,uTuEm,ṭ-ʿ-m,byn,byn,b-y-n,5,0.74,0.02,1.25
zyd,zyd,z-y-d,Eml,uEml,ʿ-m-l,5,0.76,0.027,1.25
mnn,mnn,m-n-n,kwn,kwn,k-w-n,7,0.57,0.012,1.24
twb,twb,t-w-b,Aty,uAty,a-t-y,8,0.57,0.029,1.24
E$r,uEshr,ʿ-sh-r,Elm,uElm,ʿ-l-m,5,0.72,0.013,1.24
SrT,uSruT,ṣ-r-ṭ,rbb,rbb,r-b-b,9,0.52,0.02,1.24
qdm,qdm,q-d-m,qwm,qwm,q-w-m,7,0.61,0.022,1.23
Alf,uAlf,a-l-f,Alh,uAlh,a-l-h,8,0.48,0.008,1.22
Hyn,uHyn,ḥ-y-n,Amn,uAmn,a-m-n,6,0.65,0.016,1.22
Srf,uSrf,ṣ-r-f,qwl,qwl,q-w-l,9,0.48,0.013,1.22
vmr,vmr,th-m-r,rbb,rbb,r-b-b,5,0.7,0.011,1.22
njw,njw,n-j-w,rHm,ruHm,r-ḥ-m,6,0.67,0.031,1.21
njw,njw,n-j-w,Eml,uEml,ʿ-m-l,6,0.67,0.031,1.21
$Er,shuEr,sh-ʿ-r,Amn,uAmn,a-m-n,7,0.59,0.018,1.21
$Tn,shuTn,sh-ṭ-n,Alh,uAlh,a-l-h,28,0.25,0.029,1.21
sAl,suAl,s-a-l,kwn,kwn,k-w-n,27,0.28,0.042,1.21
Eqb,uEqb,ʿ-q-b,qwm,qwm,q-w-m,10,0.5,0.03,1.21
wjh,wjh,w-j-h,jyA,jyuA,j-y-a,5,0.75,0.03,1.21
mtE,mtuE,m-t-ʿ,ArD,uAruD,a-r-ḍ,7,0.61,0.028,1.2
qDy,quDy,q-ḍ-y,Aty,uAty,a-t-y,7,0.61,0.026,1.2
tlw,tlw,t-l-w,Elm,uElm,ʿ-l-m,10,0.49,0.025,1.2
xbr,xbr,kh-b-r,kwn,kwn,k-w-n,13,0.41,0.021,1.2
fSl,fuSl,f-ṣ-l,$yA,shyuA,sh-y-a,5,0.73,0.02,1.19
xsr,xsr,kh-s-r,Alh,uAlh,a-l-h,22,0.28,0.023,1.19
bTl,buTl,b-ṭ-l,kwn,kwn,k-w-n,9,0.49,0.015,1.18
byt,byt,b-y-t,Elm,uElm,ʿ-l-m,9,0.51,0.023,1.18
frq,frq,f-r-q,kwn,kwn,k-w-n,16,0.36,0.026,1.18
fry,fry,f-r-y,Elm,uElm,ʿ-l-m,9,0.51,0.023,1.18
ftH,ftuH,f-t-ḥ,qwl,qwl,q-w-l,10,0.45,0.014,1.18
qrn,qrn,q-r-n,kwn,kwn,k-w-n,9,0.49,0.015,1.18
H$r,uHshr,ḥ-sh-r,kwn,kwn,k-w-n,11,0.44,0.018,1.18
wrv,wrv,w-r-th,kwn,kwn,k-w-n,9,0.49,0.015,1.18
jbl,jbl,j-b-l,Aty,uAty,a-t-y,5,0.72,0.019,1.17
jnH,jnuH,j-n-ḥ,qwm,qwm,q-w-m,5,0.71,0.016,1.17
mlA,mluA,m-l-a,Elm,uElm,ʿ-l-m,7,0.58,0.018,1.17
mrr,mrr,m-r-r,qwm,qwm,q-w-m,5,0.71,0.016,1.17
mss,mss,m-s-s,qwm,qwm,q-w-m,8,0.55,0.024,1.17
H$r,uHshr,ḥ-sh-r,ArD,uAruD,a-r-ḍ,5,0.72,0.021,1.17
w*r,wdhr,w-dh-r,ArD,uAruD,a-r-ḍ,5,0.72,0.021,1.17
wHy,wuHy,w-ḥ-y,hdy,hdy,h-d-y,5,0.73,0.03,1.17
frH,fruH,f-r-ḥ,kwn,kwn,k-w-n,6,0.6,0.01,1.16
grr,grr,gh-r-r,kwn,kwn,k-w-n,6,0.6,0.01,1.16
jrm,jrm,j-r-m,Zlm,uZlm,ẓ-l-m,5,0.73,0.028,1.16
lqy,lqy,l-q-y,bSr,buSr,b-ṣ-r,5,0.73,0.036,1.16
Avr,uAvr,a-th-r,kwn,kwn,k-w-n,6,0.6,0.01,1.16
Eyn,uEyn,ʿ-y-n,rbb,rbb,r-b-b,6,-0.55,0.013,1.16
brA,bruA,b-r-a,rbb,rbb,r-b-b,6,0.62,0.013,1.15
qrr,qrr,q-r-r,qwl,qwl,q-w-l,11,0.42,0.015,1.15
Erb,uErb,ʿ-r-b,Alh,uAlh,a-l-h,9,0.44,0.009,1.15
yqn,yqn,y-q-n,rbb,rbb,r-b-b,6,0.62,0.013,1.15
*rr,dhrr,dh-r-r,Alh,uAlh,a-l-h,8,-0.44,0.008,1.14
jwb,jwb,j-w-b,kfr,kfr,k-f-r,5,0.71,0.02,1.14
HSy,uHuSy,ḥ-ṣ-y,Alh,uAlh,a-l-h,5,0.59,0.005,1.14
fsq,fsq,f-s-q,smw,smw,s-m-w,5,0.71,0.025,1.13
byt,byt,b-y-t,Ayy,uAyy,a-y-y,5,0.71,0.025,1.12
sAl,suAl,s-a-l,ywm,ywm,y-w-m,10,0.49,0.04,1.12
Drb,uDrb,ḍ-r-b,Ayy,uAyy,a-y-y,5,0.71,0.025,1.12
Ewd,uEwd,ʿ-w-d,rbb,rbb,r-b-b,11,0.44,0.024,1.12
TEm,uTuEm,ṭ-ʿ-m,qwl,qwl,q-w-l,12,0.4,0.017,1.12
fry,fry,f-r-y,kll,kll,k-l-l,5,0.7,0.024,1.1
grb,grb,gh-r-b,kwn,kwn,k-w-n,5,0.64,0.008,1.1
rwH,rwuH,r-w-ḥ,kfr,kfr,k-f-r,6,0.63,0.023,1.1
$rr,shrr,sh-r-r,kwn,kwn,k-w-n,8,0.5,0.013,1.1
syr,syr,s-y-r,Alh,uAlh,a-l-h,10,0.41,0.011,1.1
Ejz,uEjz,ʿ-j-z,Alh,uAlh,a-l-h,10,0.41,0.011,1.1
Sbr,uSbr,ṣ-b-r,qwm,qwm,q-w-m,12,0.43,0.035,1.1
xff,xff,kh-f-f,kwn,kwn,k-w-n,5,0.64,0.008,1.1
*wq,dhwq,dh-w-q,qwl,qwl,q-w-l,17,0.33,0.024,1.09
qrA,qruA,q-r-a,Axr,uAxr,a-kh-r,5,0.71,0.031,1.09
trb,trb,t-r-b,qwl,qwl,q-w-l,7,0.52,0.01,1.09
Hll,uHll,ḥ-l-l,$yA,shyuA,sh-y-a,5,0.69,0.02,1.09
Sdr,uSdr,ṣ-d-r,$yA,shyuA,sh-y-a,5,0.69,0.02,1.09
w*r,wdhr,w-dh-r,$yA,shyuA,sh-y-a,5,0.69,0.02,1.09
Edd,uEdd,ʿ-d-d,Aty,uAty,a-t-y,6,0.62,0.022,1.08
Sdd,uSdd,ṣ-d-d,Amn,uAmn,a-m-n,7,0.56,0.018,1.08
dbr,dbr,d-b-r,ArD,uAruD,a-r-ḍ,5,0.69,0.021,1.07
glb,glb,gh-l-b,Alh,uAlh,a-l-h,11,0.38,0.012,1.07
Alm,uAlm,a-l-m,Hqq,uHqq,ḥ-q-q,5,0.7,0.03,1.07
bdl,bdl,b-d-l,Aty,uAty,a-t-y,5,0.68,0.019,1.06
flH,fluH,f-l-ḥ,Aty,uAty,a-t-y,5,0.68,0.019,1.06
njw,njw,n-j-w,k*b,kdhb,k-dh-b,5,0.69,0.03,1.06
x$y,xshy,kh-sh-y,Aty,uAty,a-t-y,5,0.68,0.019,1.06
Ans,uAns,a-n-s,Aty,uAty,a-t-y,10,0.46,0.035,1.04
Avm,uAvm,a-th-m,kfr,kfr,k-f-r,5,0.67,0.02,1.04
Hyn,uHyn,ḥ-y-n,qwl,qwl,q-w-l,5,-0.55,0.007,1.04
wrv,wrv,w-r-th,Elm,uElm,ʿ-l-m,6,0.6,0.016,1.04
wry,wry,w-r-y,Alh,uAlh,a-l-h,12,0.36,0.013,1.04
ftn,ftn,f-t-n,E*b,uEdhb,ʿ-dh-b,5,0.68,0.025,1.03
n*r,ndhr,n-dh-r,kwn,kwn,k-w-n,26,0.26,0.04,1.03
qry,qry,q-r-y,byn,byn,b-y-n,6,0.61,0.024,1.03
rjE,rjuE,r-j-ʿ,qwm,qwm,q-w-m,7,-0.49,0.02,1.03
Drb,uDrb,ḍ-r-b,byn,byn,b-y-n,6,0.61,0.024,1.03
Hmd,uHmd,ḥ-m-d,Aty,uAty,a-t-y,7,0.56,0.026,1.03
*ll,dhll,dh-l-l,rbb,rbb,r-b-b,5,0.64,0.011,1.02
fH$,fuHsh,f-ḥ-sh,rbb,rbb,r-b-b,5,0.64,0.011,1.02
$Tn,shuTn,sh-ṭ-n,Amn,uAmn,a-m-n,12,0.41,0.03,1.02
SbH,uSbuH,ṣ-b-ḥ,Alh,uAlh,a-l-h,10,-0.37,0.01,1.02
vwb,vwb,th-w-b,rbb,rbb,r-b-b,5,0.64,0.011,1.02
wrv,wrv,w-r-th,Alh,uAlh,a-l-h,13,0.34,0.014,1.02
*hb,dhhb,dh-h-b,ArD,uAruD,a-r-ḍ,6,0.6,0.024,1.01
hwn,hwn,h-w-n,kwn,kwn,k-w-n,7,0.51,0.012,1.01
nsy,nsy,n-s-y,Alh,uAlh,a-l-h,14,0.33,0.015,1.01
qEd,quEd,q-ʿ-d,kwn,kwn,k-w-n,7,0.51,0.012,1.01
rjE,rjuE,r-j-ʿ,Hkm,uHkm,ḥ-k-m,5,0.68,0.034,1.01
qrA,qruA,q-r-a,jEl,juEl,j-ʿ-l,6,0.61,0.031,1
ryb,ryb,r-y-b,kwn,kwn,k-w-n,9,0.45,0.015,1
Ans,uAns,a-n-s,*kr,dhkr,dh-k-r,6,0.61,0.034,1
Ewd,uEwd,ʿ-w-d,kwn,kwn,k-w-n,14,0.36,0.023,1
krm,krm,k-r-m,rsl,rsl,r-s-l,5,0.66,0.021,0.99
Ewd,uEwd,ʿ-w-d,Alh,uAlh,a-l-h,21,0.26,0.022,0.99
xlS,xluS,kh-l-ṣ,qwl,qwl,q-w-l,9,0.44,0.013,0.99
rfE,rfuE,r-f-ʿ,rbb,rbb,r-b-b,6,0.57,0.013,0.98
SrT,uSruT,ṣ-r-ṭ,kwn,kwn,k-w-n,6,-0.5,0.01,0.98
Syr,uSyr,ṣ-y-r,rbb,rbb,r-b-b,6,0.57,0.013,0.98
$Tn,shuTn,sh-ṭ-n,Elm,uElm,ʿ-l-m,12,0.4,0.03,0.97
qDy,quDy,q-ḍ-y,E*b,uEdhb,ʿ-dh-b,5,0.65,0.025,0.96
sbq,sbq,s-b-q,rbb,rbb,r-b-b,7,0.52,0.015,0.96
Eql,uEql,ʿ-q-l,kwn,kwn,k-w-n,12,0.38,0.02,0.96
TEm,uTuEm,ṭ-ʿ-m,Aty,uAty,a-t-y,5,0.65,0.019,0.96
frq,frq,f-r-q,ywm,ywm,y-w-m,6,0.59,0.027,0.95
fSl,fuSl,f-ṣ-l,Amn,uAmn,a-m-n,7,0.52,0.018,0.95
qll,qll,q-l-l,E*b,uEdhb,ʿ-dh-b,6,0.59,0.029,0.95
swE,swuE,s-w-ʿ,byn,byn,b-y-n,5,0.64,0.02,0.95
Avm,uAvm,a-th-m,Amn,uAmn,a-m-n,7,0.52,0.018,0.95
wjh,wjh,w-j-h,ktb,ktb,k-t-b,5,0.65,0.029,0.95
blw,blw,b-l-w,Amn,uAmn,a-m-n,6,0.56,0.016,0.94
glb,glb,gh-l-b,Amn,uAmn,a-m-n,5,0.62,0.013,0.94
Alm,uAlm,a-l-m,Elm,uElm,ʿ-l-m,6,-0.51,0.015,0.94
Hll,uHll,ḥ-l-l,qwl,qwl,q-w-l,7,-0.45,0.01,0.94
vlv,vlv,th-l-th,Amn,uAmn,a-m-n,5,0.62,0.013,0.94
wfy,wfy,w-f-y,Amn,uAmn,a-m-n,10,0.43,0.025,0.94
Eyn,uEyn,ʿ-y-n,kwn,kwn,k-w-n,9,-0.4,0.015,0.93
Zhr,uZhr,ẓ-h-r,ArD,uAruD,a-r-ḍ,6,0.58,0.024,0.93
Avm,uAvm,a-th-m,Elm,uElm,ʿ-l-m,7,0.51,0.018,0.92
HfZ,uHfuZ,ḥ-f-ẓ,Elm,uElm,ʿ-l-m,7,0.51,0.018,0.92
Hzn,uHzn,ḥ-z-n,Elm,uElm,ʿ-l-m,7,0.51,0.018,0.92
x$y,xshy,kh-sh-y,kwn,kwn,k-w-n,10,0.41,0.016,0.92
byt,byt,b-y-t,kwn,kwn,k-w-n,13,0.35,0.021,0.91
Efw,uEfw,ʿ-f-w,kwn,kwn,k-w-n,8,0.45,0.013,0.91
wjh,wjh,w-j-h,qbl,qbl,q-b-l,5,0.64,0.028,0.91
xbr,xbr,kh-b-r,rbb,rbb,r-b-b,5,-0.54,0.011,0.91
fTr,fuTr,f-ṭ-r,qwl,qwl,q-w-l,6,0.51,0.009,0.9
n*r,ndhr,n-dh-r,$yA,shyuA,sh-y-a,11,0.41,0.039,0.9
DEf,uDuEf,ḍ-ʿ-f,$yA,shyuA,sh-y-a,5,0.63,0.02,0.9
ErD,uEruD,ʿ-r-ḍ,ktb,ktb,k-t-b,5,0.63,0.028,0.9
H*r,uHdhr,ḥ-dh-r,qwl,qwl,q-w-l,6,0.51,0.009,0.9
Sbr,uSbr,ṣ-b-r,nfs,nfs,n-f-s,6,0.58,0.033,0.9
sAl,suAl,s-a-l,SlH,uSluH,ṣ-l-ḥ,5,0.64,0.035,0.89
Tyb,uTyb,ṭ-y-b,ArD,uAruD,a-r-ḍ,5,0.62,0.021,0.89
Zll,uZll,ẓ-l-l,Alh,uAlh,a-l-h,7,-0.42,0.007,0.89
jrm,jrm,j-r-m,jEl,juEl,j-ʿ-l,5,0.63,0.027,0.88
mtE,mtuE,m-t-ʿ,jEl,juEl,j-ʿ-l,5,0.63,0.027,0.88
nzE,nzuE,n-z-ʿ,Alh,uAlh,a-l-h,8,0.41,0.008,0.88
qrA,qruA,q-r-a,rbb,rbb,r-b-b,14,0.34,0.029,0.88
Elw,uElw,ʿ-l-w,$yA,shyuA,sh-y-a,7,0.52,0.027,0.88
hzA,hzuA,h-z-a,qwl,qwl,q-w-l,5,-0.51,0.007,0.87
ksb,ksb,k-s-b,rbb,rbb,r-b-b,6,-0.48,0.013,0.87
fry,fry,f-r-y,ywm,ywm,y-w-m,5,0.62,0.023,0.86
njw,njw,n-j-w,Alh,uAlh,a-l-h,19,-0.25,0.019,0.86
qry,qry,q-r-y,ywm,ywm,y-w-m,5,0.62,0.023,0.86
wHy,wuHy,w-ḥ-y,Zlm,uZlm,ẓ-l-m,5,0.62,0.028,0.86
*ll,dhll,dh-l-l,Alh,uAlh,a-l-h,9,0.38,0.009,0.85
fH$,fuHsh,f-ḥ-sh,qwl,qwl,q-w-l,7,0.46,0.01,0.85
gwy,gwy,gh-w-y,kwn,kwn,k-w-n,5,0.56,0.008,0.85
mrD,mruD,m-r-ḍ,qwl,qwl,q-w-l,7,0.46,0.01,0.85
nwb,nwb,n-w-b,kwn,kwn,k-w-n,5,0.56,0.008,0.85
Hjr,uHjr,ḥ-j-r,kwn,kwn,k-w-n,5,0.56,0.008,0.85
mss,mss,m-s-s,$yA,shyuA,sh-y-a,6,0.55,0.024,0.84
sAl,suAl,s-a-l,rbb,rbb,r-b-b,20,0.28,0.04,0.84
Edl,uEdl,ʿ-d-l,rbb,rbb,r-b-b,5,0.58,0.011,0.84
xzy,xzy,kh-z-y,rbb,rbb,r-b-b,5,0.58,0.011,0.84
zyn,zyn,z-y-n,Amn,uAmn,a-m-n,7,0.49,0.018,0.84
qdm,qdm,q-d-m,rsl,rsl,r-s-l,5,0.6,0.021,0.83
ftn,ftn,f-t-n,kll,kll,k-l-l,5,0.6,0.024,0.82
g$w,gshw,gh-sh-w,Alh,uAlh,a-l-h,10,0.35,0.01,0.82
lEn,luEn,l-ʿ-n,rbb,rbb,r-b-b,7,0.48,0.015,0.82
rwH,rwuH,r-w-ḥ,qwm,qwm,q-w-m,7,0.49,0.022,0.82
$fE,shfuE,sh-f-ʿ,Alh,uAlh,a-l-h,10,0.35,0.01,0.82
Emy,uEmy,ʿ-m-y,rbb,rbb,r-b-b,6,0.52,0.013,0.82
Ewd,uEwd,ʿ-w-d,kll,kll,k-l-l,5,0.6,0.024,0.82
HwT,uHwuT,ḥ-w-ṭ,kwn,kwn,k-w-n,7,0.46,0.012,0.81
gfl,gfl,gh-f-l,qwm,qwm,q-w-m,5,0.58,0.016,0.8
ryb,ryb,r-y-b,qwm,qwm,q-w-m,5,0.58,0.016,0.8
Er$,uErsh,ʿ-r-sh,Alh,uAlh,a-l-h,12,0.32,0.013,0.8
Hyv,uHyv,ḥ-y-th,Amn,uAmn,a-m-n,5,0.57,0.013,0.8
wfy,wfy,w-f-y,Aty,uAty,a-t-y,7,0.49,0.025,0.8
fSl,fuSl,f-ṣ-l,qwl,qwl,q-w-l,7,-0.41,0.01,0.79
gfl,gfl,gh-f-l,Alh,uAlh,a-l-h,13,0.3,0.014,0.79
qTE,quTuE,q-ṭ-ʿ,Elm,uElm,ʿ-l-m,6,0.51,0.016,0.79
Hdv,uHdv,ḥ-d-th,Elm,uElm,ʿ-l-m,6,0.51,0.016,0.79
HfZ,uHfuZ,ḥ-f-ẓ,qwl,qwl,q-w-l,7,-0.41,0.01,0.79
wjh,wjh,w-j-h,Elm,uElm,ʿ-l-m,6,-0.47,0.015,0.79
qwy,qwy,q-w-y,qwl,qwl,q-w-l,11,0.35,0.015,0.78
rfE,rfuE,r-f-ʿ,Elm,uElm,ʿ-l-m,5,0.56,0.013,0.78
ryb,ryb,r-y-b,qwl,qwl,q-w-l,10,0.37,0.014,0.78
Hyv,uHyv,ḥ-y-th,Elm,uElm,ʿ-l-m,5,0.56,0.013,0.78
wkl,wkl,w-k-l,rsl,rsl,r-s-l,6,0.52,0.024,0.75
SHb,uSuHb,ṣ-ḥ-b,kwn,kwn,k-w-n,20,0.25,0.032,0.74
n*r,ndhr,n-dh-r,rbb,rbb,r-b-b,13,-0.31,0.026,0.73
srr,srr,s-r-r,kwn,kwn,k-w-n,6,-0.43,0.01,0.73
sAl,suAl,s-a-l,xyr,xyr,kh-y-r,5,0.57,0.034,0.73
SbH,uSbuH,ṣ-b-ḥ,kwn,kwn,k-w-n,6,-0.43,0.01,0.73
frq,frq,f-r-q,Elm,uElm,ʿ-l-m,10,0.38,0.025,0.72
ksb,ksb,k-s-b,smw,smw,s-m-w,5,0.56,0.024,0.72
Dyq,uDyq,ḍ-y-q,Alh,uAlh,a-l-h,5,0.47,0.005,0.72
wjh,wjh,w-j-h,rAy,ruAy,r-a-y,5,0.56,0.027,0.72
hlk,hlk,h-l-k,E*b,uEdhb,ʿ-dh-b,5,0.56,0.025,0.71
sAl,suAl,s-a-l,Eml,uEml,ʿ-m-l,8,0.43,0.037,0.71
Efw,uEfw,ʿ-f-w,qwl,qwl,q-w-l,5,-0.46,0.007,0.71
Sdr,uSdr,ṣ-d-r,rbb,rbb,r-b-b,8,0.41,0.018,0.71
Ejl,uEjl,ʿ-j-l,Aty,uAty,a-t-y,5,0.54,0.019,0.7
Etd,uEtd,ʿ-t-d,qwl,qwl,q-w-l,5,0.49,0.007,0.7
Sfw,uSfw,ṣ-f-w,qwl,qwl,q-w-l,5,0.49,0.007,0.7
jhd,jhd,j-h-d,qwm,qwm,q-w-m,5,0.54,0.016,0.69
qTE,quTuE,q-ṭ-ʿ,qwm,qwm,q-w-m,5,0.54,0.016,0.69
Ehd,uEhd,ʿ-h-d,qwm,qwm,q-w-m,5,0.54,0.016,0.69
Emy,uEmy,ʿ-m-y,Alh,uAlh,a-l-h,7,-0.37,0.007,0.69
Hdv,uHdv,ḥ-d-th,qwm,qwm,q-w-m,5,0.54,0.016,0.69
HDr,uHuDr,ḥ-ḍ-r,rbb,rbb,r-b-b,5,0.52,0.011,0.69
brr,brr,b-r-r,Amn,uAmn,a-m-n,5,0.52,0.013,0.68
*nb,dhnb,dh-n-b,kwn,kwn,k-w-n,9,0.37,0.015,0.68
jhd,jhd,j-h-d,qwl,qwl,q-w-l,6,-0.41,0.008,0.68
jnb,jnb,j-n-b,rbb,rbb,r-b-b,6,0.47,0.013,0.68
Hdv,uHdv,ḥ-d-th,qwl,qwl,q-w-l,6,-0.41,0.008,0.68
sAl,suAl,s-a-l,nws,nws,n-w-s,6,0.49,0.035,0.67
DEf,uDuEf,ḍ-ʿ-f,qwm,qwm,q-w-m,6,0.48,0.019,0.67
ErD,uEruD,ʿ-r-ḍ,rAy,ruAy,r-a-y,5,0.54,0.027,0.67
gyb,gyb,gh-y-b,byn,byn,b-y-n,6,0.48,0.023,0.66
hlk,hlk,h-l-k,qwm,qwm,q-w-m,8,0.41,0.024,0.66
ktm,ktm,k-t-m,qwl,qwl,q-w-l,6,0.44,0.009,0.66
lhw,lhw,l-h-w,Alh,uAlh,a-l-h,6,0.41,0.006,0.66
m$y,mshy,m-sh-y,qwl,qwl,q-w-l,6,0.44,0.009,0.66
nhy,nhy,n-h-y,qwm,qwm,q-w-m,7,0.44,0.022,0.66
rkb,rkb,r-k-b,Alh,uAlh,a-l-h,6,0.41,0.006,0.66
rqb,rqb,r-q-b,qwl,qwl,q-w-l,6,0.44,0.009,0.66
zkw,zkw,z-k-w,rbb,rbb,r-b-b,10,0.35,0.022,0.66
xlS,xluS,kh-l-ṣ,Elm,uElm,ʿ-l-m,5,0.51,0.013,0.65
kwd,kwd,k-w-d,qwl,qwl,q-w-l,7,0.4,0.01,0.64
SrT,uSruT,ṣ-r-ṭ,Amn,uAmn,a-m-n,7,0.42,0.018,0.64
zkw,zkw,z-k-w,qwl,qwl,q-w-l,10,-0.31,0.014,0.64
blg,blg,b-l-gh,rAy,ruAy,r-a-y,5,0.52,0.027,0.63
flH,fluH,f-l-ḥ,qwl,qwl,q-w-l,11,0.31,0.015,0.63
fTr,fuTr,f-ṭ-r,kwn,kwn,k-w-n,5,0.48,0.008,0.63
nwb,nwb,n-w-b,Alh,uAlh,a-l-h,7,0.37,0.007,0.63
Alf,uAlf,a-l-f,kwn,kwn,k-w-n,5,0.48,0.008,0.63
Alm,uAlm,a-l-m,rAy,ruAy,r-a-y,5,0.52,0.027,0.63
SnE,uSnuE,ṣ-n-ʿ,kwn,kwn,k-w-n,5,0.48,0.008,0.63
qdm,qdm,q-d-m,kwn,kwn,k-w-n,7,-0.37,0.011,0.62
HfZ,uHfuZ,ḥ-f-ẓ,kwn,kwn,k-w-n,6,-0.4,0.01,0.62
SrT,uSruT,ṣ-r-ṭ,Aty,uAty,a-t-y,5,0.51,0.019,0.62
jrm,jrm,j-r-m,E*b,uEdhb,ʿ-dh-b,5,0.51,0.025,0.61
ErD,uEruD,ʿ-r-ḍ,ywm,ywm,y-w-m,6,0.46,0.027,0.61
HfZ,uHfuZ,ḥ-f-ẓ,Alh,uAlh,a-l-h,15,0.25,0.016,0.61
vmr,vmr,th-m-r,Alh,uAlh,a-l-h,5,-0.41,0.005,0.61
qrr,qrr,q-r-r,qwm,qwm,q-w-m,5,0.5,0.016,0.6
Edd,uEdd,ʿ-d-d,ArD,uAruD,a-r-ḍ,5,0.5,0.02,0.6
Eql,uEql,ʿ-q-l,$yA,shyuA,sh-y-a,5,0.5,0.02,0.6
ErD,uEruD,ʿ-r-ḍ,byn,byn,b-y-n,7,0.42,0.027,0.59
Hdv,uHdv,ḥ-d-th,Alh,uAlh,a-l-h,13,0.26,0.014,0.59
SHb,uSuHb,ṣ-ḥ-b,rbb,rbb,r-b-b,15,0.27,0.031,0.59
wfy,wfy,w-f-y,qwm,qwm,q-w-m,8,0.38,0.024,0.59
mtE,mtuE,m-t-ʿ,qwl,qwl,q-w-l,17,0.24,0.023,0.58
$rr,shrr,sh-r-r,qwl,qwl,q-w-l,5,-0.41,0.007,0.57
Ejl,uEjl,ʿ-j-l,Alh,uAlh,a-l-h,11,-0.27,0.011,0.57
Elw,uElw,ʿ-l-w,Elm,uElm,ʿ-l-m,10,0.33,0.025,0.57
Emy,uEmy,ʿ-m-y,qwl,qwl,q-w-l,5,-0.41,0.007,0.57
blg,blg,b-l-gh,ywm,ywm,y-w-m,6,0.44,0.027,0.56
jnH,jnuH,j-n-ḥ,rbb,rbb,r-b-b,6,0.42,0.013,0.56
nfE,nfuE,n-f-ʿ,byn,byn,b-y-n,5,0.49,0.02,0.56
Elw,uElw,ʿ-l-w,Amn,uAmn,a-m-n,6,-0.39,0.015,0.56
Sbr,uSbr,ṣ-b-r,Ayy,uAyy,a-y-y,7,0.41,0.031,0.56
lsn,lsn,l-s-n,kwn,kwn,k-w-n,6,0.41,0.01,0.55
Tyr,uTyr,ṭ-y-r,kwn,kwn,k-w-n,6,0.41,0.01,0.55
vny,vny,th-n-y,kwn,kwn,k-w-n,6,0.41,0.01,0.55
xbr,xbr,kh-b-r,rsl,rsl,r-s-l,5,0.48,0.021,0.55
xzy,xzy,kh-z-y,kwn,kwn,k-w-n,6,0.41,0.01,0.55
Ans,uAns,a-n-s,rAy,ruAy,r-a-y,6,0.44,0.031,0.54
Edd,uEdd,ʿ-d-d,qwl,qwl,q-w-l,9,-0.3,0.013,0.54
wkl,wkl,w-k-l,byn,byn,b-y-n,6,0.43,0.023,0.54
ymn,ymn,y-m-n,kll,kll,k-l-l,5,0.48,0.024,0.54
zyd,zyd,z-y-d,kwn,kwn,k-w-n,9,-0.31,0.015,0.53
*hb,dhhb,dh-h-b,qwm,qwm,q-w-m,7,0.38,0.021,0.52
ksb,ksb,k-s-b,kfr,kfr,k-f-r,6,0.42,0.023,0.52
Hll,uHll,ḥ-l-l,kwn,kwn,k-w-n,10,0.3,0.016,0.52
w*r,wdhr,w-dh-r,kwn,kwn,k-w-n,10,0.3,0.016,0.52
mss,mss,m-s-s,Elm,uElm,ʿ-l-m,5,-0.41,0.013,0.51
qll,qll,q-l-l,ywm,ywm,y-w-m,6,0.42,0.027,0.51
qrA,qruA,q-r-a,Ayy,uAyy,a-y-y,6,0.42,0.028,0.51
qwy,qwy,q-w-y,Amn,uAmn,a-m-n,6,0.41,0.016,0.51
ndw,ndw,n-d-w,byn,byn,b-y-n,5,0.46,0.02,0.5
Hml,uHml,ḥ-m-l,byn,byn,b-y-n,5,0.46,0.02,0.5
Sbr,uSbr,ṣ-b-r,Amn,uAmn,a-m-n,13,0.27,0.032,0.5
wsE,wsuE,w-s-ʿ,kwn,kwn,k-w-n,7,0.36,0.012,0.5
Ans,uAns,a-n-s,qwm,qwm,q-w-m,7,-0.35,0.02,0.49
mss,mss,m-s-s,Amn,uAmn,a-m-n,5,-0.4,0.013,0.48
nkr,nkr,n-k-r,qwl,qwl,q-w-l,10,0.29,0.014,0.48
qwy,qwy,q-w-y,Elm,uElm,ʿ-l-m,6,0.4,0.016,0.48
slT,sluT,s-l-ṭ,Elm,uElm,ʿ-l-m,6,0.4,0.016,0.48
slT,sluT,s-l-ṭ,rbb,rbb,r-b-b,7,0.36,0.015,0.48
vbt,vbt,th-b-t,qwl,qwl,q-w-l,5,0.41,0.007,0.48
xSm,xuSm,kh-ṣ-m,qwl,qwl,q-w-l,5,0.41,0.007,0.48
blg,blg,b-l-gh,rHm,ruHm,r-ḥ-m,5,0.45,0.026,0.47
mnn,mnn,m-n-n,qwl,qwl,q-w-l,7,0.34,0.01,0.47
HDr,uHuDr,ḥ-ḍ-r,Alh,uAlh,a-l-h,6,-0.33,0.006,0.47
wsE,wsuE,w-s-ʿ,qwl,qwl,q-w-l,8,0.31,0.011,0.47
ymn,ymn,y-m-n,$yA,shyuA,sh-y-a,6,0.4,0.023,0.47
rqb,rqb,r-q-b,kwn,kwn,k-w-n,5,0.41,0.008,0.46
$rb,shrb,sh-r-b,kwn,kwn,k-w-n,8,0.32,0.013,0.46
tmm,tmm,t-m-m,kwn,kwn,k-w-n,5,0.41,0.008,0.46
Hdd,uHdd,ḥ-d-d,kwn,kwn,k-w-n,5,0.41,0.008,0.46
Hlm,uHlm,ḥ-l-m,kwn,kwn,k-w-n,5,0.41,0.008,0.46
jrm,jrm,j-r-m,rbb,rbb,r-b-b,11,0.28,0.024,0.45
ymn,ymn,y-m-n,kwn,kwn,k-w-n,14,0.24,0.023,0.45
bHr,buHr,b-ḥ-r,Alh,uAlh,a-l-h,14,0.22,0.015,0.44
byt,byt,b-y-t,rsl,rsl,r-s-l,5,0.43,0.021,0.44
fsd,fsd,f-s-d,Elm,uElm,ʿ-l-m,7,0.35,0.018,0.44
mdd,mdd,m-d-d,qwl,qwl,q-w-l,5,-0.36,0.007,0.44
nhy,nhy,n-h-y,rsl,rsl,r-s-l,5,0.43,0.021,0.44
$Er,shuEr,sh-ʿ-r,Alh,uAlh,a-l-h,14,0.22,0.015,0.44
slT,sluT,s-l-ṭ,qwm,qwm,q-w-m,5,0.42,0.016,0.44
Sbr,uSbr,ṣ-b-r,ArD,uAruD,a-r-ḍ,5,-0.39,0.019,0.44
qry,qry,q-r-y,qwl,qwl,q-w-l,14,0.23,0.019,0.43
brk,brk,b-r-k,Alh,uAlh,a-l-h,8,-0.27,0.008,0.42
fjr,fjr,f-j-r,Alh,uAlh,a-l-h,5,-0.34,0.005,0.42
qdm,qdm,q-d-m,Aty,uAty,a-t-y,5,0.42,0.019,0.42
Elw,uElw,ʿ-l-w,qwm,qwm,q-w-m,5,-0.38,0.015,0.42
wzn,wzn,w-z-n,Alh,uAlh,a-l-h,5,-0.34,0.005,0.42
x$y,xshy,kh-sh-y,Amn,uAmn,a-m-n,6,0.37,0.016,0.42
ymn,ymn,y-m-n,Amn,uAmn,a-m-n,9,0.3,0.023,0.42
fdy,fdy,f-d-y,Alh,uAlh,a-l-h,5,0.35,0.005,0.41
jnb,jnb,j-n-b,Alh,uAlh,a-l-h,11,0.24,0.012,0.41
$qq,shqq,sh-q-q,kwn,kwn,k-w-n,6,0.35,0.01,0.41
Sbr,uSbr,ṣ-b-r,Ebd,uEbd,ʿ-b-d,5,0.42,0.029,0.41
xll,xll,kh-l-l,Alh,uAlh,a-l-h,5,0.35,0.005,0.41
qll,qll,q-l-l,kfr,kfr,k-f-r,7,0.34,0.026,0.4
qrA,qruA,q-r-a,Amn,uAmn,a-m-n,11,0.26,0.027,0.4
zEm,zuEm,z-ʿ-m,Alh,uAlh,a-l-h,6,0.32,0.006,0.4
flH,fluH,f-l-ḥ,rbb,rbb,r-b-b,7,0.33,0.015,0.39
qrA,qruA,q-r-a,qwm,qwm,q-w-m,6,-0.33,0.018,0.39
qry,qry,q-r-y,rbb,rbb,r-b-b,6,-0.33,0.013,0.39
r$d,rshd,r-sh-d,Alh,uAlh,a-l-h,7,0.29,0.007,0.39
SnE,uSnuE,ṣ-n-ʿ,Alh,uAlh,a-l-h,7,0.29,0.007,0.39
Tgy,uTgy,ṭ-gh-y,Alh,uAlh,a-l-h,10,-0.23,0.01,0.39
*hb,dhhb,dh-h-b,Amn,uAmn,a-m-n,8,0.3,0.021,0.38
Ans,uAns,a-n-s,Elm,uElm,ʿ-l-m,9,-0.27,0.022,0.38
Sbr,uSbr,ṣ-b-r,Elm,uElm,ʿ-l-m,9,-0.27,0.022,0.38
xsr,xsr,kh-s-r,Aty,uAty,a-t-y,6,0.36,0.022,0.38
qdm,qdm,q-d-m,Elm,uElm,ʿ-l-m,7,0.32,0.018,0.37
Sbr,uSbr,ṣ-b-r,Eml,uEml,ʿ-m-l,6,0.36,0.03,0.37
x$y,xshy,kh-sh-y,qwm,qwm,q-w-m,5,0.38,0.016,0.37
dry,dry,d-r-y,Alh,uAlh,a-l-h,7,-0.27,0.007,0.36
ftH,ftuH,f-t-ḥ,Elm,uElm,ʿ-l-m,5,0.38,0.013,0.36
qll,qll,q-l-l,kwn,kwn,k-w-n,16,0.2,0.026,0.36
Hyn,uHyn,ḥ-y-n,Elm,uElm,ʿ-l-m,5,0.38,0.013,0.36
yqn,yqn,y-q-n,Alh,uAlh,a-l-h,7,-0.27,0.007,0.36
blw,blw,b-l-w,kwn,kwn,k-w-n,8,0.28,0.013,0.35
fsd,fsd,f-s-d,rbb,rbb,r-b-b,8,0.29,0.017,0.35
fwq,fwq,f-w-q,Amn,uAmn,a-m-n,6,0.34,0.016,0.35
jwb,jwb,j-w-b,Amn,uAmn,a-m-n,6,0.34,0.016,0.35
ErD,uEruD,ʿ-r-ḍ,Alh,uAlh,a-l-h,24,0.15,0.025,0.35
qDy,quDy,q-ḍ-y,qwm,qwm,q-w-m,7,0.31,0.021,0.34
zyd,zyd,z-y-d,qwm,qwm,q-w-m,7,0.31,0.021,0.34
flH,fluH,f-l-ḥ,kwn,kwn,k-w-n,9,0.25,0.015,0.33
jwb,jwb,j-w-b,Elm,uElm,ʿ-l-m,6,0.33,0.016,0.33
qEd,quEd,q-ʿ-d,qwl,qwl,q-w-l,7,0.28,0.01,0.33
bqy,bqy,b-q-y,kwn,kwn,k-w-n,5,0.34,0.008,0.32
gDb,guDb,gh-ḍ-b,kwn,kwn,k-w-n,5,0.34,0.008,0.32
ndw,ndw,n-d-w,Aty,uAty,a-t-y,5,0.36,0.019,0.32
qry,qry,q-r-y,$yA,shyuA,sh-y-a,5,0.36,0.02,0.32
Hml,uHml,ḥ-m-l,Aty,uAty,a-t-y,5,0.36,0.019,0.32
Znn,uZnn,ẓ-n-n,Amn,uAmn,a-m-n,8,0.28,0.021,0.32
vmr,vmr,th-m-r,qwl,qwl,q-w-l,6,0.3,0.009,0.32
wdd,wdd,w-d-d,qwl,qwl,q-w-l,5,-0.31,0.007,0.32
ytm,ytm,y-t-m,qwl,qwl,q-w-l,6,0.3,0.009,0.32
fry,fry,f-r-y,Amn,uAmn,a-m-n,5,-0.32,0.013,0.31
fwq,fwq,f-w-q,Alh,uAlh,a-l-h,14,0.18,0.015,0.31
gwy,gwy,gh-w-y,qwl,qwl,q-w-l,5,0.32,0.007,0.31
mny,mny,m-n-y,qwl,qwl,q-w-l,5,0.32,0.007,0.31
nhy,nhy,n-h-y,rbb,rbb,r-b-b,9,0.25,0.019,0.31
nwb,nwb,n-w-b,qwl,qwl,q-w-l,5,0.32,0.007,0.31
qrA,qruA,q-r-a,ywm,ywm,y-w-m,6,0.33,0.026,0.31
Hjr,uHjr,ḥ-j-r,qwl,qwl,q-w-l,5,0.32,0.007,0.31
Hyn,uHyn,ḥ-y-n,kwn,kwn,k-w-n,5,-0.32,0.008,0.31
*hb,dhhb,dh-h-b,kwn,kwn,k-w-n,9,-0.23,0.015,0.3
hlk,hlk,h-l-k,Elm,uElm,ʿ-l-m,6,-0.29,0.015,0.3
Sdd,uSdd,ṣ-d-d,qwm,qwm,q-w-m,5,0.35,0.016,0.3
fsq,fsq,f-s-q,byn,byn,b-y-n,5,0.35,0.02,0.29
jrm,jrm,j-r-m,ywm,ywm,y-w-m,5,0.35,0.023,0.29
nhy,nhy,n-h-y,byn,byn,b-y-n,5,0.35,0.02,0.29
$fE,shfuE,sh-f-ʿ,kwn,kwn,k-w-n,6,0.29,0.01,0.29
Hjj,uHjj,ḥ-j-j,kwn,kwn,k-w-n,6,0.29,0.01,0.29
Sbr,uSbr,ṣ-b-r,Hqq,uHqq,ḥ-q-q,5,0.35,0.028,0.29
bTl,buTl,b-ṭ-l,Elm,uElm,ʿ-l-m,5,0.33,0.013,0.28
krh,krh,k-r-h,rbb,rbb,r-b-b,6,0.3,0.013,0.28
qdm,qdm,q-d-m,rbb,rbb,r-b-b,8,0.25,0.017,0.28
$rb,shrb,sh-r-b,Elm,uElm,ʿ-l-m,5,0.33,0.013,0.28
H$r,uHshr,ḥ-sh-r,qwl,qwl,q-w-l,11,0.21,0.015,0.28
Sbr,uSbr,ṣ-b-r,*kr,dhkr,dh-k-r,5,0.34,0.028,0.28
w*r,wdhr,w-dh-r,qwl,qwl,q-w-l,11,0.21,0.015,0.28
zyn,zyn,z-y-n,qwl,qwl,q-w-l,11,0.21,0.015,0.28
$ms,shms,sh-m-s,Alh,uAlh,a-l-h,11,0.19,0.012,0.27
Elw,uElw,ʿ-l-w,rbb,rbb,r-b-b,11,0.21,0.023,0.27
dbr,dbr,d-b-r,kwn,kwn,k-w-n,7,-0.25,0.011,0.26
*rr,dhrr,dh-r-r,kwn,kwn,k-w-n,8,0.24,0.013,0.26
ftn,ftn,f-t-n,rsl,rsl,r-s-l,5,0.33,0.021,0.26
lbs,lbs,l-b-s,Alh,uAlh,a-l-h,5,-0.27,0.005,0.26
lEb,luEb,l-ʿ-b,Alh,uAlh,a-l-h,5,-0.27,0.005,0.26
m$y,mshy,m-sh-y,Alh,uAlh,a-l-h,5,-0.27,0.005,0.26
qTE,quTuE,q-ṭ-ʿ,kwn,kwn,k-w-n,8,0.24,0.013,0.26
snw,snw,s-n-w,Alh,uAlh,a-l-h,5,-0.27,0.005,0.26
Awy,uAwy,a-w-y,kwn,kwn,k-w-n,8,0.24,0.013,0.26
blw,blw,b-l-w,qwl,qwl,q-w-l,9,0.21,0.013,0.25
jwb,jwb,j-w-b,kwn,kwn,k-w-n,9,0.22,0.015,0.25
krh,krh,k-r-h,qwl,qwl,q-w-l,9,0.21,0.013,0.25
sbq,sbq,s-b-q,qwl,qwl,q-w-l,9,0.21,0.013,0.25
HfZ,uHfuZ,ḥ-f-ẓ,qwm,qwm,q-w-m,5,0.31,0.016,0.25
bdw,bdw,b-d-w,rbb,rbb,r-b-b,5,0.3,0.011,0.24
fry,fry,f-r-y,kfr,kfr,k-f-r,5,0.31,0.019,0.24
hwy,hwy,h-w-y,qwl,qwl,q-w-l,7,-0.23,0.01,0.24
nhy,nhy,n-h-y,kfr,kfr,k-f-r,5,0.31,0.019,0.24
Anv,uAnv,a-n-th,Alh,uAlh,a-l-h,9,0.2,0.009,0.24
zkw,zkw,z-k-w,$yA,shyuA,sh-y-a,5,0.31,0.02,0.24
gfl,gfl,gh-f-l,Amn,uAmn,a-m-n,5,0.3,0.013,0.23
mrr,mrr,m-r-r,kwn,kwn,k-w-n,5,-0.27,0.008,0.23
sbq,sbq,s-b-q,Amn,uAmn,a-m-n,5,0.3,0.013,0.23
SHb,uSuHb,ṣ-ḥ-b,qbl,qbl,q-b-l,5,0.31,0.027,0.23
blw,blw,b-l-w,Elm,uElm,ʿ-l-m,5,0.29,0.013,0.22
*hb,dhhb,dh-h-b,qwl,qwl,q-w-l,11,-0.18,0.015,0.22
gyb,gyb,gh-y-b,rsl,rsl,r-s-l,5,0.3,0.02,0.22
hjr,hjr,h-j-r,qwl,qwl,q-w-l,5,-0.26,0.007,0.22
krh,krh,k-r-h,Elm,uElm,ʿ-l-m,5,0.29,0.013,0.22
Twf,uTwf,ṭ-w-f,Elm,uElm,ʿ-l-m,5,0.29,0.013,0.22
jdl,jdl,j-d-l,qwl,qwl,q-w-l,7,0.23,0.01,0.21
jnd,jnd,j-n-d,qwl,qwl,q-w-l,7,0.23,0.01,0.21
mnE,mnuE,m-n-ʿ,Alh,uAlh,a-l-h,6,0.23,0.006,0.21
$rq,shrq,sh-r-q,Alh,uAlh,a-l-h,6,0.23,0.006,0.21
Ewd,uEwd,ʿ-w-d,ArD,uAruD,a-r-ḍ,5,0.29,0.02,0.21
SbH,uSbuH,ṣ-b-ḥ,rbb,rbb,r-b-b,5,-0.26,0.011,0.21
Swr,uSwr,ṣ-w-r,Alh,uAlh,a-l-h,6,0.23,0.006,0.21
xff,xff,kh-f-f,Alh,uAlh,a-l-h,6,0.23,0.006,0.21
bsT,bsuT,b-s-ṭ,qwl,qwl,q-w-l,6,0.23,0.009,0.2
mkr,mkr,m-k-r,qwl,qwl,q-w-l,6,0.23,0.009,0.2
Smm,uSmm,ṣ-m-m,Alh,uAlh,a-l-h,5,0.25,0.005,0.2
SHb,uSuHb,ṣ-ḥ-b,qwl,qwl,q-w-l,18,-0.13,0.024,0.2
SHb,uSuHb,ṣ-ḥ-b,Amn,uAmn,a-m-n,9,-0.2,0.022,0.2
Znn,uZnn,ẓ-n-n,$yA,shyuA,sh-y-a,5,0.28,0.02,0.2
wzr,wzr,w-z-r,Alh,uAlh,a-l-h,5,0.25,0.005,0.2
hlk,hlk,h-l-k,rbb,rbb,r-b-b,10,0.18,0.021,0.19
Hmd,uHmd,ḥ-m-d,Amn,uAmn,a-m-n,6,-0.24,0.015,0.19
Tyb,uTyb,ṭ-y-b,qwl,qwl,q-w-l,9,-0.18,0.013,0.19
bdl,bdl,b-d-l,qwl,qwl,q-w-l,10,0.17,0.014,0.18
hwy,hwy,h-w-y,kwn,kwn,k-w-n,6,-0.22,0.01,0.18
jrm,jrm,j-r-m,qwl,qwl,q-w-l,13,-0.15,0.018,0.18
lEn,luEn,l-ʿ-n,Amn,uAmn,a-m-n,5,0.26,0.013,0.18
mss,mss,m-s-s,kwn,kwn,k-w-n,12,0.16,0.019,0.18
qrr,qrr,q-r-r,kwn,kwn,k-w-n,6,-0.22,0.01,0.18
trk,trk,t-r-k,kwn,kwn,k-w-n,8,0.2,0.013,0.18
Avm,uAvm,a-th-m,kwn,kwn,k-w-n,9,0.18,0.015,0.18
Er$,uErsh,ʿ-r-sh,kwn,kwn,k-w-n,7,0.21,0.012,0.18
Sdd,uSdd,ṣ-d-d,qwl,qwl,q-w-l,8,-0.18,0.011,0.18
SnE,uSnuE,ṣ-n-ʿ,qwl,qwl,q-w-l,5,0.25,0.007,0.18
wHy,wuHy,w-ḥ-y,Amn,uAmn,a-m-n,7,-0.21,0.018,0.18
blg,blg,b-l-gh,kll,kll,k-l-l,5,0.27,0.023,0.17
ksb,ksb,k-s-b,Amn,uAmn,a-m-n,8,0.2,0.02,0.17
Edd,uEdd,ʿ-d-d,rbb,rbb,r-b-b,8,0.2,0.017,0.17
Hml,uHml,ḥ-m-l,rbb,rbb,r-b-b,8,0.2,0.017,0.17
wHy,wuHy,w-ḥ-y,byn,byn,b-y-n,6,0.24,0.023,0.17
ymn,ymn,y-m-n,qwm,qwm,q-w-m,7,0.21,0.021,0.17
qrA,qruA,q-r-a,qwl,qwl,q-w-l,19,0.12,0.026,0.16
qTE,quTuE,q-ṭ-ʿ,qwl,qwl,q-w-l,7,-0.19,0.01,0.16
Any,uAny,a-n-y,Elm,uElm,ʿ-l-m,5,0.25,0.013,0.16
Ehd,uEhd,ʿ-h-d,qwl,qwl,q-w-l,7,-0.19,0.01,0.16
jnb,jnb,j-n-b,qwl,qwl,q-w-l,6,-0.2,0.008,0.15
mrA,mruA,m-r-a,rbb,rbb,r-b-b,6,0.22,0.013,0.15
mss,mss,m-s-s,rbb,rbb,r-b-b,9,0.18,0.019,0.15
qrr,qrr,q-r-r,rbb,rbb,r-b-b,6,0.22,0.013,0.15
qsm,qsm,q-s-m,qwl,qwl,q-w-l,6,-0.2,0.008,0.15
sHr,suHr,s-ḥ-r,kwn,kwn,k-w-n,10,-0.15,0.016,0.15
Znn,uZnn,ẓ-n-n,rbb,rbb,r-b-b,9,0.18,0.019,0.15
gyb,gyb,gh-y-b,$yA,shyuA,sh-y-a,5,0.24,0.02,0.14
mss,mss,m-s-s,kfr,kfr,k-f-r,5,0.23,0.019,0.14
$jr,shjr,sh-j-r,qwl,qwl,q-w-l,5,-0.21,0.007,0.14
Znn,uZnn,ẓ-n-n,kfr,kfr,k-f-r,5,0.23,0.019,0.14
vql,vql,th-q-l,qwl,qwl,q-w-l,5,-0.21,0.007,0.14
zyd,zyd,z-y-d,Elm,uElm,ʿ-l-m,6,-0.2,0.015,0.14
mrA,mruA,m-r-a,Amn,uAmn,a-m-n,5,0.22,0.013,0.13
ndw,ndw,n-d-w,Amn,uAmn,a-m-n,5,-0.21,0.013,0.13
nfE,nfuE,n-f-ʿ,rbb,rbb,r-b-b,6,-0.19,0.013,0.13
$jr,shjr,sh-j-r,Alh,uAlh,a-l-h,7,-0.16,0.007,0.13
sEy,suEy,s-ʿ-y,qwl,qwl,q-w-l,7,0.17,0.01,0.13
swE,swuE,s-w-ʿ,rbb,rbb,r-b-b,7,0.19,0.015,0.13
Abd,uAbd,a-b-d,qwl,qwl,q-w-l,7,0.17,0.01,0.13
DEf,uDuEf,ḍ-ʿ-f,Amn,uAmn,a-m-n,6,0.2,0.016,0.13
Elw,uElw,ʿ-l-w,kwn,kwn,k-w-n,14,0.13,0.023,0.13
Hyn,uHyn,ḥ-y-n,Alh,uAlh,a-l-h,9,-0.14,0.009,0.13
SHb,uSuHb,ṣ-ḥ-b,rsl,rsl,r-s-l,7,0.19,0.027,0.13
yqn,yqn,y-q-n,qwl,qwl,q-w-l,7,0.17,0.01,0.13
brA,bruA,b-r-a,kwn,kwn,k-w-n,6,0.18,0.01,0.12
bsT,bsuT,b-s-ṭ,kwn,kwn,k-w-n,5,0.21,0.008,0.12
*ll,dhll,dh-l-l,kwn,kwn,k-w-n,5,0.21,0.008,0.12
*nb,dhnb,dh-n-b,Elm,uElm,ʿ-l-m,5,0.21,0.013,0.12
ftH,ftuH,f-t-ḥ,kwn,kwn,k-w-n,7,0.17,0.012,0.12
lsn,lsn,l-s-n,Alh,uAlh,a-l-h,8,0.15,0.008,0.12
lEn,luEn,l-ʿ-n,kwn,kwn,k-w-n,6,-0.18,0.01,0.12
nbt,nbt,n-b-t,kwn,kwn,k-w-n,5,0.21,0.008,0.12
qDy,quDy,q-ḍ-y,Amn,uAmn,a-m-n,6,-0.19,0.015,0.12
sHr,suHr,s-ḥ-r,Amn,uAmn,a-m-n,6,-0.19,0.015,0.12
trk,trk,t-r-k,Elm,uElm,ʿ-l-m,5,0.21,0.013,0.12
Hdv,uHdv,ḥ-d-th,kwn,kwn,k-w-n,6,-0.18,0.01,0.12
H$r,uHshr,ḥ-sh-r,Alh,uAlh,a-l-h,14,0.11,0.015,0.12
Sdr,uSdr,ṣ-d-r,kwn,kwn,k-w-n,9,0.15,0.015,0.12
Tyr,uTyr,ṭ-y-r,Alh,uAlh,a-l-h,8,0.15,0.008,0.12
vwb,vwb,th-w-b,kwn,kwn,k-w-n,5,0.21,0.008,0.12
yqn,yqn,y-q-n,kwn,kwn,k-w-n,6,0.18,0.01,0.12
fwq,fwq,f-w-q,qwl,qwl,q-w-l,10,0.14,0.014,0.11
lsn,lsn,l-s-n,qwl,qwl,q-w-l,6,0.17,0.009,0.11
sqy,sqy,s-q-y,qwl,qwl,q-w-l,6,0.17,0.009,0.11
Alm,uAlm,a-l-m,$yA,shyuA,sh-y-a,6,0.19,0.023,0.11
Drb,uDrb,ḍ-r-b,qwl,qwl,q-w-l,13,0.12,0.018,0.11
Hml,uHml,ḥ-m-l,Alh,uAlh,a-l-h,14,-0.11,0.015,0.11
wDE,wuDuE,w-ḍ-ʿ,qwl,qwl,q-w-l,6,0.17,0.009,0.11
bqy,bqy,b-q-y,Alh,uAlh,a-l-h,7,0.15,0.007,0.1
*nb,dhnb,dh-n-b,qwl,qwl,q-w-l,9,0.13,0.013,0.1
nhy,nhy,n-h-y,Amn,uAmn,a-m-n,7,0.16,0.018,0.1
Elw,uElw,ʿ-l-w,Aty,uAty,a-t-y,6,0.18,0.022,0.1
Eyn,uEyn,ʿ-y-n,qwl,qwl,q-w-l,15,0.1,0.021,0.1
Hml,uHml,ḥ-m-l,qwl,qwl,q-w-l,12,0.11,0.017,0.1
Twf,uTwf,ṭ-w-f,qwl,qwl,q-w-l,7,-0.15,0.01,0.1
fsq,fsq,f-s-q,Elm,uElm,ʿ-l-m,7,0.15,0.018,0.09
kyd,kyd,k-y-d,Alh,uAlh,a-l-h,8,-0.13,0.008,0.09
mrA,mruA,m-r-a,Alh,uAlh,a-l-h,12,0.11,0.013,0.09
rfE,rfuE,r-f-ʿ,Alh,uAlh,a-l-h,8,-0.13,0.008,0.09
Eql,uEql,ʿ-q-l,qwl,qwl,q-w-l,10,-0.12,0.014,0.09
Ewd,uEwd,ʿ-w-d,Amn,uAmn,a-m-n,6,-0.16,0.015,0.09
Hjr,uHjr,ḥ-j-r,Alh,uAlh,a-l-h,6,0.15,0.006,0.09
Hlm,uHlm,ḥ-l-m,qwl,qwl,q-w-l,5,0.17,0.007,0.09
Tyb,uTyb,ṭ-y-b,qwm,qwm,q-w-m,5,0.18,0.016,0.09
xTA,xuTuA,kh-ṭ-a,qwl,qwl,q-w-l,5,0.17,0.007,0.09
krm,krm,k-r-m,qwl,qwl,q-w-l,11,0.11,0.015,0.08
nfE,nfuE,n-f-ʿ,kwn,kwn,k-w-n,10,0.11,0.016,0.08
bTn,buTn,b-ṭ-n,qwl,qwl,q-w-l,5,-0.15,0.007,0.07
hlk,hlk,h-l-k,ArD,uAruD,a-r-ḍ,5,0.17,0.02,0.07
jbl,jbl,j-b-l,Alh,uAlh,a-l-h,11,-0.1,0.011,0.07
kfy,kfy,k-f-y,rbb,rbb,r-b-b,5,0.16,0.011,0.07
krh,krh,k-r-h,kwn,kwn,k-w-n,6,-0.14,0.01,0.07
mlA,mluA,m-l-a,rbb,rbb,r-b-b,5,-0.16,0.011,0.07
n$A,nshuA,n-sh-a,qwl,qwl,q-w-l,5,-0.15,0.007,0.07
qsm,qsm,q-s-m,Alh,uAlh,a-l-h,10,0.1,0.01,0.07
$kk,shkk,sh-k-k,Alh,uAlh,a-l-h,5,0.15,0.005,0.07
slT,sluT,s-l-ṭ,kwn,kwn,k-w-n,8,0.12,0.013,0.07
swm,swm,s-w-m,Alh,uAlh,a-l-h,5,0.15,0.005,0.07
Ejz,uEjz,ʿ-j-z,qwl,qwl,q-w-l,5,-0.15,0.007,0.07
Elw,uElw,ʿ-l-w,qwl,qwl,q-w-l,16,0.09,0.022,0.07
HDr,uHuDr,ḥ-ḍ-r,qwl,qwl,q-w-l,5,-0.15,0.007,0.07
Hwl,uHwl,ḥ-w-l,qwl,qwl,q-w-l,5,-0.15,0.007,0.07
SHb,uSuHb,ṣ-ḥ-b,jEl,juEl,j-ʿ-l,5,0.17,0.025,0.07
Tgy,uTgy,ṭ-gh-y,kwn,kwn,k-w-n,8,0.12,0.013,0.07
jbl,jbl,j-b-l,Amn,uAmn,a-m-n,5,0.15,0.013,0.06
nSb,nuSb,n-ṣ-b,qwl,qwl,q-w-l,7,0.12,0.01,0.06
rfE,rfuE,r-f-ʿ,kwn,kwn,k-w-n,6,0.13,0.01,0.06
Ejb,uEjb,ʿ-j-b,kwn,kwn,k-w-n,5,0.14,0.008,0.06
Tgy,uTgy,ṭ-gh-y,qwl,qwl,q-w-l,8,-0.11,0.011,0.06
wDE,wuDuE,w-ḍ-ʿ,kwn,kwn,k-w-n,5,0.14,0.008,0.06
bTl,buTl,b-ṭ-l,qwl,qwl,q-w-l,7,-0.11,0.01,0.05
fry,fry,f-r-y,rbb,rbb,r-b-b,7,-0.11,0.015,0.05
fsq,fsq,f-s-q,rbb,rbb,r-b-b,7,-0.11,0.015,0.05
fSl,fuSl,f-ṣ-l,Alh,uAlh,a-l-h,12,-0.08,0.012,0.05
hlk,hlk,h-l-k,$yA,shyuA,sh-y-a,5,0.14,0.02,0.05
kyd,kyd,k-y-d,kwn,kwn,k-w-n,5,-0.13,0.008,0.05
qSS,quSuS,q-ṣ-ṣ,Alh,uAlh,a-l-h,7,-0.11,0.007,0.05
qSS,quSuS,q-ṣ-ṣ,qwl,qwl,q-w-l,6,0.11,0.009,0.05
Hmd,uHmd,ḥ-m-d,kfr,kfr,k-f-r,5,0.14,0.019,0.05
Srf,uSrf,ṣ-r-f,kwn,kwn,k-w-n,5,-0.13,0.008,0.05
TlE,uTluE,ṭ-l-ʿ,Alh,uAlh,a-l-h,5,-0.12,0.005,0.05
wrv,wrv,w-r-th,qwl,qwl,q-w-l,7,-0.11,0.01,0.05
bTn,buTn,b-ṭ-n,Alh,uAlh,a-l-h,8,0.09,0.008,0.04
*wq,dhwq,dh-w-q,rbb,rbb,r-b-b,8,-0.09,0.017,0.04
flk,flk,f-l-k,Alh,uAlh,a-l-h,8,0.09,0.008,0.04
ftH,ftuH,f-t-ḥ,rbb,rbb,r-b-b,5,0.12,0.011,0.04
hlk,hlk,h-l-k,byn,byn,b-y-n,5,0.12,0.019,0.04
jrm,jrm,j-r-m,Amn,uAmn,a-m-n,7,-0.11,0.018,0.04
kyd,kyd,k-y-d,qwl,qwl,q-w-l,6,-0.1,0.008,0.04
rfE,rfuE,r-f-ʿ,qwl,qwl,q-w-l,6,-0.1,0.008,0.04
$rb,shrb,sh-r-b,qwl,qwl,q-w-l,8,0.09,0.011,0.04
$Er,shuEr,sh-ʿ-r,rbb,rbb,r-b-b,6,0.1,0.013,0.04
Edd,uEdd,ʿ-d-d,kwn,kwn,k-w-n,10,0.08,0.016,0.04
Hyv,uHyv,ḥ-y-th,qwl,qwl,q-w-l,6,-0.1,0.008,0.04
SHb,uSuHb,ṣ-ḥ-b,byn,byn,b-y-n,7,0.11,0.026,0.04
SHb,uSuHb,ṣ-ḥ-b,qwm,qwm,q-w-m,8,-0.09,0.023,0.04
Tgy,uTgy,ṭ-gh-y,rbb,rbb,r-b-b,5,-0.12,0.011,0.04
zyd,zyd,z-y-d,Aty,uAty,a-t-y,5,0.12,0.018,0.04
bdl,bdl,b-d-l,Amn,uAmn,a-m-n,5,0.11,0.013,0.03
bdl,bdl,b-d-l,Elm,uElm,ʿ-l-m,5,0.1,0.013,0.03
blw,blw,b-l-w,Alh,uAlh,a-l-h,11,0.06,0.011,0.03
brr,brr,b-r-r,kwn,kwn,k-w-n,6,0.08,0.01,0.03
bHr,buHr,b-ḥ-r,kwn,kwn,k-w-n,8,0.08,0.013,0.03
bHr,buHr,b-ḥ-r,Elm,uElm,ʿ-l-m,5,0.1,0.013,0.03
gDb,guDb,gh-ḍ-b,qwl,qwl,q-w-l,5,0.1,0.007,0.03
mlA,mluA,m-l-a,kwn,kwn,k-w-n,8,0.08,0.013,0.03
rbE,rbuE,r-b-ʿ,qwl,qwl,q-w-l,5,0.1,0.007,0.03
sbq,sbq,s-b-q,kwn,kwn,k-w-n,7,0.08,0.012,0.03
sbE,sbuE,s-b-ʿ,qwl,qwl,q-w-l,5,-0.09,0.007,0.03
srf,srf,s-r-f,qwl,qwl,q-w-l,5,0.1,0.007,0.03
sEy,suEy,s-ʿ-y,Alh,uAlh,a-l-h,8,-0.08,0.008,0.03
sxr,sxr,s-kh-r,kwn,kwn,k-w-n,7,0.08,0.012,0.03
SbH,uSbuH,ṣ-b-ḥ,qwl,qwl,q-w-l,10,0.07,0.014,0.03
SHb,uSuHb,ṣ-ḥ-b,$yA,shyuA,sh-y-a,6,-0.09,0.022,0.03
Tyb,uTyb,ṭ-y-b,rbb,rbb,r-b-b,6,-0.1,0.013,0.03
wkl,wkl,w-k-l,kwn,kwn,k-w-n,11,-0.06,0.018,0.03
xlS,xluS,kh-l-ṣ,kwn,kwn,k-w-n,6,0.08,0.01,0.03
xzy,xzy,kh-z-y,qwl,qwl,q-w-l,5,-0.09,0.007,0.03
ysr,ysr,y-s-r,kwn,kwn,k-w-n,8,0.08,0.013,0.03
ysr,ysr,y-s-r,Elm,uElm,ʿ-l-m,5,0.1,0.013,0.03
fTr,fuTr,f-ṭ-r,Alh,uAlh,a-l-h,6,0.07,0.006,0.02
gyb,gyb,gh-y-b,qwm,qwm,q-w-m,6,0.09,0.018,0.02
mrr,mrr,m-r-r,Alh,uAlh,a-l-h,10,0.05,0.01,0.02
nfE,nfuE,n-f-ʿ,qwm,qwm,q-w-m,5,0.09,0.015,0.02
nfE,nfuE,n-f-ʿ,Amn,uAmn,a-m-n,6,0.08,0.016,0.02
slT,sluT,s-l-ṭ,qwl,qwl,q-w-l,9,0.06,0.013,0.02
srf,srf,s-r-f,Alh,uAlh,a-l-h,6,-0.08,0.006,0.02
Abd,uAbd,a-b-d,kwn,kwn,k-w-n,5,-0.08,0.008,0.02
Alm,uAlm,a-l-m,Aty,uAty,a-t-y,6,0.08,0.021,0.02
Avr,uAvr,a-th-r,Alh,uAlh,a-l-h,6,-0.08,0.006,0.02
Elw,uElw,ʿ-l-w,rsl,rsl,r-s-l,5,0.1,0.02,0.02
Eyn,uEyn,ʿ-y-n,Elm,uElm,ʿ-l-m,7,-0.07,0.018,0.02
Hml,uHml,ḥ-m-l,kwn,kwn,k-w-n,9,-0.07,0.015,0.02
Sly,uSly,ṣ-l-y,kwn,kwn,k-w-n,5,0.08,0.008,0.02
TEm,uTuEm,ṭ-ʿ-m,rbb,rbb,r-b-b,6,0.07,0.013,0.02
wrv,wrv,w-r-th,rbb,rbb,r-b-b,5,0.07,0.011,0.02
xbr,xbr,kh-b-r,qwl,qwl,q-w-l,12,0.06,0.017,0.02
xsr,xsr,kh-s-r,rbb,rbb,r-b-b,8,-0.07,0.017,0.02
dbr,dbr,d-b-r,Alh,uAlh,a-l-h,13,-0.03,0.014,0.01
dry,dry,d-r-y,qwl,qwl,q-w-l,6,-0.05,0.009,0.01
fwq,fwq,f-w-q,kwn,kwn,k-w-n,8,0.05,0.013,0.01
gdw,gdw,gh-d-w,Alh,uAlh,a-l-h,5,0.05,0.005,0.01
gfl,gfl,gh-f-l,qwl,qwl,q-w-l,8,0.04,0.011,0.01
gyb,gyb,gh-y-b,rbb,rbb,r-b-b,8,-0.04,0.017,0.01
hwn,hwn,h-w-n,qwl,qwl,q-w-l,6,0.06,0.009,0.01
mkn,mkn,m-k-n,Alh,uAlh,a-l-h,5,0.05,0.005,0.01
nfr,nfr,n-f-r,Alh,uAlh,a-l-h,5,0.05,0.005,0.01
qmr,qmr,q-m-r,Alh,uAlh,a-l-h,8,0.03,0.008,0.01
sbE,sbuE,s-b-ʿ,Alh,uAlh,a-l-h,7,-0.05,0.007,0.01
$fE,shfuE,sh-f-ʿ,qwl,qwl,q-w-l,6,0.06,0.009,0.01
Anv,uAnv,a-n-th,qwl,qwl,q-w-l,6,0.06,0.009,0.01
Edd,uEdd,ʿ-d-d,Amn,uAmn,a-m-n,6,0.05,0.016,0.01
Ehd,uEhd,ʿ-h-d,kwn,kwn,k-w-n,7,0.04,0.012,0.01
Ejl,uEjl,ʿ-j-l,kwn,kwn,k-w-n,8,-0.05,0.013,0.01
Hml,uHml,ḥ-m-l,Amn,uAmn,a-m-n,6,0.05,0.016,0.01
Hml,uHml,ḥ-m-l,Elm,uElm,ʿ-l-m,6,0.04,0.015,0.01
Srf,uSrf,ṣ-r-f,Alh,uAlh,a-l-h,9,0.04,0.009,0.01
SrT,uSruT,ṣ-r-ṭ,Elm,uElm,ʿ-l-m,5,-0.07,0.013,0.01
TEm,uTuEm,ṭ-ʿ-m,Elm,uElm,ʿ-l-m,5,0.06,0.013,0.01
vql,vql,th-q-l,Alh,uAlh,a-l-h,8,0.03,0.008,0.01
wkl,wkl,w-k-l,Aty,uAty,a-t-y,5,0.07,0.018,0.01
brk,brk,b-r-k,kwn,kwn,k-w-n,6,-0.01,0.01,0
byt,byt,b-y-t,qwl,qwl,q-w-l,12,0,0.017,0
fqh,fqh,f-q-h,Alh,uAlh,a-l-h,6,-0.01,0.006,0
fsq,fsq,f-s-q,qwl,qwl,q-w-l,12,0,0.017,0
ftn,ftn,f-t-n,kwn,kwn,k-w-n,11,0.01,0.018,0
fSl,fuSl,f-ṣ-l,kwn,kwn,k-w-n,8,0.01,0.013,0
gyb,gyb,gh-y-b,Amn,uAmn,a-m-n,7,0.03,0.018,0
jdl,jdl,j-d-l,kwn,kwn,k-w-n,5,-0.03,0.008,0
jnd,jnd,j-n-d,Alh,uAlh,a-l-h,8,-0.02,0.008,0
kfy,kfy,k-f-y,qwl,qwl,q-w-l,7,-0.02,0.01,0
kfy,kfy,k-f-y,kwn,kwn,k-w-n,6,-0.01,0.01,0
k$f,kshf,k-sh-f,Alh,uAlh,a-l-h,6,-0.01,0.006,0
lbv,lbv,l-b-th,kwn,kwn,k-w-n,5,-0.03,0.008,0
mrr,mrr,m-r-r,qwl,qwl,q-w-l,7,-0.02,0.01,0
nbt,nbt,n-b-t,Alh,uAlh,a-l-h,7,0.01,0.007,0
n$r,nshr,n-sh-r,Alh,uAlh,a-l-h,6,-0.01,0.006,0
qTE,quTuE,q-ṭ-ʿ,rbb,rbb,r-b-b,5,-0.01,0.011,0
rAs,ruAs,r-a-s,Alh,uAlh,a-l-h,5,-0.03,0.005,0
$ms,shms,sh-m-s,qwl,qwl,q-w-l,7,-0.02,0.01,0
$rr,shrr,sh-r-r,Alh,uAlh,a-l-h,9,-0.01,0.009,0
sxr,sxr,s-kh-r,rbb,rbb,r-b-b,5,0.03,0.011,0
Anv,uAnv,a-n-th,kwn,kwn,k-w-n,5,0.03,0.008,0
Avm,uAvm,a-th-m,rbb,rbb,r-b-b,6,0.03,0.013,0
Erb,uErb,ʿ-r-b,qwl,qwl,q-w-l,5,0.04,0.007,0
Eyn,uEyn,ʿ-y-n,Aty,uAty,a-t-y,5,0.03,0.018,0
Hll,uHll,ḥ-l-l,rbb,rbb,r-b-b,6,0,0.013,0
H$r,uHshr,ḥ-sh-r,rbb,rbb,r-b-b,6,0,0.013,0
Hzb,uHzb,ḥ-z-b,Alh,uAlh,a-l-h,5,-0.03,0.005,0
Hzn,uHzn,ḥ-z-n,kwn,kwn,k-w-n,8,0.01,0.013,0
SbH,uSbuH,ṣ-b-ḥ,Amn,uAmn,a-m-n,5,0,0.013,0
w*r,wdhr,w-dh-r,Amn,uAmn,a-m-n,5,0,0.013,0
w*r,wdhr,w-dh-r,rbb,rbb,r-b-b,6,0,0.013,0
wry,wry,w-r-y,qwl,qwl,q-w-l,7,0.03,0.01,0
xbr,xbr,kh-b-r,qwm,qwm,q-w-m,5,0.01,0.015,0
x$y,xshy,kh-sh-y,qwl,qwl,q-w-l,9,0.02,0.013,0
xTA,xuTuA,kh-ṭ-a,Alh,uAlh,a-l-h,6,-0.01,0.006,0
zyn,zyn,z-y-n,rbb,rbb,r-b-b,6,0,0.013,0
