lemma,pos,root,rootSafeKey,count,topForm,formCount,verseCount,surahCount,firstVerse
min,P,,,3226,مِن,80,2230,95,2:3
{ll~ah,PN,Alh,uAlh,2699,ٱللَّهِ,15,1821,85,1:1
maA,REL/NEG/INTG/SUB/COND/SUP,,,2177,مَا,29,1614,101,2:4
fiY,P,,,1701,فِى,27,1364,97,2:2
laA,NEG/PRO,,,1691,لَا,13,1259,93,1:7
<in~,ACC,,,1682,إِنَّ,60,1503,97,2:6
qaAla,V,qwl,qwl,1618,قَالَ,109,1321,82,2:8
{l~a*iY,REL/COND,,,1464,ٱلَّذِينَ,33,1243,88,1:7
EalaY`,P,,,1445,عَلَىٰ,39,1177,93,1:7
kaAna,V,kwn,kwn,1358,كَانَ,109,1149,86,2:10
rab~,N,rbb,rbb,975,رَبِّ,110,866,94,1:2
man,REL/COND/INTG,,,824,مَن,39,676,85,2:8
<ilaY`,P,,,742,إِلَىٰ,28,653,82,2:4
<in,COND/NEG/CERT,,,697,إِن,27,588,74,2:23
<il~aA,RES/EXP/CERT,,,663,إِلَّا,3,605,79,2:9
>an,SUB/INT,,,625,أَن,15,541,78,2:26
'aAmana,V,Amn,uAmn,537,ءَامَنُوا۟,56,478,73,2:3
*a`lik,DEM,,,520,ذَٰلِكَ,26,494,78,2:2
Ean,P,,,465,عَن,25,422,78,2:36
>aroD,N,ArD,uAruD,461,ٱلْأَرْضِ,20,440,80,2:11
<i*aA,T/SUR/COND,,,409,إِذَا,8,373,79,2:11
qad,CERT,,,406,وَلَقَدْ,15,388,65,2:60
yawom,N/T,ywm,ywm,405,يَوْمَ,32,377,75,1:4
qawom,N,qwm,qwm,383,يَٰقَوْمِ,52,347,55,2:54
'aAyap,N,Ayy,uAyy,382,بِـَٔايَٰتِنَا,45,353,59,2:39
Ealima,V,Elm,uElm,382,يَعْلَمُونَ,80,340,73,2:13
>an~,ACC,,,362,أَنَّ,39,319,67,2:25
kul~,N/T,kll,kll,359,كُلِّ,28,341,73,2:20
lam,NEG,,,353,لَمْ,10,330,79,2:6
jaEala,V,jEl,juEl,340,جَعَلَ,111,306,66,2:19
vum~,CONJ,,,338,ثُمَّ,2,298,70,2:28
rasuwl,N,rsl,rsl,332,وَرَسُولَهُۥ,87,292,61,2:87
Ea*aAb,N,E*b,uEdhb,322,عَذَابٌ,28,306,68,2:7
ha`*aA,DEM/REL,,,318,هَٰذَا,17,296,66,2:25
samaA^',N,smw,smw,310,ٱلسَّمَٰوَٰتِ,13,297,76,2:19
nafos,N,nfs,nfs,295,أَنفُسَهُمْ,74,268,62,2:9
kafara,V,kfr,kfr,289,كَفَرُوا۟,41,269,62,2:6
$aYo',N,$yA,shyuA,283,شَىْءٍ,11,266,65,2:20
>aw,CONJ,,,280,أَوْ,3,213,57,2:19
jaA^'a,V,jyA,jyuA,278,جَآءَ,66,262,62,2:71
Eamila,V,Eml,uEml,276,تَعْمَلُونَ,28,255,66,2:25
A^taY,V,Aty,uAty,271,أُوتُوا۟,112,240,58,2:43
ra'aA,V,rAy,ruAy,271,تَرَ,95,253,70,2:55
bayon,LOC/N,byn,byn,266,بَيْنَ,32,217,58,2:66
>ataY,V,Aty,uAty,264,يَأْتِىَ,130,240,64,2:23
kita`b,N,ktb,ktb,260,ٱلْكِتَٰبَ,31,236,58,2:2
Haq~,N/ADJ,Hqq,uHqq,247,بِٱلْحَقِّ,19,231,57,2:26
qabol,N/T,qbl,qbl,242,قَبْلُ,21,235,61,2:4
n~aAs,N,nws,nws,241,ٱلنَّاسِ,7,225,53,2:8
<i*,T,,,239,إِذْ,6,220,50,2:30
$aA^'a,V,$yA,shyuA,236,يَشَآءُ,18,205,53,2:20
>uwla`^}ik,DEM,,,204,أُو۟لَٰٓئِكَ,3,187,53,2:5
mu&omin,N/ADJ,Amn,uAmn,202,ٱلْمُؤْمِنِينَ,22,193,47,2:8
law,COND/SUB,,,200,وَلَوْ,7,190,54,2:20
baEod,N/T,bEd,buEd,199,بَعْدِ,16,188,54,2:27
Eind,LOC/N,End,uEnd,197,عِندَ,27,185,61,2:54
xalaqa,V,xlq,xlq,184,خَلَقَ,47,168,71,2:21
>anzala,V,nzl,nzl,183,أَنزَلَ,25,162,50,2:4
xayor,N/ADJ,xyr,xyr,178,خَيْرٌ,14,162,52,2:54
ka*~aba,V,k*b,kdhb,176,كَذَّبُوا۟,33,163,52,2:39
sabiyl,N,sbl,sbl,176,سَبِيلِ,26,164,47,2:108
daEaA,V,dEw,duEw,170,يَدْعُونَ,77,155,52,2:23
>amor,N,Amr,uAmr,166,أَمْرًا,40,153,53,2:109
{t~aqaY`,V,wqy,wqy,166,وَٱتَّقُوا۟,26,158,42,2:21
Ealiym,ADJ/N,Elm,uElm,163,عَلِيمٌ,9,163,43,2:29
maE,LOC,,,159,مَعَ,24,152,48,2:14
baEoD,N,bED,buEuD,157,بَعْضٍ,26,86,38,2:36
lam~aA,T,,,156,فَلَمَّا,8,144,43,2:17
A^xir,N/ADJ/T,Axr,uAxr,155,ٱلْءَاخِرَةِ,19,153,49,2:4
>ay~uhaA,N,,,153,يَٰٓأَيُّهَا,5,153,42,2:21
<ila`h,N,Alh,uAlh,147,إِلَٰهَ,33,124,45,2:133
gayor,N/ADJ,gyr,gyr,147,بِغَيْرِ,19,142,45,1:7
jan~ap,N/PN,jnn,jnn,147,جَنَّٰتٍ,28,143,65,2:25
naAr,N,nwr,nwr,145,ٱلنَّارِ,13,138,57,2:17
duwn,N/LOC,dwn,dwn,144,دُونِ,16,142,46,2:23
hadaY,V,hdy,hdy,144,يَهْدِى,62,132,52,1:6
Hat~aY`,P/INC,,,142,حَتَّىٰ,2,138,48,2:55
>araAda,V,rwd,rwd,139,يُرِيدُ,40,112,45,2:26
>am,CONJ,,,137,أَمْ,7,123,47,2:6
muwsaY`,PN,,,136,مُوسَىٰ,12,131,34,2:51
{t~abaEa,V,tbE,tbuE,136,يَتَّبِعُونَ,65,123,46,2:102
qalob,N,qlb,qlb,132,قُلُوبِهِمْ,38,124,43,2:7
Eabod,N,Ebd,uEbd,131,عِبَادِهِۦ,54,126,48,2:23
>arosala,V,rsl,rsl,130,أَرْسَلْنَا,39,127,47,2:119
ZaAlim,N/ADJ,Zlm,uZlm,129,ٱلظَّٰلِمِينَ,15,129,44,2:35
ka`firuwn,N/ADJ,kfr,kfr,129,ٱلْكَٰفِرِينَ,12,126,52,2:19
>ahol,N,Ahl,uAhl,127,أَهْلِ,41,120,40,2:105
>axa*a,V,Ax*,uAxdh,127,أَخَذَ,69,114,41,2:48
bal,RET/INC/CONJ,,,127,بَلْ,3,121,51,2:88
{t~axa*a,V,Ax*,uAxdh,124,ٱتَّخَذُوا۟,58,118,37,2:51
laEal~,ACC,,,123,لَعَلَّكُمْ,14,122,41,2:21
Eabada,V,Ebd,uEbd,122,تَعْبُدُونَ,41,111,43,1:5
EaZiym,ADJ/N,EZm,uEuZm,120,عَظِيمٌ,12,119,48,2:7
yad,N,ydy,ydy,120,أَيْدِيهِمْ,41,110,47,2:66
m~ubiyn,N/ADJ,byn,byn,119,مُّبِينٌ,7,119,43,2:168
r~aHiym,ADJ/N,rHm,ruHm,116,رَّحِيمٌ,10,116,42,1:1
d~unoyaA,ADJ/N,dnw,dnw,115,ٱلدُّنْيَا,2,111,40,2:85
raHomap,N,rHm,ruHm,114,رَحْمَةً,34,112,37,2:64
Zalama,V,Zlm,uZlm,110,ظَلَمُوا۟,29,94,35,2:54
sa>ala,V,sAl,suAl,106,أَسْـَٔلُكُمْ,57,96,42,2:61
wajada,V,wjd,wjd,106,تَجِدَ,41,98,31,2:96
>ajor,N,Ajr,uAjr,105,أَجْرًا,21,97,39,2:62
Eilom,N,Elm,uElm,105,عِلْمٍ,19,102,43,2:32
lan,NEG,,,104,لَن,8,98,34,2:24
Eaziyz,N/ADJ,Ezz,uEzz,101,ٱلْعَزِيزُ,8,101,42,2:129
>axoraja,V,xrj,xrj,99,أَخْرَجَ,70,90,43,2:22
Hakiym,ADJ/N,Hkm,uHkm,97,حَكِيمٌ,5,97,42,2:32
*uw,N/LOC/ADJ,,,93,ذُو,18,88,44,2:83
>akala,V,Akl,uAkl,93,كُلُوا۟,37,87,35,2:35
hal,INTG,,,93,هَلْ,6,89,45,2:210
diyn,N,dyn,dyn,92,ٱلدِّينِ,20,82,40,1:4
qawol,N,qwl,qwl,92,قَوْلًا,29,90,43,2:59
gafuwr,N/ADJ,gfr,gfr,91,غَفُورٌ,5,91,38,2:173
l~ayosa,V,lys,lys,89,لَيْسَ,18,85,33,2:113
$ayoTa`n,PN/N,$Tn,shuTn,88,ٱلشَّيْطَٰنُ,13,78,36,2:14
faEala,V,fEl,fuEl,88,يَفْعَلُونَ,32,83,40,2:24
malak,N,mlk,mlk,88,ٱلْمَلَٰٓئِكَةُ,20,86,37,2:30
maval,N/ADJ,mvl,mvl,88,مَثَلًا,28,70,28,2:17
n~aZara,V,nZr,nuZr,87,يَنظُرُونَ,28,83,41,2:50
maAl,N,mwl,mwl,86,أَمْوَٰلَهُمْ,40,80,38,2:155
waliY~,N,wly,wly,86,أَوْلِيَآءَ,24,80,30,2:107
hudFY,N,hdy,hdy,85,هُدًى,14,77,31,2:2
*akara,V,*kr,dhkr,84,وَٱذْكُرْ,36,79,32,2:40
faDol,N,fDl,fuDl,84,فَضْلِهِۦ,16,77,29,2:64
layol,N/T,lyl,lyl,84,ٱلَّيْلِ,12,75,48,2:164
Salaw`p,N,Slw,uSlw,83,ٱلصَّلَوٰةَ,19,78,31,2:3
kayof,INTG/N,kyf,kyf,83,كَيْفَ,3,83,37,2:28
qatala,V,qtl,qtl,83,قُتِلَ,53,67,26,2:54
xaAfa,V,xwf,xwf,83,أَخَافُ,28,76,38,2:182
>aw~al,N/ADJ/T,Awl,uAwl,82,ٱلْأَوَّلِينَ,17,82,39,2:41
>akovar,N/ADJ,kvr,kvr,80,أَكْثَرَ,12,79,36,2:100
bunaY~,N,bny,bny,80,بَنِىٓ,21,77,33,2:40
rajaEa,V,rjE,rjuE,79,تُرْجَعُونَ,29,78,36,2:18
>aSoHa`b,N,SHb,uSuHb,78,أَصْحَٰبُ,11,70,37,2:39
samiEa,V,smE,smuE,78,يَسْمَعُونَ,24,70,40,2:75
tawal~aY`,V,wly,wly,78,تَوَلَّوْا۟,27,76,34,2:64
>amara,V,Amr,uAmr,77,أَمَرَ,38,71,33,2:27
jahan~am,PN,,,77,جَهَنَّمَ,4,77,39,2:206
*ikor,N,*kr,dhkr,76,ذِكْرًا,26,71,36,2:200
Hayaw`p,N,Hyy,uHyy,76,ٱلْحَيَوٰةِ,11,73,37,2:85
daxala,V,dxl,dxl,76,ٱدْخُلُوا۟,38,67,31,2:58
zawoj,N,zwj,zwj,76,أَزْوَٰجًا,39,68,40,2:25
>ax,N,Axw,uAxw,75,أَخِيهِ,34,69,30,2:178
lawolaA^,EXH/COND,,,75,لَوْلَآ,8,74,33,2:64
mivol,N,mvl,mvl,75,مِثْلَ,31,74,35,2:23
n~abiY~,N,nbA,nbuA,75,ٱلنَّبِىُّ,19,72,20,2:61
>aHad,N,AHd,uAuHd,74,أَحَدًا,21,72,30,2:96
firoEawon,PN,,,74,فِرْعَوْنَ,6,67,27,2:49
xa`lid,N,xld,xld,74,خَٰلِدِينَ,7,74,33,2:25
Ea`lamiyn,N,Elm,uElm,73,ٱلْعَٰلَمِينَ,3,73,30,1:2
jazaY`,V,jzy,jzy,73,نَجْزِى,31,71,37,2:48
la`kin,AMD/ACC,,,73,وَلَٰكِن,11,72,34,2:12
>aTaAEa,V,TwE,uTwuE,72,وَأَطِيعُوا۟,26,64,27,2:285
>aliym,ADJ,Alm,uAlm,72,أَلِيمٌ,8,72,42,2:10
>awoHaY`^,V,wHy,wuHy,72,أَوْحَيْنَآ,21,67,33,3:44
wajoh,N/T,wjh,wjh,72,وَجْهَكَ,31,66,38,2:112
<insa`n,N,Ans,uAns,71,ٱلْإِنسَٰنَ,9,69,46,2:60
>a$oraka,V,$rk,shrk,71,يُشْرِكُونَ,27,67,29,2:96
>aloqaY`^,V,lqy,lqy,71,أَلْقُوا۟,43,67,30,2:195
Eamal,N,Eml,uEml,71,أَعْمَٰلَهُمْ,25,67,32,2:139
bay~inap,N/ADJ,byn,byn,71,بِٱلْبَيِّنَٰتِ,13,69,32,2:87
A^xar,N/ADJ,Axr,uAxr,70,أُخْرَىٰ,24,68,31,2:184
qaliyl,N/ADJ,qll,qll,70,قَلِيلًا,6,70,32,2:41
qiya`map,N,qwm,qwm,70,ٱلْقِيَٰمَةِ,1,70,30,2:85
quro'aAn,PN/N,qrA,qruA,70,ٱلْقُرْءَانَ,19,69,38,2:185
waEada,V,wEd,wuEd,70,تُوعَدُونَ,28,65,39,2:268
yawoma}i*,T,,,70,يَوْمَئِذٍ,6,69,38,3:167
<iboraAhiym,PN,,,69,إِبْرَٰهِيمَ,9,63,25,2:124
>anfaqa,V,nfq,nfq,68,يُنفِقُونَ,19,55,24,2:3
Sa`liH,N/ADJ,SlH,uSluH,65,صَٰلِحًا,11,64,38,2:62
bayot,N,byt,byt,65,بُيُوتًا,27,47,28,2:125
gafara,V,gfr,gfr,65,يَغْفِرُ,23,62,33,2:58
yamiyn,N,ymn,ymn,65,ٱلْيَمِينِ,24,58,31,2:224
>aDal~a,V,Dll,uDll,64,يُضِلُّ,37,60,31,2:26
>aHobabo,V,Hbb,uHbb,64,يُحِبُّ,18,59,24,2:165
>aSaAba,V,Swb,uSwb,64,أَصَابَ,43,54,26,2:156
>um~ap,N,Amm,uAmm,64,أُمَّةٍ,10,57,25,2:128
A^baA',N,Abw,uAbw,64,ءَابَآءَنَا,28,60,32,2:133
kaviyr,N/ADJ,kvr,kvr,63,كَثِيرًا,5,60,27,2:26
maA^',N,mwh,mwh,63,مَآءً,15,60,41,2:22
taAba,V,twb,twb,63,تَابَ,22,56,22,2:37
{bon,N,bny,bny,63,ٱبْنُ,24,57,27,2:49
S~a`liHa`t,N,SlH,uSluH,62,ٱلصَّٰلِحَٰتِ,3,61,36,2:25
kasaba,V,ksb,ksb,62,كَسَبَتْ,11,57,25,2:79
naz~ala,V,nzl,nzl,62,نَزَّلَ,24,61,28,2:23
razaqa,V,rzq,rzq,61,رَزَقْنَٰهُمْ,30,60,31,2:3
talaY`,V,tlw,tlw,61,تُتْلَىٰ,21,60,32,2:44
>aY~,INTG/N/COND,,,60,فَبِأَىِّ,15,60,24,3:44
SaAdiq,N,Sdq,uSdq,59,صَٰدِقِينَ,8,59,34,2:23
naSara,V,nSr,nuSr,59,يُنصَرُونَ,38,53,28,2:48
nisaA^',N,nsw,nsw,59,ٱلنِّسَآءِ,26,53,16,2:49
qaDaY`^,V,qDy,quDy,59,قُضِىَ,33,56,28,2:117
Sabara,V,Sbr,uSbr,58,صَبَرُوا۟,23,56,34,2:61
na*iyr,N,n*r,ndhr,58,نَذِيرٌ,14,54,27,2:119
Eayon,N,Eyn,uEyn,57,وَعُيُونٍ,31,55,34,2:60
jarayo,V,jry,jry,57,تَجْرِى,7,57,38,2:25
la`kin~,ACC,,,57,وَلَٰكِنَّ,4,56,29,2:102
nahaAr,N/T,nhr,nhr,57,وَٱلنَّهَارِ,9,50,34,2:164
qaroyap,N,qry,qry,57,قَرْيَةٍ,14,54,26,2:58
r~aHoma`n,N/ADJ,rHm,ruHm,57,ٱلرَّحْمَٰنُ,5,56,18,1:1
$adiyd,ADJ/N,$dd,shdd,56,شَدِيدُ,13,56,35,2:165
$ahiyd,N/ADJ,$hd,shhd,56,شَهِيدًا,18,47,24,2:23
mas~a,V,mss,mss,56,مَسَّ,32,52,26,2:80
walad,N,wld,wld,56,وَلَدًا,23,47,26,2:116
>am~aA,EXL/COND,,,55,وَأَمَّا,6,51,23,2:26
Daraba,V,Drb,uDrb,55,ضَرَبَ,29,51,27,2:26
rizoq,N,rzq,rzq,55,رِزْقًا,22,53,32,2:22
>aqaAma,V,qwm,qwm,54,وَأَقِيمُوا۟,22,53,28,2:3
nahar,N,nhr,nhr,54,ٱلْأَنْهَٰرُ,9,51,32,2:25
qa`tala,V,qtl,qtl,54,يُقَٰتِلُوكُمْ,32,41,16,2:190
Dal~a,V,Dll,uDll,53,ضَلَّ,14,48,27,2:108
jamiyE,N,jmE,jmuE,53,جَمِيعًا,4,50,25,2:29
xaraja,V,xrj,xrj,53,يَخْرُجُ,22,51,33,2:74
>ajal,N,Ajl,uAjl,52,أَجَلٍ,17,45,26,2:231
baEava,V,bEv,buEv,52,يُبْعَثُونَ,28,50,26,2:56
mujorim,N/ADJ,jrm,jrm,52,ٱلْمُجْرِمِينَ,11,52,32,6:55
xaloq,N,xlq,xlq,52,ٱلْخَلْقَ,18,46,30,2:164
>aHoyaA,V,Hyy,uHyy,51,يُحْىِۦ,27,47,28,2:28
>aholaka,V,hlk,hlk,51,أَهْلَكْنَا,27,49,34,2:205
baSiyr,N/ADJ,bSr,buSr,51,بَصِيرٌ,7,51,29,2:96
ta*ak~ara,V,*kr,dhkr,51,تَذَكَّرُونَ,13,50,33,2:221
taHot,N/LOC,tHt,tuHt,51,تَحْتِهَا,10,50,30,2:25
Eaduw~,N/ADJ,Edw,uEdw,50,عَدُوٌّ,18,43,23,2:36
mawot,N,mwt,mwt,50,ٱلْمَوْتِ,9,47,28,2:19
niEomap,N,nEm,nuEm,50,نِعْمَتَ,22,49,24,2:40
suw^',N,swA,swuA,50,سُوٓءُ,14,50,21,2:49
{fotaraY`,V,fry,fry,50,يَفْتَرُونَ,13,46,22,3:24
>aEolam,N/ADJ,Elm,uElm,49,أَعْلَمُ,2,44,25,2:140
Eaqalu,V,Eql,uEql,49,تَعْقِلُونَ,5,49,30,2:44
gayob,N,gyb,gyb,49,ٱلْغَيْبِ,10,48,34,2:3
kataba,V,ktb,ktb,49,كُتِبَ,21,39,18,2:79
mut~aqiyn,N,wqy,wqy,49,ٱلْمُتَّقِينَ,5,49,30,2:2
waEod,N,wEd,wuEd,49,وَعْدَ,12,46,28,3:152
zaAda,V,zyd,zyd,49,يَزِيدُ,37,47,27,2:10
baSar,N,bSr,buSr,48,أَبْصَٰرُهُمْ,28,44,29,2:7
daAr,N,dwr,dwr,48,ٱلدَّارِ,20,47,23,2:84
mulok,N,mlk,mlk,48,مُلْكُ,13,43,26,2:102
saAEap,N/T,swE,swuE,48,ٱلسَّاعَةُ,9,43,26,6:31
Zan~a,V,Znn,uZnn,47,وَظَنُّوٓا۟,24,44,26,2:46
samiyE,N/ADJ,smE,smuE,47,ٱلسَّمِيعُ,9,47,27,2:127
$akara,V,$kr,shkr,46,تَشْكُرُونَ,11,42,28,2:52
>abN,N,Abw,uAbw,46,لِأَبِيهِ,22,40,15,6:74
nab~a>a,V,nbA,nbuA,46,فَيُنَبِّئُكُم,34,43,25,3:15
<iyma`n,N,Amn,uAmn,45,إِيمَٰنًا,22,41,21,2:93
>uwliY,N,Awl,uAwl,45,أُو۟لُوا۟,10,43,25,2:179
Hakama,V,Hkm,uHkm,45,يَحْكُمُ,18,40,21,2:113
Sira`T,N,SrT,uSruT,45,صِرَٰطٍ,10,45,25,1:6
qadiyr,N/ADJ,qdr,qdr,45,قَدِيرٌ,5,45,27,2:20
xabiyr,ADJ/N,xbr,xbr,45,خَبِيرٌ,8,45,27,2:234
ya*ara,V,w*r,wdhr,45,فَذَرْهُمْ,29,43,29,2:234
$ahida,V,$hd,shhd,44,شَهِدَ,28,38,21,2:84
>an*ara,V,n*r,ndhr,44,لِتُنذِرَ,30,40,25,2:6
Hasiba,V,Hsb,uHsb,44,تَحْسَبَنَّ,26,43,24,2:214
Sador,N,Sdr,uSdr,44,ٱلصُّدُورِ,15,41,30,3:29
malakato,V,mlk,mlk,44,مَلَكَتْ,9,42,27,4:3
mu$orik,N,$rk,shrk,44,ٱلْمُشْرِكِينَ,12,43,19,2:105
naAdaY`,V,ndw,ndw,44,نَادَىٰ,24,44,23,3:39
<isoraA}iyl,PN,,,43,إِسْرَٰٓءِيلَ,3,41,17,2:40
Hamod,N,Hmd,uHmd,43,ٱلْحَمْدُ,5,41,31,1:2
nuwH,PN,,,43,نُوحٍ,6,43,28,3:33
nuwr,N,nwr,nwr,43,نُورًا,24,33,20,2:17
>udoxila,V,dxl,dxl,42,يُدْخِلُ,32,41,24,3:185
jazaA^',N,jzy,jzy,42,جَزَآءُ,13,39,25,2:85
sab~aHa,V,sbH,sbuH,42,فَسَبِّحْ,19,40,32,2:30
sala`m,N/ADJ,slm,slm,42,سَلَٰمٌ,10,39,26,4:94
sawof,FUT,,,42,فَسَوْفَ,6,42,24,4:30
{sotaTaAEa,V,TwE,uTwuE,42,يَسْتَطِيعُونَ,16,41,22,2:217
Ea*~aba,V,E*b,uEdhb,41,وَيُعَذِّبُ,31,38,18,2:284
Eal~ama,V,Elm,uElm,41,عَلَّمَ,31,35,18,2:31
Hamala,V,Hml,uHml,41,تَحْمِلُ,30,37,23,2:248
baHor,N,bHr,buHr,41,ٱلْبَحْرِ,10,39,25,2:50
fawoq,N/LOC,fwq,fwq,41,فَوْقَ,13,39,26,2:26
suboHa`n,N,sbH,sbuH,41,سُبْحَٰنَ,7,41,27,2:32
$ariyk,N,$rk,shrk,40,شُرَكَآءَ,21,34,17,4:12
>arayo,V,rAy,ruAy,40,نُرِيَنَّكَ,32,40,24,2:73
balaga,V,blg,blg,40,بَلَغَ,23,38,21,2:196
bi}osa,V,bAs,buAs,40,وَبِئْسَ,7,39,24,2:90
kabiyr,ADJ/N,kbr,kbr,40,كَبِيرًا,8,40,24,2:217
taraka,V,trk,trk,40,تَرَكَ,21,34,20,2:17
tawak~alo,V,wkl,wkl,40,فَلْيَتَوَكَّلِ,11,38,24,3:122
wayol,N,,,40,وَيْلٌ,11,38,25,2:79
xa$iYa,V,x$y,xshy,40,يَخْشَوْنَ,28,34,21,2:150
{hotadaY`,V,hdy,hdy,40,يَهْتَدُونَ,15,36,24,2:53
{sotagofara,V,gfr,gfr,40,وَٱسْتَغْفِرْ,26,36,24,2:199
{sotakobara,V,kbr,kbr,40,يَسْتَكْبِرُونَ,14,40,24,2:34
<i*on,N,A*n,uAdhn,39,بِإِذْنِ,6,35,20,2:97
>alaA^,INC,,,39,أَلَآ,2,34,14,2:12
Har~ama,V,Hrm,uHrm,39,حَرَّمَ,15,34,14,2:173
HisaAb,N/ADJ,Hsb,uHsb,39,ٱلْحِسَابِ,12,37,20,2:202
jabal,N,jbl,jbl,39,ٱلْجِبَالُ,13,37,32,2:260
musolim,N/PN/ADJ,slm,slm,39,ٱلْمُسْلِمِينَ,10,39,24,2:128
m~aAta,V,mwt,mwt,39,مِتْنَا,21,38,21,2:132
{som,N,smw,smw,39,ٱسْمَ,16,36,25,1:1
Dala`l,N,Dll,uDll,38,ضَلَٰلٍ,7,38,27,3:164
bu$~ira,V,b$r,bshr,38,وَبَشِّرِ,21,37,23,2:25
muHosin,N,Hsn,uHsn,38,ٱلْمُحْسِنِينَ,6,38,19,2:58
m~aEoruwf,N/ADJ,Erf,uErf,38,بِٱلْمَعْرُوفِ,8,35,11,2:178
m~ay~it,N/ADJ,mwt,mwt,38,ٱلْمَوْتَىٰ,17,32,22,2:28
r~aDiYa,V,rDw,ruDw,38,وَرَضُوا۟,23,31,18,2:120
*anb,N,*nb,dhnb,37,بِذُنُوبِهِمْ,21,36,25,3:11
Ha$ara,V,H$r,uHshr,37,تُحْشَرُونَ,22,37,23,2:203
Sad~a,V,Sdd,uSdd,37,وَصَدُّوا۟,23,37,21,3:99
ba$ar,N,b$r,bshr,37,بَشَرٌ,10,37,23,3:47
faAsiq,N/ADJ,fsq,fsq,37,ٱلْفَٰسِقِينَ,8,37,18,2:26
kufor,N,kfr,kfr,37,ٱلْكُفْرَ,14,34,13,2:88
m~usotaqiym,N/ADJ,qwm,qwm,37,مُّسْتَقِيمٍ,7,37,24,1:6
naj~aY`,V,njw,njw,37,نَجَّيْنَا,22,35,21,2:49
suloTa`n,N,slT,sluT,37,سُلْطَٰنًا,9,37,26,3:151
yaHozun,V,Hzn,uHzn,37,يَحْزَنُونَ,13,37,24,2:38
*aAqu,V,*wq,dhwq,36,فَذُوقُوا۟,15,35,24,3:106
>aHosan,N/ADJ,Hsn,uHsn,36,أَحْسَنُ,9,36,22,2:138
rad~a,V,rdd,rdd,36,يُرَدُّ,25,35,20,2:85
say~i_#aAt,N,swA,swuA,36,ٱلسَّيِّـَٔاتِ,9,34,23,2:271
*ahaba,V,*hb,dhhb,35,ذَهَبَ,24,35,22,2:17
<ivom,N,Avm,uAvm,35,إِثْمًا,13,29,12,2:85
Hiyn,N/T,Hyn,uHyn,35,حِينٍ,7,33,23,2:36
bay~anu,V,byn,byn,35,يُبَيِّنُ,16,35,12,2:68
mata`E,N,mtE,mtuE,35,مَتَٰعٌ,16,35,23,2:36
m~urosal,N/ADJ,rsl,rsl,35,ٱلْمُرْسَلِينَ,6,35,13,2:252
naSiyr,N/ADJ,nSr,nuSr,35,نَصِيرًا,12,32,16,2:107
nasiYa,V,nsy,nsy,35,نَسُوا۟,24,30,17,2:44
sajada,V,sjd,sjd,35,ٱسْجُدُوا۟,18,27,20,2:34
{sotawaY`^,V,swy,swy,35,يَسْتَوِى,13,33,24,2:29
{xotalafa,V,xlf,xlf,35,يَخْتَلِفُونَ,11,29,18,2:113
'aAlaA^',N,Alw,uAlw,34,ءَالَآءِ,2,34,3,7:69
>um~,N,Amm,uAmm,34,أُمَّهَٰتِكُمْ,21,30,22,3:7
fitonap,N,ftn,ftn,34,فِتْنَةٌ,10,34,23,2:102
maroyam,PN,,,34,مَرْيَمَ,3,31,12,2:87
{botagaY`,V,bgy,bgy,34,يَبْتَغُونَ,20,33,22,2:187
$amos,N,$ms,shms,33,ٱلشَّمْسَ,9,32,28,2:258
HaraAm,ADJ/N,Hrm,uHrm,33,ٱلْحَرَامِ,10,28,12,2:144
fariyq,N,frq,frq,33,فَرِيقٌ,9,28,18,2:75
ka*ib,N,k*b,kdhb,33,كَذِبًا,6,31,19,3:75
kal~aA,AVR,,,33,كَلَّا,2,33,15,19:79
n~aEam,N,nEm,nuEm,33,ٱلْأَنْعَٰمِ,15,31,22,3:14
qaAma,V,qwm,qwm,33,تَقُومُ,16,30,19,2:20
>aEoraDa,V,ErD,uEruD,32,أَعْرَضَ,16,30,20,4:16
Ea`qibap,N,Eqb,uEqb,32,عَٰقِبَةُ,5,32,20,3:137
ka`*ib,N/ADJ,k*b,kdhb,32,ٱلْكَٰذِبِينَ,9,32,21,3:61
kafaY`,V,kfy,kfy,32,وَكَفَىٰ,9,31,14,2:137
nahaY`,V,nhy,nhy,32,نُهُوا۟,21,31,18,3:104
xa`siriyn,N,xsr,xsr,32,ٱلْخَٰسِرِينَ,4,32,18,2:27
zakaw`p,N,zkw,zkw,32,ٱلزَّكَوٰةَ,7,32,19,2:43
<i*FA,SUR/ANS,,,31,إِذًا,3,31,19,2:145
>a$ad~,N/ADJ,$dd,shdd,31,أَشَدُّ,5,29,18,2:74
nafaEa,V,nfE,nfuE,31,يَنفَعُ,16,31,24,2:102
wa`Hidap,N/ADJ,wHd,wuHd,31,وَٰحِدَةً,5,31,23,2:213
$ar~,N,$rr,shrr,30,شَرٌّ,13,29,21,2:216
EasaY,V,Esy,uEsy,30,عَسَىٰٓ,8,28,16,2:216
Hukom,N,Hkm,uHkm,30,حُكْمًا,13,29,18,3:79
kariym,ADJ/N,krm,krm,30,كَرِيمٌ,7,30,21,4:31
labiva,V,lbv,lbv,30,لَبِثْتُمْ,17,26,16,2:259
mala>,N,mlA,mluA,30,ٱلْمَلَأُ,11,30,12,2:246
quw~ap,N,qwy,qwy,30,قُوَّةً,8,27,19,2:63
saA^'a,V,swA,swuA,30,سَآءَ,10,30,21,3:120
wa`Hid,ADJ/N,wHd,wuHd,30,وَٰحِدٌ,6,30,21,2:61
wal~aY`,V,wly,wly,30,وَلَّوْا۟,20,27,19,2:115
>aboSara,V,bSr,buSr,29,يُبْصِرُونَ,10,26,19,2:17
Eahod,N,Ehd,uEhd,29,بِعَهْدِ,19,26,14,2:27
Earo$,N,Er$,uErsh,29,ٱلْعَرْشِ,9,29,23,2:259
Hayov,N/LOC,Hyv,uHyv,29,حَيْثُ,1,28,14,2:35
jund,N,jnd,jnd,29,جُندٌ,19,27,18,2:249
ka>an~,ACC,,,29,كَأَنَّهُمْ,11,28,24,2:101
naba>,N,nbA,nbuA,29,أَنۢبَآءِ,17,29,20,3:44
rajul,N,rjl,rjl,29,رَجُلٌ,12,25,19,2:282
riyH,N,rwH,rwuH,29,ٱلرِّيَٰحَ,13,28,26,2:164
*ur~iy~ap,N,*rr,dhrr,28,ذُرِّيَّةً,18,26,17,2:124
>aSobaHa,V,SbH,uSbuH,28,فَأَصْبَحُوا۟,14,28,17,3:103
>aSolaHa,V,SlH,uSluH,28,وَأَصْلَحَ,16,27,18,2:160
>abadFA,T,Abd,uAbd,28,أَبَدًا,2,28,15,2:95
>agonato,V,gny,gny,28,يُغْنِى,13,28,21,3:10
>an~aY`,INTG/N,Any,uAny,28,أَنَّىٰ,3,28,19,2:223
Hadiyv,N,Hdv,uHdv,28,ٱلْحَدِيثِ,9,28,22,4:42
Hasanap,N/ADJ,Hsn,uHsn,28,حَسَنَةً,7,27,15,2:201
kalimap,N,klm,klm,28,كَلِمَةٌ,11,27,18,3:39
maSiyr,N,Syr,uSyr,28,ٱلْمَصِيرُ,4,28,22,2:126
masojid,N,sjd,sjd,28,ٱلْمَسْجِدِ,11,27,10,2:114
m~agofirap,N,gfr,gfr,28,مَّغْفِرَةٌ,10,28,21,2:175
rijaAl,N,rjl,rjl,28,رِجَالًا,11,27,15,2:228
r~aHima,V,rHm,ruHm,28,تُرْحَمُونَ,18,28,17,2:286
siHor,N,sHr,suHr,28,سِحْرٌ,13,28,19,2:102
{sotajaAba,V,jwb,jwb,28,يَسْتَجِيبُوا۟,13,27,17,2:186
>afolaHa,V,flH,fluH,27,تُفْلِحُونَ,5,27,18,2:189
EaSaA,V,ESy,uEuSy,27,عَصَوا۟,20,27,20,2:61
EafaA,V,Efw,uEfw,27,عَفَا,18,25,9,2:52
baAb,N,bwb,bwb,27,أَبْوَٰبَ,13,24,17,2:58
ga`fil,N,gfl,gfl,27,بِغَٰفِلٍ,8,27,14,2:74
ja`hada,V,jhd,jhd,27,وَجَٰهَدُوا۟,12,26,13,2:218
kaAfir,N,kfr,kfr,27,ٱلْكُفَّارَ,12,26,17,2:41
luwT,PN,,,27,لُوطٍ,6,27,14,6:86
muna`fiquwn,N,nfq,nfq,27,ٱلْمُنَٰفِقِينَ,4,25,9,4:61
m~akaAn,N/LOC,kwn,kwn,27,مَكَانًا,10,27,15,4:20
qad~ama,V,qdm,qdm,27,قَدَّمَتْ,9,27,23,2:95
qamar,N,qmr,qmr,27,وَٱلْقَمَرَ,7,26,23,6:77
sawaA^',N/ADJ,swy,swy,27,سَوَآءٌ,7,27,23,2:6
yuwsuf,PN,,,27,يُوسُفَ,6,26,3,6:84
'aAl,N,Awl,uAwl,26,ءَالَ,6,23,14,2:49
>ajomaEiyn,N,jmE,jmuE,26,أَجْمَعِينَ,2,26,16,2:161
ba`Til,N,bTl,buTl,26,بِٱلْبَٰطِلِ,8,25,21,2:42
jaHiym,N,jHm,juHm,26,ٱلْجَحِيمِ,5,26,18,2:119
kayod,N,kyd,kyd,26,كَيْدًا,15,25,15,3:120
maA*aA,INTG,,,26,مَاذَا,6,26,17,2:26
qariyb,ADJ/N,qrb,qrb,26,قَرِيبًا,5,26,20,2:186
vamuwd,PN,,,26,ثَمُودُ,7,25,21,7:73
xawof,N,xwf,xwf,26,خَوْفٌ,8,25,16,2:38
zay~ana,V,zyn,zyn,26,زُيِّنَ,11,26,20,2:212
{mora>at,N,mrA,mruA,26,ٱمْرَأَتَهُۥ,15,25,15,2:282
A^dam,PN,,,25,ءَادَمَ,5,25,9,2:31
EiysaY,PN,,,25,عِيسَى,8,25,11,2:87
ba>os,N,bAs,buAs,25,بَأْسُنَا,15,24,15,2:177
baEiyd,ADJ/N,bEd,buEd,25,بَعِيدٍ,6,25,14,2:176
bagaY`,V,bgy,bgy,25,يَبْغُونَ,20,24,17,3:83
ja`dalu,V,jdl,jdl,25,يُجَٰدِلُ,16,24,14,4:107
junaAH,N,jnH,jnuH,25,جُنَاحَ,3,24,6,2:158
lisaAn,N,lsn,lsn,25,بِلِسَانِكَ,23,24,18,3:78
m~iyva`q,N,wvq,wvq,25,مِيثَٰقَ,11,23,9,2:27
qadara,V,qdr,qdr,25,وَيَقْدِرُ,10,25,22,2:264
xalaA,V,xlw,xlw,25,خَلَتْ,5,25,15,2:14
ya$oEuru,V,$Er,shuEr,25,يَشْعُرُونَ,2,25,14,2:9
<iy~aA,PRON,,,24,إِيَّاهُ,9,23,15,1:5
>akobar,N/ADJ,kbr,kbr,24,أَكْبَرُ,7,22,17,2:217
>unvaY`,N,Anv,uAnv,24,أُنثَىٰ,9,22,16,2:178
EaAd2,PN,Ewd,uEwd,24,عَادٍ,9,23,18,7:65
Hay~,N/ADJ,Hyy,uHyy,24,حَيًّا,10,20,14,2:154
TaA^}ifap,N/ADJ,Twf,uTwf,24,طَآئِفَةٌ,10,19,12,3:69
TaEaAm,N,TEm,uTuEm,24,ٱلطَّعَامَ,13,23,16,2:61
ganiY~,N/ADJ,gny,gny,24,ٱلْغَنِىُّ,7,24,18,2:263
kaAda,V,kwd,kwd,24,يَكَادُ,10,24,19,2:20
liqaA^',N,lqy,lqy,24,لِقَآءَ,10,24,13,6:31
tawaf~aY`,V,wfy,wfy,24,نَتَوَفَّيَنَّكَ,15,24,16,2:234
wakiyl,N,wkl,wkl,24,وَكِيلًا,4,24,13,3:173
waraA^',LOC/N,wry,wry,24,وَرَآءَ,12,24,19,2:91
$aha`dap,N,$hd,shhd,23,وَٱلشَّهَٰدَةِ,11,21,14,2:140
*aA,N/DEM,,,23,ذَا,4,22,16,2:245
*ikoraY`,N,*kr,dhkr,23,وَذِكْرَىٰ,8,23,18,6:68
<im~aA,EXL/COND,,,23,وَإِمَّا,5,16,14,2:38
>a*ina,V,A*n,uAdhn,23,أَذِنَ,13,23,17,2:279
>anjaY`,V,njw,njw,23,فَأَنجَيْنَٰهُ,15,23,13,2:50
Zuluma`t,N/ADJ,Zlm,uZlm,23,ٱلظُّلُمَٰتِ,7,21,13,2:17
bad~ala,V,bdl,bdl,23,بَدَّلُوا۟,19,21,17,2:59
fatanu,V,ftn,ftn,23,فَتَنَّا,17,23,17,4:101
fulok,N,flk,flk,23,ٱلْفُلْكِ,5,23,19,2:164
laEana,V,lEn,luEn,23,لَعَنَهُمُ,19,20,10,2:88
misokiyn,N/ADJ,skn,skn,23,وَٱلْمَسَٰكِينِ,11,23,18,2:83
qaron,N,qrn,qrn,23,ٱلْقُرُونِ,8,22,15,6:6
saAjid,N/ADJ,sjd,sjd,23,سُجَّدًا,5,23,16,2:58
saboE,N/T,sbE,sbuE,23,سَبْعَ,10,19,13,2:29
yatiym,N/ADJ,ytm,ytm,23,وَٱلْيَتَٰمَىٰ,10,22,12,2:83
>a*aAqa,V,*wq,dhwq,22,أَذَقْنَا,16,21,13,6:65
>asolama,V,slm,slm,22,أَسْلَمَ,15,19,15,2:112
balaY`,ANS,,,22,بَلَىٰ,2,22,16,2:81
bar~,N/ADJ,brr,brr,22,ٱلْبَرِّ,7,22,15,3:193
duEaA^',N,dEw,duEw,22,ٱلدُّعَآءَ,18,21,17,2:171
jamaEa,V,jmE,jmuE,22,يَجْمَعُ,16,22,17,3:25
jin~,N,jnn,jnn,22,ٱلْجِنِّ,5,22,11,6:100
ma>owaY`,N,Awy,uAwy,22,وَمَأْوَىٰهُمْ,11,22,16,3:151
makara,V,mkr,mkr,22,يَمْكُرُونَ,12,17,13,3:54
m~u&omina`t,N/ADJ,Amn,uAmn,22,وَٱلْمُؤْمِنَٰتِ,8,20,12,4:25
naSor,N,nSr,nuSr,22,بِنَصْرِهِۦ,11,21,15,2:214
rafaEa,V,rfE,rfuE,22,وَرَفَعْنَا,14,22,16,2:63
sa`Hir,N,sHr,suHr,22,ٱلسَّحَرَةُ,9,21,8,7:109
samoE,N,smE,smuE,22,ٱلسَّمْعَ,11,21,17,2:7
sax~ara,V,sxr,sxr,22,وَسَخَّرَ,7,20,13,13:2
say~i}ap,N/ADJ,swA,swuA,22,بِٱلسَّيِّئَةِ,9,21,14,2:81
wahaba,V,whb,whb,22,وَوَهَبْنَا,11,21,12,3:8
xalof,N/LOC,xlf,xlf,22,خَلْفَهُمْ,10,22,16,2:66
yarojuwA@,V,rjw,rjw,22,يَرْجُونَ,9,21,16,2:218
$aAhid,N/ADJ,$hd,shhd,21,ٱلشَّٰهِدِينَ,9,21,16,3:53
$ahor,N,$hr,shhr,21,أَشْهُرٍ,14,17,9,2:185
>aEomaY`,N/ADJ,Emy,uEmy,21,ٱلْأَعْمَىٰ,9,20,16,2:18
>aHosana,V,Hsn,uHsn,21,أَحْسَنَ,9,19,17,2:195
>amaAta,V,mwt,mwt,21,وَيُمِيتُ,9,20,17,2:28
Hasan,ADJ/N,Hsn,uHsn,21,حَسَنًا,4,20,16,2:245
Tay~iba`t,N,Tyb,uTyb,21,ٱلطَّيِّبَٰتِ,8,20,14,2:57
Zan~,N,Znn,uZnn,21,ٱلظَّنَّ,9,18,13,3:154
kam,INTG/N,,,21,كَمْ,4,21,18,2:211
katama,V,ktm,ktm,21,تَكْتُمُونَ,13,20,7,2:33
mufosid,N,fsd,fsd,21,ٱلْمُفْسِدِينَ,7,21,12,2:12
m~a$a,V,m$y,mshy,21,يَمْشِى,11,18,13,2:20
m~uka*~ibiyn,N,k*b,kdhb,21,لِّلْمُكَذِّبِينَ,5,21,11,3:137
m~usam~FY,N/ADJ,smw,smw,21,مُّسَمًّى,1,21,17,2:282
naSiyb,N,nSb,nuSb,21,نَصِيبًا,6,18,10,2:202
ruwH,N,rwH,rwuH,21,بِرُوحِ,14,20,18,2:87
waDaEa,V,wDE,wuDuE,21,يَضَعْنَ,17,19,15,3:36
{$otaraY`,V,$ry,shry,21,يَشْتَرُونَ,11,20,8,2:16
{sotuhozi}a,V,hzA,hzuA,21,يَسْتَهْزِءُونَ,6,19,17,2:15
>aEad~a,V,Edd,uEdd,20,أَعَدَّ,5,20,11,2:24
>aHal~a,V,Hll,uHll,20,أُحِلَّ,14,18,11,2:187
>amina,V,Amn,uAmn,20,أَمِنتُمْ,16,16,8,2:196
>an$a>a,V,n$A,nshuA,20,أَنشَأَكُم,13,20,11,6:6
>aqosamu,V,qsm,qsm,20,أُقْسِمُ,8,19,16,5:53
Earafa,V,Erf,uErf,20,يَعْرِفُونَ,14,17,13,2:89
EiqaAb,N,Eqb,uEqb,20,ٱلْعِقَابِ,3,20,11,2:196
Hamiym,N/ADJ,Hmm,uHmm,20,حَمِيمٍ,6,19,15,6:70
Haq~a,V,Hqq,uHqq,20,حَقَّ,6,20,16,7:30
Hikomap,N,Hkm,uHkm,20,وَٱلْحِكْمَةَ,7,19,12,2:129
Hizob,N,Hzb,uHzb,20,ٱلْأَحْزَابُ,9,17,13,5:56
SaAbir,N/ADJ,Sbr,uSbr,20,ٱلصَّٰبِرِينَ,6,20,13,2:153
Zulom,N,Zlm,uZlm,20,ظُلْمًا,10,20,14,3:108
balawo,V,blw,blw,20,لِيَبْلُوَكُمْ,18,18,15,2:155
ha`ruwn,PN,,,20,هَٰرُونَ,4,20,13,2:248
kal~ama,V,klm,klm,20,تُكَلِّمَ,18,20,13,2:118
laday,LOC,,,20,لَدَيْهِمْ,7,19,11,3:44
qaS~a,V,qSS,quSuS,20,نَقُصُّ,14,18,11,4:164
saEaY`,V,sEy,suEy,20,يَسْعَىٰ,9,20,14,2:114
sabaqa,V,sbq,sbq,20,سَبَقَتْ,9,20,14,7:80
taEa`laY`,V,Elw,uElw,20,وَتَعَٰلَىٰ,10,20,13,6:100
$ajarap,N,$jr,shjr,19,ٱلشَّجَرَةِ,12,18,13,2:35
>aqorab,N/ADJ,qrb,qrb,19,أَقْرَبُ,7,18,11,2:180
>ayon,INTG/LOC/COND,,,19,أَيْنَ,4,19,16,2:115
Dur~,N,Drr,uDrr,19,ٱلضُّرُّ,8,16,10,6:17
Tayor,N,Tyr,uTyr,19,ٱلطَّيْرِ,9,17,14,2:260
fawoz,N,fwz,fwz,19,ٱلْفَوْزُ,2,19,15,4:13
makor,N,mkr,mkr,19,مَكْرًا,12,13,9,7:99
mar~ap,N,mrr,mrr,19,مَرَّةٍ,7,18,11,2:229
muSad~iq,N/ADJ,Sdq,uSdq,19,مُصَدِّقًا,8,18,9,2:41
m~uEoriDuwn,N,ErD,uEruD,19,مُّعْرِضُونَ,3,19,15,2:83
nafaxa,V,nfx,nfx,19,وَنُفِخَ,9,18,17,3:49
yaDur~a,V,Drr,uDrr,19,يَضُرُّهُمْ,14,19,13,2:102
yafoqahu,V,fqh,fqh,19,يَفْقَهُونَ,5,19,12,4:78
ziynap,N,zyn,zyn,19,بِزِينَةٍ,14,17,11,7:31
{sotaEojala,V,Ejl,uEjl,19,تَسْتَعْجِلُونَ,10,19,13,6:57
*akar,N,*kr,dhkr,18,ذَكَرٍ,10,18,11,3:36
*uk~ira,V,*kr,dhkr,18,ذُكِّرُوا۟,7,18,15,2:282
<ins,N,Ans,uAns,18,وَٱلْإِنسِ,5,17,9,6:112
>amosaka,V,msk,msk,18,فَأَمْسِكُوهُنَّ,14,16,13,2:231
>asar~a,V,srr,srr,18,وَأَسَرُّوا۟,9,18,16,2:77
>awofaY`,V,wfy,wfy,18,وَأَوْفُوا۟,9,16,14,2:40
>u*unN,N,A*n,uAdhn,18,ءَاذَانِهِمْ,10,16,13,2:19
>uEiydu,V,Ewd,uEwd,18,يُعِيدُهُۥ,12,17,13,10:4
>uxofiYa,V,xfy,xfy,18,تُخْفُوهُ,13,18,13,2:271
EaAda,V,Ewd,uEwd,18,عَادَ,11,15,11,2:275
Ea`lim,N,Elm,uElm,18,عَٰلِمُ,7,18,16,6:73
daA^b~ap,N,dbb,dbb,18,دَآبَّةٍ,6,18,14,2:164
darajap,N,drj,drj,18,دَرَجَٰتٍ,6,18,14,2:228
dubur,N,dbr,dbr,18,دُبُرٍ,12,18,13,3:111
l~adun,N/T,ldn,ldn,18,لَّدُنكَ,6,17,10,3:8
mawolaY`,N,wly,wly,18,مَوْلَىٰكُمْ,9,14,12,2:286
munkar,N,nkr,nkr,18,ٱلْمُنكَرِ,7,18,12,3:104
m~at~aEo,V,mtE,mtuE,18,مَتَّعْنَا,16,18,13,2:126
niEoma,V,nEm,nuEm,18,فَنِعْمَ,8,16,14,2:271
ra>os,N,rAs,ruAs,18,رُءُوسِهِمْ,12,17,15,2:196
rayob,N,ryb,ryb,18,رَيْبَ,3,18,14,2:2
tabay~ana,V,byn,byn,18,تَبَيَّنَ,7,17,10,2:109
t~aworaY`p,PN,,,18,ٱلتَّوْرَىٰةِ,5,16,7,3:3
waf~aY`^,V,wfy,wfy,18,تُوَفَّىٰ,14,18,11,2:272
<isoHaAq,PN,,,17,وَإِسْحَٰقَ,3,16,12,2:133
>aHaATa,V,HwT,uHwuT,17,أَحَاطَ,12,16,10,2:81
>adoraY`,V,dry,dry,17,أَدْرَىٰكَ,3,17,14,10:16
>ahowaA^',N,hwy,hwy,17,أَهْوَآءَهُمْ,5,17,11,2:120
>anoEama,V,nEm,nuEm,17,أَنْعَمَ,6,16,13,1:7
>ugoriqu,V,grq,grq,17,أَغْرَقْنَا,10,17,14,2:50
Hamiyd,ADJ/N,Hmd,uHmd,17,ٱلْحَمِيدُ,5,17,14,2:267
Hawol,N/LOC/T,Hwl,uHwl,17,حَوْلَهَا,11,17,13,2:17
HusonaY`,N/ADJ,Hsn,uHsn,17,ٱلْحُسْنَىٰ,5,17,15,4:95
baTon,N,bTn,buTn,17,بُطُونِ,10,17,14,2:174
banaAt,N,bny,bny,17,وَبَنَاتِ,13,12,9,4:23
faD~ala,V,fDl,fuDl,17,فَضَّلَ,9,15,9,2:47
faS~ala,V,fSl,fuSl,17,نُفَصِّلُ,7,17,9,6:55
fa`Hi$ap,N,fH$,fuHsh,17,بِفَٰحِشَةٍ,6,17,12,3:135
kariha,V,krh,krh,17,كَرِهَ,8,16,10,2:216
m~uhotaduwn,N,hdy,hdy,17,مُّهْتَدُونَ,6,17,10,2:16
naEiym,N,nEm,nuEm,17,ٱلنَّعِيمِ,5,17,15,5:65
qaA^}im,N,qwm,qwm,17,قِيَٰمًا,10,17,12,3:18
sulayoma`n,PN,,,17,سُلَيْمَٰنَ,5,16,7,2:102
ta>owiyl,N,Awl,uAwl,17,تَأْوِيلِ,10,15,7,3:7
taqowaY,N,wqy,wqy,17,ٱلتَّقْوَىٰ,8,17,13,2:197
turaAb,N,trb,trb,17,تُرَابًا,6,17,15,2:264
wad~a,V,wdd,wdd,17,يَوَدُّ,10,17,10,2:96
yatafak~aru,V,fkr,fkr,17,يَتَفَكَّرُونَ,5,17,12,2:219
{nqalaba,V,qlb,qlb,17,فَتَنقَلِبُوا۟,13,15,12,2:143
>aZolam,N,Zlm,uZlm,16,أَظْلَمُ,2,16,11,2:114
>aloba`b,N,lbb,lbb,16,ٱلْأَلْبَٰبِ,1,16,10,2:179
>an[bata,V,nbt,nbt,16,فَأَنۢبَتْنَا,10,15,13,2:61
>atam~a,V,tmm,tmm,16,يُتِمَّ,15,15,9,2:124
>ufika,V,Afk,uAfk,16,يُؤْفَكُونَ,6,15,14,5:75
Tay~ib,ADJ/N,Tyb,uTyb,16,طَيِّبًا,8,15,10,2:168
basaTa,V,bsT,bsuT,16,يَبْسُطُ,8,16,11,2:245
daAwud,PN,,,16,دَاوُۥدَ,5,16,9,2:251
fariHa,V,frH,fruH,16,فَرِحُوا۟,10,16,11,3:120
fataHa,V,ftH,ftuH,16,فَتَحْنَا,12,16,14,2:76
fu&aAd,N,fAd,fuAd,16,وَٱلْأَفْـِٔدَةَ,12,15,13,6:110
haAjara,V,hjr,hjr,16,هَاجَرُوا۟,7,14,9,2:218
man~a,V,mnn,mnn,16,مَنَّ,11,14,13,3:164
marojiE,N,rjE,rjuE,16,مَرْجِعُكُمْ,5,16,9,3:55
miyzaAn,N,wzn,wzn,16,مَوَٰزِينُهُۥ,5,16,9,6:152
qad~ara,V,qdr,qdr,16,قَدَّرَ,12,16,13,10:5
qara>a,V,qrA,qruA,16,ٱقْرَأْ,10,15,10,7:204
qurobaY`,N,qrb,qrb,16,ٱلْقُرْبَىٰ,3,15,13,2:83
saAra,V,syr,syr,16,يَسِيرُوا۟,5,16,14,3:137
saEiyr,N,sEr,suEr,16,ٱلسَّعِيرِ,3,16,13,4:10
sun~ap,N,snn,snn,16,سُنَّةَ,9,11,10,3:137
vamara`t,N,vmr,vmr,16,ٱلثَّمَرَٰتِ,5,16,9,2:22
waqaY`,V,wqy,wqy,16,وَقِنَا,13,14,10,2:201
xasira,V,xsr,xsr,16,خَسِرُوٓا۟,4,16,11,4:119
yaEoquwb,PN,,,16,وَيَعْقُوبَ,3,16,10,2:132
{ntahaY`,V,nhy,nhy,16,تَنتَهِ,9,16,11,2:192
{sotamaEa,V,smE,smuE,16,يَسْتَمِعُونَ,9,15,14,6:25
$ak~,N,$kk,shkk,15,شَكٍّ,2,15,11,4:157
$ariba,V,$rb,shrb,15,وَٱشْرَبُوا۟,8,13,10,2:60
>afosadu,V,fsd,fsd,15,تُفْسِدُوا۟,9,15,9,2:11
>agonaY`,V,gny,gny,15,أَغْنَىٰ,5,15,13,7:48
>atobaEa,V,tbE,tbuE,15,أَتْبَعَ,11,15,12,2:262
>ax~ara,V,Axr,uAxr,15,يُؤَخِّرُهُمْ,13,14,10,4:77
>uw*iYa,V,A*y,uAdhy,15,يُؤْذُونَ,11,13,9,3:195
Haliym,ADJ/N,Hlm,uHlm,15,حَلِيمٌ,5,15,12,2:225
Haraj,N/ADJ,Hrj,uHrj,15,حَرَجٌ,3,11,9,4:65
Sabor,N,Sbr,uSbr,15,صَبْرًا,4,15,8,2:45
Sadaqa,V,Sdq,uSdq,15,صَدَقُوا۟,9,15,13,2:177
SanaEu,V,SnE,uSnuE,15,يَصْنَعُونَ,9,14,10,5:14
Zahor,N,Zhr,uZhr,15,ظُهُورِهِمْ,11,15,11,2:101
bala`g,N,blg,blg,15,ٱلْبَلَٰغُ,4,15,13,3:20
bu$oraY`,N,b$r,bshr,15,وَبُشْرَىٰ,6,15,13,2:97
galabu,V,glb,glb,15,غَلَبَتْ,12,13,10,2:249
gar~a,V,grr,grr,15,وَغَرَّتْهُمُ,10,12,10,3:24
kul~amaA,T,kll,kll,15,كُلَّمَا,5,15,11,2:20
malik,N/ADJ,mlk,mlk,15,ٱلْمَلِكُ,7,15,10,2:246
mil~ap,N,mll,mll,15,مِلَّةَ,8,15,11,2:120
mun*ir,N,n*r,ndhr,15,وَمُنذِرِينَ,8,15,13,2:213
musorif,N/ADJ,srf,srf,15,ٱلْمُسْرِفِينَ,6,15,11,5:32
naSoraAniy~,PN,nSr,nuSr,15,نَصَٰرَىٰ,7,14,5,2:62
qisoT,N,qsT,qsuT,15,بِٱلْقِسْطِ,2,15,10,3:18
rijol,N,rjl,rjl,15,وَأَرْجُلَكُم,12,15,10,5:6
sakana,V,skn,skn,15,لِتَسْكُنُوا۟,11,15,11,2:35
tanziyl,N,nzl,nzl,15,تَنزِيلُ,5,15,14,17:106
waEaZo,V,wEZ,wuEuZ,15,يَعِظُكُم,13,15,11,2:231
yasiyr,ADJ/N,ysr,ysr,15,يَسِيرًا,3,15,12,4:30
yubodiYa,V,bdw,bdw,15,تُبْدُوا۟,9,14,10,2:33
{EotadaY`,V,Edw,uEdw,15,ٱعْتَدَىٰ,9,13,3,2:61
$aAkir,N,$kr,shkr,14,ٱلشَّٰكِرِينَ,6,14,10,2:158
<i*aA2,SUR,,,14,فَإِذَا,3,14,9,4:77
>aEotadato,V,Etd,uEtd,14,وَأَعْتَدْنَا,3,14,9,4:18
>alof,N,Alf,uAlf,14,أَلْفَ,10,13,9,2:96
>amiyn,ADJ,Amn,uAmn,14,أَمِينٌ,4,14,8,7:68
>avar,N,Avr,uAvr,14,ءَاثَٰرِهِم,8,14,10,5:46
>axolafu,V,xlf,xlf,14,يُخْلِفُ,10,14,10,2:80
>uxot,N,Axw,uAxw,14,أَخَوَٰتِهِنَّ,12,11,8,4:12
DaA^l~,N/ADJ,Dll,uDll,14,ٱلضَّآلِّينَ,5,14,12,1:7
Eadala,V,Edl,uEdl,14,يَعْدِلُونَ,7,13,7,4:3
Eadol,N,Edl,uEdl,14,بِٱلْعَدْلِ,5,12,7,2:48
Halalo,V,Hll,uHll,14,يَحِلُّ,10,13,9,2:228
Huduwd,N,Hdd,uHdd,14,حُدُودَ,4,9,5,2:187
Sarafa,V,Srf,uSrf,14,تُصْرَفُونَ,13,14,11,3:152
Sidoq,N,Sdq,uSdq,14,صِدْقٍ,7,13,10,5:119
Zil~,N,Zll,uZll,14,ظِلَٰلٍ,12,14,10,4:57
balad,N,bld,bld,14,ٱلْبِلَٰدِ,7,14,11,2:126
gaDab,N,gDb,guDb,14,بِغَضَبٍ,7,12,8,2:61
ka$afa,V,k$f,kshf,14,كَشَفْنَا,10,14,11,6:41
kaf~ara,V,kfr,kfr,14,يُكَفِّرْ,13,14,12,2:271
kalima`t,N,klm,klm,14,بِكَلِمَٰتِهِۦ,10,13,9,2:37
laEonap,N,lEn,luEn,14,لَعْنَةً,10,14,10,2:89
laqu,V,lqy,lqy,14,لَقُوا۟,11,14,10,2:14
layot,ACC,,,14,يَٰلَيْتَنِى,6,14,12,4:73
madiynap,N/PN,mdn,mdn,14,ٱلْمَدِينَةِ,2,14,10,7:123
maqaAm,N,qwm,qwm,14,مَقَامَ,12,14,13,2:125
m~uhiyn,ADJ/N,hwn,hwn,14,مُّهِينٌ,3,14,10,2:90
nakaHa,V,nkH,nkuH,14,تَنكِحُوا۟,12,11,5,2:221
qaAdir,N,qdr,qdr,14,بِقَٰدِرٍ,8,14,11,6:37
waAlid,N,wld,wld,14,وَبِٱلْوَٰلِدَيْنِ,9,12,7,2:83
xaA$iE,N,x$E,xshuE,14,خَٰشِعَةً,9,13,13,2:45
{botigaA^',N,bgy,bgy,14,ٱبْتِغَآءَ,4,13,9,2:207
$afa`Eap,N,$fE,shfuE,13,شَفَٰعَةٌ,6,12,10,2:48
>aToEama,V,TEm,uTuEm,13,وَأَطْعِمُوا۟,12,11,9,5:89
>abaY,V,Aby,uAby,13,أَبَىٰ,10,12,8,2:34
>asomaEa,V,smE,smuE,13,تُسْمِعُ,6,10,8,8:23
Ha`fiZ,N,HfZ,uHfuZ,13,حَٰفِظِينَ,8,13,10,9:112
Harov,N,Hrv,uHrv,13,حَرْثَ,9,10,6,2:71
Huson,N,Hsn,uHsn,13,حُسْنًا,7,13,9,2:83
SayoHap,N,SyH,uSyuH,13,ٱلصَّيْحَةُ,4,13,9,11:67
bagotap,N,bgt,bgt,13,بَغْتَةً,1,13,10,6:31
ga$iya,V,g$w,gshw,13,يَغْشَىٰ,10,11,11,3:154
gaAlib,N,glb,glb,13,ٱلْغَٰلِبُونَ,5,13,9,3:160
gula`m,N,glm,glm,13,بِغُلَٰمٍ,6,13,8,3:40
jamoE,N,jmE,jmuE,13,ٱلْجَمْعَانِ,7,13,11,3:155
mad~a,V,mdd,mdd,13,تَمُدَّنَّ,9,13,11,2:15
mak~a,V,mkn,mkn,13,مَكَّنَّا,9,11,8,6:6
mavowFY,N,vwy,vwy,13,مَثْوًى,6,13,9,3:151
mufoliHuwn,N,flH,fluH,13,ٱلْمُفْلِحُونَ,2,13,12,2:5
m~araD,N,mrD,mruD,13,مَّرَضٌ,3,12,9,2:10
n~ajom,N,njm,njm,13,ٱلنُّجُومِ,9,13,12,6:97
qitaAl,N,qtl,qtl,13,ٱلْقِتَالُ,8,10,6,2:216
riDowa`n,N,rDw,ruDw,13,وَرِضْوَٰنًا,6,13,7,3:15
saw~aY`,V,swy,swy,13,سَوَّيْتُهُۥ,10,13,11,2:29
tarab~aSo,V,rbS,rbuS,13,فَتَرَبَّصُوا۟,10,11,7,2:228
vala`vap,N/T,vlv,vlv,13,ثَلَٰثَةَ,8,13,10,2:196
vawaAb,N,vwb,vwb,13,ثَوَابًا,6,9,5,3:145
wariva,V,wrv,wrv,13,يَرِثُونَ,12,12,6,4:11
yaSifu,V,wSf,wuSf,13,يَصِفُونَ,4,13,7,6:100
yaSolaY,V,Sly,uSly,13,يَصْلَوْنَهَا,9,13,13,4:10
zaEama,V,zEm,zuEm,13,تَزْعُمُونَ,6,12,8,4:60
{vonayon,N,vny,vny,13,ٱثْنَيْنِ,4,11,8,5:12
<iHosa`n,N,Hsn,uHsn,12,إِحْسَٰنًا,6,11,8,2:83
<imaAm,N,Amm,uAmm,12,أَئِمَّةً,6,12,11,2:124
<injiyl,PN,,,12,وَٱلْإِنجِيلَ,5,12,6,3:3
<isomaAEiyl,PN,,,12,وَإِسْمَٰعِيلَ,3,12,8,2:125
>aEolan,V,Eln,uEln,12,يُعْلِنُونَ,5,12,10,2:77
>aSam~,N,Smm,uSmm,12,ٱلصُّمَّ,7,12,11,2:18
>adonaY`,N/ADJ/T,dnw,dnw,12,أَدْنَىٰ,5,12,10,2:61
>afowa`h,N,fwh,fwh,12,بِأَفْوَٰهِهِمْ,5,12,9,3:118
>aroHaAm,N,rHm,ruHm,12,ٱلْأَرْحَامِ,7,12,11,2:228
>aworava,V,wrv,wrv,12,أُورِثْتُمُوهَا,9,12,10,7:43
>axozayo,V,xzy,xzy,12,يُخْزِيهِ,9,12,9,3:192
Ea`mil,N,Eml,uEml,12,عَٰمِلُونَ,7,12,9,3:136
HaA^j~a,V,Hjj,uHjj,12,تُحَآجُّونَ,11,10,4,2:76
HabiTa,V,HbT,uHbuT,12,حَبِطَتْ,7,12,10,2:217
HafiyZ,N/ADJ,HfZ,uHfuZ,12,حَفِيظٌ,6,12,7,4:80
Halafo,V,Hlf,uHlf,12,يَحْلِفُونَ,7,11,4,4:62
Haniyf,N,Hnf,uHnf,12,حَنِيفًا,2,12,9,2:135
Sal~aY`,V,Slw,uSlw,12,يُصَلِّى,11,10,8,3:39
TagaY`,V,Tgy,uTgy,12,طَغَىٰ,6,12,8,11:112
Tiyn,N,Tyn,uTyn,12,طِينٍ,3,12,11,3:49
bada>a,V,bdA,bduA,12,يَبْدَؤُا۟,7,11,9,7:29
bariY^',N/ADJ,brA,bruA,12,بَرِىٓءٌ,4,11,9,4:112
faqiyr,N/ADJ,fqr,fqr,12,لِلْفُقَرَآءِ,7,12,10,2:271
fatoH,N,ftH,ftuH,12,فَتْحًا,7,12,9,4:141
jaHadu,V,jHd,juHd,12,يَجْحَدُونَ,4,12,10,6:33
kafuwr,ADJ/N,kfr,kfr,12,كَفُورًا,5,12,9,11:9
laHom,N,lHm,luHm,12,لَحْمًا,7,12,10,2:173
masokan,N,skn,skn,12,مَسَٰكِنُهُمْ,9,12,11,9:24
muEojiz,N,Ejz,uEjz,12,بِمُعْجِزِينَ,4,12,10,6:134
m~anaEa,V,mnE,mnuE,12,مَنَعَكَ,9,12,11,2:114
m~awoEid,N,wEd,wuEd,12,مَوْعِدًا,10,12,5,11:17
n~uTofap,N,nTf,nuTf,12,نُّطْفَةٍ,3,12,11,16:4
qaEada,V,qEd,quEd,12,تَقْعُدُوا۟,10,12,7,3:168
qaT~aEa,V,qTE,quTuE,12,قُطِّعَتْ,10,12,8,5:33
quTiEa,V,qTE,quTuE,12,وَيَقْطَعُونَ,11,12,12,2:27
salaka,V,slk,slk,12,سَلَكَكُمْ,12,12,11,15:12
saqaY`,V,sqy,sqy,12,تَسْقِى,12,11,9,2:71
siniyn,N/T,snw,snw,12,سِنِينَ,3,12,9,7:130
tadoriY,V,dry,dry,12,تَدْرِى,7,11,9,4:11
taw~aAb,N/ADJ,twb,twb,12,ٱلتَّوَّابُ,5,12,6,2:37
waqaEa,V,wqE,wquE,12,وَقَعَ,6,12,9,4:100
wizor,N,wzr,wzr,12,وِزْرَ,7,11,9,6:31
xa`liq,N/ADJ,xlq,xlq,12,خَٰلِقُ,6,12,12,6:102
xar~a,V,xrr,xrr,12,خَرَّ,9,12,10,7:143
yaHo*aru,V,H*r,uHdhr,12,يَحْذَرُ,10,11,8,2:235
yunZaru,V,nZr,nuZr,12,يُنظَرُونَ,4,12,11,2:162
yuwqinu,V,yqn,yqn,12,يُوقِنُونَ,2,12,9,2:4
zak~aY`,V,zkw,zkw,12,وَيُزَكِّيهِمْ,8,11,8,2:129
{SoTafaY`,V,Sfw,uSfw,12,ٱصْطَفَىٰٓ,11,11,8,2:130
{sota_#o*ana,V,A*n,uAdhn,12,يَسْتَـْٔذِنُكَ,10,9,3,9:44
$araAb,N,$rb,shrb,11,شَرَابٌ,7,11,9,2:259
$iyEap,N,$yE,shyuE,11,شِيَعًا,6,10,8,6:65
$uEayob,PN,,,11,شُعَيْبًا,3,10,4,7:85
<iHodaY,N,AHd,uAuHd,11,إِحْدَىٰهُمَا,4,10,8,2:282
<iboliys,PN,,,11,إِبْلِيسَ,3,11,9,2:34
>a*ohaba,V,*hb,dhhb,11,يُذْهِبْكُمْ,8,11,10,4:133
>aEojaba,V,Ejb,uEjb,11,أَعْجَبَتْكُمْ,8,10,7,2:204
>anaAba,V,nwb,nwb,11,أَنَابَ,7,11,8,11:88
>awolaY`,N/ADJ,wly,wly,11,أَوْلَىٰ,4,8,7,3:68
DiEof,N/ADJ,DEf,uDuEf,11,ضِعْفَيْنِ,8,9,7,2:245
EaAbid,N/ADJ,Ebd,uEbd,11,عَٰبِدُونَ,6,11,6,2:138
Ea`hada,V,Ehd,uEhd,11,عَٰهَدُوا۟,5,11,6,2:100
Eadon,PN,,,11,عَدْنٍ,1,11,11,9:72
Ealiy~,N/ADJ,Elw,uElw,11,ٱلْعَلِىُّ,5,11,9,2:255
EaraDa,V,ErD,uEruD,11,يُعْرَضُونَ,8,11,9,2:31
Earabiy~,ADJ/N,Erb,uErb,11,عَرَبِيًّا,4,11,10,12:2
Eid~ap,N,Edd,uEdd,11,عِدَّةَ,8,9,6,2:184
Einab,N,Enb,uEnb,11,أَعْنَٰبٍ,9,11,10,2:266
Eiz~ap,N,Ezz,uEzz,11,ٱلْعِزَّةَ,6,9,8,2:206
Hasob,N,Hsb,uHsb,11,حَسْبُنَا,7,11,8,2:206
TabaEa,V,TbE,uTbuE,11,طَبَعَ,7,11,9,4:155
badaA,V,bdw,bdw,11,وَبَدَا,6,10,9,3:118
bagoy,N,bgy,bgy,11,بَغْيًۢا,7,11,8,2:90
banaY`,V,bny,bny,11,بَنَىٰهَا,7,11,11,9:110
fa`kihap,N,fkh,fkh,11,فَٰكِهَةٌ,5,11,8,36:57
fasaAd,N,fsd,fsd,11,ٱلْفَسَادَ,6,11,8,2:205
haAdu,V,hwd,hwd,11,هَادُوا۟,3,11,8,2:62
hawaA^',N,hwy,hwy,11,هَوَىٰهُ,4,11,11,4:135
huzuw,N,hzA,hzuA,11,هُزُوًا,1,11,7,2:67
ka*aba,V,k*b,kdhb,11,كَذَبُوا۟,6,11,8,2:10
kaviyrap,ADJ,kvr,kvr,11,كَثِيرَةٌ,4,11,8,2:245
labaso,V,lbs,lbs,11,تَلْبَسُونَهَا,10,10,7,2:42
ma$oriq,N,$rq,shrq,11,ٱلْمَشْرِقِ,5,11,8,2:115
majonuwn,N,jnn,jnn,11,لَمَجْنُونٌ,6,11,9,15:6
masiyH,PN,,,11,ٱلْمَسِيحُ,3,9,4,3:45
muxoliS,N,xlS,xluS,11,مُخْلِصِينَ,3,11,8,2:139
m~aEoluwm,N/ADJ,Elm,uElm,11,مَّعْلُومٍ,3,11,7,15:4
naASir,N,nSr,nuSr,11,نَّٰصِرِينَ,5,11,8,3:22
nafoE,N,nfE,nfuE,11,نَفْعًا,5,11,11,2:219
najowaY`^,N,njw,njw,11,ٱلنَّجْوَىٰ,8,11,7,4:114
naxol,N,nxl,nxl,11,نَخْلٍ,8,11,9,6:99
qadar,N,qdr,qdr,11,بِقَدَرٍ,5,10,10,2:236
qawiY~,N/ADJ,qwy,qwy,11,قَوِىٌّ,4,11,10,8:52
ra'uwf,N/ADJ,rAf,ruAf,11,لَرَءُوفٌ,3,11,8,2:143
saxira,V,sxr,sxr,11,سَخِرُوا۟,8,7,7,2:212
sir~,N,srr,srr,11,سِرًّا,4,11,10,2:235
tamat~aEa,V,mtE,mtuE,11,تَمَتَّعُوا۟,8,11,11,2:196
vaman,N,vmn,vmn,11,ثَمَنًا,2,11,6,2:41
waS~aY`,V,wSy,wuSy,11,وَصَّىٰكُم,6,10,7,2:132
xizoY,N,xzy,xzy,11,خِزْىٌ,5,11,9,2:85
yanaAlu,V,nyl,nyl,11,يَنَالُوا۟,10,10,7,2:124
yaqorabu,V,qrb,qrb,11,تَقْرَبُوا۟,6,11,7,2:35
yas~ara,V,ysr,ysr,11,يَسَّرْنَا,6,11,7,19:97
$afiyE,N/ADJ,$fE,shfuE,10,شَفِيعٍ,6,10,7,6:51
$akuwr,ADJ/N,$kr,shkr,10,شَكُورٌ,4,10,7,14:5
'aAminiyn,N,Amn,uAmn,10,ءَامِنِينَ,3,10,8,12:99
>aDaAEu,V,DyE,uDyuE,10,يُضِيعُ,5,10,8,2:143
>aEoraAb,N,Erb,uErb,10,ٱلْأَعْرَابِ,2,10,4,9:90
>aHaq~,ADJ/N,Hqq,uHqq,10,أَحَقُّ,2,10,7,2:228
>aHoSaY`,V,HSy,uHuSy,10,أَحْصَيْنَٰهُ,8,10,10,14:34
>amad~a,V,mdd,mdd,10,أَمَدَّكُم,9,10,7,3:124
Dar~,N,Drr,uDrr,10,ضَرًّا,2,10,10,5:76
Ea$iY~,N/T,E$w,uEshw,10,بِٱلْعَشِىِّ,3,10,7,3:41
EaSaA2,N,ESw,uEuSw,10,بِّعَصَاكَ,4,10,6,2:60
Eijol,N,Ejl,uEjl,10,ٱلْعِجْلَ,3,10,6,2:51
Eu*o,V,Ew*,uEwdh,10,أَعُوذُ,4,10,9,2:67
HaAqa,V,Hyq,uHyq,10,وَحَاقَ,3,10,9,6:10
HijaArap,N,Hjr,uHjr,10,حِجَارَةً,5,9,8,2:24
SaAHib,N,SHb,uSuHb,10,لِصَٰحِبِهِۦ,9,10,9,4:36
Sad~aqa,V,Sdq,uSdq,10,وَصَدَّقَ,7,10,9,28:34
Sar~afo,V,Srf,uSrf,10,نُصَرِّفُ,4,10,7,6:46
S~uwr,N,Swr,uSwr,10,ٱلصُّورِ,1,10,10,6:73
Tal~aqa,V,Tlq,uTlq,10,طَلَّقْتُمُ,5,8,4,2:230
Tuwr,N,Twr,uTwr,10,ٱلطُّورِ,5,10,8,2:63
Zahara,V,Zhr,uZhr,10,ظَهَرَ,5,9,7,6:151
baxila,V,bxl,bxl,10,يَبْخَلُونَ,6,7,6,3:180
dam,N,dmw,dmw,10,وَٱلدَّمَ,8,10,7,2:30
faTara,V,fTr,fuTr,10,فَطَرَ,7,10,10,6:79
fasaqa,V,fsq,fsq,10,يَفْسُقُونَ,6,10,9,2:59
fi}ap,N,fAy,fuAy,10,فِئَةٍ,5,8,6,2:249
jaAhil,N,jhl,jhl,10,ٱلْجَٰهِلِينَ,4,10,8,2:67
jab~aAr,ADJ/N,jbr,jbr,10,جَبَّارًا,5,10,9,5:22
jin~ap,N,jnn,jnn,10,ٱلْجِنَّةِ,5,9,7,7:184
kaY,SUB/NEG,,,10,كَىْ,4,10,8,3:153
kayol,N,kyl,kyl,10,ٱلْكَيْلَ,4,9,5,6:152
lahow,N,lhw,lhw,10,لَهْوًا,6,9,8,6:32
libaAs,N,lbs,lbs,10,لِبَاسًا,6,8,7,2:187
madoyan,PN,,,10,مَدْيَنَ,2,10,7,7:85
magorib,N,grb,grb,10,وَٱلْمَغْرِبِ,7,10,7,2:115
mar~a,V,mrr,mrr,10,مَرَّ,6,9,9,2:259
miA}ap,N,mAy,muAy,10,مِا۟ئَةَ,6,7,5,2:259
musotaqar~,N,qrr,qrr,10,مُسْتَقَرًّا,8,10,7,2:36
m~ariyD,N,mrD,mruD,10,مَّرْضَىٰٓ,6,10,7,2:184
m~uHoDar,N,HDr,uHuDr,10,مُحْضَرُونَ,5,10,6,3:30
m~uSiybap,N,Swb,uSwb,10,مُّصِيبَةٌ,5,10,9,2:156
m~uqiym,N/ADJ,qwm,qwm,10,مُّقِيمٌ,5,10,9,4:162
m~uxotalif,N,xlf,xlf,10,مُخْتَلِفًا,7,9,7,6:141
naba*a,V,nb*,nbdh,10,فَنَبَذْنَٰهُمْ,9,10,9,2:100
nazaEa,V,nzE,nzuE,10,وَنَزَعْنَا,7,10,8,3:26
qatol,N,qtl,qtl,10,ٱلْقَتْلِ,6,10,7,2:191
rawa`siY,N,rsw,rsw,10,رَوَٰسِىَ,2,10,10,13:3
rijos,N,rjs,rjs,10,رِجْسٌ,4,9,7,5:90
saEoy,N,sEy,suEy,10,سَعْيًا,10,9,9,2:260
sariyE,N/ADJ,srE,sruE,10,سَرِيعُ,2,10,9,2:202
suwrap,N,swr,swr,10,سُورَةٌ,3,9,6,2:23
taqab~ala,V,qbl,qbl,10,تَقَبَّلْ,10,8,6,2:127
vab~ato,V,vbt,vbt,10,وَثَبِّتْ,9,10,9,2:250
wa`liday,N,wld,wld,10,بِوَٰلِدَيْهِ,5,8,7,14:41
xayora`t,N,xyr,xyr,10,ٱلْخَيْرَٰتِ,4,10,8,2:148
yaSilu,V,wSl,wuSl,10,يَصِلُونَ,5,8,6,2:27
yuwliju,V,wlj,wlj,10,وَيُولِجُ,4,5,5,3:27
zaroE,N,zrE,zruE,10,زَرْعًا,7,10,10,6:141
{jotabaY`,V,jby,jby,10,فَٱجْتَبَٰهُ,10,10,10,3:179
{sotaqa`mu,V,qwm,qwm,10,ٱسْتَقَٰمُوا۟,7,9,8,9:7
'aAwaY`^,V,Awy,uAwy,9,ءَاوَوا۟,7,9,6,8:26
<ifok,N,Afk,uAfk,9,إِفْكٌ,6,9,6,24:11
>a*FY,N,A*y,uAdhy,9,أَذًى,3,9,4,2:196
>aDal~,N,Dll,uDll,9,أَضَلُّ,2,9,7,5:60
>aEolaY`,N/ADJ,Elw,uElw,9,ٱلْأَعْلَىٰ,3,9,9,16:60
>amolaY`,V,mlw,mlw,9,فَأَمْلَيْتُ,6,8,7,3:178
>aqobala,V,qbl,qbl,9,فَأَقْبَلَ,7,9,6,12:71
>arobaEap,N,rbE,rbuE,9,أَرْبَعَةً,5,9,5,2:226
>asa`Tiyr,N,sTr,suTr,9,أَسَٰطِيرُ,1,9,9,6:25
>ay~ada,V,Ayd,uAyd,9,وَأَيَّدْنَٰهُ,8,9,7,2:87
A^tiy,N,Aty,uAty,9,ءَاتِيَةٌ,6,9,8,6:134
Dala`lap,N,Dll,uDll,9,ٱلضَّلَٰلَةَ,5,9,7,2:16
Dar~aA^',N,Drr,uDrr,9,وَٱلضَّرَّآءِ,4,9,7,2:177
EaAm,N,Ewm,uEwm,9,عَامًا,5,7,5,2:259
EibaAdat,N,Ebd,uEbd,9,عِبَادَتِهِۦ,6,9,8,4:172
Eiwaj,N,Ewj,uEwj,9,عِوَجًا,4,9,7,3:99
Eunuq,N,Enq,uEnq,9,أَعْنَٰقِهِمْ,8,9,8,8:12
Haj~,N,Hjj,uHjj,9,ٱلْحَجِّ,5,5,3,2:189
Hub~,N,Hbb,uHbb,9,حُبًّا,6,8,7,2:165
Sa`liH2,PN,SlH,uSluH,9,صَٰلِحًا,4,9,4,7:73
SiyaAm,N,Swm,uSwm,9,فَصِيَامُ,6,7,4,2:183
Tah~ara,V,Thr,uThr,9,تُطَهِّرُهُمْ,9,9,8,2:125
Tay~ibap,ADJ,Tyb,uTyb,9,طَيِّبَةً,3,8,8,3:38
Tugoya`n,N,Tgy,uTgy,9,طُغْيَٰنِهِمْ,2,9,8,2:15
Zal~a,V,Zll,uZll,9,ظَلَّ,8,9,8,15:14
ba$iyr,N/ADJ,b$r,bshr,9,بَشِيرًا,5,8,8,2:119
faAEil,N,fEl,fuEl,9,فَٰعِلِينَ,4,9,5,12:10
faSol,N/ADJ,fSl,fuSl,9,ٱلْفَصْلِ,3,9,7,37:21
faraDa,V,frD,fruD,9,فَرَضَ,5,8,5,2:197
far~aqu,V,frq,frq,9,نُفَرِّقُ,5,9,6,2:102
galiyZ,ADJ/N,glZ,gluZ,9,غَلِيظًا,5,9,8,3:159
gil~,N,gll,gll,9,غِلٍّ,7,9,8,7:43
guruwr,N,grr,grr,9,غُرُورًا,4,9,9,3:185
hunaAlik,T/LOC,,,9,هُنَالِكَ,1,9,8,3:38
jaAnib,N/LOC,jnb,jnb,9,بِجَانِبِ,5,9,6,17:68
juluwd,N,jld,jld,9,جُلُودًا,9,7,5,4:56
lagow,N,lgw,lgw,9,بِٱللَّغْوِ,5,9,9,2:225
lawon,N,lwn,lwn,9,أَلْوَٰنُهُۥ,6,7,5,2:69
ma_#aAb,N,Awb,uAwb,9,مَـَٔابٍ,4,9,4,3:14
mataY`,INTG,,,9,مَتَىٰ,1,9,9,2:214
muHiyT,N,HwT,uHwuT,9,مُحِيطٌ,6,9,7,2:19
muba$~ir,N,b$r,bshr,9,مُبَشِّرِينَ,5,9,9,2:213
muxolaS,ADJ/N,xlS,xluS,9,ٱلْمُخْلَصِينَ,2,9,5,12:24
m~aboEuwvuwn,N,bEv,buEv,9,لَمَبْعُوثُونَ,3,9,7,6:29
m~awoEiZap,N,wEZ,wuEuZ,9,وَمَوْعِظَةً,6,9,8,2:66
nabaAt,N,nbt,nbt,9,نَبَاتًا,6,9,9,3:37
qa*afa,V,q*f,qdhf,9,وَقَذَفَ,8,8,6,20:39
qaraAr,N,qrr,qrr,9,قَرَارٍ,4,9,6,14:26
rakiba,V,rkb,rkb,9,تَرْكَبُونَ,9,9,8,11:41
ramaY`,V,rmy,rmy,9,يَرْمُونَ,6,7,5,4:112
raqabap,N,rqb,rqb,9,رَقَبَةٍ,2,7,7,2:177
rijoz,N,rjz,rjz,9,رِجْزًا,5,8,6,2:59
saHaAb,N,sHb,suHb,9,سَحَابًا,5,9,8,2:164
sabab,N,sbb,sbb,9,سَبَبًا,6,9,5,2:166
sawo',N,swA,swuA,9,ٱلسَّوْءِ,2,8,6,9:98
ta*okirap,N,*kr,dhkr,9,تَذْكِرَةٌ,4,9,7,20:3
tabaAraka,V,brk,brk,9,تَبَارَكَ,4,9,7,7:54
tabiEa,V,tbE,tbuE,9,تَبِعَكَ,6,9,7,2:38
tija`rap,N,tjr,tjr,9,تِجَٰرَةً,6,8,7,2:16
wa`siE,N,wsE,wsuE,9,وَٰسِعٌ,3,9,6,2:115
walada,V,wld,wld,9,وَلَدَ,8,8,7,11:72
xaADu,V,xwD,xwuD,9,يَخُوضُوا۟,5,7,6,4:140
xabiyv,N,xbv,xbv,9,ٱلْخَبِيثَ,5,6,6,2:267
xaliyfap,N,xlf,xlf,9,خَلَٰٓئِفَ,3,9,7,2:30
yahuwdiy~,PN,,,9,ٱلْيَهُودُ,3,8,4,2:113
yaloEabo,V,lEb,luEb,9,يَلْعَبُونَ,4,9,9,6:91
yanTiqu,V,nTq,nuTq,9,يَنطِقُونَ,3,9,8,21:63
yaqobalu,V,qbl,qbl,9,تُقْبَلَ,5,9,5,2:48
yasotaHoYi.^,V,Hyy,uHyy,9,وَيَسْتَحْيُونَ,7,8,6,2:26
yatasaA^'alu,V,sAl,suAl,9,يَتَسَآءَلُونَ,3,9,8,4:1
yu&aAxi*u,V,Ax*,uAxdh,9,يُؤَاخِذُ,6,7,5,2:225
yuDa`Eifu,V,DEf,uDuEf,9,فَيُضَٰعِفَهُۥ,6,9,7,2:245
yusa`riEu,V,srE,sruE,9,يُسَٰرِعُونَ,4,9,4,3:114
{Toma>an~a,V,Tmn,uTmn,9,وَلِتَطْمَئِنَّ,8,8,8,2:260
{jotanabu,V,jnb,jnb,9,وَٱجْتَنِبُوا۟,7,8,8,4:31
{nTalaqa,V,Tlq,uTlq,9,فَٱنطَلَقَا,6,9,6,18:71
{rotaAba,V,ryb,ryb,9,ٱرْتَبْتُمْ,8,9,9,2:282
$~imaAl,N,$ml,shml,8,ٱلشِّمَالِ,3,7,6,18:17
*ahab,N,*hb,dhhb,8,ذَهَبٍ,4,8,6,3:14
<isola`m,PN/N,slm,slm,8,لِلْإِسْلَٰمِ,6,8,7,3:19
>a$ud~,N,$dd,shdd,8,أَشُدَّهُۥ,4,8,8,6:152
>aEoTaY`,V,ETw,uEuTw,8,أَعْطَىٰ,7,7,6,9:29
>aZohara,V,Zhr,uZhr,8,لِيُظْهِرَهُۥ,6,8,8,9:33
>aboyaD,N/ADJ,byD,byuD,8,بَيْضَآءَ,4,8,8,2:187
>agowayo,V,gwy,gwy,8,أَغْوَيْتَنِى,7,6,6,7:16
>asoqayo,V,sqy,sqy,8,نُّسْقِيكُم,7,8,8,15:22
>ujiybat,V,jwb,jwb,8,أَجَبْتُمُ,8,8,7,2:186
DaEiyf,N/ADJ,DEf,uDuEf,8,ضَعِيفًا,4,8,6,2:266
Eajibu,V,Ejb,uEjb,8,أَوَعَجِبْتُمْ,7,8,7,7:63
Eaqib,N,Eqb,uEqb,8,أَعْقَٰبِكُمْ,4,7,6,2:143
Eudowa`n,N,Edw,uEdw,8,وَٱلْعُدْوَٰنِ,3,8,5,2:85
SaAEiqap,N,SEq,uSuEq,8,ٱلصَّٰعِقَةُ,6,7,5,2:19
Sadaqa`t,N,Sdq,uSdq,8,ٱلصَّدَقَٰتِ,4,8,3,2:264
Sawot,N,Swt,uSwt,8,أَصْوَٰتَكُمْ,8,5,4,17:64
SuHuf,N,SHf,uSuHf,8,صُحُفًا,5,8,7,20:133
TaAfa,V,Twf,uTwf,8,وَيَطُوفُ,6,8,7,37:45
T~a`guwt,N,Tgy,uTgy,8,ٱلطَّٰغُوتَ,5,8,5,2:256
Za`hir,N,Zhr,uZhr,8,ظَٰهِرًا,6,8,7,6:120
_#a`n,T,,,8,ٱلْـَٰٔنَ,4,8,6,2:71
ba`raka,V,brk,brk,8,بَٰرَكْنَا,4,8,7,7:137
bir~,N,brr,brr,8,ٱلْبِرَّ,4,6,4,2:44
buroha`n,N,brhn,brhn,8,بُرْهَٰنَكُمْ,4,8,7,2:111
dam~ara,V,dmr,dmr,8,دَمَّرْنَا,7,8,8,7:137
faroj,N,frj,frj,8,فَرْجَهَا,5,8,7,21:91
ham~a,V,hmm,hmm,8,وَهَمُّوا۟,7,7,6,3:122
hawaY`,V,hwy,hwy,8,تَهْوَىٰٓ,6,8,6,2:87
jadiyd,ADJ,jdd,jdd,8,جَدِيدٍ,3,8,7,13:5
janb,N,jnb,jnb,8,بِٱلْجَنۢبِ,8,8,7,3:191
kabura,V,kbr,kbr,8,كَبُرَ,4,8,8,4:6
kaf~a,V,kff,kff,8,فَكَفَّ,8,8,4,4:77
kiydu,V,kyd,kyd,8,فَكِيدُونِ,8,8,6,7:195
laEib,N,lEb,luEb,8,لَعِبٌ,4,8,6,5:57
layolap,N/T,lyl,lyl,8,لَيْلَةً,5,7,4,2:51
mana`fiE,N,nfE,nfuE,8,مَنَٰفِعُ,3,8,7,2:219
mivoqaAl,N,vql,vql,8,مِثْقَالَ,3,8,6,4:40
miyqa`t,N,wqt,wqt,8,لِمِيقَٰتِ,8,8,6,2:189
mu$ofiquwn,N,$fq,shfq,8,مُشْفِقُونَ,3,8,6,18:49
muHoSana`t,N,HSn,uHuSn,8,ٱلْمُحْصَنَٰتِ,3,5,3,4:24
mubaArak,N/ADJ,brk,brk,8,مُبَارَكًا,6,8,7,3:96
mudobir,N,dbr,dbr,8,مُدْبِرِينَ,3,8,7,9:25
muqar~abuwn,N/ADJ,qrb,qrb,8,ٱلْمُقَرَّبُونَ,2,8,6,3:45
mut~aki_#iyn,N,wkA,wkuA,8,مُتَّكِـِٔينَ,3,8,7,18:31
m~awad~ap,N,wdd,wdd,8,مَّوَدَّةً,5,7,6,4:73
nafara,V,nfr,nfr,8,ٱنفِرُوا۟,5,6,2,4:71
nuzul,N,nzl,nzl,8,نُزُلًا,5,8,6,3:198
qaAnit,N,qnt,qnt,8,قَٰنِتُونَ,6,8,7,2:116
qadam,N,qdm,qdm,8,أَقْدَامَنَا,7,8,8,2:250
qariyn,N,qrn,qrn,8,قَرِينًا,5,7,5,4:38
raAkiE,N,rkE,rkuE,8,وَٱلرُّكَّعِ,6,8,7,2:43
ra`wadu,V,rwd,rwd,8,رَٰوَدتُّهُۥ,7,7,2,12:23
sam~aY`,V,smw,smw,8,سَمَّيْتُمُوهَآ,6,8,7,3:36
taEaAla,V,Elw,uElw,8,تَعَالَوْا۟,2,8,6,3:61
tafar~aqa,V,frq,frq,8,تَفَرَّقُوا۟,7,8,6,3:103
tazak~aY`,V,zkw,zkw,8,تَزَكَّىٰ,4,7,6,20:76
vala`v,N/T,vlv,vlv,8,ثَلَٰثَ,6,7,7,7:142
viyaAb,N,vwb,vwb,8,ثِيَابَهُمْ,7,8,7,11:5
waSiy~ap,N,wSy,wuSy,8,وَصِيَّةٍ,4,5,3,2:180
xa$oyap,N,x$y,xshy,8,خَشْيَةِ,5,7,6,2:74
xaTiy^_#ap,N,xTA,xuTuA,8,خَطَٰيَٰكُمْ,7,7,5,2:58
xaf~afa,V,xff,xff,8,يُخَفَّفُ,4,8,7,2:86
xasafa,V,xsf,xsf,8,يَخْسِفَ,6,8,7,16:45
xazaA^}in,N,xzn,xzn,8,خَزَآئِنُ,4,8,8,6:50
xila`l,N,xll,xll,8,خِلَٰلِهِۦ,7,8,7,9:47
yaTomaEu,V,TmE,uTmuE,8,أَطْمَعُ,8,8,7,2:75
yahobiTu,V,hbT,hbuT,8,ٱهْبِطُوا۟,5,8,4,2:36
yam~,N,ymm,ymm,8,ٱلْيَمِّ,2,7,4,7:136
yantaZiru,V,nZr,nuZr,8,فَٱنتَظِرُوٓا۟,6,7,6,6:158
yaqiyn,N/ADJ,yqn,yqn,8,ٱلْيَقِينِ,4,8,7,4:157
ya}isa,V,yAs,yuAs,8,يَئِسَ,6,6,6,5:3
zaAlat,V,zyl,zyl,8,يَزَالُ,5,8,8,2:217
{$otahato,V,$hw,shhw,8,يَشْتَهُونَ,4,8,8,16:57
{botalaY`^,V,blw,blw,8,ٱبْتَلَىٰهُ,7,8,6,2:124
{rotad~a,V,rdd,rdd,8,يَرْتَدَّ,7,8,7,2:217
{sotaDoEafu,V,DEf,uDuEf,8,ٱسْتُضْعِفُوا۟,5,8,3,7:75
{xotaSamu,V,xSm,xuSm,8,يَخْتَصِمُونَ,5,8,8,3:44
{zodaAdu,V,zyd,zyd,8,لِيَزْدَادُوٓا۟,6,8,7,3:90
$aA^q~u,V,$qq,shqq,7,شَآقُّوا۟,5,5,5,4:115
$ajar,N,$jr,shjr,7,وَٱلشَّجَرُ,5,7,6,16:10
$iqaAq,N,$qq,shqq,7,شِقَاقٍۭ,5,7,6,2:137
*il~ap,N,*ll,dhll,7,ذِلَّةٌ,3,7,6,2:61
<iSola`H,N,SlH,uSluH,7,إِصْلَٰحًا,5,7,4,2:220
<ixowapN,N,Axw,uAxw,7,إِخْوَةٌ,6,7,3,4:11
>a$ohada,V,$hd,shhd,7,أَشْهَدتُّهُمْ,7,7,6,2:204
>aSiyl,T/N,ASl,uAuSl,7,وَأَصِيلًا,2,7,7,7:205
>abawaAn,N,Abw,uAbw,7,أَبَوَاهُ,5,6,4,4:11
>aboqaY`^,N,bqy,bqy,7,وَأَبْقَىٰٓ,2,7,4,20:71
>afaADa,V,fyD,fyuD,7,أَفِيضُوا۟,5,6,5,2:198
>ahodaY`,N,hdy,hdy,7,أَهْدَىٰ,3,7,7,4:51
>ansaY`,V,nsy,nsy,7,فَأَنسَىٰهُمْ,6,7,7,2:106
>arobaE,N/T,rbE,rbuE,7,أَرْبَعِينَ,4,7,5,2:51
>aviym,ADJ,Avm,uAvm,7,أَثِيمٍ,3,7,7,2:276
>ukul,N,Akl,uAkl,7,أُكُلَهَا,5,7,6,2:265
>umoTirato,V,mTr,muTr,7,وَأَمْطَرْنَا,3,7,7,7:84
DaAqa,V,Dyq,uDyq,7,وَضَاقَ,5,6,5,9:25
DaHikato,V,DHk,uDuHk,7,يَضْحَكُونَ,5,7,6,9:82
Ea$or,N/ADJ/T,E$r,uEshr,7,عَشْرًا,6,7,7,2:234
EaAkif,N,Ekf,uEkf,7,عَٰكِفُونَ,5,7,5,2:125
Ead~a,V,Edd,uEdd,7,تَعُدُّوا۟,5,7,6,14:34
EamiYa,V,Emy,uEmy,7,تَعْمَى,6,5,5,5:71
Eumur,N,Emr,uEmr,7,ٱلْعُمُرُ,5,7,7,10:16
HaDara,V,HDr,uHuDr,7,حَضَرَ,3,7,5,2:133
HaY~a,V,Hyy,uHyy,7,وَنَحْيَا,5,6,6,7:25
HaZ~,N,HZZ,uHuZuZ,7,حَظًّا,3,7,5,3:176
Habol,N,Hbl,uHbl,7,بِحَبْلٍ,7,6,5,3:103
Hab~,N,Hbb,uHbb,7,حَبًّا,4,7,6,6:95
HafiZa,V,HfZ,uHfuZ,7,حَفِظَ,7,7,6,4:34
Hamol,N,Hml,uHml,7,حَمْلٍ,5,5,4,7:189
Hasorap,N,Hsr,uHsr,7,حَسَرَٰتٍ,5,7,7,2:167
HijaAb,N,Hjb,uHjb,7,حِجَابًا,4,7,7,7:46
Huj~ap,N,Hjj,uHjj,7,حُجَّةٌ,7,7,5,2:150
Saf~,N,Sff,uSff,7,صَفًّا,1,6,6,18:48
T~alaEa,V,TlE,uTluE,7,تَطَّلِعُ,6,7,7,5:13
baSiyrap,N,bSr,buSr,7,بَصَآئِرَ,5,7,7,6:104
bayoE,N,byE,byuE,7,بَيْعٌ,4,6,5,2:254
buEod,N,bEd,buEd,7,بُعْدًا,3,7,3,11:44
bukorap,T/N,bkr,bkr,7,بُكْرَةً,1,7,6,19:11
bunoya`n,N,bny,bny,7,بُنْيَٰنًا,5,6,5,9:109
daAmu,V,dwm,dwm,7,دَامَتِ,5,7,4,3:75
dal~a,V,dll,dll,7,أَدُلُّكُمْ,5,7,5,7:22
faHo$aA^',N,fH$,fuHsh,7,بِٱلْفَحْشَآءِ,4,7,6,2:169
furoqaAn,N,frq,frq,7,ٱلْفُرْقَانَ,5,7,5,2:53
ga`biriyn,N,gbr,gbr,7,ٱلْغَٰبِرِينَ,1,7,6,7:83
haAd,N,hdy,hdy,7,هَادٍ,3,7,5,13:7
hadoy,N,hdy,hdy,7,وَٱلْهَدْىَ,5,5,3,2:196
huwd,PN,hwd,hwd,7,هُودًا,4,7,3,7:65
jaA^n~,N,jnn,jnn,7,جَآنٌّ,3,7,4,15:27
jahor,N,jhr,jhr,7,ٱلْجَهْرَ,5,7,7,4:148
jamiyl,ADJ,jml,jml,7,جَمِيلًا,3,7,5,12:18
janaAH,N,jnH,jnuH,7,جَنَاحَكَ,5,7,7,6:38
ka>ay~in,N,,,7,وَكَأَيِّن,2,7,6,3:146
ka`rihuwn,N,krh,krh,7,كَٰرِهُونَ,3,7,6,7:88
kabiyrap,N,kbr,kbr,7,كَبَٰٓئِرَ,5,7,6,2:45
kuboraY`,ADJ/N,kbr,kbr,7,ٱلْكُبْرَىٰ,4,7,6,20:23
laTiyf,ADJ/N,lTf,luTf,7,لَطِيفٌ,4,7,7,6:103
mafoEuwl,N,fEl,fuEl,7,مَفْعُولًا,3,7,5,4:47
miha`d,N,mhd,mhd,7,ٱلْمِهَادُ,3,7,6,2:206
muhaAjir,N/ADJ,hjr,hjr,7,وَٱلْمُهَٰجِرِينَ,4,7,6,4:100
muriyb,N,ryb,ryb,7,مُرِيبٍ,3,7,6,11:62
mutakab~ir,N/ADJ,kbr,kbr,7,ٱلْمُتَكَبِّرِينَ,4,7,4,16:29
m~aTar,N,mTr,muTr,7,مَّطَرًا,4,5,5,4:102
m~uniyb,N/ADJ,nwb,nwb,7,مُّنِيبٍ,5,7,5,11:75
naAqap,N,nwq,nwq,7,نَاقَةُ,5,7,6,7:73
niSof,N/T,nSf,nuSf,7,نِصْفُ,5,7,3,2:237
n~axiyl,N,nxl,nxl,7,نَّخِيلٍ,4,7,6,2:266
qaAEid,N,qEd,quEd,7,ٱلْقَٰعِدِينَ,4,5,4,4:95
qador,N,qdr,qdr,7,ٱلْقَدْرِ,4,7,5,6:91
qibolap,N,qbl,qbl,7,قِبْلَةً,6,5,2,2:142
r~ibaw`A,N,rbw,rbw,7,ٱلرِّبَوٰا۟,2,5,3,2:275
r~u'oyaA,N,rAy,ruAy,7,رُءْيَٰىَ,5,6,4,12:5
saA^}il,N,sAl,suAl,7,لِّلسَّآئِلِ,5,7,6,2:177
saAbiq,N,sbq,sbq,7,وَٱلسَّٰبِقُونَ,6,6,6,9:100
safar,N,sfr,sfr,7,سَفَرٍ,3,7,5,2:184
safiyh,N,sfh,sfh,7,ٱلسُّفَهَآءُ,4,6,4,2:13
sanap,N,snw,snw,7,سَنَةٍ,2,7,7,2:96
sit~ap,N,stt,stt,7,سِتَّةِ,1,7,7,7:54
siyqa,V,swq,swq,7,وَسِيقَ,6,7,6,7:57
tabodiyl,N,bdl,bdl,7,تَبْدِيلًا,2,7,6,10:64
tana`zaEu,V,nzE,nzuE,7,يَتَنَٰزَعُونَ,6,7,6,3:152
tanaz~alato,V,nzl,nzl,7,تَنَزَّلُ,5,7,5,19:64
tawobap,N,twb,twb,7,تَوْبَةً,4,7,5,3:90
waAd,N,wdy,wdy,7,بِٱلْوَادِ,5,7,7,14:37
waAriv,N,wrv,wrv,7,ٱلْوَٰرِثِينَ,4,7,6,2:233
waliyd,N,wld,wld,7,وَٱلْوِلْدَٰنِ,5,7,5,4:75
yaEomahu,V,Emh,uEmh,7,يَعْمَهُونَ,1,7,7,2:15
yasotabo$iru,V,b$r,bshr,7,يَسْتَبْشِرُونَ,3,7,5,3:170
yaziru,V,wzr,wzr,7,تَزِرُ,2,7,6,6:31
yukal~ifu,V,klf,klf,7,نُكَلِّفُ,3,7,6,2:233
yunqaSu,V,nqS,nquS,7,نَنقُصُهَا,6,7,7,9:4
yusor,N,ysr,ysr,7,يُسْرًا,2,7,5,2:185
zakariy~aA,PN,,,7,زَكَرِيَّا,5,6,4,3:37
zubur,N,zbr,zbr,7,وَٱلزُّبُرِ,5,7,6,3:184
{DoTur~a,V,Drr,uDrr,7,ٱضْطُرَّ,4,7,5,2:126
{Eotazala,V,Ezl,uEzl,7,فَٱعْتَزِلُوا۟,7,7,5,2:222
{fotadaY`,V,fdy,fdy,7,لَٱفْتَدَوْا۟,6,7,7,2:229
{lotaqaY,V,lqy,lqy,7,ٱلْتَقَى,5,7,4,3:13
{ntaSara,V,nSr,nuSr,7,يَنتَصِرُونَ,6,7,5,26:93
{vonatayon,N,vny,vny,7,ٱثْنَتَيْنِ,3,5,4,2:60
{xotila`f,N,xlf,xlf,7,وَٱخْتِلَٰفِ,5,7,7,2:164
$adado,V,$dd,shdd,6,سَنَشُدُّ,6,6,6,10:88
'aAmin,N/ADJ,Amn,uAmn,6,ءَامِنًا,1,6,6,2:126
*ara>a,V,*rA,dhruA,6,ذَرَأَ,4,6,6,6:136
*ar~ap,N,*rr,dhrr,6,ذَرَّةٍ,1,6,4,4:40
<ixoraAj,N,xrj,xrj,6,إِخْرَاجًا,6,6,4,2:85
>abokam,N,bkm,bkm,6,بُكْمٌ,5,6,5,2:18
>adoraka,V,drk,drk,6,أَدْرَكَهُ,6,5,4,4:78
>andaAd,N,ndd,ndd,6,أَندَادًا,1,6,5,2:22
>aqoraDu,V,qrD,qruD,6,يُقْرِضُ,5,6,5,2:245
>asofal,N/LOC/ADJ,sfl,sfl,6,أَسْفَلَ,3,6,6,4:145
>asoraY`,V,sry,sry,6,فَأَسْرِ,3,6,6,11:81
>asorafa,V,srf,srf,6,تُسْرِفُوٓا۟,5,6,6,6:141
>aw~aAb,N/ADJ,Awb,uAwb,6,أَوَّابٌ,3,6,3,17:25
>axo*,N,Ax*,uAxdh,6,أَخْذًا,6,5,5,4:161
>ay~aAn,INTG/T,,,6,أَيَّانَ,1,6,6,7:187
>umoniy~at,N,mny,mny,6,أَمَانِىَّ,6,5,4,2:78
>um~iY~,N/ADJ,Amm,uAmm,6,ٱلْأُمِّيِّۦنَ,5,6,4,2:78
>unvayayon,N,Anv,uAnv,6,ٱلْأُنثَيَيْنِ,1,4,2,4:11
DuHFY,N/T,DHw,uDuHw,6,ضُحًى,4,6,5,7:98
EaAd,N,Edw,uEdw,6,عَادٍ,3,6,6,2:173
EaAqaba,V,Eqb,uEqb,6,عَاقَبَ,6,3,3,16:126
Eada`wap,N,Edw,uEdw,6,ٱلْعَدَٰوَةَ,5,6,3,5:14
Eadad,N/ADJ,Edd,uEdd,6,عَدَدَ,3,6,5,10:5
Eahida,V,Ehd,uEhd,6,عَهِدَ,4,6,6,2:125
EaraD,N,ErD,uEruD,6,عَرَضَ,3,5,5,4:94
Eiborap,N,Ebr,uEbr,6,لَعِبْرَةً,2,6,6,3:13
EuqobaY,N,Eqb,uEqb,6,عُقْبَى,3,5,2,13:22
Hadiyd,N,Hdd,uHdd,6,ٱلْحَدِيدَ,5,6,6,17:50
Hala`l,N,Hll,uHll,6,حَلَٰلًا,3,6,5,2:168
Hulum,N,Hlm,uHlm,6,ٱلْحُلُمَ,5,5,4,12:44
Ta`giyn,N/ADJ,Tgy,uTgy,6,طَاغُونَ,4,6,6,37:30
Tarof,N,Trf,uTrf,6,ٱلطَّرْفِ,4,6,6,14:43
Za`haru,V,Zhr,uZhr,6,يُظَٰهِرُونَ,5,6,4,9:4
Zahiyr,N/ADJ,Zhr,uZhr,6,ظَهِيرًا,3,6,5,17:88
Zul~ap,N,Zll,uZll,6,ظُلَلٌ,5,5,5,2:210
baA^'a,V,bwA,bwuA,6,بَآءَ,4,6,4,2:61
baAyaEo,V,byE,byuE,6,يُبَايِعُونَكَ,5,4,3,9:111
baEol,N,bEl,buEl,6,بُعُولَتِهِنَّ,5,4,4,2:228
ba`lig,N,blg,blg,6,بَٰلِغَ,6,6,6,5:95
balaA^',N,blw,blw,6,بَلَآءٌ,4,6,6,2:49
bal~ago,V,blg,blg,6,أُبَلِّغُكُمْ,5,5,4,5:67
baw~a>a,V,bwA,bwuA,6,بَوَّأْنَا,5,6,6,3:121
buhota`n,N,bht,bht,6,بُهْتَٰنًا,3,6,4,4:20
daEowap,N,dEw,duEw,6,دَعْوَةً,6,6,6,2:186
faATir,N,fTr,fuTr,6,فَاطِرِ,3,6,6,6:14
fajor,N,fjr,fjr,6,ٱلْفَجْرِ,2,5,5,2:187
fariH,N,frH,fruH,6,فَرِحُونَ,4,6,6,3:170
fariyDap,N,frD,fruD,6,فَرِيضَةً,2,5,3,2:236
far~ato,V,frr,frr,6,تَفِرُّونَ,6,6,6,26:21
fiD~ap,N,fDD,fuDuD,6,فِضَّةٍ,3,6,4,3:14
fuj~irato,V,fjr,fjr,6,وَفَجَّرْنَا,4,6,6,17:91
gaDiba,V,gDb,guDb,6,وَغَضِبَ,3,6,6,4:93
ga`wiyn,N,gwy,gwy,6,ٱلْغَاوِينَ,5,6,4,7:175
gam~,N,gmm,gmm,6,ٱلْغَمِّ,4,5,4,3:153
gayoZ,N,gyZ,gyuZ,6,ٱلْغَيْظِ,5,5,4,3:119
ha`ma`n,PN,,,6,وَهَٰمَٰنَ,2,6,3,28:6
jaAEil,N,jEl,juEl,6,جَاعِلٌ,6,6,5,2:30
ka>os,N,kAs,kuAs,6,كَأْسًا,5,6,5,37:45
kaAtib,N/ADJ,ktb,ktb,6,كَاتِبٌ,5,4,3,2:282
kahof,N,khf,khf,6,ٱلْكَهْفِ,2,6,1,18:9
kanz,N,knz,knz,6,كَنزٌ,4,5,5,11:12
kar~ap,N,krr,krr,6,كَرَّةً,4,6,6,2:167
kibar,N,kbr,kbr,6,ٱلْكِبَرُ,3,6,6,2:266
laq~aY`,V,lqy,lqy,6,يُلَقَّىٰهَآ,4,5,5,25:75
lu&olu&,N,lAlA,luAluA,6,وَلُؤْلُؤًا,5,6,6,22:23
l~aEal~,ACC,,,6,لَّعَلِّىٓ,2,6,5,12:46
man~,N,mnn,mnn,6,ٱلْمَنَّ,4,6,4,2:57
maqot,N,mqt,mqt,6,مَقْتًا,4,5,4,4:22
marad~,N,rdd,rdd,6,مَرَدَّ,4,6,5,13:11
mawoj,N,mwj,mwj,6,مَوْجٌ,4,5,4,10:22
mayotap,N/ADJ,mwt,mwt,6,ٱلْمَيْتَةَ,4,6,5,2:173
muEotadiyn,N,Edw,uEdw,6,ٱلْمُعْتَدِينَ,3,6,6,2:190
muli}ato,V,mlA,mluA,6,لَأَمْلَأَنَّ,3,6,6,7:18
munZaruwn,N,nZr,nuZr,6,ٱلْمُنظَرِينَ,4,6,5,7:15
muntaZiruwn,N,nZr,nuZr,6,ٱلْمُنتَظِرِينَ,3,6,5,6:158
musotakobir,N,kbr,kbr,6,مُسْتَكْبِرًا,4,6,5,16:22
muta$a`bih,N/ADJ,$bh,shbh,6,مُتَشَٰبِهًا,4,5,4,2:25
m~aEoduwdap,ADJ/N,Edd,uEdd,6,مَّعْدُودَٰتٍ,4,6,4,2:80
m~iyEaAd,N,wEd,wuEd,6,ٱلْمِيعَادَ,3,6,5,3:9
m~u&ominap,ADJ/N,Amn,uAmn,6,مُّؤْمِنَةٍ,4,4,3,2:221
m~ud~akir,N,*kr,dhkr,6,مُّدَّكِرٍ,1,6,1,54:15
m~uniyr,N/ADJ,nwr,nwr,6,مُّنِيرًا,3,6,6,3:184
naASiH,N,nSH,nuSuH,6,ٱلنَّٰصِحِينَ,4,6,3,7:21
naqaDato,V,nqD,nquD,6,يَنقُضُونَ,3,6,4,2:27
nazala,V,nzl,nzl,6,نَزَلَ,2,6,5,17:105
n~akava,V,nkv,nkv,6,نَّكَثُوٓا۟,4,5,4,7:135
qaSaS,N,qSS,quSuS,6,ٱلْقَصَصَ,5,6,5,3:62
qabor,N,qbr,qbr,6,ٱلْقُبُورِ,3,6,6,9:84
qah~aAr,ADJ,qhr,qhr,6,ٱلْقَهَّارُ,3,6,6,12:39
qal~abu,V,qlb,qlb,6,يُقَلِّبُ,5,6,5,6:110
qamiyS,N,qmS,qmuS,6,قَمِيصَهُۥ,4,6,1,12:18
qaroD,N,qrD,qruD,6,قَرْضًا,1,6,5,2:245
rajiym,ADJ/N,rjm,rjm,6,رَجِيمٌ,3,6,5,3:36
risa`la`t,N,rsl,rsl,6,رِسَٰلَٰتِ,2,6,3,7:62
ru$od,N,r$d,rshd,6,رُشْدًا,4,6,6,2:256
r~a`Himiyn,N,rHm,ruHm,6,ٱلرَّٰحِمِينَ,1,6,4,7:151
r~a`ziqiyn,N,rzq,rzq,6,ٱلرَّٰزِقِينَ,2,6,6,5:114
saEap,N,wsE,wsuE,6,سَعَتِهِۦ,5,5,4,2:247
sakiynap,N,skn,skn,6,سَكِينَتَهُۥ,3,6,3,2:248
sal~ama,V,slm,slm,6,سَلَّمَ,6,6,5,2:233
siyma`,N,swm,swm,6,بِسِيمَٰهُمْ,3,6,5,2:273
surur,N,srr,srr,6,سُرُرٍ,3,6,6,15:47
s~abot,N,sbt,sbt,6,ٱلسَّبْتِ,3,5,4,2:65
s~ijon,N,sjn,sjn,6,ٱلسِّجْنِ,3,6,1,12:33
s~ujuwd,N/ADJ,sjd,sjd,6,ٱلسُّجُودِ,1,6,5,2:125
taHiy~ap,N,Hyy,uHyy,6,تَحِيَّةً,4,6,6,4:86
taSad~aqa,V,Sdq,uSdq,6,تَصَدَّقَ,6,6,6,2:280
vuqifu,V,vqf,vqf,6,ثَقِفْتُمُوهُمْ,4,6,6,2:191
v~aqalaAn,N,vql,vql,6,أَثْقَالَكُمْ,6,4,4,16:7
v~uluv,N/T,vlv,vlv,6,ثُلُثَا,6,4,2,4:11
waAqiE,N/ADJ,wqE,wquE,6,لَوَٰقِعٌ,3,6,6,7:171
waEiyd,N,wEd,wuEd,6,وَعِيدِ,3,6,3,14:14
waHoY,N,wHy,wuHy,6,وَوَحْيِنَا,5,6,6,11:37
waHod,N,wHd,wuHd,6,وَحْدَهُۥ,3,6,5,7:70
waqor,N,wqr,wqr,6,وَقْرًا,2,6,5,6:25
wasiEa,V,wsE,wsuE,6,وَسِعَ,3,6,5,2:255
xala`q,N,xlq,xlq,6,بِخَلَٰقِهِمْ,4,4,3,2:102
xamor,N,xmr,xmr,6,خَمْرًا,4,6,4,2:219
xila`f,N,xlf,xlf,6,خِلَٰفٍ,3,6,6,5:33
xiyfap,N,xwf,xwf,6,خِيفَةً,4,6,6,7:205
xulod,N,xld,xld,6,ٱلْخُلْدِ,2,6,6,10:52
yaSofaHu,V,SfH,uSfuH,6,فَٱصْفَحِ,6,6,6,2:109
yan[bagiY,V,bgy,bgy,6,يَنۢبَغِى,1,6,5,19:92
yasota>oxiru,V,Axr,uAxr,6,يَسْتَـْٔخِرُونَ,3,6,6,7:34
yasotafotu,V,fty,fty,6,فَٱسْتَفْتِهِمْ,5,6,4,4:127
yataman~a,V,mny,mny,6,فَتَمَنَّوُا۟,5,6,4,2:94
yaxofaY`,V,xfy,xfy,6,يَخْفَىٰ,3,6,6,3:5
yujiyru,V,jwr,jwr,6,يُجِيرُ,5,5,5,9:6
zaAga,V,zyg,zyg,6,زَاغَ,6,6,6,9:117
{ntaqamo,V,nqm,nqm,6,فَٱنتَقَمْنَا,3,6,5,5:95
{sotamotaEa,V,mtE,mtuE,6,ٱسْتَمْتَعَ,5,4,4,4:24
$aAEir,N,$Er,shuEr,5,شَاعِرٌ,4,5,5,21:5
$aTor,LOC,$Tr,shuTr,5,شَطْرَ,2,3,1,2:144
$araHa,V,$rH,shruH,5,شَرَحَ,4,5,5,6:125
$irok,N,$rk,shrk,5,شِرْكٌ,4,5,4,31:13
$uH~,N/ADJ,$HH,shuHuH,5,أَشِحَّةً,3,4,4,4:128
$~a`ribiyn,N,$rb,shrb,5,لِّلشَّٰرِبِينَ,2,5,4,16:66
'aAnasa,V,Ans,uAns,5,ءَانَسْتُ,3,4,4,4:6
*ubiHa,V,*bH,dhbuH,5,أَذْبَحُكَ,5,5,4,2:67
>aHoSanato,V,HSn,uHuSn,5,أَحْصَنَتْ,4,5,4,4:25
>aSonaAm,N,Snm,uSnm,5,أَصْنَامًا,4,5,5,6:74
>abolagu,V,blg,blg,5,أَبْلَغْتُكُمْ,4,5,4,7:79
>ajoramu,V,jrm,jrm,5,أَجْرَمُوا۟,3,5,5,6:124
>al~afa,V,Alf,uAlf,5,أَلَّفَ,5,3,3,3:103
>amon,N,Amn,uAmn,5,أَمْنًا,5,5,4,2:125
>araA^}ik,N,Ark,uArk,5,ٱلْأَرَآئِكِ,1,5,4,18:31
>aroDaEato,V,rDE,ruDuE,5,أَرْضَعَتْ,5,4,4,4:23
>asaA^'a,V,swA,swuA,5,أَسَآءَ,3,5,5,17:7
>asaAwir,N,swr,swr,5,أَسَاوِرَ,2,5,5,18:31
>asobaAT,N,sbT,sbuT,5,وَٱلْأَسْبَاطِ,3,5,4,2:136
>asokan,V,skn,skn,5,أَسْكَنتُ,5,5,4,14:14
>avaAru,V,vwr,vwr,5,فَتُثِيرُ,4,5,4,2:71
>awaY,V,Awy,uAwy,5,ءَاوِىٓ,5,5,2,11:43
>awoSa`,V,wSy,wuSy,5,تُوصُونَ,5,3,2,4:11
>awoqadu,V,wqd,wqd,5,أَوْقَدُوا۟,5,5,5,5:64
>ukoriha,V,krh,krh,5,أَكْرَهْتَنَا,5,4,4,10:99
A^vara,V,Avr,uAvr,5,ءَاثَرَكَ,5,5,5,12:91
Dayof,N,Dyf,uDyf,5,ضَيْفِ,4,5,4,11:78
EaTaA^',N,ETw,uEuTw,5,عَطَآءً,4,4,4,11:108
Eafuw~,N,Efw,uEfw,5,عَفُوًّا,2,5,3,4:43
Eajab,ADJ/N,Ejb,uEjb,5,عَجَبًا,2,5,4,10:2
Eajila,V,Ejl,uEjl,5,تَعْجَلْ,4,5,4,7:150
Eaj~ala,V,Ejl,uEjl,5,عَجَّلْنَا,5,5,5,10:11
Ealaqap,N,Elq,uElq,5,عَلَقَةً,3,4,4,22:5
Eaqara,V,Eqr,uEqr,5,فَعَقَرُوهَا,3,5,5,7:77
Eata,V,Etw,uEtw,5,عَتَتْ,5,5,4,7:77
Eazom,N,Ezm,uEzm,5,عَزْمِ,3,5,5,3:186
Eusor,N,Esr,uEsr,5,ٱلْعُسْرِ,4,5,4,2:185
Ha`kimiyn,N,Hkm,uHkm,5,ٱلْحَٰكِمِينَ,1,5,5,7:87
Hab~ap,N,Hbb,uHbb,5,حَبَّةٍ,1,4,4,2:261
Hariyq,N,Hrq,uHrq,5,ٱلْحَرِيقِ,1,5,4,3:181
HawaAriy~uwn,N,Hwr,uHwr,5,ٱلْحَوَارِيُّونَ,3,4,3,3:52
Hijor,N/ADJ,Hjr,uHjr,5,حِجْرًا,5,5,4,6:138
Hil~,N,Hll,uHll,5,حِلٌّ,3,4,4,3:93
HimaAr,N,Hmr,uHmr,5,حُمُرٌ,5,5,5,2:259
Hum~ila,V,Hml,uHml,5,تُحَمِّلْنَا,5,4,4,2:286
Huwt,N,Hwt,uHwt,5,حُوتَهُمَا,5,5,4,7:163
Sa`giruwn,N,Sgr,uSgr,5,صَٰغِرُونَ,3,5,4,7:13
Sadaqap,N,Sdq,uSdq,5,صَدَقَةً,3,5,4,2:196
Sayod,N,Syd,uSyd,5,صَيْدُ,3,4,1,5:1
Sid~iyq,N,Sdq,uSdq,5,صِدِّيقًا,4,5,4,4:69
SuboH,N/T,SbH,uSbuH,5,وَٱلصُّبْحِ,3,4,4,11:81
TaEimu,V,TEm,uTuEm,5,طَعِمُوٓا۟,5,5,4,2:249
Ta`^}ir,N,Tyr,uTyr,5,طَٰٓئِرٍ,5,5,5,6:38
Taraf,N,Trf,uTrf,5,أَطْرَافِهَا,5,5,5,3:127
Tariyqap,N,Trq,uTrq,5,طَرَآئِقَ,4,5,3,20:63
Tumisato,V,Tms,uTms,5,طُمِسَتْ,5,5,5,4:47
Zal~a`m,N,Zlm,uZlm,5,بِظَلَّٰمٍ,2,5,5,3:182
baTa$o,V,bT$,buTsh,5,بَطَشْتُم,5,4,4,7:195
bagoDaA^',N,bgD,bguD,5,وَٱلْبَغْضَآءَ,3,5,3,3:118
bakato,V,bky,bky,5,يَبْكُونَ,4,5,5,9:82
balodap,N,bld,bld,5,بَلْدَةً,3,5,5,25:49
baraza,V,brz,brz,5,بَرَزُوا۟,3,5,4,2:250
baroq,N,brq,brq,5,ٱلْبَرْقَ,4,5,4,2:19
bav~a,V,bvv,bvv,5,وَبَثَّ,3,5,5,2:164
biDa`Eap,N,bDE,buDuE,5,بِضَٰعَتَهُمْ,4,4,1,12:19
dafaEo,V,dfE,dfuE,5,ٱدْفَعْ,4,4,4,3:167
darasu,V,drs,drs,5,تَدْرُسُونَ,4,5,5,3:79
dayon,N,dyn,dyn,5,دَيْنٍ,2,3,2,2:282
faSala,V,fSl,fuSl,5,يَفْصِلُ,3,5,5,2:249
faraqo,V,frq,frq,5,فَرَقْنَا,5,5,5,2:50
far~aT,V,frT,fruT,5,فَرَّطْنَا,4,5,3,6:31
fawoj,N,fwj,fwj,5,أَفْوَاجًا,3,5,5,27:83
gad,N,gdw,gdw,5,غَدًا,2,5,5,12:12
gafolap,N,gfl,gfl,5,غَفْلَةٍ,1,5,4,19:39
gaf~aAr,ADJ/N,gfr,gfr,5,ٱلْغَفَّٰرُ,4,5,5,20:82
gal~a,V,gll,gll,5,غَلَّ,5,3,3,3:161
guduw~,N,gdw,gdw,5,بِٱلْغُدُوِّ,3,5,5,7:205
gurofap,N,grf,grf,5,غُرَفٌ,4,4,4,2:249
halaka,V,hlk,hlk,5,هَلَكَ,2,4,4,4:176
ja`vimiyn,N,jvm,jvm,5,جَٰثِمِينَ,1,5,3,7:78
jahara,V,jhr,jhr,5,تَجْهَرْ,4,5,5,13:10
jahod,N,jhd,jhd,5,جَهْدَ,1,5,5,5:53
jaram,N,jrm,jrm,5,جَرَمَ,1,5,3,11:22
ka*~aAb,ADJ/N,k*b,kdhb,5,كَذَّابٌ,2,5,3,38:4
kaA^f~ap,N,kff,kff,5,كَآفَّةً,1,4,3,2:208
kaf~aAr,ADJ/N,kfr,kfr,5,كَفَّارٌ,3,5,5,2:276
kalob,N,klb,klb,5,كَلْبُهُمْ,3,3,2,7:176
karoh,N,krh,krh,5,كَرْهًا,2,5,5,3:83
kawokab,N,kwkb,kwkb,5,كَوْكَبًا,4,5,5,6:76
lawoH,N,lwH,lwuH,5,ٱلْأَلْوَاحَ,4,5,3,7:145
maE2,P,,,5,مَعَ,3,5,2,2:41
mahod,N,mhd,mhd,5,ٱلْمَهْدِ,2,5,5,3:46
makaAnat,N,kwn,kwn,5,مَكَانَتِكُمْ,2,5,4,6:135
maluwm,N,lwm,lwm,5,مَلُومًا,3,5,4,17:29
maroDaAt,N,rDw,ruDw,5,مَرْضَاتِ,3,5,4,2:207
maso_#uwl,N,sAl,suAl,5,مَسْـُٔولًا,3,5,4,17:34
miSor,PN/N,mSr,muSr,5,مِصْرَ,4,5,4,2:61
miroyap,N,mry,mry,5,مِرْيَةٍ,1,5,4,11:17
muSobiHiyn,N,SbH,uSbuH,5,مُصْبِحِينَ,2,5,3,15:66
muSoliH,N,SlH,uSluH,5,مُصْلِحُونَ,3,5,4,2:11
muboTiluwn,N,bTl,buTl,5,ٱلْمُبْطِلُونَ,2,5,5,7:173
muholik,N,hlk,hlk,5,مُهْلِكَ,4,5,5,6:131
mun*ariyn,N,n*r,ndhr,5,ٱلْمُنذَرِينَ,1,5,4,10:73
muna`fiqa`t,N,nfq,nfq,5,وَٱلْمُنَٰفِقَٰتِ,2,5,4,9:67
munziliyn,N,nzl,nzl,5,ٱلْمُنزِلِينَ,4,5,5,12:59
mutorafiyn,N,trf,trf,5,مُتْرَفُوهَآ,4,5,5,17:16
muxoraj,N,xrj,xrj,5,بِمُخْرَجِينَ,5,5,5,15:48
m~aHiyS,N,HyS,uHyuS,5,مَّحِيصٍ,2,5,5,4:121
m~ayot,ADJ/N,mwt,mwt,5,مَّيْتًا,2,5,5,6:122
m~uTah~arap,ADJ,Thr,uThr,5,مُّطَهَّرَةٌ,3,5,5,2:25
m~ukoramuwn,N/ADJ,krm,krm,5,مُّكْرَمُونَ,2,5,5,21:26
m~usotaDoEafuwn,N/ADJ,DEf,uDuEf,5,وَٱلْمُسْتَضْعَفِينَ,4,5,2,4:75
m~uwqiniyn,N,yqn,yqn,5,مُّوقِنِينَ,4,5,5,6:75
naSaHu,V,nSH,nuSuH,5,وَنَصَحْتُ,4,5,3,7:62
na`Ziriyn,N,nZr,nuZr,5,لِلنَّٰظِرِينَ,3,5,5,2:69
na`dimiyn,N,ndm,ndm,5,نَٰدِمِينَ,2,5,4,5:31
nikaAH,N,nkH,nkuH,5,نِكَاحًا,3,5,3,2:235
nu$uwr,N,n$r,nshr,5,نُشُورًا,2,5,3,25:3
nufuwr,N,nfr,nfr,5,نُفُورًا,2,5,4,17:41
n~ubuw~ap,N,nbA,nbuA,5,وَٱلنُّبُوَّةَ,2,5,5,3:79
qaA^}il,N,qwl,qwl,5,قَآئِلٌ,3,5,5,12:10
qaA^}imap,N/ADJ,qwm,qwm,5,قَآئِمَةً,2,5,5,3:113
qaAriEap,N,qrE,qruE,5,ٱلْقَارِعَةُ,3,5,3,13:31
qabaDo,V,qbD,qbuD,5,فَقَبَضْتُ,5,5,5,2:245
qar~aba,V,qrb,qrb,5,تُقَرِّبُكُمْ,5,5,5,5:27
qay~im,ADJ,qwm,qwm,5,ٱلْقَيِّمُ,3,5,4,9:36
ra$ad,N,r$d,rshd,5,رَشَدًا,1,5,2,18:10
rajamo,V,rjm,rjm,5,تَرْجُمُونِ,5,5,5,11:91
raqiyb,N,rqb,rqb,5,رَقِيبٌ,4,5,5,4:1
ruEob,N,rEb,ruEb,5,ٱلرُّعْبَ,2,5,5,3:151
salafa,V,slf,slf,5,سَلَفَ,1,5,4,2:275
salam,N,slm,slm,5,ٱلسَّلَمَ,2,5,3,4:90
sawiy~,ADJ/N,swy,swy,5,سَوِيًّا,2,5,3,19:10
sawo'a`t,N,swA,swuA,5,سَوْءَٰتُهُمَا,4,5,2,7:20
suy~irato,V,syr,syr,5,سُيِّرَتْ,4,5,5,10:22
taEova,V,Evw,uEvw,5,تَعْثَوْا۟,1,5,5,2:60
taHoriyr,N,Hrr,uHrr,5,فَتَحْرِيرُ,3,3,3,4:92
taTah~aro,V,Thr,uThr,5,يَتَطَهَّرُونَ,4,5,5,2:222
tabar~a>a,V,brA,bruA,5,تَبَرَّأَ,4,4,3,2:166
tafoSiyl,N,fSl,fuSl,5,وَتَفْصِيلًا,3,5,5,6:154
taqal~ub,N,qlb,qlb,5,تَقَلُّبَ,5,5,5,2:144
taqar~a,V,qrr,qrr,5,تَقَرَّ,3,5,4,19:26
taqodiyr,N,qdr,qdr,5,تَقْدِيرُ,2,5,5,6:96
tawaASa,V,wSy,wuSy,5,وَتَوَاصَوْا۟,2,3,3,51:53
tisoE,N,tsE,tsuE,5,تِسْعًا,5,4,4,17:101
t~aqaT~aEa,V,qTE,quTuE,5,تَقَطَّعَ,5,5,5,2:166
vamar,N,vmr,vmr,5,ثَمَرِهِۦٓ,4,5,3,6:99
vaqiyl,ADJ/N,vql,vql,5,ثَقِيلًا,4,5,5,7:57
waAzirap,N,wzr,wzr,5,وَازِرَةٌ,1,5,5,6:164
wahana,V,whn,whn,5,تَهِنُوا۟,3,5,4,3:139
wusoE,N,wsE,wsuE,5,وُسْعَهَا,2,5,4,2:233
xaAliSap,N,xlS,xluS,5,خَالِصَةً,3,5,5,2:94
xaAnu,V,xwn,xwn,5,أَخُنْهُ,5,4,3,8:27
xaAwiyap,N/ADJ,xwy,xwy,5,خَاوِيَةٌ,3,5,5,2:259
xaSiym,N,xSm,xuSm,5,خَصِيمٌ,3,5,5,2:204
xaTob,N,xTb,xuTb,5,خَطْبُكُمْ,4,5,5,12:51
xa`Ti_#iyn,N,xTA,xuTuA,5,خَٰطِـِٔينَ,4,5,3,12:29
xalafa,V,xlf,xlf,5,فَخَلَفَ,4,5,3,7:142
xatama,V,xtm,xtm,5,وَخَتَمَ,4,5,5,2:7
xayol,N,xyl,xyl,5,بِخَيْلِكَ,5,5,5,3:14
xinziyr,N,xnzr,xnzr,5,ٱلْخِنزِيرِ,3,5,4,2:173
xuDor,N/ADJ,xDr,xuDr,5,خُضْرٍ,3,5,4,12:43
xuTuwa`t,N,xTw,xuTw,5,خُطُوَٰتِ,1,4,3,2:168
xuruwj,N,xrj,xrj,5,خُرُوجٍ,5,5,3,9:46
ya$ofaEu,V,$fE,shfuE,5,يَشْفَعْ,4,4,4,2:255
yaEoruju,V,Erj,uErj,5,يَعْرُجُ,3,5,5,15:14
yaEota*iru,V,E*r,uEdhr,5,تَعْتَذِرُوا۟,3,4,3,9:66
yaHoyaY`,PN,,,5,يَحْيَىٰ,4,5,4,3:39
yaboxaso,V,bxs,bxs,5,تَبْخَسُوا۟,3,5,4,2:282
yajohalu,V,jhl,jhl,5,تَجْهَلُونَ,2,5,5,6:111
yamotaru,V,mry,mry,5,تَمْتَرُونَ,3,5,5,6:2
yarohaqu,V,rhq,rhq,5,تَرْهَقُهُمْ,4,5,4,10:26
yarokaEu,V,rkE,rkuE,5,ٱرْكَعُوا۟,4,4,4,2:43
yu&ad~i,V,Ady,uAdy,5,يُؤَدِّهِۦٓ,4,4,4,2:283
yuEam~aru,V,Emr,uEmr,5,يُعَمَّرُ,4,4,3,2:96
yufotiy,V,fty,fty,5,أَفْتُونِى,3,5,3,4:127
zuw~ijato,V,zwj,zwj,5,وَزَوَّجْنَٰهُم,4,5,5,33:37
z~ayotuwn,N,zyt,zyt,5,وَٱلزَّيْتُونَ,3,5,4,6:99
{EotaSamu,V,ESm,uEuSm,5,وَٱعْتَصَمُوا۟,3,5,3,3:101
{hojuro,V,hjr,hjr,5,تَهْجُرُونَ,5,5,5,4:34
{kotasaba,V,ksb,ksb,5,ٱكْتَسَبُوا۟,4,4,4,2:286
{ll~ahum~a,PN,Alh,uAlh,5,ٱللَّهُمَّ,1,5,5,3:26
{mori},N,mrA,mruA,5,ٱمْرِئٍ,2,5,5,24:11
{n$aq~a,V,$qq,shqq,5,وَتَنشَقُّ,5,5,5,19:90
{qotaraba,V,qrb,qrb,5,ٱقْتَرَبَ,4,5,4,7:185
{sotabaqa,V,sbq,sbq,5,فَٱسْتَبِقُوا۟,4,5,4,2:148
{sotaxolafa,V,xlf,xlf,5,لَيَسْتَخْلِفَنَّهُمْ,5,4,4,6:133
$a>on,N,$An,shuAn,4,شَأْنٍ,3,4,4,10:61
$aEa`^}ir,N,$Er,shuEr,4,شَعَٰٓئِرَ,3,4,3,2:158
$aqiy~,ADJ/N,$qw,shqw,4,شَقِيًّا,2,4,2,11:105
$aqu,V,$qw,shqw,4,شَقُوا۟,4,4,2,11:106
$ara,V,$ry,shry,4,شَرَوْا۟,4,4,3,2:102
$ayox,ADJ/N,$yx,shyx,4,شَيْخًا,3,4,4,11:72
$ifaA^',N,$fy,shfy,4,شِفَآءٌ,2,4,4,10:57
$ihaAb,N,$hb,shhb,4,شِهَابٌ,3,4,4,15:18
*ur~iy~a`t,N,*rr,dhrr,4,وَذُرِّيَّٰتِهِمْ,2,4,4,6:87
<isotaboraq,N,,,4,وَإِسْتَبْرَقٍ,3,4,4,18:31
>a*il~ap,ADJ/N,*ll,dhll,4,أَذِلَّةً,3,4,3,3:123
>aHobaAr,N,Hbr,uHbr,4,وَٱلْأَحْبَارُ,3,4,2,5:44
>aHobaTa,V,HbT,uHbuT,4,فَأَحْبَطَ,2,4,2,33:19
>aSar~u,V,Srr,uSrr,4,وَأَصَرُّوا۟,4,4,4,3:135
>aTohar,N,Thr,uThr,4,أَطْهَرُ,2,4,4,2:232
>adobara,V,dbr,dbr,4,أَدْبَرَ,1,4,3,70:17
>ajomaEu,V,jmE,jmuE,4,أَجْمَعُوٓا۟,4,4,3,10:71
>akin~ap,N,knn,knn,4,أَكِنَّةً,2,4,4,6:25
>akol,N,Akl,uAkl,4,وَأَكْلِهِمُ,3,4,3,4:161
>akorama,V,krm,krm,4,أَكْرَمَنِ,4,3,2,12:21
>akowaAb,N,kwb,kwb,4,وَأَكْوَابٍ,3,4,4,43:71
>aloHaqo,V,lHq,luHq,4,وَأَلْحِقْنِى,3,4,4,12:101
>alohaY`,V,lhw,lhw,4,أَلْهَىٰكُمُ,4,4,4,15:3
>ama`na`t,N,Amn,uAmn,4,لِأَمَٰنَٰتِهِمْ,3,4,4,4:58
>amad,N,Amd,uAmd,4,أَمَدًا,3,4,4,3:30
>amos,N,,,4,بِٱلْأَمْسِ,1,4,2,10:24
>an[ba>a,V,nbA,nbuA,4,أَنۢبَأَكَ,4,3,2,2:31
>anqa*a,V,nq*,nqdh,4,تُنقِذُ,4,4,3,3:103
>aqoraro,V,qrr,qrr,4,ءَأَقْرَرْتُمْ,4,3,3,2:84
>aqowam,N,qwm,qwm,4,وَأَقْوَمُ,3,4,4,2:282
>aro*al,N,r*l,rdhl,4,أَرْذَلِ,3,4,4,11:27
>aroHam,N,rHm,ruHm,4,أَرْحَمُ,1,4,3,7:151
>asiyr,N,Asr,uAsr,4,أَسْرَىٰ,4,4,3,2:85
>asoliHat,N,slH,sluH,4,أَسْلِحَتَكُمْ,4,1,1,4:102
>axosariyn,N,xsr,xsr,4,ٱلْأَخْسَرُونَ,3,4,4,11:22
>ayokap,N,,,4,لْـَٔيْكَةِ,2,4,4,15:78
>ay~uwb,PN,,,4,وَأَيُّوبَ,2,4,4,4:163
>azokaY`,N,zkw,zkw,4,أَزْكَىٰ,1,4,3,2:232
>uSoliy,V,Sly,uSly,4,سَأُصْلِيهِ,4,4,2,4:30
>ugo$iyato,V,g$w,gshw,4,يُغْشِى,3,4,4,7:54
>uhil~a,V,hll,hll,4,أُهِلَّ,1,4,4,2:173
>uwlaA^',DEM/REL,,,4,أُو۟لَآءِ,3,4,4,3:119
>uzolifato,V,zlf,zlf,4,وَأُزْلِفَتِ,3,4,3,26:64
DaEof,N,DEf,uDuEf,4,ضَعْفًا,2,2,2,8:66
Ea$ar,N,E$r,uEshr,4,عَشَرَ,1,4,4,5:12
EaAliy,N,Elw,uElw,4,عَٰلِيَهَا,3,4,4,11:82
Eajuwz,N,Ejz,uEjz,4,عَجُوزًا,2,4,4,11:72
EalaAniyap,N,Eln,uEln,4,وَعَلَانِيَةً,1,4,4,2:274
Eal~a`m,ADJ/N,Elm,uElm,4,عَلَّٰمُ,1,4,3,5:109
Eamaru,V,Emr,uEmr,4,عَمَرُوهَا,4,3,2,9:17
Eaniyd,ADJ/N,End,uEnd,4,عَنِيدٍ,2,4,4,11:59
Eaqiym,ADJ/N,Eqm,uEqm,4,عَقِيمًا,4,4,3,22:55
EaroD,N,ErD,uEruD,4,عَرْضُهَا,3,3,3,3:133
Eaworap,N,Ewr,uEwr,4,بِعَوْرَةٍ,4,3,2,24:31
Eazama,V,Ezm,uEzm,4,تَعْزِمُوا۟,4,4,3,2:227
Eiyn,N/ADJ,Eyn,uEyn,4,عِينٌ,2,4,4,37:48
EuSobap,N,ESb,uEuSb,4,عُصْبَةٌ,2,4,3,12:8
Euluw~,N,Elw,uElw,4,عُلُوًّا,2,4,3,17:4
Euqodap,N,Eqd,uEqd,4,عُقْدَةً,4,4,3,2:235
HaASib,N,HSb,uHuSb,4,حَاصِبًا,1,4,4,17:68
HaSiyd,N,HSd,uHuSd,4,حَصِيدًا,3,4,4,10:24
Harob,N,Hrb,uHrb,4,بِحَرْبٍ,4,4,4,2:279
Hasiyb,N/ADJ,Hsb,uHsb,4,حَسِيبًا,1,4,3,4:6
Hay~a,V,Hyy,uHyy,4,حَيَّوْكَ,4,2,2,4:86
Hiloyap,N,Hly,uHly,4,حِلْيَةً,3,4,4,13:17
Hul~u,V,Hly,uHly,4,يُحَلَّوْنَ,2,4,4,18:31
Huwr,N,Hwr,uHwr,4,بِحُورٍ,3,4,4,44:54
SaEiyd,N,SEd,uSuEd,4,صَعِيدًا,1,4,3,4:43
Sa`Hibap,N,SHb,uSuHb,4,وَصَٰحِبَتِهِۦ,3,4,4,6:101
Sab~a,V,Sbb,uSbb,4,صَبَبْنَا,4,4,4,22:19
Sab~aAr,ADJ,Sbr,uSbr,4,صَبَّارٍ,1,4,4,14:5
Sadafa,V,Sdf,uSdf,4,يَصْدِفُونَ,2,2,1,6:46
SaloSa`l,N,SlSl,uSluSl,4,صَلْصَٰلٍ,1,4,2,15:26
SaroH,N,SrH,uSruH,4,صَرْحًا,3,3,3,27:44
Saw~ara,V,Swr,uSwr,4,وَصَوَّرَكُمْ,3,4,4,3:6
TaA^}if,N,Twf,uTwf,4,لِلطَّآئِفِينَ,3,4,4,2:125
Tabaq,ADJ/N,Tbq,uTbq,4,طِبَاقًا,3,3,3,67:3
TaloE,N,TlE,uTluE,4,طَلْعُهَا,3,4,4,6:99
TamaE,N,TmE,uTmuE,4,وَطَمَعًا,1,4,4,7:56
Tariyq,N,Trq,uTrq,4,طَرِيقًا,3,4,3,4:168
TawoE,N,TwE,uTwuE,4,طَوْعًا,1,4,4,3:83
Tifol,N,Tfl,uTfl,4,طِفْلًا,3,4,3,22:5
ZaAlimap,N,Zlm,uZlm,4,ظَالِمَةٌ,3,4,3,11:102
ba>osaA^',N,bAs,buAs,4,بِٱلْبَأْسَآءِ,3,4,3,2:177
baAl,N,bwl,bwl,4,بَالَهُمْ,2,4,3,12:50
baEov,N,bEv,buEv,4,ٱلْبَعْثِ,2,3,3,22:5
ba`siT,N,bsT,bsuT,4,بَاسِطُوٓا۟,4,4,4,5:28
baqarap,N,bqr,bqr,4,بَقَرَةٌ,2,4,1,2:67
bay~ata,V,byt,byt,4,يُبَيِّتُونَ,3,3,2,4:81
buruwj,N,brj,brj,4,بُرُوجًا,3,4,4,4:78
da>ob,N,dAb,duAb,4,كَدَأْبِ,2,4,3,3:11
daAEiY,N,dEw,duEw,4,دَاعِىَ,3,4,3,20:108
daAbir,N,dbr,dbr,4,دَابِرَ,2,4,4,6:45
daEowaY`,N,dEw,duEw,4,دَعْوَىٰهُمْ,1,3,3,7:5
da`xiruwn,N,dxr,dxr,4,دَٰخِرُونَ,3,4,4,16:48
fa$ilo,V,f$l,fshl,4,تَفْشَلَا,4,4,2,3:122
faA^}izuwn,N,fwz,fwz,4,ٱلْفَآئِزُونَ,1,4,4,9:20
faxuwr,ADJ,fxr,fxr,4,فَخُورٍ,3,4,4,4:36
firaAr,N,frr,frr,4,فِرَارًا,2,4,3,18:18
fuj~aAr,N/ADJ,fjr,fjr,4,كَٱلْفُجَّارِ,4,4,4,38:28
fusuwq,N,fsq,fsq,4,فُسُوقٌۢ,4,4,2,2:197
gama`m,N,gmm,gmm,4,بِٱلْغَمَٰمِ,4,4,3,2:57
gay~,N,gwy,gwy,4,ٱلْغَىِّ,2,4,3,2:256
guyuwb,N,gyb,gyb,4,ٱلْغُيُوبِ,1,4,3,5:109
haAtu,V,hAt,huAt,4,هَاتُوا۟,1,4,4,2:111
haniy^_#,ADJ/N,hnA,hnuA,4,هَنِيٓـًٔۢا,2,4,4,4:4
hunaA,DEM,,,4,هَٰهُنَا,2,4,4,3:154
huwn,N/ADJ,hwn,hwn,4,ٱلْهُونِ,2,4,4,6:93
jaAwaza,V,jwz,jwz,4,وَجَٰوَزْنَا,3,4,4,2:249
jaha`lap,N,jhl,jhl,4,بِجَهَٰلَةٍ,1,4,4,4:17
jasad,N/ADJ,jsd,jsd,4,جَسَدًا,1,4,4,7:148
jawaAb,N,jwb,jwb,4,جَوَابَ,1,4,3,7:82
jihaAd,N,jhd,jhd,4,جِهَادًا,4,4,4,9:24
junub,N/ADJ,jnb,jnb,4,جُنُبًا,3,4,3,4:36
juwE,N,jwE,jwuE,4,جُوعٍ,3,4,4,2:155
kab~iro,V,kbr,kbr,4,فَكَبِّرْ,4,4,4,2:185
kaf~a`rap,N,kfr,kfr,4,فَكَفَّٰرَتُهُۥٓ,4,3,1,5:45
kala`m,N,klm,klm,4,كَلَٰمَ,2,4,4,2:75
kalim,N,klm,klm,4,ٱلْكَلِمَ,2,4,3,4:46
karob,N,krb,krb,4,ٱلْكَرْبِ,2,4,3,6:64
kifol,N,kfl,kfl,4,ٱلْكِفْلِ,3,4,4,4:85
kisaf,N,ksf,ksf,4,كِسَفًا,1,4,4,17:92
lamasu,V,lms,lms,4,لَٰمَسْتُمُ,3,4,4,4:43
maDaY`,V,mDy,muDy,4,أَمْضِىَ,4,4,4,8:38
maHoruwm,N,Hrm,uHrm,4,مَحْرُومُونَ,2,4,4,51:19
magaAnim,N,gnm,gnm,4,مَغَانِمَ,3,4,2,4:94
makava,V,mkv,mkv,4,ٱمْكُثُوٓا۟,3,4,4,13:17
malakuwt,N,mlk,mlk,4,مَلَكُوتُ,3,4,4,6:75
mamonuwn,N,mnn,mnn,4,مَمْنُونٍ,2,4,4,41:8
manaAm,N,nwm,nwm,4,مَنَامُكُم,4,4,4,8:43
mansak,N,nsk,nsk,4,مَنسَكًا,3,4,2,2:128
maqoEad,N,qEd,quEd,4,مَقَٰعِدَ,3,4,4,3:121
maro',N,mrA,mruA,4,ٱلْمَرْءُ,2,4,4,2:102
miHoraAb,N,Hrb,uHrb,4,ٱلْمِحْرَابَ,2,4,3,3:37
miSobaAH,N,SbH,uSbuH,4,بِمَصَٰبِيحَ,3,3,3,24:35
muEa*~abiyn,N,E*b,uEdhb,4,بِمُعَذَّبِينَ,2,4,3,26:138
muEa*~ib,N,E*b,uEdhb,4,مُعَذِّبَهُمْ,4,4,3,7:164
muHam~ad,PN,,,4,مُحَمَّدٌ,3,4,4,3:144
muHar~am,N,Hrm,uHrm,4,مُحَرَّمًا,4,4,3,2:85
muboSir,N,bSr,buSr,4,مُبْصِرًا,2,4,4,7:201
mubolisuwn,N,bls,bls,4,مُبْلِسُونَ,3,4,4,6:44
muja`hidiyn,N,jhd,jhd,4,ٱلْمُجَٰهِدِينَ,2,2,2,4:95
mumotariyn,N,mry,mry,4,ٱلْمُمْتَرِينَ,1,4,4,2:147
murosil,N,rsl,rsl,4,مُرْسِلِينَ,3,4,4,28:45
mutawak~iluwn,N,wkl,wkl,4,ٱلْمُتَوَكِّلُونَ,2,4,4,3:159
muxal~afuwn,N,xlf,xlf,4,ٱلْمُخَلَّفُونَ,2,4,2,9:81
m~aEiyn,N/ADJ,Eyn,uEyn,4,مَّعِينٍۭ,3,4,4,23:50
m~ahiyn,ADJ/N,mhn,mhn,4,مَّهِينٍ,2,4,4,32:8
m~ajiyd,ADJ,mjd,mjd,4,مَّجِيدٌ,3,4,3,11:73
m~akiyn,ADJ/N,mkn,mkn,4,مَّكِينٍ,3,4,4,12:54
m~akonuwn,N/ADJ,knn,knn,4,مَّكْنُونٌ,3,4,3,37:49
m~asoHuwr,N,sHr,suHr,4,مَّسْحُورًا,3,4,3,15:15
m~uba`rakap,N/ADJ,brk,brk,4,مُّبَٰرَكَةٍ,3,4,3,24:35
m~ugoraquwn,N,grq,grq,4,مُّغْرَقُونَ,2,4,3,11:37
m~ula`quwA,N,lqy,lqy,4,مُّلَٰقُوا۟,2,4,2,2:46
m~untaSir,N,nSr,nuSr,4,مُنتَصِرًا,4,4,4,18:43
m~uqotadir,N,qdr,qdr,4,مُّقْتَدِرًا,4,4,3,18:45
m~utaqa`biliyn,N,qbl,qbl,4,مُّتَقَٰبِلِينَ,2,4,4,15:47
na*aro,V,n*r,ndhr,4,نَذَرْتُ,3,4,4,2:270
naEam,ANS,,,4,نَعَمْ,1,4,3,7:44
naEojap,N,nEj,nuEj,4,نَعْجَةً,4,2,1,38:23
naSab,N,nSb,nuSb,4,نَصَبٌ,2,4,4,9:120
nafida,V,nfd,nfd,4,تَنفَدَ,4,3,3,16:96
nakiyr,N,nkr,nkr,4,نَكِيرِ,1,4,4,22:44
naqamu,V,nqm,nqm,4,تَنقِمُ,4,4,4,5:59
n~azaga,V,nzg,nzg,4,يَنزَغَنَّكَ,3,4,4,7:200
qaSor,N,qSr,quSr,4,قُصُورًا,4,4,4,7:74
qa`ruwn,PN,,,4,وَقَٰرُونَ,3,4,3,28:76
qaf~ayo,V,qfw,qfw,4,وَقَفَّيْنَا,2,3,3,2:87
qalam,N,qlm,qlm,4,أَقْلَٰمٌ,4,4,4,3:44
qanaTu,V,qnT,qnuT,4,تَقْنَطُوا۟,4,4,4,15:56
qiSaAS,N,qSS,quSuS,4,قِصَاصٌ,3,4,2,2:178
qibal,LOC/N,qbl,qbl,4,قِبَلَ,3,4,4,2:177
qiyl,N,qwl,qwl,4,قِيلًا,2,4,4,4:122
quEuwd,N,qEd,quEd,4,وَقُعُودًا,3,4,4,3:191
qudus,N,qds,qds,4,ٱلْقُدُسِ,1,4,3,2:87
qud~a,V,qdd,qdd,4,قُدَّ,2,4,1,12:25
qut~ilu,V,qtl,qtl,4,سَنُقَتِّلُ,4,4,3,5:33
raADiyap,ADJ/N,rDw,ruDw,4,رَّاضِيَةٍ,3,4,4,69:21
ra`jiEuwn,N,rjE,rjuE,4,رَٰجِعُونَ,1,4,3,2:46
rabato,V,rbw,rbw,4,وَرَبَتْ,3,3,3,22:5
risaAlap,N,rsl,rsl,4,رِسَالَتَهُۥ,3,4,3,5:67
r~ajofap,N,rjf,rjf,4,ٱلرَّجْفَةُ,1,4,2,7:78
saAq,N,swq,swq,4,بِٱلسَّاقِ,4,3,3,27:44
saboEap,N,sbE,sbuE,4,سَبْعَةُ,3,4,4,2:196
sad~,N,sdd,sdd,4,سَدًّا,2,3,2,18:93
safiynap,N,sfn,sfn,4,ٱلسَّفِينَةِ,3,3,2,18:71
sam~a`Euwn,N,smE,smuE,4,سَمَّٰعُونَ,1,3,2,5:41
saqar,PN,,,4,سَقَرَ,2,4,2,54:48
saqof,N,sqf,sqf,4,سَقْفًا,4,4,4,16:26
saraqa,V,srq,srq,4,سَرَقَ,3,3,2,12:77
saw~ala,V,swl,swl,4,سَوَّلَتْ,2,4,3,12:18
say~i},ADJ/N,swA,swuA,4,سَيِّئًا,4,3,3,9:102
siraAj,N,srj,srj,4,سِرَاجًا,3,4,4,25:61
s~uwq,N,swq,swq,4,ٱلْأَسْوَاقِ,3,4,3,25:7
ta$a`baha,V,$bh,shbh,4,تَشَٰبَهَ,3,4,3,2:70
ta>osa,V,Asw,uAsw,4,تَأْسَ,3,4,3,5:26
talaq~aY`^,V,lqy,lqy,4,تَلَقَّوْنَهُۥ,4,4,4,2:37
tamaAra,V,mry,mry,4,أَفَتُمَٰرُونَهُۥ,4,4,3,42:18
tam~a,V,tmm,tmm,4,وَتَمَّتْ,2,4,3,6:115
tana`jayo,V,njw,njw,4,تَتَنَٰجَوْا۟,4,2,1,58:8
taqiy~,N,wqy,wqy,4,تَقِيًّا,2,4,2,3:102
vama`niyap,N/T,vmn,vmn,4,ثَمَٰنِيَةَ,3,4,3,6:143
vam~,LOC,,,4,ثَمَّ,2,4,4,2:115
vaqulato,V,vql,vql,4,ثَقُلَتْ,1,4,3,7:8
vubuwr,N,vbr,vbr,4,ثُبُورًا,1,3,2,25:13
wa`Eado,V,wEd,wuEd,4,تُوَاعِدُوهُنَّ,4,4,3,2:51
wa`siEap,N/ADJ,wsE,wsuE,4,وَٰسِعَةٌ,3,4,4,4:97
wabaAl,N,wbl,wbl,4,وَبَالَ,1,4,4,5:95
waquwd,N,wqd,wqd,4,وَقُودُهَا,3,4,4,2:24
wasowasa,V,wsws,wsws,4,فَوَسْوَسَ,3,4,4,7:20
"wu,riYa",V,wry,wry,4,يُوَٰرِى,3,3,2,5:31
xaAba,V,xyb,xyb,4,خَابَ,2,4,3,14:15
xabiyvap,N,xbv,xbv,4,خَبِيثَةٍ,2,3,3,7:157
xaliyl,N,xll,xll,4,خَلِيلًا,2,4,4,4:125
xaraqa,V,xrq,xrq,4,أَخَرَقْتَهَا,4,3,3,6:100
xazanat,N,xzn,xzn,4,خَزَنَتُهَآ,3,4,3,39:71
yadora&uA@,V,drA,druA,4,وَيَدْرَءُونَ,3,4,4,3:168
yaguD~u,V,gDD,guDuD,4,وَٱغْضُضْ,4,4,3,24:30
yanoHitu,V,nHt,nuHt,4,وَتَنْحِتُونَ,3,4,4,7:74
yarogabu,V,rgb,rgb,4,فَٱرْغَب,4,4,4,2:130
yasotaEotibu,V,Etb,uEtb,4,يُسْتَعْتَبُونَ,2,4,4,16:84
yasotaqodimu,V,qdm,qdm,4,يَسْتَقْدِمُونَ,2,4,4,7:34
yasuwmu,V,swm,swm,4,يَسُومُونَكُمْ,2,4,3,2:49
yatabaw~a>u,V,bwA,bwuA,4,تَبَوَّءَا,4,4,4,10:87
yatadab~aru,V,dbr,dbr,4,يَتَدَبَّرُونَ,3,4,4,4:82
yatakal~amu,V,klm,klm,4,تَكَلَّمُ,4,4,4,11:105
yaxoruSu,V,xrS,xruS,4,يَخْرُصُونَ,2,4,3,6:116
yuEojiza,V,Ejz,uEjz,4,لِيُعْجِزَهُۥ,4,3,3,8:59
yuHaAfiZu,V,HfZ,uHfuZ,4,يُحَافِظُونَ,2,4,4,2:238
yuHar~ifu,V,Hrf,uHrf,4,يُحَرِّفُونَ,2,4,3,2:75
yuHiq~a,V,Hqq,uHqq,4,وَيُحِقُّ,3,4,3,8:7
yuSal~abu,V,Slb,uSlb,4,وَلَأُصَلِّبَنَّكُمْ,3,4,4,5:33
yuboTila,V,bTl,buTl,4,تُبْطِلُوا۟,4,4,4,2:264
yudab~iru,V,dbr,dbr,4,يُدَبِّرُ,1,4,3,10:3
yugay~iru,V,gyr,gyr,4,يُغَيِّرُوا۟,3,3,3,4:119
yuwnus,PN,,,4,وَيُونُسَ,2,4,4,4:163
yuxaw~ifu,V,xwf,xwf,4,يُخَوِّفُ,3,4,3,3:175
zulofaY`^,N,zlf,zlf,4,زُلْفَىٰٓ,2,4,3,34:37
zuxoruf,N,zxrf,zxrf,4,زُخْرُفٍ,4,4,4,6:112
z~uwr,N,zwr,zwr,4,وَزُورًا,3,4,3,22:30
{hotaz~ato,V,hzz,hzz,4,تَهْتَزُّ,2,4,4,22:5
{l~a`^_#iY,REL,,,4,وَٱلَّٰٓـِٔى,2,3,3,33:4
{ntiqaAm,N,nqm,nqm,4,ٱنتِقَامٍ,1,4,4,3:4
{qotarafo,V,qrf,qrf,4,وَلِيَقْتَرِفُوا۟,4,4,3,6:113
{qotatala,V,qtl,qtl,4,ٱقْتَتَلُوا۟,3,3,3,2:253
{rotaqibo,V,rqb,rqb,4,فَٱرْتَقِبْ,3,4,3,11:93
{sotaEi*o,V,Ew*,uEwdh,4,فَٱسْتَعِذْ,1,4,4,7:200
{sotaEiynu,V,Ewn,uEwn,4,ٱسْتَعِينُوا۟,3,4,3,1:5
{sotaHab~u,V,Hbb,uHbb,4,ٱسْتَحَبُّوا۟,3,4,4,9:23
{sotaga`va,V,gwv,gwv,4,تَسْتَغِيثُونَ,4,4,4,8:9
{sotagonaY`,V,gny,gny,4,وَٱسْتَغْنَىٰ,4,4,4,64:6
{sotaxoraja,V,xrj,xrj,4,وَتَسْتَخْرِجُوا۟,4,4,4,12:76
{xotaAra,V,xyr,xyr,4,وَيَخْتَارُ,4,4,4,7:155
$aha`da`t,N,$hd,shhd,3,شَهَٰدَٰتٍۭ,2,3,2,24:6
$at~aY`,N/ADJ,$tt,shtt,3,شَتَّىٰ,2,3,3,20:53
$irob,N,$rb,shrb,3,شِرْبٌ,3,2,2,26:155
$~ahawa`t,N,$hw,shhw,3,ٱلشَّهَوَٰتِ,1,3,3,3:14
'aAkiluwn,N,Akl,uAkl,3,لَءَاكِلُونَ,2,3,3,23:20
'aAnaA^',N/T,Any,uAny,3,ءَانَآءَ,2,3,3,3:113
*aA^}iqap,N,*wq,dhwq,3,ذَآئِقَةُ,1,3,3,3:185
*aroE,N,*rE,dhruE,3,ذَرْعًا,2,3,3,11:77
*~i}ob,N,*Ab,dhuAb,3,ٱلذِّئْبُ,1,3,1,12:13
*~ul~,N,*ll,dhll,3,ٱلذُّلِّ,1,3,2,17:24
<iSor,N,ASr,uAuSr,3,إِصْرًا,3,3,3,2:286
<iToEa`m,N,TEm,uTuEm,3,إِطْعَامُ,3,3,3,5:89
<iloyaAs,PN,,,3,إِلْ يَاسِينَ,3,3,2,6:85
<iytaA'N,N,Aty,uAty,3,وَإِيتَآءَ,3,3,3,16:90
>a$oqaY,N,$qw,shqw,3,ٱلْأَشْقَى,2,3,3,87:11
>a*oqaAn,N,*qn,dhqn,3,لِلْأَذْقَانِ,2,3,2,17:107
>a*~ana,V,A*n,uAdhn,3,أَذَّنَ,3,3,3,7:44
>aDaA^'a,V,DwA,uDwuA,3,أَضَآءَ,3,3,2,2:17
>aEaz~,N,Ezz,uEzz,3,أَعَزُّ,3,3,3,11:92
>aEoZam,N/ADJ,EZm,uEuZm,3,أَعْظَمُ,2,3,3,9:20
>aEojamiY~,N/ADJ,Ejm,uEjm,3,ءَا۬عْجَمِىٌّ,3,2,2,16:103
>aHab~,ADJ/N,Hbb,uHbb,3,أَحَبُّ,2,3,2,9:24
>aHas~a,V,Hss,uHss,3,أَحَسَّ,3,3,3,3:52
>aHoDarato,V,HDr,uHuDr,3,أَحْضَرَتْ,3,3,3,4:128
>aSol,N,ASl,uAuSl,3,أَصْلُهَا,3,3,3,14:24
>aTofa>a,V,TfA,uTfuA,3,أَطْفَأَهَا,3,3,3,5:64
>aboraHa,V,brH,bruH,3,أَبْرَحَ,3,3,3,12:80
>afaA^'a,V,fyA,fyuA,3,أَفَآءَ,1,3,2,33:50
>afala,V,Afl,uAfl,3,أَفَلَ,2,3,1,6:76
>aforigo,V,frg,frg,3,أَفْرِغْ,2,3,3,2:250
>ajodaAv,N,jdv,jdv,3,ٱلْأَجْدَاثِ,1,3,3,36:51
>akonan,V,knn,knn,3,تُكِنُّ,2,3,3,2:235
>alofa,V,lfw,lfw,3,أَلْفَوْا۟,3,3,3,2:170
>alozama,V,lzm,lzm,3,أَلْزَمْنَٰهُ,3,3,3,11:28
>an$ara,V,n$r,nshr,3,أَنشَرَهُۥ,3,3,3,21:21
>aqoSaA,N/ADJ,qSw,quSw,3,أَقْصَا,2,3,3,17:1
>arodaY`,V,rdy,rdy,3,أَرْدَىٰكُمْ,3,3,3,6:137
>as~asa,V,Ass,uAss,3,أَسَّسَ,2,2,1,9:108
>atoraAb,N/ADJ,trb,trb,3,أَتْرَابًا,2,3,3,38:52
>ava`ba,V,vwb,vwb,3,فَأَثَٰبَكُمْ,3,3,3,3:153
>awojasa,V,wjs,wjs,3,فَأَوْجَسَ,2,3,3,11:70
>awotaAd,N,wtd,wtd,3,ٱلْأَوْتَادِ,2,3,3,38:12
>awova`n,N,wvn,wvn,3,أَوْثَٰنًا,2,3,2,22:30
>axobaAr,N,xbr,xbr,3,أَخْبَارَكُمْ,3,3,3,9:94
>ayoman,ADJ,ymn,ymn,3,ٱلْأَيْمَنِ,2,3,3,19:52
>ufuq,N,Afq,uAfq,3,بِٱلْأُفُقِ,2,3,3,41:53
>uf~,N,Aff,uAff,3,أُفٍّ,1,3,3,17:23
>ujaAj,N,Ajj,uAjj,3,أُجَاجٌ,2,3,3,25:53
>usowap,N,Asw,uAsw,3,أُسْوَةٌ,1,3,2,33:21
>utorifu,V,trf,trf,3,أُتْرِفُوا۟,3,3,3,11:116
A^vim,N,Avm,uAvm,3,ءَاثِمًا,3,3,3,2:283
A^xi*,N,Ax*,uAxdh,3,ءَاخِذٌۢ,3,3,3,2:267
Darob,N,Drb,uDrb,3,ضَرْبًا,3,3,3,2:273
Digov,N,Dgv,uDgv,3,أَضْغَٰثُ,2,3,3,12:44
DiyaA^',N,DwA,uDwuA,3,بِضِيَآءٍ,3,3,3,10:5
Ea$iyrat,N,E$r,uEshr,3,عَشِيرَتَكَ,3,3,3,9:24
Ea$orap,N,E$r,uEshr,3,عَشْرَةَ,1,2,2,2:60
EaASim,N,ESm,uEuSm,3,عَاصِمٍ,2,3,3,10:27
EaAjilapN,N,Ejl,uEjl,3,ٱلْعَاجِلَةَ,1,3,3,17:18
EaAqir,N,Eqr,uEqr,3,عَاقِرًا,2,3,2,3:40
Eamad,N,Emd,uEmd,3,عَمَدٍ,1,3,3,13:2
Eam~a`t,N,Emm,uEmm,3,عَمَّٰتِكَ,3,3,3,4:23
Eani,V,Ent,uEnt,3,عَنِتُّمْ,2,3,3,3:118
Eaz~aru,V,Ezr,uEzr,3,وَتُعَزِّرُوهُ,3,3,3,5:12
Eimora`n,PN,,,3,عِمْرَٰنَ,1,3,2,3:33
Eiyr,N,Eyr,uEyr,3,ٱلْعِيرُ,2,3,1,12:70
EuloyaA,ADJ/N,Elw,uElw,3,ٱلْعُلَى,3,3,2,9:40
HaA^q~ap,N,Hqq,uHqq,3,ٱلْحَآقَّةُ,1,3,1,69:1
HaAjap,N,Hwj,uHwj,3,حَاجَةً,1,3,3,12:68
HaAla,V,Hwl,uHwl,3,وَحَالَ,3,3,3,8:24
HaAsabo,V,Hsb,uHsb,3,فَحَاسَبْنَٰهَا,3,3,3,2:284
Ha`$iriyn,N,H$r,uHshr,3,حَٰشِرِينَ,1,3,2,7:111
HadaA^}iq,N,Hdq,uHdq,3,حَدَآئِقَ,2,3,3,27:60
Hakam,N,Hkm,uHkm,3,حَكَمًا,2,2,2,4:35
Hama<,N,HmA,uHmuA,3,حَمَإٍ,1,3,1,15:26
HaraSo,V,HrS,uHruS,3,تَحْرِصْ,3,3,3,4:129
Hariyr,N,Hrr,uHrr,3,حَرِيرٌ,2,3,3,22:23
Har~,N,Hrr,uHrr,3,حَرًّا,3,2,2,9:81
Har~iqu,V,Hrq,uHrq,3,حَرِّقُوهُ,2,3,3,20:97
Hasada,V,Hsd,uHsd,3,تَحْسُدُونَنَا,3,3,3,4:54
Hasana`t,N,Hsn,uHsn,3,بِٱلْحَسَنَٰتِ,3,3,3,7:168
Hasuna,V,Hsn,uHsn,3,حَسُنَتْ,3,3,3,4:69
Hazan,N,Hzn,uHzn,3,حَزَنًا,3,3,3,9:92
Hi*or,N,H*r,uHdhr,3,حِذْرَكُمْ,2,2,1,4:71
HifoZ,N,HfZ,uHfuZ,3,وَحِفْظًا,2,3,3,2:255
Himol,N,Hml,uHml,3,حِمْلًا,3,3,3,12:72
HuTa`m,N,HTm,uHuTm,3,حُطَٰمًا,1,3,3,39:21
HusobaAn,N,Hsb,uHsb,3,حُسْبَانًا,2,3,3,6:96
Sa`^f~a`t,N,Sff,uSff,3,صَٰٓفَّٰتٍ,2,3,3,24:41
Sagiyr,N,Sgr,uSgr,3,صَغِيرًا,2,3,3,2:282
SaroSar,ADJ,SrSr,uSruSr,3,صَرْصَرًا,2,3,3,41:16
Suwrap,N,Swr,uSwr,3,صُوَرَكُمْ,2,3,3,40:64
S~a`bi_#iyn,PN,SbA,uSbuA,3,وَٱلصَّٰبِـِٔينَ,2,3,3,2:62
TaAEap,N,TwE,uTwuE,3,طَاعَةٌ,1,3,3,4:81
TaAba,V,Tyb,uTyb,3,طَابَ,3,3,2,4:3
TaAla,V,Twl,uTwl,3,أَفَطَالَ,3,3,3,20:86
Tafiqa,V,Tfq,uTfq,3,وَطَفِقَا,2,3,3,7:22
Tarad,V,Trd,uTrd,3,تَطْرُدِ,3,2,2,6:52
Tawol,N,Twl,uTwl,3,ٱلطَّوْلِ,2,3,3,4:25
baATin,N,bTn,buTn,3,بَاطِنُهُۥ,3,3,2,6:120
baAg,N,bgy,bgy,3,بَاغٍ,1,3,3,2:173
baAri},N/ADJ,brA,bruA,3,بَارِئِكُمْ,2,2,2,2:54
baSurato,V,bSr,buSr,3,بَصُرْتُ,3,2,2,20:96
baTo$,N,bT$,buTsh,3,بَطْشًا,2,3,3,43:8
ba`ligap,ADJ/N,blg,blg,3,بَٰلِغَةٌ,2,3,3,6:149
bahiymap,N,bhm,bhm,3,بَهِيمَةِ,2,3,2,5:1
baqar,N,bqr,bqr,3,ٱلْبَقَرِ,2,3,2,2:70
baqiYa,V,bqy,bqy,3,أَبْقَىٰ,3,3,3,2:278
baqiy~at,N,bqy,bqy,3,بَقِيَّةٍ,3,3,2,2:248
baraka`t,N,brk,brk,3,بَرَكَٰتٍ,3,3,2,7:96
barozax,N,,,3,بَرْزَخٌ,2,3,3,23:100
bayaAn,N,byn,byn,3,بَيَانٌ,3,3,3,3:138
baya`t,N/T,byt,byt,3,بَيَٰتًا,1,3,2,7:4
bikor,ADJ/N,bkr,bkr,3,أَبْكَارًا,3,3,3,2:68
bu$or,N,b$r,bshr,3,بُشْرًۢا,1,3,3,7:57
daA^}irap,N,dwr,dwr,3,دَآئِرَةُ,2,3,3,5:52
daAniyap,N/ADJ,dnw,dnw,3,دَانِيَةٌ,2,3,3,6:99
dak~,N,dkk,dkk,3,دَكًّا,1,2,2,7:143
d~aAE,N,dEw,duEw,3,ٱلدَّاعِ,1,3,2,2:186
faA^'u,V,fyA,fyuA,3,تَفِىٓءَ,3,2,2,2:226
faAra,V,fwr,fwr,3,وَفَارَ,2,3,3,11:40
faAta,V,fwt,fwt,3,فَاتَكُمْ,1,3,3,3:153
faAza,V,fwz,fwz,3,فَازَ,2,3,3,3:185
fa`kihiyn,N,fkh,fkh,3,فَٰكِهِينَ,2,3,3,36:55
faj~,N/ADJ,fjj,fjj,3,فِجَاجًا,2,3,3,21:31
farod,N,frd,frd,3,فَرْدًا,1,3,2,19:80
fasadati,V,fsd,fsd,3,لَفَسَدَتَا,3,3,3,2:251
fataY`,N,fty,fty,3,لِفَتَىٰهُ,2,3,2,12:30
fatiyl,N,ftl,ftl,3,فَتِيلًا,1,3,2,4:49
fawa`kih,N,fkh,fkh,3,فَوَٰكِهُ,2,3,3,23:19
faziEa,V,fzE,fzuE,3,فَفَزِعَ,2,3,3,27:87
fiSaAl,N,fSl,fuSl,3,وَفِصَٰلُهُۥ,2,3,3,2:233
fidoyap,N,fdy,fdy,3,فِدْيَةٌ,2,3,2,2:184
fira`$,N,fr$,frsh,3,فُرُشٍۭ,3,3,3,2:22
fisoq,N,fsq,fsq,3,فِسْقًا,3,3,2,5:3
fitoyap,N,fty,fty,3,فِتْيَةٌ,3,3,2,12:62
furaAt,ADJ,frt,frt,3,فُرَاتٌ,2,3,3,25:53
ga$~aY`,V,g$w,gshw,3,غَشَّىٰ,3,2,2,8:11
gaA^}ibiyn,N,gyb,gyb,3,بِغَآئِبِينَ,3,3,3,7:7
ga`$iyap,N,g$w,gshw,3,غَوَاشٍ,3,3,3,7:41
gada,V,gdw,gdw,3,غَدَوْتَ,3,3,2,3:121
gamorap,N,gmr,gmr,3,غَمْرَةٍ,2,3,2,23:54
ganam,N,gnm,gnm,3,غَنَمُ,3,3,3,6:146
garuwr,N,grr,grr,3,ٱلْغَرُورُ,1,3,3,31:33
gawaY`,V,gwy,gwy,3,غَوَىٰ,3,3,3,20:121
gayov,N,gyv,gyv,3,ٱلْغَيْثَ,2,3,3,31:34
hay~in,N,hwn,hwn,3,هَيِّنٌ,2,3,2,19:9
huwd2,PN,hwd,hwd,3,هُودًا,1,3,1,2:111
jaAluwt,PN,,,3,بِجَالُوتَ,3,3,1,2:249
jaAmiE,N,jmE,jmuE,3,جَامِعُ,2,3,3,3:9
jaAr,N,jwr,jwr,3,وَٱلْجَارِ,2,2,2,4:36
ja`hiliy~ap2,PN,jhl,jhl,3,ٱلْجَٰهِلِيَّةِ,1,3,3,5:50
jahorap,N,jhr,jhr,3,جَهْرَةً,1,3,3,2:55
jawaAr,ADJ/N,jry,jry,3,ٱلْجَوَارِ,1,3,3,42:32
jayob,N,jyb,jyb,3,جَيْبِكَ,2,3,3,24:31
ji*oE,N,j*E,jdhuE,3,بِجِذْعِ,3,3,2,19:23
jiboriyl,PN,,,3,لِّجِبْرِيلَ,3,3,2,2:97
juzo',N,jzA,jzuA,3,جُزْءًا,2,3,3,2:260
kaA$if,N,k$f,kshf,3,كَاشِفَ,2,3,3,6:17
kaZiym,N,kZm,kuZm,3,كَظِيمٌ,1,3,3,12:84
kanazo,V,knz,knz,3,تَكْنِزُونَ,3,2,1,9:34
kasawo,V,ksw,ksw,3,فَكَسَوْنَا,3,3,3,2:259
kubita,V,kbt,kbt,3,كُبِتَ,3,2,2,3:127
kufuwr,N,kfr,kfr,3,كُفُورًا,1,3,2,17:89
kuroh,N,krh,krh,3,كُرْهًا,2,2,2,2:216
kuw~irato,V,kwr,kwr,3,كُوِّرَتْ,3,2,2,39:5
la`Eibiyn,N,lEb,luEb,3,لَٰعِبِينَ,2,3,2,21:16
lahab,N,lhb,lhb,3,لَهَبٍ,2,3,2,77:31
lumo,V,lwm,lwm,3,تَلُومُونِى,3,2,2,12:32
l~am~aA,EXP/NEG,,,3,لَمَّا,3,3,3,2:214
ma$oHuwn,N,$Hn,shuHn,3,ٱلْمَشْحُونِ,1,3,3,26:119
ma$o_#amap,N,$Am,shuAm,3,ٱلْمَشْـَٔمَةِ,1,2,2,56:9
ma$ohuwd,N,$hd,shhd,3,مَشْهُودًا,3,3,3,11:103
ma*omuwm,N,*mm,dhmm,3,مَذْمُومًا,2,3,2,17:18
maDaAjiE,N,DjE,uDjuE,3,ٱلْمَضَاجِعِ,2,3,3,3:154
maEiy$ap,N,Ey$,uEysh,3,مَعِيشَةً,3,3,3,20:124
maEo$ar,N,E$r,uEshr,3,يَٰمَعْشَرَ,1,3,2,6:128
maEo*irap,N,E*r,uEdhr,3,مَعْذِرَتُهُمْ,2,3,3,7:164
maHawo,V,mHw,muHw,3,فَمَحَوْنَآ,3,3,3,13:39
maHil~,N,Hll,uHll,3,مَحِلَّهُۥ,2,3,3,2:196
maHiyD,N,HyD,uHyuD,3,ٱلْمَحِيضِ,1,2,2,2:222
ma`lik,N,mlk,mlk,3,مَٰلِكَ,3,3,3,1:4
madaA^}in,N,mdn,mdn,3,ٱلْمَدَآئِنِ,1,3,2,7:111
mafaAtiH,N,ftH,ftuH,3,مَفَاتِحَهُۥ,3,3,3,6:59
mamaAt,N,mwt,mwt,3,وَمَمَاتُهُمْ,3,3,3,6:162
masoTuwr,N,sTr,suTr,3,مَسْطُورًا,2,3,3,17:58
matiyn,N/ADJ,mtn,mtn,3,مَتِينٌ,2,3,3,7:183
mavonaY`,N,vny,vny,3,مَثْنَىٰ,2,3,3,4:3
mawoluwd,N,wld,wld,3,مَوْلُودٌ,2,2,2,2:233
mawotat,N,mwt,mwt,3,مَوْتَتَنَا,3,3,2,37:59
mayomanap,N,ymn,ymn,3,ٱلْمَيْمَنَةِ,1,2,2,56:8
mayosir,N,ysr,ysr,3,وَٱلْمَيْسِرِ,2,3,2,2:219
miqodaAr,N,qdr,qdr,3,بِمِقْدَارٍ,3,3,3,13:8
mizaAj,N,mzj,mzj,3,مِزَاجُهَا,2,3,2,76:5
mu$orika`t,N,$rk,shrk,3,وَٱلْمُشْرِكَٰتِ,2,3,3,2:221
mu&otafikap,N,Afk,uAfk,3,وَٱلْمُؤْتَفِكَةَ,3,3,3,9:70
muDogap,N,mDg,muDg,3,مُضْغَةً,3,2,2,22:5
muEa`jiziyn,N,Ejz,uEjz,3,مُعَٰجِزِينَ,1,3,2,22:51
muEotad,N/ADJ,Edw,uEdw,3,مُعْتَدٍ,1,3,3,50:25
muSal~iyn,N,Slw,uSlw,3,ٱلْمُصَلِّينَ,2,3,3,70:22
muSofar~,N,Sfr,uSfr,3,مُصْفَرًّا,1,3,3,30:51
mubad~il,N,bdl,bdl,3,مُبَدِّلَ,1,3,2,6:34
muboSirap,N,bSr,buSr,3,مُبْصِرَةً,1,3,2,17:12
muhoTiEiyn,N,hTE,huTuE,3,مُهْطِعِينَ,2,3,3,14:43
muhol,N,mhl,mhl,3,كَٱلْمُهْلِ,1,3,3,18:29
munkiruwn,N,nkr,nkr,3,مُنكِرُونَ,1,3,3,12:58
munqalibuwn,N,qlb,qlb,3,مُنقَلِبُونَ,2,3,3,7:125
muntahaY`,N,nhy,nhy,3,ٱلْمُنتَهَىٰ,2,3,2,53:14
muntaqimuwn,N,nqm,nqm,3,مُنتَقِمُونَ,2,3,3,32:22
muqaAm,N,qwm,qwm,3,وَمُقَامًا,2,3,2,25:66
muqosiTiyn,N,qsT,qsuT,3,ٱلْمُقْسِطِينَ,1,3,3,5:42
murosaY`,N,rsw,rsw,3,مُرْسَىٰهَا,2,3,3,7:187
musax~ara`t,N,sxr,sxr,3,مُسَخَّرَٰتٌۢ,3,3,2,7:54
mut~axi*,N,Ax*,uAxdh,3,مُتَّخِذَ,3,3,3,4:25
muxorij,N,xrj,xrj,3,مُخْرِجٌ,2,3,3,2:72
muxotaAl,ADJ/N,xyl,xyl,3,مُخْتَالٍ,2,3,3,4:36
m~a$orab,N,$rb,shrb,3,مَّشْرَبَهُمْ,2,3,3,2:60
m~adoHuwr,N,dHr,duHr,3,مَّدْحُورًا,1,3,2,7:18
m~agoram,N,grm,grm,3,مَّغْرَمٍ,2,3,3,9:98
m~aloja<,N,ljA,ljuA,3,مَلْجَأَ,3,3,2,9:57
m~arofuwEap,ADJ/N,rfE,rfuE,3,مَّرْفُوعَةٍ,2,3,3,56:34
m~asonuwn,N,snn,snn,3,مَّسْنُونٍ,1,3,1,15:26
m~awaADiE,N,wDE,wuDuE,3,مَّوَاضِعِهِۦ,2,3,2,4:46
m~awoviq,N,wvq,wvq,3,مَوْثِقًا,3,2,1,12:66
m~idoraAr,N,drr,drr,3,مِّدْرَارًا,1,3,3,6:6
m~uDil~,N,Dll,uDll,3,مُّضِلٌّ,3,3,3,18:51
m~ubay~ina`t,ADJ/N,byn,byn,3,مُّبَيِّنَٰتٍ,2,3,2,24:34
m~ubay~inap,ADJ/N,byn,byn,3,مُّبَيِّنَةٍ,1,3,3,4:19
m~udoxal,N,dxl,dxl,3,مُّدْخَلًا,2,3,3,4:31
m~uhotad,N,hdy,hdy,3,ٱلْمُهْتَدِ,2,3,3,17:97
m~uloquwn,N,lqy,lqy,3,مُّلْقُونَ,2,3,3,7:115
m~uqar~aniyn,N/ADJ,qrn,qrn,3,مُّقَرَّنِينَ,2,3,3,14:49
m~usal~amap,ADJ,slm,slm,3,مُّسَلَّمَةٌ,2,2,2,2:71
m~usaw~amap,N/ADJ,swm,swm,3,مُّسَوَّمَةً,2,3,3,3:14
m~usotaqir~,N,qrr,qrr,3,مُّسْتَقِرٌّ,2,3,2,27:40
m~utarab~iS,N,rbS,rbuS,3,مُّتَرَبِّصٌ,3,3,3,9:52
naASiyap,N,nSy,nuSy,3,بِنَاصِيَتِهَآ,3,3,2,11:56
na_#aA,V,nAy,nuAy,3,وَنَـَٔا,2,3,3,6:26
nafar,N,nfr,nfr,3,نَفَرًا,2,3,3,18:34
naka`l,N,nkl,nkl,3,نَكَٰلًا,2,3,3,2:66
nasab,N,nsb,nsb,3,نَسَبًا,2,3,3,23:101
nawom,N,nwm,nwm,3,نَوْمٌ,3,3,3,2:255
nifaAq,N,nfq,nfq,3,نِفَاقًا,3,3,1,9:77
nu$irato,V,n$r,nshr,3,نُشِرَتْ,3,3,3,18:16
nuSub,N,nSb,nuSb,3,نُصُبٍ,3,3,2,5:3
nusifato,V,nsf,nsf,3,لَنَنسِفَنَّهُۥ,3,3,2,20:97
n~a$o>ap,N,n$A,nshuA,3,ٱلنَّشْأَةَ,1,3,3,29:20
n~ukor,ADJ,nkr,nkr,3,نُّكْرًا,1,3,2,18:74
qaAhir,N,qhr,qhr,3,ٱلْقَاهِرُ,2,3,2,6:18
qa`Sira`t,N,qSr,quSr,3,قَٰصِرَٰتُ,1,3,3,37:48
qa`nita`t,N/ADJ,qnt,qnt,3,قَٰنِتَٰتٌ,3,3,3,4:34
qa`siyap,N,qsw,qsw,3,قَٰسِيَةً,3,3,3,5:13
qadiym,ADJ,qdm,qdm,3,ٱلْقَدِيمِ,2,3,3,12:95
qaroH,N,qrH,qruH,3,قَرْحٌ,2,2,1,3:140
qasato,V,qsw,qsw,3,قَسَتْ,2,3,3,2:74
qawaAEid,N,qEd,quEd,3,وَٱلْقَوَٰعِدُ,3,3,3,2:127
qawaAriyraA,N,qrr,qrr,3,قَوَارِيرَ,3,3,2,27:44
qaw~a`miyn,N,qwm,qwm,3,قَوَّٰمِينَ,2,3,2,4:34
qay~uwm,ADJ,qwm,qwm,3,ٱلْقَيُّومُ,2,3,3,2:255
qinTaAr,N,qnTr,qnuTr,3,بِقِنطَارٍ,3,3,2,3:14
qiradap,N,qrd,qrd,3,قِرَدَةً,2,3,3,2:65
qisomap,N,qsm,qsm,3,قِسْمَةٌ,3,3,3,4:8
qubul,N,qbl,qbl,3,قُبُلًا,2,3,3,6:111
qurobaAn,N,qrb,qrb,3,قُرْبَانًا,2,3,3,3:183
qur~ap,N,qrr,qrr,3,قُرَّةَ,3,3,3,25:74
raA^d~,N,rdd,rdd,3,رَآدَّ,3,3,2,10:107
raAga,V,rwg,rwg,3,فَرَاغَ,1,3,2,37:91
raAgib,N,rgb,rgb,3,رَٰغِبُونَ,2,3,3,9:59
raHol,N,rHl,ruHl,3,رَحْلِ,3,3,1,12:62
rab~a`niy~in,N,rbb,rbb,3,رَبَّٰنِيِّۦنَ,3,3,2,3:79
ragad,ADJ/N,rgd,rgd,3,رَغَدًا,1,3,2,2:35
rahoT,N,rhT,rhuT,3,أَرَهْطِىٓ,3,3,2,11:91
rajoE,N,rjE,rjuE,3,رَجْعٌۢ,3,3,2,50:3
ri}aA^',N,rAy,ruAy,3,رِئَآءَ,2,3,3,2:264
ruhoba`n,N,rhb,rhb,3,وَرُهْبَانًا,3,3,2,5:82
r~a$iyd,ADJ/N,r$d,rshd,3,بِرَشِيدٍ,3,3,1,11:78
r~abaTo,V,rbT,rbuT,3,رَّبَطْنَا,3,3,3,8:11
r~awoH,N,rwH,rwuH,3,رَّوْحِ,2,2,2,12:87
r~um~aAn,N,rmn,rmn,3,وَٱلرُّمَّانَ,2,3,2,6:99
saAfil,N,sfl,sfl,3,سَافِلَهَا,2,3,3,11:82
saHar,N,sHr,suHr,3,بِسَحَرٍ,3,3,3,3:17
saHaru,V,sHr,suHr,3,تُسْحَرُونَ,3,3,2,7:116
sakan,N,skn,skn,3,سَكَنًا,2,3,3,6:96
samiyn,ADJ,smn,smn,3,سِمَانٍ,2,3,2,12:43
samuwm,N,smm,smm,3,ٱلسَّمُومِ,2,3,3,15:27
sara`biyl,N,srbl,srbl,3,سَرَابِيلُهُم,3,2,2,14:50
sar~iHu,V,srH,sruH,3,سَرِّحُوهُنَّ,3,3,2,2:231
say~aArap,N,syr,syr,3,سَيَّارَةٌ,3,3,2,5:96
say~id,N,swd,swd,3,سَادَتَنَا,3,3,3,3:39
sij~iyl,N,sjl,sjl,3,سِجِّيلٍ,1,3,3,11:82
silosilap,N,slsl,slsl,3,سَلَٰسِلَا۟,3,3,3,40:71
suka`raY`,N,skr,skr,3,سُكَٰرَىٰ,2,2,2,4:43
sundus,N,,,3,سُندُسٍ,1,3,3,18:31
suqiTa,V,sqT,squT,3,تَسْقُطُ,3,3,3,6:59
s~aAmiriY~,PN,smr,smr,3,ٱلسَّامِرِىُّ,2,3,1,20:85
s~aAriq,N,srq,srq,3,سَٰرِقِينَ,3,3,2,5:38
s~alowaY`,N,slw,slw,3,وَٱلسَّلْوَىٰ,1,3,3,2:57
s~uHot,N,sHt,suHt,3,ٱلسُّحْتَ,2,3,1,5:42
s~udus,N,sds,sds,3,ٱلسُّدُسُ,1,2,1,4:11
ta>ax~ara,V,Axr,uAxr,3,تَأَخَّرَ,2,3,3,2:203
taAbiE,N,tbE,tbuE,3,بِتَابِعٍ,2,2,2,2:145
taArik,N,trk,trk,3,بِتَارِكِىٓ,3,3,2,11:12
taDar~uE,N,DrE,uDruE,3,تَضَرُّعًا,1,3,2,6:63
taHowiyl,N,Hwl,uHwl,3,تَحْوِيلًا,1,3,2,17:56
taloqafu,V,lqf,lqf,3,تَلْقَفُ,2,3,3,7:117
taman~aY`^,V,mny,mny,3,تَمَنَّوْا۟,3,3,3,22:52
tamiyda,V,myd,myd,3,تَمِيدَ,1,3,3,16:15
tanfu*u,V,nf*,nfdh,3,تَنفُذُوا۟,3,1,1,55:33
tanta$iru,V,n$r,nshr,3,فَٱنتَشِرُوا۟,2,3,3,30:20
tasoliym,N,slm,slm,3,تَسْلِيمًا,2,3,2,4:65
tayam~amu,V,ymm,ymm,3,فَتَيَمَّمُوا۟,2,3,3,2:267
tiloqaA^',N/LOC,lqy,lqy,3,تِلْقَآءَ,2,3,3,7:47
tuHad~ivu,V,Hdv,uHdv,3,أَتُحَدِّثُونَهُم,3,3,3,2:76
tunkiHu,V,nkH,nkuH,3,أُنكِحَكَ,3,3,3,2:221
tuqosiTu,V,qsT,qsuT,3,تُقْسِطُوا۟,3,3,3,4:3
turojiY,V,rjw,rjw,3,أَرْجِهْ,2,3,3,7:111
tusoqiTa,V,sqT,squT,3,تُسْقِطَ,3,3,3,17:92
vul~ap,N,vll,vll,3,ثُلَّةٌ,2,3,1,56:13
waAbil,N,wbl,wbl,3,وَابِلٌ,1,2,1,2:264
waAq,N,wqy,wqy,3,وَاقٍ,1,3,2,13:34
waArid,N,wrd,wrd,3,وَارِدَهُمْ,3,3,3,12:19
wah~aAb,N/ADJ,whb,whb,3,ٱلْوَهَّابُ,2,3,2,3:8
wajilato,V,wjl,wjl,3,وَجِلَتْ,2,3,3,8:2
waqot,N,wqt,wqt,3,ٱلْوَقْتِ,2,3,3,7:187
wazon,N,wzn,wzn,3,وَزْنًا,3,3,3,7:8
wiEaA^',N,wEy,wuEy,3,وِعَآءِ,2,1,1,12:76
wuqifu,V,wqf,wqf,3,وُقِفُوا۟,2,3,2,6:27
w~azanu,V,wzn,wzn,3,وَزِنُوا۟,2,3,3,17:35
xaATaba,V,xTb,xuTb,3,تُخَٰطِبْنِى,2,3,3,11:37
xaA^}if,N,xwf,xwf,3,خَآئِفًا,2,3,2,2:114
xaA^}iniyn,N,xwn,xwn,3,ٱلْخَآئِنِينَ,2,3,3,4:105
xaArij,N,xrj,xrj,3,بِخَٰرِجِينَ,2,3,3,2:167
xaAsi},ADJ/N,xsA,xsuA,3,خَٰسِـِٔينَ,2,3,3,2:65
xaSom,N,xSm,xuSm,3,خَصْمَانِ,2,3,2,22:19
xaTifa,V,xTf,xuTf,3,خَطِفَ,3,3,3,2:20
xa`la`t,N,xwl,xwl,3,خَٰلَٰتِكَ,3,3,3,4:23
xaf~ato,V,xff,xff,3,خَفَّتْ,1,3,3,7:9
xamosap,N,xms,xms,3,بِخَمْسَةِ,3,3,3,3:125
xasaAr,N,xsr,xsr,3,خَسَارًا,1,3,3,17:82
xaw~ala,V,xwl,xwl,3,خَوَّلَهُۥ,3,3,2,6:94
xiTaAb,N,xTb,xuTb,3,ٱلْخِطَابِ,2,3,2,38:20
xusoraAn,N,xsr,xsr,3,ٱلْخُسْرَانُ,2,3,3,4:119
ya$~aq~aqu,V,$qq,shqq,3,تَشَقَّقُ,2,3,3,2:74
ya>olamu,V,Alm,uAlm,3,تَأْلَمُونَ,2,1,1,4:104
yaEoSimu,V,ESm,uEuSm,3,يَعْصِمُكَ,3,3,3,5:67
yaEodu,V,Edw,uEdw,3,تَعْدُ,3,3,3,4:154
yaHotasibu,V,Hsb,uHsb,3,يَحْتَسِبُ,3,3,3,39:47
yaTa_#u,V,wTA,wuTuA,3,تَطَـُٔوهَا,3,3,3,9:120
ya_#uws,N,yAs,yuAs,3,فَيَـُٔوسٌ,3,3,3,11:9
yad~aEu,V,dEw,duEw,3,تَدَّعُونَ,2,3,3,36:57
yagiyZu,V,gyZ,gyuZ,3,يَغِيظُ,2,3,3,9:120
yajo_#aru,V,jAr,juAr,3,تَجْـَٔرُوا۟,3,3,2,16:53
yajorima,V,jrm,jrm,3,يَجْرِمَنَّكُمْ,1,3,2,5:2
yakofulu,V,kfl,kfl,3,يَكْفُلُ,3,3,3,3:44
yalija,V,wlj,wlj,3,يَلِجُ,2,3,3,7:40
yalo,V,lwy,lwy,3,تَلْوُۥنَ,3,3,2,3:78
yalomizu,V,lmz,lmz,3,تَلْمِزُوٓا۟,3,3,2,9:58
yamiylu,V,myl,myl,3,تَمِيلُوا۟,2,3,1,4:27
yarohabu,V,rhb,rhb,3,فَٱرْهَبُونِ,2,3,3,2:40
yarokuDu,V,rkD,rkuD,3,تَرْكُضُوا۟,3,3,2,21:12
yaroqubu,V,rqb,rqb,3,تَرْقُبْ,3,3,2,9:8
yaso_#amu,V,sAm,suAm,3,تَسْـَٔمُوٓا۟,3,3,2,2:282
yasotaEofifo,V,Eff,uEff,3,فَلْيَسْتَعْفِفْ,3,3,2,4:6
yasotabodilo,V,bdl,bdl,3,أَتَسْتَبْدِلُونَ,3,3,3,2:61
yasotafiz~a,V,fzz,fzz,3,لَيَسْتَفِزُّونَكَ,3,3,1,17:64
yasotaxofu,V,xfy,xfy,3,يَسْتَخْفُونَ,2,2,2,4:108
yataDar~aEu,V,DrE,uDruE,3,يَتَضَرَّعُونَ,2,3,3,6:42
yataEad~a,V,Edw,uEdw,3,يَتَعَدَّ,2,3,3,2:229
yatabad~ali,V,bdl,bdl,3,تَبَدَّلَ,3,3,3,2:108
yataxaT~afa,V,xTf,xuTf,3,نُتَخَطَّفْ,3,3,3,8:26
yu*ab~iHu,V,*bH,dhbuH,3,وَيُذَبِّحُونَ,3,3,3,2:49
yuDaA^r~a,V,Drr,uDrr,3,تُضَآرَّ,3,3,2,2:233
yuHodivu,V,Hdv,uHdv,3,يُحْدِثُ,2,3,3,18:70
yubodila,V,bdl,bdl,3,يُبْدِلَنَا,3,3,3,18:81
yubodi}u,V,bdA,bduA,3,يُبْدِئُ,1,3,3,29:19
yula`qu,V,lqy,lqy,3,يُلَٰقُوا۟,1,3,3,43:83
yuloHidu,V,lHd,luHd,3,يُلْحِدُونَ,1,3,3,7:180
yumil~a,V,mll,mll,3,فَلْيُمْلِلْ,3,1,1,2:282
yumonaY`,V,mny,mny,3,تُمْنَىٰ,3,3,3,53:46
yunkiru,V,nkr,nkr,3,تُنكِرُونَ,3,3,3,13:36
yuroDu,V,rDw,ruDw,3,لِيُرْضُوكُمْ,3,2,1,9:8
yurohiqa,V,rhq,rhq,3,تُرْهِقْنِى,3,3,2,18:73
yusojana,V,sjn,sjn,3,لَيَسْجُنُنَّهُۥ,3,3,1,12:25
yuwzaEu,V,wzE,wzuE,3,يُوزَعُونَ,1,3,2,27:17
zaAla,V,zwl,zwl,3,تَزُولَا,3,2,2,14:46
zaAn,N,zny,zny,3,زَانٍ,3,2,1,24:2
zaAniyap,N,zny,zny,3,زَانِيَةً,3,2,1,24:2
zabad,N,zbd,zbd,3,زَبَدًا,3,1,1,13:17
zabuwr,PN,zbr,zbr,3,زَبُورًا,2,3,3,4:163
zafiyr,N,zfr,zfr,3,زَفِيرٌ,2,3,3,11:106
zahaqa,V,zhq,zhq,3,وَتَزْهَقَ,2,3,2,9:55
zaq~uwm,PN,zqm,zqm,3,ٱلزَّقُّومِ,2,3,3,37:62
zulozilu,V,zlzl,zlzl,3,وَزُلْزِلُوا۟,2,3,3,2:214
{Eotarafu,V,Erf,uErf,3,فَٱعْتَرَفُوا۟,3,3,3,9:102
{Hotamala,V,Hml,uHml,3,فَٱحْتَمَلَ,3,3,3,4:112
{SoTabiro,V,Sbr,uSbr,3,وَٱصْطَبِرْ,1,3,3,19:65
{T~ay~aro,V,Tyr,uTyr,3,تَطَيَّرْنَا,3,3,3,7:131
{boyaD~ato,V,byD,byuD,3,تَبْيَضُّ,3,3,2,3:106
{d~a`raka,V,drk,drk,3,تَدَٰرَكَهُۥ,3,3,3,7:38
{mosaHu,V,msH,msuH,3,فَٱمْسَحُوا۟,2,2,2,4:43
{nfaD~u,V,fDD,fuDuD,3,لَٱنفَضُّوا۟,3,3,3,3:159
{rotaDaY`,V,rDw,ruDw,3,ٱرْتَضَىٰ,1,3,3,21:28
{sotafotaHu,V,ftH,ftuH,3,تَسْتَفْتِحُوا۟,3,3,3,2:89
{sotakovaro,V,kvr,kvr,3,تَسْتَكْثِرُ,3,3,3,6:128
{sotamosaka,V,msk,msk,3,ٱسْتَمْسَكَ,2,3,3,2:256
{sotankafu,V,nkf,nkf,3,يَسْتَنكِفَ,3,2,1,4:172
{sotaxaf~a,V,xff,xff,3,تَسْتَخِفُّونَهَا,3,3,3,16:80
{xofiDo,V,xfD,xfuD,3,وَٱخْفِضْ,1,3,3,15:88
{xotalaTa,V,xlT,xluT,3,فَٱخْتَلَطَ,2,3,3,6:146
$aTaT,N,$TT,shuTuT,2,شَطَطًا,1,2,2,18:14
$a`fiEiyn,N,$fE,shfuE,2,شَٰفِعِينَ,2,2,2,26:100
$afaA,N,$fw,shfw,2,شَفَا,1,2,2,3:103
$ahiyq,N,$hq,shhq,2,شَهِيقًا,2,2,2,11:106
$ahowap,N,$hw,shhw,2,شَهْوَةً,1,2,2,7:81
$amaA^}il,N,$ml,shml,2,شَمَآئِلِهِمْ,2,2,2,7:17
$ana_#aAn,N,$nA,shnuA,2,شَنَـَٔانُ,1,2,1,5:2
$aqaqo,V,$qq,shqq,2,أَشُقَّ,2,2,2,28:27
$araEa,V,$rE,shruE,2,شَرَعَ,2,2,1,42:13
$ukuwr,N,$kr,shkr,2,شُكُورًا,1,2,2,25:62
$~iEor,N,$Er,shuEr,2,وَأَشْعَارِهَآ,2,2,2,16:80
'aA*an,V,A*n,uAdhn,2,ءَاذَنتُكُمْ,2,2,2,21:109
'aAniyap,ADJ/N,Any,uAny,2,ءَانِيَةٍ,2,2,2,76:15
'aAzifap,N,Azf,uAzf,2,ٱلْءَازِفَةُ,2,2,2,40:18
*aA^}iquwA,N,*wq,dhwq,2,لَذَآئِقُوا۟,2,2,1,37:31
*aluwl,ADJ/N,*ll,dhll,2,ذَلُولًا,2,2,2,2:71
*anuwb,N,*nb,dhnb,2,ذَنُوبًا,2,1,1,51:59
*im~ap,N,*mm,dhmm,2,ذِمَّةً,1,2,1,9:8
*iraAE,N,*rE,dhruE,2,ذِرَاعًا,2,2,2,18:18
*ubaAb,N,*bb,dhbb,2,ذُبَابًا,2,1,1,22:73
*ul~ilato,V,*ll,dhll,2,وَذَلَّلْنَٰهَا,2,2,2,36:72
*~a`kiriyn,N,*kr,dhkr,2,لِلذَّٰكِرِينَ,2,2,2,11:114
<iEoraAD,N,ErD,uEruD,2,إِعْرَاضًا,2,2,2,4:128
<ibil,N,Abl,uAbl,2,ٱلْإِبِلِ,1,2,2,6:144
<iboka`r,N,bkr,bkr,2,وَٱلْإِبْكَٰرِ,1,2,2,3:41
<idoriys,PN,,,2,إِدْرِيسَ,2,2,2,19:56
<ikoraAh,N,krh,krh,2,إِكْرَاهَ,2,2,2,2:256
<ikoraAm,N,krm,krm,2,وَٱلْإِكْرَامِ,1,2,1,55:27
<ila`f,N,Alf,uAlf,2,إِۦلَٰفِهِمْ,2,2,1,106:1
<il~,N,All,uAll,2,إِلًّا,1,2,1,9:8
<imola`q,N,mlq,mlq,2,إِمْلَٰقٍ,1,2,2,6:151
<iqaAm,N,qwm,qwm,2,وَإِقَامَ,2,2,2,21:73
<isoraAf,N,srf,srf,2,إِسْرَافًا,2,2,2,3:147
<isoraAr,N,srr,srr,2,إِسْرَارًا,2,2,2,47:26
>a$ir,ADJ,A$r,uAshr,2,أَشِرٌ,2,2,1,54:25
>a$ofaqo,V,$fq,shfq,2,ءَأَشْفَقْتُمْ,2,2,2,33:72
>a$otaAt,N,$tt,shtt,2,أَشْتَاتًا,1,2,2,24:61
>a*al~,N,*ll,dhll,2,ٱلْأَذَلَّ,2,2,2,58:20
>aDoEaf,N,DEf,uDuEf,2,أَضْعَفُ,2,2,2,19:75
>aDoga`n,N,Dgn,uDgn,2,أَضْغَٰنَكُمْ,2,2,1,47:29
>aEaAna,V,Ewn,uEwn,2,فَأَعِينُونِى,2,2,2,18:95
>aEojaAz,N,Ejz,uEjz,2,أَعْجَازُ,1,2,2,54:20
>aEola`m,N,Elm,uElm,2,كَٱلْأَعْلَٰمِ,1,2,2,42:32
>aEolawon,N,Elw,uElw,2,ٱلْأَعْلَوْنَ,1,2,2,3:139
>aEoraAf,N,Erf,uErf,2,ٱلْأَعْرَافِ,1,2,1,7:46
>aEoraj,N,Erj,uErj,2,ٱلْأَعْرَجِ,1,2,2,24:61
>aHokam,N,Hkm,uHkm,2,أَحْكَمُ,2,2,2,11:45
>aSa`biE,N,SbE,uSbuE,2,أَصَٰبِعَهُمْ,1,2,2,2:19
>aSodaq,N,Sdq,uSdq,2,أَصْدَقُ,1,2,1,4:87
>aSofaAd,N,Sfd,uSfd,2,ٱلْأَصْفَادِ,1,2,2,14:49
>aSofaY`,V,Sfw,uSfw,2,أَفَأَصْفَىٰكُمْ,2,2,2,17:40
>aSogar,N,Sgr,uSgr,2,أَصْغَرَ,2,2,2,10:61
>aboraS,N,brS,bruS,2,وَٱلْأَبْرَصَ,1,2,2,3:49
>adolaY`,V,dlw,dlw,2,فَأَدْلَىٰ,2,2,2,2:188
>af~aAk,N,Afk,uAfk,2,أَفَّاكٍ,1,2,2,26:222
>agorayo,V,grw,grw,2,فَأَغْرَيْنَا,2,2,2,5:14
>aha`na,V,hwn,hwn,2,أَهَٰنَنِ,2,2,2,22:18
>aj~ala,V,Ajl,uAjl,2,أَجَّلْتَ,2,2,2,6:128
>akomaAm,N,kmm,kmm,2,أَكْمَامِهَا,2,2,2,41:47
>akomah,N,kmh,kmh,2,ٱلْأَكْمَهَ,1,2,2,3:49
>akomalo,V,kml,kml,2,أَكْمَلْتُ,2,2,2,2:185
>akoram,ADJ/N,krm,krm,2,أَكْرَمَكُمْ,2,2,2,49:13
>akovaru,V,kvr,kvr,2,فَأَكْثَرُوا۟,2,2,2,11:32
>ama`nat,N,Amn,uAmn,2,أَمَٰنَتَهُۥ,2,2,2,2:283
>amal,N,Aml,uAml,2,أَمَلًا,2,2,2,15:3
>amanap,N,Amn,uAmn,2,أَمَنَةً,1,2,2,3:154
>amap,N,Amw,uAmw,2,وَإِمَآئِكُمْ,2,2,2,2:221
>anSitu,V,nSt,nuSt,2,أَنصِتُوا۟,2,2,2,7:204
>anTaqa,V,nTq,nuTq,2,أَنطَقَ,2,1,1,41:21
>anf,N,Anf,uAnf,2,بِٱلْأَنفِ,2,1,1,5:45
>anfaAl,N,nfl,nfl,2,ٱلْأَنفَالُ,2,1,1,8:1
>aqal~,N,qll,qll,2,أَقَلَّ,2,2,2,18:39
>aqoTaAr,N,qTr,quTr,2,أَقْطَارِ,2,2,2,33:14
>aqosaT,N,qsT,qsuT,2,أَقْسَطُ,1,2,2,2:282
>arobaY`,V,rbw,rbw,2,أَرْبَىٰ,2,2,2,2:276
>arokasa,V,rks,rks,2,أَرْكَسَهُم,2,2,1,4:88
>asaf,N,Asf,uAsf,2,أَسَفًا,2,2,2,12:84
>asif,N,Asf,uAsf,2,أَسِفًا,1,2,2,7:150
>asofaAr,N,sfr,sfr,2,أَسْفَارًۢا,2,2,2,34:19
>asolafato,V,slf,slf,2,أَسْلَفَتْ,2,2,2,10:30
>asoraE,N,srE,sruE,2,أَسْرَعُ,1,2,2,6:62
>asowa>,N,swA,swuA,2,أَسْوَأَ,1,2,2,39:35
>atoqaY,N,wqy,wqy,2,أَتْقَىٰكُمْ,2,2,2,49:13
>ava`v,N,Avv,uAvv,2,أَثَٰثًا,1,2,2,16:80
>avomara,V,vmr,vmr,2,أَثْمَرَ,1,2,1,6:99
>avoxan,V,vxn,vxn,2,أَثْخَنتُمُوهُمْ,2,2,2,8:67
>awoEaY`^,V,wEy,wuEy,2,فَأَوْعَىٰٓ,2,2,2,70:18
>awodiyap,N,wdy,wdy,2,أَوْدِيَةٌۢ,2,2,2,13:17
>awofaY`2,ADJ/N,wfy,wfy,2,أَوْفَىٰ,2,2,2,9:111
>awosaT,N,wsT,wsuT,2,أَوْسَطُهُمْ,2,2,2,5:89
>awoziEo,V,wzE,wzuE,2,أَوْزِعْنِىٓ,1,2,2,27:19
>aw~a`h,N,Awh,uAwh,2,أَوَّٰهٌ,2,2,2,9:114
>axoTa>o,V,xTA,xuTuA,2,أَخْطَأْتُم,2,2,2,2:286
>axobatu,V,xbt,xbt,2,فَتُخْبِتَ,2,2,2,11:23
>axodaAn,N,xdn,xdn,2,أَخْدَانٍ,1,2,2,4:25
>axolaSu,V,xlS,xluS,2,أَخْلَصْنَٰهُم,2,2,2,4:146
>axolada,V,xld,xld,2,أَخْلَدَ,2,2,2,7:176
>ayoyd,N,Ayd,uAyd,2,بِأَيْي۟دٍ,2,2,2,38:17
>ay~atuhaA,N,,,2,أَيَّتُهَا,2,2,2,12:70
>azaAga,V,zyg,zyg,2,أَزَاغَ,2,2,2,3:8
>azola`m,N,zlm,zlm,2,بِٱلْأَزْلَٰمِ,2,2,1,5:3
>uHoSiru,V,HSr,uHuSr,2,أُحْصِرُوا۟,2,2,1,2:196
>uHokimato,V,Hkm,uHkm,2,أُحْكِمَتْ,2,2,2,11:1
>ubosilu,V,bsl,bsl,2,أُبْسِلُوا۟,2,1,1,6:70
DaA^r~,N,Drr,uDrr,2,بِضَآرِّهِمْ,2,2,2,2:102
DaEufa,V,DEf,uDuEf,2,ضَعُفَ,2,2,2,3:146
Dayoq,N,Dyq,uDyq,2,ضَيْقٍ,1,2,2,16:127
Day~iq,ADJ/N,Dyq,uDyq,2,ضَيِّقًا,1,2,2,6:125
DiraAr,N,Drr,uDrr,2,ضِرَارًا,1,2,2,2:231
Ea$arap,N,E$r,uEshr,2,عَشَرَةٌ,2,2,2,2:196
Ea*ob,N,E*b,uEdhb,2,عَذْبٌ,1,2,2,25:53
EaASif,ADJ/N,ESf,uEuSf,2,عَاصِفٌ,2,2,2,10:22
EaAliyap,ADJ,Elw,uElw,2,عَالِيَةٍ,1,2,2,69:22
EaAliyn,ADJ/N,Elw,uElw,2,عَالِينَ,2,2,2,23:46
EaAriD,N,ErD,uEruD,2,عَارِضًا,2,1,1,46:24
EaDud,N,EDd,uEuDd,2,عَضُدًا,2,2,2,18:51
EaD~u,V,EDD,uEuDuD,2,عَضُّوا۟,2,2,2,3:119
EaSiy~,ADJ/N,ESy,uEuSy,2,عَصِيًّا,1,2,1,19:14
EaSof,N,ESf,uEuSf,2,كَعَصْفٍ,2,2,2,55:12
EaZom,N,EZm,uEuZm,2,بِعَظْمٍ,2,2,2,6:146
Eabasa,V,Ebs,uEbs,2,عَبَسَ,1,2,2,74:22
Eadow,N,Edw,uEdw,2,عَدْوًۢا,2,2,2,6:108
Ead~,N,Edd,uEdd,2,عَدًّا,1,2,1,19:84
Eafow,N,Efw,uEfw,2,ٱلْعَفْوَ,1,2,2,2:219
Eajiyb,ADJ,Ejb,uEjb,2,عَجِيبٌ,1,2,2,11:72
EamFY,N,Emy,uEmy,2,عَمًى,2,2,1,41:17
Eamuwn,ADJ/N,Emy,uEmy,2,عَمُونَ,2,2,2,7:64
Eam~,N,Emm,uEmm,2,أَعْمَٰمِكُمْ,2,2,2,24:61
Eankabuwt,N,Enkb,uEnkb,2,ٱلْعَنكَبُوتِ,1,1,1,29:41
Eaqabap,N,Eqb,uEqb,2,ٱلْعَقَبَةَ,2,2,1,90:11
EaraA^',N,Ery,uEry,2,بِٱلْعَرَآءِ,1,2,2,37:145
Ear~afa,V,Erf,uErf,2,عَرَّفَ,2,2,2,47:6
Easiyr,ADJ,Esr,uEsr,2,عَسِيرًا,2,2,2,25:26
Eatiyd,ADJ/N,Etd,uEtd,2,عَتِيدٌ,1,2,1,50:18
Eatiyq,ADJ,Etq,uEtq,2,ٱلْعَتِيقِ,1,2,1,22:29
Eayiy,V,Eyy,uEyy,2,أَفَعَيِينَا,2,2,2,46:33
Ei$aA^',N,E$w,uEshw,2,عِشَآءً,2,2,2,12:16
EiSiy~,N,ESw,uEuSw,2,وَعِصِيَّهُمْ,2,2,2,20:66
Eihon,N,Ehn,uEhn,2,كَٱلْعِهْنِ,1,2,2,70:9
EijaAf,ADJ,Ejf,uEjf,2,عِجَافٌ,1,2,1,12:43
Eil~iy~iyn,N,Elw,uElw,2,عِلِّيُّونَ,2,2,1,83:18
Eitiy~,N,Etw,uEtw,2,عِتِيًّا,1,2,1,19:8
Eiy$ap,N,Ey$,uEysh,2,عِيشَةٍ,1,2,2,69:21
Eu*or,N,E*r,uEdhr,2,عُذْرًا,1,2,2,18:76
Eudowap,N,Edw,uEdw,2,بِٱلْعُدْوَةِ,1,1,1,8:42
Eumorap,N,Emr,uEmr,2,بِٱلْعُمْرَةِ,2,1,1,2:196
Eurof,N,Erf,uErf,2,بِٱلْعُرْفِ,2,2,2,7:199
Eurowap,N,Erw,uErw,2,بِٱلْعُرْوَةِ,1,2,2,2:256
Eusorap,N,Esr,uEsr,2,عُسْرَةٍ,2,2,2,2:280
Eutuw~,N,Etw,uEtw,2,عُتُوًّا,2,2,2,25:21
Ha$or,N,H$r,uHshr,2,حَشْرٌ,2,2,2,50:44
Ha*ar,N,H*r,uHdhr,2,حَذَرَ,1,2,1,2:19
HaADirap,ADJ/N,HDr,uHuDr,2,حَاضِرَةً,2,2,2,2:282
HaA^d~a,V,Hdd,uHdd,2,حَآدَّ,2,2,2,9:63
HaAmiyap,ADJ,Hmy,uHmy,2,حَامِيَةً,2,2,2,88:4
HaAraba,V,Hrb,uHrb,2,حَارَبَ,2,2,2,5:33
HaSirato,V,HSr,uHuSr,2,حَصِرَتْ,2,2,2,4:90
HaTab,N,HTb,uHuTb,2,حَطَبًا,2,2,2,72:15
Ha`$,N,Hw$,uHwsh,2,حَٰشَ,1,2,1,12:31
Ha`fiZa`t,N,HfZ,uHfuZ,2,حَٰفِظَٰتٌ,2,2,2,4:34
Ha`sibiyn,N,Hsb,uHsb,2,حَٰسِبِينَ,2,2,2,6:62
Hafiy~,N,Hfw,uHfw,2,حَفِىٌّ,2,2,2,7:187
Hajar,N,Hjr,uHjr,2,ٱلْحَجَرَ,1,2,2,2:60
Hamiy~ap,N,Hmy,uHmy,2,حَمِيَّةَ,2,1,1,48:26
HanaAjir,N,Hnjr,uHnjr,2,ٱلْحَنَاجِرَ,2,2,2,33:10
Har~iDi,V,HrD,uHruD,2,حَرِّضِ,2,2,2,4:84
Hayov2,COND,Hyv,uHyv,2,وَحَيْثُ,1,2,1,2:144
HiT~ap,N,HTT,uHuTuT,2,حِطَّةٌ,1,2,2,2:58
HuTamap,N,HTm,uHuTm,2,ٱلْحُطَمَةُ,2,2,1,104:4
Huruma`t,N,Hrm,uHrm,2,حُرُمَٰتِ,2,2,2,2:194
Hur~,N,Hrr,uHrr,2,بِٱلْحُرِّ,2,1,1,2:178
Huzon,N,Hzn,uHzn,2,وَحُزْنِىٓ,2,2,1,12:84
SaAluwA,N,Sly,uSly,2,صَالُوا۟,2,2,2,38:59
SaEiqa,V,SEq,uSuEq,2,فَصَعِقَ,2,2,2,39:68
SaY`Hib,N,SHb,uSuHb,2,يَٰصَىٰحِبَىِ,1,2,1,12:39
Sabiy~,N,Sbw,uSbw,2,صَبِيًّا,1,2,1,19:12
Sadiyq,N,Sdq,uSdq,2,صَدِيقٍ,2,2,2,24:61
Sad~,N,Sdd,uSdd,2,وَبِصَدِّهِمْ,2,2,2,2:217
SafoH,N,SfH,uSfuH,2,صَفْحًا,2,2,2,15:85
Sagato,V,Sgw,uSgw,2,صَغَتْ,2,2,2,6:113
Sagiyrap,ADJ/N,Sgr,uSgr,2,صَغِيرَةً,1,2,2,9:121
SalaHa,V,SlH,uSluH,2,صَلَحَ,1,2,2,13:23
Salabu,V,Slb,uSlb,2,صَلَبُوهُ,2,2,2,4:157
Sam~u,V,Smm,uSmm,2,وَصَمُّوا۟,1,1,1,5:71
Saxorap,N,Sxr,uSxr,2,صَخْرَةٍ,2,2,2,18:63
Sibogap,N,Sbg,uSbg,2,صِبْغَةً,2,1,1,2:138
SinowaAn,N,Snw,uSnw,2,صِنْوَانٌ,2,1,1,13:4
SuloH,N,SlH,uSluH,2,صُلْحًا,2,1,1,4:128
SunoE,N,SnE,uSnuE,2,صُنْعًا,2,2,2,18:104
S~ulob,N,Slb,uSlb,2,أَصْلَٰبِكُمْ,2,2,2,4:23
TaAluwt,PN,,,2,طَالُوتَ,2,2,1,2:247
TaAqap,N,Twq,uTwq,2,طَاقَةَ,1,2,1,2:249
TaArid,N,Trd,uTrd,2,بِطَارِدِ,1,2,2,11:29
Tahuwr,ADJ,Thr,uThr,2,طَهُورًا,1,2,2,25:48
TalaEat,V,TlE,uTluE,2,تَطْلُعُ,2,2,1,18:17
Tariy~,ADJ,Trw,uTrw,2,طَرِيًّا,1,2,2,16:14
Tawiyl,ADJ,Twl,uTwl,2,طَوِيلًا,1,2,2,73:7
TuluwE,N,TlE,uTluE,2,طُلُوعِ,1,2,2,20:130
TuwFY,N,Twy,uTwy,2,طُوًى,1,2,2,20:12
T~aAriq,N,Trq,uTrq,2,وَٱلطَّارِقِ,2,2,1,86:1
T~ala`q,N,Tlq,uTlq,2,ٱلطَّلَٰقَ,2,2,1,2:227
T~uwfaAn,N,Twf,uTwf,2,ٱلطُّوفَانَ,2,2,2,7:133
ZaAlimiY^,N,Zlm,uZlm,2,ظَالِمِىٓ,1,2,2,4:97
Za`hirap,N,Zhr,uZhr,2,ظَٰهِرَةً,1,2,2,31:20
Zaliyl,ADJ,Zll,uZll,2,ظَلِيلًا,2,2,2,4:57
Zaluwm,N,Zlm,uZlm,2,ظَلُومًا,2,2,2,14:34
Zal~alo,V,Zll,uZll,2,وَظَلَّلْنَا,1,2,2,2:57
baAqiyap,N,bqy,bqy,2,بَاقِيَةً,2,2,2,43:28
baAqiyn,N,bqy,bqy,2,ٱلْبَاقِينَ,1,2,2,26:120
baArid,N,brd,brd,2,بَارِدٌ,2,2,2,38:42
baEiyr,N,bEr,buEr,2,بَعِيرٍ,1,2,1,12:65
baEudato,V,bEd,buEd,2,بَعُدَتْ,2,2,2,9:42
baSTap,N,bsT,bsuT,2,بَسْطَةً,2,2,2,2:247
baTana,V,bTn,buTn,2,بَطَنَ,1,2,2,6:151
baTo$ap,N,bT$,buTsh,2,بَطْشَتَنَا,2,2,2,44:16
ba`$iru,V,b$r,bshr,2,بَٰشِرُوهُنَّ,2,1,1,2:187
ba`qiya`t,N,bqy,bqy,2,وَٱلْبَٰقِيَٰتُ,1,2,2,18:46
ba`xiE,N,bxE,bxuE,2,بَٰخِعٌ,1,2,2,18:6
badiyE,N,bdE,bduE,2,بَدِيعُ,1,2,2,2:117
bagiy~,N,bgy,bgy,2,بَغِيًّا,1,2,1,19:20
bahiyj,ADJ,bhj,bhj,2,بَهِيجٍ,1,2,2,22:5
banaAn,N,bnn,bnn,2,بَنَانٍ,2,2,2,8:12
baqara`t,N,bqr,bqr,2,بَقَرَٰتٍ,1,2,1,12:43
baraA^'ap,N,brA,bruA,2,بَرَآءَةٌ,1,2,2,9:1
bariy~ap,N,brA,bruA,2,ٱلْبَرِيَّةِ,1,2,1,98:6
barod,N,brd,brd,2,بَرْدًا,1,2,2,21:69
bar~a>a,V,brA,bruA,2,أُبَرِّئُ,2,2,2,12:53
baxos,ADJ/N,bxs,bxs,2,بَخْسًا,2,2,2,12:20
biDoE,N,bDE,buDuE,2,بِضْعَ,2,2,2,12:42
biTaAnap,N,bTn,buTn,2,بَطَآئِنُهَا,2,2,2,3:118
binaA^',N,bny,bny,2,بِنَآءً,1,2,2,2:22
buEovira,V,bEvr,buEvr,2,بُعْثِرَ,2,2,2,82:4
buhita,V,bht,bht,2,فَبُهِتَ,2,2,2,2:258
bur~izati,V,brz,brz,2,وَبُرِّزَتِ,1,2,2,26:91
buwr,ADJ,bwr,bwr,2,بُورًا,1,2,2,25:18
buxol,N,bxl,bxl,2,بِٱلْبُخْلِ,1,2,2,4:37
daA^}im,N,dwm,dwm,2,دَآئِمٌ,2,2,2,13:35
daAfiE,N,dfE,dfuE,2,دَافِعٌ,2,2,2,52:8
da`xiluwn,N,dxl,dxl,2,دَٰخِلُونَ,2,2,2,5:22
dafoE,N,dfE,dfuE,2,دَفْعُ,1,2,2,2:251
danaA,V,dnw,dnw,2,دَنَا,2,2,2,33:59
daxal,N,dxl,dxl,2,دَخَلًۢا,1,2,1,16:92
diyap,N,wdy,wdy,2,فَدِيَةٌ,2,1,1,4:92
duk~ati,V,dkk,dkk,2,دُكَّتِ,2,2,2,69:14
duxaAn,N,dxn,dxn,2,بِدُخَانٍ,2,2,2,41:11
d~ahor,N,dhr,dhr,2,ٱلدَّهْرُ,2,2,2,45:24
d~amoE,N,dmE,dmuE,2,ٱلدَّمْعِ,1,2,2,5:83
faAliq,N,flq,flq,2,فَالِقُ,1,2,1,6:95
faE~aAl,N,fEl,fuEl,2,فَعَّالٌ,1,2,2,11:107
falak,N,flk,flk,2,فَلَكٍ,1,2,2,21:33
farago,V,frg,frg,2,سَنَفْرُغُ,2,2,2,55:31
fataya`t,N,fty,fty,2,فَتَيَٰتِكُمُ,2,2,2,4:25
fazaE,N,fzE,fzuE,2,فَزَعٍ,2,2,2,21:103
firaAq,N,frq,frq,2,فِرَاقُ,2,2,2,18:78
firodawos,PN,,,2,ٱلْفِرْدَوْسَ,2,2,2,18:107
fura`daY`,N,frd,frd,2,فُرَٰدَىٰ,2,2,2,6:94
gaA^}iT,N,gwT,gwuT,2,ٱلْغَآئِطِ,1,2,2,4:43
gaAfir,N,gfr,gfr,2,غَافِرِ,2,2,2,7:155
gaDoba`n,N,gDb,guDb,2,غَضْبَٰنَ,1,2,2,7:150
gadaw`p,N,gdw,gdw,2,بِٱلْغَدَوٰةِ,1,2,2,6:52
ganimo,V,gnm,gnm,2,غَنِمْتُم,2,2,1,8:41
garabat,V,grb,grb,2,تَغْرُبُ,2,2,1,18:17
gas~aAq,N,gsq,gsq,2,وَغَسَّاقًا,2,2,2,38:57
gawor,N,gwr,gwr,2,غَوْرًا,1,2,2,18:41
gaya`bat,N,gyb,gyb,2,غَيَٰبَتِ,1,2,1,12:10
gi$a`wap,N,g$w,gshw,2,غِشَٰوَةً,2,2,2,2:7
giTaA^',N,gTw,guTw,2,غِطَآءٍ,2,2,2,18:101
giyDa,V,gyD,gyuD,2,تَغِيضُ,2,2,2,11:44
gulof,N,glf,glf,2,غُلْفٌۢ,1,2,2,2:88
guraAb,N,grb,grb,2,غُرَابًا,2,1,1,5:31
guruwb,N,grb,grb,2,غُرُوبِهَا,2,2,2,20:130
guvaA^',N,gvw,gvw,2,غُثَآءً,1,2,2,23:41
ha$iym,N,h$m,hshm,2,كَهَشِيمِ,2,2,2,18:45
haAdiy,N,hdy,hdy,2,هَادِىَ,2,2,2,7:186
haAlik,N,hlk,hlk,2,هَالِكٌ,2,2,2,12:85
ha`*a`n,DEM,,,2,هَٰذَانِ,2,2,2,20:63
habaA^',N,hbw,hbw,2,هَبَآءً,1,2,2,25:23
hadiy~ap,N,hdy,hdy,2,بِهَدِيَّةٍ,2,2,1,27:35
hayo_#ap,N,hyA,hyuA,2,كَهَيْـَٔةِ,1,2,2,3:49
hayohaAt,N,,,2,هَيْهَاتَ,1,1,1,23:36
hazamu,V,hzm,hzm,2,سَيُهْزَمُ,2,2,2,2:251
jaAriyap,ADJ/N,jry,jry,2,جَارِيَةٌ,2,2,2,69:11
jadal,N,jdl,jdl,2,جَدَلًا,2,2,2,18:54
jahaAz,N,jhz,jhz,2,بِجَهَازِهِمْ,1,2,1,12:59
jah~aza,V,jhz,jhz,2,جَهَّزَهُم,1,2,1,12:59
jala`l,N,jll,jll,2,ٱلْجَلَٰلِ,1,2,1,55:27
jalodap,N,jld,jld,2,جَلْدَةً,2,2,1,24:2
jal~aY`,V,jlw,jlw,2,جَلَّىٰهَا,2,2,2,7:187
janaHu,V,jnH,jnuH,2,جَنَحُوا۟,2,1,1,8:61
jaraAd,N,jrd,jrd,2,جَرَادٌ,2,2,2,7:133
jibil~ap,N,jbl,jbl,2,جِبِلًّا,2,2,2,26:184
jidaAl,N,jdl,jdl,2,جِدَالَ,2,2,2,2:197
jidaAr,N,jdr,jdr,2,جِدَارًا,2,2,1,18:77
jisom,N,jsm,jsm,2,أَجْسَامُهُمْ,2,2,2,2:247
jiviy~,N,jvw,jvw,2,جِثِيًّا,1,2,1,19:68
jub~,N,jbb,jbb,2,ٱلْجُبِّ,1,2,1,12:10
jun~ap,N,jnn,jnn,2,جُنَّةً,1,2,2,58:16
juruz,ADJ,jrz,jrz,2,جُرُزًا,2,2,2,18:8
kaAhin,N,khn,khn,2,بِكَاهِنٍ,2,2,2,52:29
kaAlu,V,kyl,kyl,2,كَالُوهُمْ,2,2,2,17:35
kaAmilap,ADJ/N,kml,kml,2,كَامِلَةً,2,2,2,2:196
kaEobap,PN,kEb,kuEb,2,ٱلْكَعْبَةَ,2,2,1,5:95
ka`Zimiyn,N,kZm,kuZm,2,كَٰظِمِينَ,2,2,2,3:134
kaf~ay,N,kff,kff,2,كَفَّيْهِ,1,2,2,13:14
kahol,N,khl,khl,2,وَكَهْلًا,1,2,2,3:46
kala`lap,N,kll,kll,2,كَلَٰلَةً,2,2,1,4:12
kar~amo,V,krm,krm,2,كَرَّمْتَ,2,2,1,17:62
kavorap,N,kvr,kvr,2,كَثْرَةُ,2,2,2,5:100
kavura,V,kvr,kvr,2,كَثُرَ,2,2,2,4:7
ki*~aAb,N,k*b,kdhb,2,كِذَّابًا,2,2,1,78:28
kibor,N,kbr,kbr,2,كِبْرٌ,2,2,2,24:11
kiboriyaA^',N,kbr,kbr,2,ٱلْكِبْرِيَآءُ,1,2,2,10:78
kisowat,N,ksw,ksw,2,كِسْوَتُهُمْ,2,2,2,2:233
kurosiy~,N,krs,krs,2,كُرْسِيُّهُ,2,2,2,2:255
kusaAlaY`,N,ksl,ksl,2,كُسَالَىٰ,1,2,2,4:142
la*~ap,ADJ,l**,ldhdh,2,لَذَّةٍ,2,2,2,37:46
ladaY,LOC,,,2,لَدَا,2,2,2,12:25
lamoH,N,lmH,lmuH,2,كَلَمْحٍۭ,2,2,2,16:77
lin,V,lyn,lyn,2,تَلِينُ,2,2,2,3:159
lizaAm,N,lzm,lzm,2,لِزَامًا,2,2,2,20:129
lum~a,V,lmm,lmm,2,هَلُمَّ,1,2,2,6:150
luqoma`n,PN,,,2,لُقْمَٰنَ,2,2,1,31:12
l~aban,N,lbn,lbn,2,لَّبَنًا,2,2,2,16:66
l~aj~u,V,ljj,ljj,2,لَّجُّوا۟,2,2,2,23:75
l~uguwb,N,lgb,lgb,2,لُغُوبٌ,2,2,2,35:35
ma>ojuwj,PN,,,2,وَمَأْجُوجَ,2,2,2,18:94
maA^}idap,N,myd,myd,2,مَآئِدَةً,1,2,1,5:112
maAli_#uwn,N,mlA,mluA,2,فَمَالِـُٔونَ,1,2,2,37:66
maEaA*,N,Ew*,uEwdh,2,مَعَاذَ,1,2,1,12:23
maEaArij,N,Erj,uErj,2,وَمَعَارِجَ,2,2,2,43:33
maEa`yi$,N,Ey$,uEysh,2,مَعَٰيِشَ,1,2,2,7:10
maEoSiyat,N,ESy,uEuSy,2,وَمَعْصِيَتِ,1,2,1,58:8
maSofuwfap,ADJ/N,Sff,uSff,2,مَصْفُوفَةٌ,2,2,2,52:20
ma`kiriyn,N,mkr,mkr,2,ٱلْمَٰكِرِينَ,1,2,2,3:54
madiyniyn,N,dyn,dyn,2,لَمَدِينُونَ,2,2,2,37:53
mad~,N,mdd,mdd,2,مَدًّا,1,2,1,19:75
mafaAzap,N,fwz,fwz,2,بِمَفَازَةٍ,2,2,2,3:188
magoluwlap,N,gll,gll,2,مَغْلُولَةً,2,2,2,5:64
maholik,N,hlk,hlk,2,لِمَهْلِكِهِم,2,2,2,18:59
mah~ili,V,mhl,mhl,2,فَمَهِّلِ,2,2,2,73:11
majomaE,N,jmE,jmuE,2,مَجْمَعَ,1,2,1,18:60
man$uwr,N,n$r,nshr,2,مَنشُورًا,2,2,2,17:13
manSuwr,N,nSr,nuSr,2,مَنصُورًا,2,2,2,17:33
manaAzil,N,nzl,nzl,2,مَنَازِلَ,1,2,2,10:5
maqaAliyd,N,qld,qld,2,مَقَالِيدُ,1,2,2,39:63
maraH,N,mrH,mruH,2,مَرَحًا,1,2,2,17:37
maraja,V,mrj,mrj,2,مَرَجَ,1,2,2,25:53
maroEaY`,N,rEy,ruEy,2,وَمَرْعَىٰهَا,2,2,2,79:31
maroHab,N,rHb,ruHb,2,مَرْحَبًۢا,1,2,1,38:59
maroduwd,N,rdd,rdd,2,لَمَرْدُودُونَ,2,2,2,11:76
marojaAn,N,mrj,mrj,2,وَٱلْمَرْجَانُ,1,2,1,55:22
masobuwqiyn,N,sbq,sbq,2,بِمَسْبُوقِينَ,1,2,2,56:60
masokanap,N,skn,skn,2,وَٱلْمَسْكَنَةُ,2,2,2,2:61
masoruwr,N,srr,srr,2,مَسْرُورًا,1,2,1,84:9
mas~,N,mss,mss,2,مَسَّ,2,2,2,2:275
mataAb,N,twb,twb,2,مَتَابًا,2,2,2,13:30
mavuwbap,N,vwb,vwb,2,لَمَثُوبَةٌ,2,2,2,2:103
mawaAxir,N,mxr,mxr,2,مَوَاخِرَ,1,2,2,16:14
mawa`liY,N,wly,wly,2,مَوَٰلِىَ,2,2,2,4:33
maxomaSap,N,xmS,xmuS,2,مَخْمَصَةٌ,2,2,2,5:3
mayol,N,myl,myl,2,مَيْلًا,2,2,1,4:27
mikoyaAl,N,kyl,kyl,2,ٱلْمِكْيَالَ,1,2,1,11:84
miloH,N,mlH,mluH,2,مِلْحٌ,1,2,2,25:53
miroSaAd,N,rSd,ruSd,2,لَبِٱلْمِرْصَادِ,2,2,2,78:21
miyra`v,N,wrv,wrv,2,مِيرَٰثُ,1,2,2,3:180
mu$orikap,N,$rk,shrk,2,مُشْرِكَةً,2,2,2,2:221
mu$otarikuwn,N,$rk,shrk,2,مُشْتَرِكُونَ,1,2,2,37:33
mu&a*~in,N,A*n,uAdhn,2,مُؤَذِّنٌ,2,2,2,7:44
muHiyTap,N,HwT,uHwuT,2,لَمُحِيطَةٌۢ,1,2,2,9:49
muHoY,N,Hyy,uHyy,2,لَمُحْىِ,1,2,2,30:50
muHodav,N,Hdv,uHdv,2,مُحْدَثٍ,2,2,2,21:2
muSayoTir,N,sTr,suTr,2,بِمُصَيْطِرٍ,2,2,2,52:37
muSorix,N,Srx,uSrx,2,بِمُصْرِخِكُمْ,2,1,1,14:22
muTal~aqa`t,N,Tlq,uTlq,2,وَلِلْمُطَلَّقَٰتِ,2,2,1,2:228
muToma}in~,N,Tmn,uTmn,2,مُطْمَئِنٌّۢ,2,2,2,16:106
muZolim,N,Zlm,uZlm,2,مُظْلِمًا,2,2,2,10:27
mubotaliy,N,blw,blw,2,لَمُبْتَلِينَ,2,2,2,2:249
mufotaruwn,N,fry,fry,2,مُفْتَرُونَ,2,2,2,7:152
muhayomin,ADJ/N,hmn,hmn,2,وَمُهَيْمِنًا,2,2,2,5:48
mula`qiy,N,lqy,lqy,2,فَمُلَٰقِيهِ,2,2,2,62:8
muliym,N,lwm,lwm,2,مُلِيمٌ,1,2,2,37:142
mulotaHad,N,lHd,luHd,2,مُلْتَحَدًا,1,2,2,18:27
mumaz~aq,N,mzq,mzq,2,مُمَزَّقٍ,1,2,1,34:7
munaj~uw,N,njw,njw,2,لَمُنَجُّوهُمْ,2,2,2,15:59
munqalab,N,qlb,qlb,2,مُنقَلَبًا,2,2,2,18:36
munzal,N,nzl,nzl,2,مُنزَلًا,2,2,2,3:124
muqad~as,ADJ,qds,qds,2,ٱلْمُقَدَّسِ,1,2,2,20:12
murotafaq,N,rfq,rfq,2,مُرْتَفَقًا,1,2,1,18:29
musaH~ariyn,N,sHr,suHr,2,ٱلْمُسَحَّرِينَ,1,2,1,26:153
musa`fiHiyn,N,sfH,sfuH,2,مُسَٰفِحِينَ,1,2,2,4:24
musab~iHuwn,N,sbH,sbuH,2,ٱلْمُسَبِّحُونَ,2,2,1,37:143
musolima`t,ADJ/N,slm,slm,2,مُسْلِمَٰتٍ,2,2,2,33:35
musotaEaAn,N,Ewn,uEwn,2,ٱلْمُسْتَعَانُ,1,2,2,12:18
musotahozi'uwn,N,hzA,hzuA,2,مُسْتَهْزِءُونَ,2,2,2,2:14
musotamiE,N,smE,smuE,2,مُسْتَمِعُهُم,2,2,2,26:15
musotawodaE,N,wdE,wduE,2,وَمُسْتَوْدَعٌ,2,2,2,6:98
musowad~,N,swd,swd,2,مُسْوَدًّا,1,2,2,16:58
mutaSad~iqiyn,N,Sdq,uSdq,2,وَٱلْمُتَصَدِّقِينَ,2,2,2,12:88
mutataAbiEayon,ADJ,tbE,tbuE,2,مُتَتَابِعَيْنِ,1,2,2,4:92
muwsiE,N,wsE,wsuE,2,لَمُوسِعُونَ,2,2,2,2:236
muxal~aqap,N,xlq,xlq,2,مُخَلَّقَةٍ,2,1,1,22:5
muz~iqo,V,mzq,mzq,2,مُزِّقْتُمْ,2,2,1,34:7
m~a$okuwr,N,$kr,shkr,2,مَّشْكُورًا,1,2,2,17:19
m~aEoluwma`t,ADJ,Elm,uElm,2,مَّعْلُومَٰتٌ,2,2,2,2:197
m~aEoruw$a`t,ADJ/N,Er$,uErsh,2,مَعْرُوشَٰتٍ,2,1,1,6:141
m~aHofuwZ,ADJ/N,HfZ,uHfuZ,2,مَّحْفُوظًا,2,2,2,21:32
m~aHojuwr,N,Hjr,uHjr,2,مَّحْجُورًا,1,2,1,25:22
m~aHoyaA,N,Hyy,uHyy,2,مَّحْيَاهُمْ,2,2,2,6:162
m~a`kiviyn,N,mkv,mkv,2,مَّٰكِثُونَ,2,2,2,18:3
m~aforuwD,ADJ,frD,fruD,2,مَّفْرُوضًا,1,2,1,4:7
m~ajomuwE,N,jmE,jmuE,2,لَمَجْمُوعُونَ,2,2,2,11:103
m~amoduwd,ADJ,mdd,mdd,2,مَّمْدُودًا,2,2,2,56:30
m~anDuwd,ADJ/N,nDd,nuDd,2,مَّنضُودٍ,1,2,2,11:82
m~anvuwr,ADJ/N,nvr,nvr,2,مَّنثُورًا,1,2,2,25:23
m~an~aAE,ADJ,mnE,mnuE,2,مَّنَّاعٍ,1,2,2,50:25
m~aqoDiy~,ADJ,qDy,quDy,2,مَّقْضِيًّا,1,2,1,19:21
m~ariyd,ADJ,mrd,mrd,2,مَّرِيدًا,2,2,2,4:117
m~aroquwm,ADJ,rqm,rqm,2,مَّرْقُومٌ,1,2,1,83:9
m~avaAniY,N,vny,vny,2,مَّثَانِىَ,2,2,2,15:87
m~aziyd,N,zyd,zyd,2,مَزِيدٌ,2,2,1,50:30
m~u$oriqiyn,N,$rq,shrq,2,مُشْرِقِينَ,2,2,2,15:73
m~u&oSadap,ADJ/N,wSd,wuSd,2,مُّؤْصَدَةٌ,2,2,2,90:20
m~uHoSiniyn,N,HSn,uHuSn,2,مُحْصِنِينَ,2,2,2,4:24
m~uToma}in~ap,ADJ/N,Tmn,uTmn,2,مُّطْمَئِنَّةً,2,2,2,16:112
m~ufotarFY,N,fry,fry,2,مُّفْتَرًى,1,2,2,28:36
m~ugonuwn,N,gny,gny,2,مُّغْنُونَ,1,2,2,14:21
m~ujiyb,N,jwb,jwb,2,مُّجِيبٌ,2,2,2,11:61
m~uqotaSid,N,qSd,quSd,2,مُّقْتَصِدٌ,1,2,2,31:32
m~usotamir~,N,mrr,mrr,2,مُّسْتَمِرٌّ,2,2,1,54:2
m~utaEam~id,N,Emd,uEmd,2,مُّتَعَمِّدًا,1,2,2,4:93
m~ut~abaEuwn,N,tbE,tbuE,2,مُّتَّبَعُونَ,1,2,2,26:52
m~uvoqaluwn,N,vql,vql,2,مُّثْقَلُونَ,1,2,2,52:40
m~uxal~aduwn,ADJ/N,xld,xld,2,مُّخَلَّدُونَ,1,2,2,56:17
naAZirap,N,nZr,nuZr,2,فَنَاظِرَةٌۢ,2,2,2,27:35
naA^}imuwn,N,nwm,nwm,2,نَآئِمُونَ,1,2,2,7:97
naAdiy,N,ndw,ndw,2,نَادِيكُمُ,2,2,2,29:29
naAfaqu,V,nfq,nfq,2,نَافَقُوا۟,1,2,2,3:167
naAfilap,N,nfl,nfl,2,نَافِلَةً,1,2,2,17:79
naDorap,N,nDr,nuDr,2,نَضْرَةً,2,2,2,76:11
nafaqap,N,nfq,nfq,2,نَفَقَةً,2,2,2,2:270
najaA,V,njw,njw,2,نَجَا,2,2,2,12:45
najiy~,N,njw,njw,2,نَجِيًّا,1,2,2,12:80
nakaSa,V,nkS,nkuS,2,تَنكِصُونَ,2,2,2,8:48
naqiyr,N,nqr,nqr,2,نَقِيرًا,1,2,1,4:53
naqoD,N,nqD,nquD,2,نَقْضِهِم,1,2,2,4:155
naqoS,N,nqS,nquS,2,وَنَقْصٍ,1,2,2,2:155
nasof,N,nsf,nsf,2,نَسْفًا,1,2,1,20:97
nasol,N,nsl,nsl,2,نَسْلَهُۥ,2,2,2,2:205
nasotadoriju,V,drj,drj,2,سَنَسْتَدْرِجُهُم,1,2,2,7:182
nazog,N,nzg,nzg,2,نَزْغٌ,1,2,2,7:200
nidaA^',N,ndw,ndw,2,نِدَآءً,2,2,2,2:171
nu$uwz,N,n$z,nshz,2,نُشُوزًا,2,2,1,4:34
nuSibato,V,nSb,nuSb,2,فَٱنصَبْ,2,2,2,88:19
nusuk,N,nsk,nsk,2,نُسُكٍ,2,2,2,2:196
n~a*or,N,n*r,ndhr,2,بِٱلنَّذْرِ,2,2,2,2:270
n~aEomap,N,nEm,nuEm,2,وَنَعْمَةٍ,2,2,2,44:27
n~adaAmap,N,ndm,ndm,2,ٱلنَّدَامَةَ,1,2,2,10:54
n~amol,N,nml,nml,2,ٱلنَّمْلُ,2,1,1,27:18
n~axolap,N,nxl,nxl,2,ٱلنَّخْلَةِ,1,2,1,19:23
n~uEaAs,N,nEs,nuEs,2,نُّعَاسًا,2,2,2,3:154
n~uhaY`,N,nhy,nhy,2,ٱلنُّهَىٰ,1,2,1,20:54
qa`siTuwn,N,qsT,qsuT,2,ٱلْقَٰسِطُونَ,1,2,1,72:14
qabas,N,qbs,qbs,2,بِقَبَسٍ,2,2,2,20:10
qabiyl,N,qbl,qbl,2,قَبِيلًا,2,2,2,7:27
qaboDap,N,qbD,qbuD,2,قَبْضَةً,2,2,2,20:96
qadimo,V,qdm,qdm,2,وَقَدِمْنَآ,2,2,2,11:98
qala`^}id,N,qld,qld,2,وَٱلْقَلَٰٓئِدَ,2,2,1,5:2
qasam,N,qsm,qsm,2,قَسَمٌ,2,2,2,56:76
qasamo,V,qsm,qsm,2,قَسَمْنَا,2,1,1,43:32
qay~aDo,V,qyD,qyuD,2,نُقَيِّضْ,2,2,2,41:25
qay~imap,ADJ/N,qwm,qwm,2,قَيِّمَةٌ,2,2,1,98:3
qiTaE,N,qTE,quTuE,2,قِطَعًا,2,2,2,10:27
qiToE,N,qTE,quTuE,2,بِقِطْعٍ,1,2,2,11:81
qiTor,N,qTr,quTr,2,قِطْرًا,2,2,2,18:96
qiroTaAs,N,qrTs,qruTs,2,قَرَاطِيسَ,2,2,1,6:7
qisoTaAs,N,qsTs,qsuTs,2,بِٱلْقِسْطَاسِ,1,2,2,17:35
quTuwf,N,qTf,quTf,2,قُطُوفُهَا,1,2,2,69:23
qud~uws,ADJ,qds,qds,2,ٱلْقُدُّوسُ,2,2,2,59:23
ra>oY,N,rAy,ruAy,2,رَأْىَ,2,2,2,3:13
ra>ofap,N,rAf,ruAf,2,رَأْفَةً,2,2,2,24:2
raAbiE,N,rbE,rbuE,2,رَابِعُهُمْ,2,2,2,18:22
raEa,V,rEy,ruEy,2,رَعَوْهَا,2,2,2,20:54
raEod,N,rEd,ruEd,2,وَرَعْدٌ,2,2,2,2:19
raHubato,V,rHb,ruHb,2,رَحُبَتْ,1,2,1,9:25
raSad,ADJ/N,rSd,ruSd,2,رَصَدًا,2,2,1,72:9
ra`Ei,V,rEy,ruEy,2,رَٰعِنَا,2,2,2,2:104
ra`Euwn,N,rEy,ruEy,2,رَٰعُونَ,1,2,2,23:8
rabowap,N,rbw,rbw,2,بِرَبْوَةٍ,2,2,2,2:265
rab~aya,V,rbw,rbw,2,رَبَّيَانِى,2,2,2,17:24
rad~,N,rdd,rdd,2,بِرَدِّهِنَّ,2,2,2,2:228
rafav,N,rfv,rfv,2,رَفَثَ,2,2,1,2:187
rahaq,N,rhq,rhq,2,رَهَقًا,1,2,1,72:6
ramiym,N,rmm,rmm,2,رَمِيمٌ,2,2,2,36:78
rat~alo,V,rtl,rtl,2,وَرَتَّلْنَٰهُ,2,2,2,25:32
ruba`E,N,rbE,rbuE,2,وَرُبَٰعَ,1,2,2,4:3
rufa`t,N,rft,rft,2,وَرُفَٰتًا,1,2,1,17:49
rukon,N,rkn,rkn,2,بِرُكْنِهِۦ,2,2,2,11:80
r~a$aAd,N,r$d,rshd,2,ٱلرَّشَادِ,1,2,1,40:29
r~aDaAEap,N,rDE,ruDuE,2,ٱلرَّضَاعَةَ,2,2,2,2:233
r~a`sixuwn,N,rsx,rsx,2,وَٱلرَّٰسِخُونَ,2,2,2,3:7
r~as~,N,rss,rss,2,ٱلرَّسِّ,1,2,2,25:38
r~ayoHaAn,N,rwH,rwuH,2,وَرَيْحَانٌ,2,2,2,55:12
r~ubuE,N,rbE,rbuE,2,ٱلرُّبُعُ,1,1,1,4:12
saA^}ig,N,swg,swg,2,سَآئِغًا,2,2,2,16:66
saAdis,N,sds,sds,2,سَادِسُهُمْ,1,2,2,18:22
saAhuwn,N,shw,shw,2,سَاهُونَ,1,2,2,51:11
saba<,PN,,,2,سَبَإٍۭ,2,2,2,27:22
saboH,N,sbH,sbuH,2,سَبْحًا,1,2,2,73:7
sadiyd,ADJ,sdd,sdd,2,سَدِيدًا,1,2,2,4:9
safaAhap,N,sfh,sfh,2,سَفَاهَةٌ,2,2,1,7:66
sakorap,N,skr,skr,2,سَكْرَةُ,2,2,2,15:72
saliym,N,slm,slm,2,سَلِيمٍ,1,2,2,26:89
sal~aTa,V,slT,sluT,2,لَسَلَّطَهُمْ,2,2,2,4:90
samiy~,N,smw,smw,2,سَمِيًّا,1,2,1,19:7
saqiym,N,sqm,sqm,2,سَقِيمٌ,1,2,1,37:89
saraAH,N,srH,sruH,2,سَرَاحًا,1,2,1,33:28
saraAb,N,srb,srb,2,سَرَابًا,2,2,2,24:39
saromad,N,srmd,srmd,2,سَرْمَدًا,1,2,1,28:71
sawo'ap,N,swA,swuA,2,سَوْءَةَ,1,1,1,5:31
saxiTa,V,sxT,sxuT,2,سَخِطَ,2,2,2,5:80
sayol,N,syl,syl,2,سَيْلَ,2,2,2,13:17
sayor,N,syr,syr,2,سَيْرًا,2,2,2,34:18
sidor,N,sdr,sdr,2,سِدْرٍ,1,2,2,34:16
sidorap,N,sdr,sdr,2,سِدْرَةِ,2,2,1,53:14
sij~iyn,N,sjn,sjn,2,سِجِّينٌ,2,2,1,83:7
siqaAyap,N,sqy,sqy,2,سِقَايَةَ,2,2,2,9:19
siraAE,N,srE,sruE,2,سِرَاعًا,1,2,2,50:44
sixoriy~,N,sxr,sxr,2,سِخْرِيًّا,1,2,2,23:110
suEur,N,sEr,suEr,2,وَسُعُرٍ,1,2,1,54:24
subaAt,N,sbt,sbt,2,سُبَاتًا,1,2,2,25:47
sula`lap,N,sll,sll,2,سُلَٰلَةٍ,1,2,2,23:12
sul~am,N,slm,slm,2,سُلَّمًا,2,2,2,6:35
sunbula`t,N,snbl,snbl,2,سُنۢبُلَٰتٍ,1,2,1,12:43
sunbulap,N,snbl,snbl,2,سَنَابِلَ,2,1,1,2:261
s~alom,N,slm,slm,2,لِلسَّلْمِ,2,2,2,8:61
s~ar~aA^',N,srr,srr,2,وَٱلسَّرَّآءُ,2,2,2,3:134
s~in~,N,snn,snn,2,بِٱلسِّنِّ,2,1,1,5:45
ta>a*~ana,V,A*n,uAdhn,2,تَأَذَّنَ,1,2,2,7:167
ta>oviym,N,Avm,uAvm,2,تَأْثِيمًا,2,2,2,52:23
taArap,N,twr,twr,2,تَارَةً,1,2,2,17:69
taEaAwanu,V,Ewn,uEwn,2,تَعَاوَنُوا۟,2,1,1,5:2
taEoDulu,V,EDl,uEuDl,2,تَعْضُلُوهُنَّ,1,2,2,2:232
taSoTalu,V,Sly,uSly,2,تَصْطَلُونَ,1,2,2,27:7
taSodiyq,N,Sdq,uSdq,2,تَصْدِيقَ,1,2,2,10:37
taSoriyf,N,Srf,uSrf,2,وَتَصْرِيفِ,1,2,2,2:164
taTaw~aEa,V,TwE,uTwuE,2,تَطَوَّعَ,1,2,1,2:158
taZa`haru,V,Zhr,uZhr,2,تَظَٰهَرَا,2,2,2,2:85
tabaE,N,tbE,tbuE,2,تَبَعًا,1,2,2,14:21
tabar~u,V,brr,brr,2,تَبَرُّوا۟,2,2,2,2:224
tabota}iso,V,bAs,buAs,2,تَبْتَئِسْ,1,2,2,11:36
tab~a,V,tbb,tbb,2,تَبَّتْ,2,1,1,111:1
tab~aro,V,tbr,tbr,2,تَبَّرْنَا,2,2,2,17:7
tadomiyr,N,dmr,dmr,2,تَدْمِيرًا,1,2,2,17:16
tafiyDu,V,fyD,fyuD,2,تَفِيضُ,1,2,2,5:83
tafoDiyl,N,fDl,fuDl,2,تَفْضِيلًا,1,2,1,17:21
tafojiyr,N,fjr,fjr,2,تَفْجِيرًا,1,2,2,17:91
tafoqidu,V,fqd,fqd,2,تَفْقِدُونَ,2,2,1,12:71
tagoluw,V,glw,glw,2,تَغْلُوا۟,1,2,2,4:171
tajal~aY`,V,jlw,jlw,2,تَجَلَّىٰ,1,2,2,7:143
tamuwru,V,mwr,mwr,2,تَمُورُ,1,2,2,52:9
tanoharo,V,nhr,nhr,2,تَنْهَرْ,2,2,2,17:23
taqad~ama,V,qdm,qdm,2,تَقَدَّمَ,2,2,2,48:2
taqaw~ala,V,qwl,qwl,2,تَقَوَّلَ,2,2,2,52:33
taraAD,N,rDw,ruDw,2,تَرَاضٍ,1,2,2,2:233
taraA^'ati,V,rAy,ruAy,2,تَرَآءَتِ,2,2,2,8:48
tara`Da,V,rDw,ruDw,2,تَرَٰضَوْا۟,2,2,2,2:232
tarojufu,V,rjf,rjf,2,تَرْجُفُ,1,2,2,73:14
tarokanu,V,rkn,rkn,2,تَرْكَنُ,2,2,2,11:113
tarotiyl,N,rtl,rtl,2,تَرْتِيلًا,1,2,2,25:32
tasobiyH,N,sbH,sbuH,2,تَسْبِيحَهُمْ,2,2,2,17:44
tatobiyr,N,tbr,tbr,2,تَتْبِيرًا,1,2,2,17:7
tavobiyt,N,vbt,vbt,2,تَثْبِيتًا,2,2,2,2:265
tawaArato,V,wry,wry,2,تَوَارَتْ,2,2,2,16:59
tawofiyq,N,wfq,wfq,2,تَوْفِيقِىٓ,2,2,2,4:62
tayas~ara,V,ysr,ysr,2,تَيَسَّرَ,1,1,1,73:20
tazoraEu,V,zrE,zruE,2,تَزْرَعُونَ,2,2,2,12:47
tilokum,DEM,,,2,تِلْكُمَا,2,2,1,7:22
tisoEap,N,tsE,tsuE,2,تِسْعَةَ,2,2,2,27:48
tuSa`Hibo,V,SHb,uSuHb,2,تُصَٰحِبْنِى,2,2,2,18:76
tubori}u,V,brA,bruA,2,وَأُبْرِئُ,2,2,2,3:49
tub~aE,PN,,,2,تُبَّعٍ,1,2,2,44:37
t~aAbuwt,N,,,2,ٱلتَّابُوتُ,2,2,2,2:248
t~akaAvur,N,kvr,kvr,2,وَتَكَاثُرٌ,2,2,2,57:20
t~amaAviyl,N,mvl,mvl,2,وَتَمَٰثِيلَ,2,2,2,21:52
t~an~uwr,N,,,2,ٱلتَّنُّورُ,1,2,2,11:40
vaAbit,N,vbt,vbt,2,ثَابِتٌ,2,2,1,14:24
vaAliv,N,vlv,vlv,2,بِثَالِثٍ,2,2,2,5:73
vaAniY,N,vny,vny,2,ثَانِىَ,1,2,2,9:40
vaAqib,ADJ/N,vqb,vqb,2,ثَاقِبٌ,2,2,2,37:10
vuEobaAn,N,vEb,vuEb,2,ثُعْبَانٌ,1,2,2,7:107
vula`v,N,vlv,vlv,2,وَثُلَٰثَ,1,2,2,4:3
waASib,N,wSb,wuSb,2,وَاصِبًا,2,2,2,16:52
waAqiEap,N,wqE,wquE,2,ٱلْوَاقِعَةُ,1,2,2,56:1
waTar,N,wTr,wuTr,2,وَطَرًا,1,1,1,33:37
wa`lidap,N,wld,wld,2,وَٰلِدَةٌۢ,2,2,2,2:233
wadoq,N,wdq,wdq,2,ٱلْوَدْقَ,1,2,2,24:43
waduwd,ADJ/N,wdd,wdd,2,وَدُودٌ,2,2,2,11:90
wahon,N,whn,whn,2,وَهْنًا,2,1,1,31:14
wajiyh,N,wjh,wjh,2,وَجِيهًا,1,2,2,3:45
waj~aho,V,wjh,wjh,2,وَجَّهْتُ,2,2,2,6:79
wala`yat,N,wly,wly,2,وَلَٰيَتِهِم,2,2,2,8:72
warada,V,wrd,wrd,2,وَرَدَ,2,2,2,21:99
waraq,N,wrq,wrq,2,وَرَقِ,1,2,2,7:22
wasiylap,N,wsl,wsl,2,ٱلْوَسِيلَةَ,1,2,2,5:35
wavaAq,N,wvq,wvq,2,وَثَاقَهُۥٓ,2,2,2,47:4
wayoka>an~,ACC,,,2,وَيْكَأَنَّ,2,1,1,28:82
waziyr,N,wzr,wzr,2,وَزِيرًا,1,2,2,20:29
wirod,N,wrd,wrd,2,وِرْدًا,2,2,2,11:98
wuk~ila,V,wkl,wkl,2,وَكَّلْنَا,2,2,2,6:89
wuvoqaY`,ADJ,wvq,wvq,2,ٱلْوُثْقَىٰ,1,2,2,2:256
xa$aEati,V,x$E,xshuE,2,تَخْشَعَ,2,2,2,20:108
xaATi}ap,ADJ/N,xTA,xuTuA,2,بِٱلْخَاطِئَةِ,2,2,2,69:9
xaA^}inap,N,xwn,xwn,2,خَآئِنَةٍ,2,2,2,5:13
xaAl,N,xwl,xwl,2,أَخْوَٰلِكُمْ,2,2,2,24:61
xaAliS,N,xlS,xluS,2,خَالِصًا,2,2,2,16:66
xaTa_#,N,xTA,xuTuA,2,خَطَـًٔا,1,1,1,4:92
xaTiy^_#a`t,N,xTA,xuTuA,2,خَطِيٓـَٰٔتِكُمْ,2,2,2,7:161
xa`midiyn,N,xmd,xmd,2,خَٰمِدُونَ,2,2,2,21:15
xa`misap,N,xms,xms,2,وَٱلْخَٰمِسَةَ,2,2,1,24:7
xabaAl,N,xbl,xbl,2,خَبَالًا,1,2,2,3:118
xabar,N,xbr,xbr,2,بِخَبَرٍ,1,2,2,27:7
xabiyva`t,N,xbv,xbv,2,لِلْخَبِيثَٰتِ,2,1,1,24:26
xafiY~,ADJ,xfy,xfy,2,خَفِىٍّ,2,2,2,19:3
xafiyf,ADJ/N,xff,xff,2,خَفِيفًا,2,2,2,7:189
xal~a`q,N,xlq,xlq,2,ٱلْخَلَّٰقُ,1,2,2,15:86
xamosiyn,N,xms,xms,2,خَمْسِينَ,1,2,2,29:14
xarodal,N,xrdl,xrdl,2,خَرْدَلٍ,1,2,2,21:47
xaroj,N,xrj,xrj,2,خَرْجًا,1,2,2,18:94
xawaAlif,N,xlf,xlf,2,ٱلْخَوَالِفِ,1,2,1,9:87
xawoD,N,xwD,xwuD,2,خَوْضٍ,2,2,2,6:91
xaw~aAn,ADJ/N,xwn,xwn,2,خَوَّانًا,2,2,2,4:107
xayoT,N,xyT,xyuT,2,ٱلْخَيْطُ,2,1,1,2:187
xiyaAnap,N,xwn,xwn,2,خِيَانَةً,2,2,1,8:58
xiyarap,N,xyr,xyr,2,ٱلْخِيَرَةُ,1,2,2,28:68
xubor,N,xbr,xbr,2,خُبْرًا,1,2,1,18:68
xufoyap,N,xfy,xfy,2,وَخُفْيَةً,1,2,2,6:63
xuluq,N,xlq,xlq,2,خُلُقٍ,2,2,2,26:137
xusor,N,xsr,xsr,2,خُسْرًا,2,2,2,65:9
xuwaAr,N,xwr,xwr,2,خُوَارٌ,1,2,2,7:148
ya$ofi,V,$fy,shfy,2,وَيَشْفِ,2,2,2,9:14
ya>ojuwj,PN,,,2,يَأْجُوجَ,2,2,2,18:94
ya>otamiru,V,Amr,uAmr,2,وَأْتَمِرُوا۟,2,2,2,28:20
yaAbisa`t,ADJ,ybs,ybs,2,يَابِسَٰتٍ,1,2,1,12:43
yaEoSiru,V,ESr,uEuSr,2,أَعْصِرُ,2,2,1,12:36
yaEori$u,V,Er$,uErsh,2,يَعْرِشُونَ,1,2,2,7:137
yaEozubu,V,Ezb,uEzb,2,يَعْزُبُ,1,2,2,10:61
yaHobisu,V,Hbs,uHbs,2,تَحْبِسُونَهُمَا,2,2,2,5:106
yaHuD~u,V,HDD,uHuDuD,2,يَحُضُّ,1,2,2,69:34
yaSumo,V,Swm,uSwm,2,تَصُومُوا۟,2,2,1,2:184
yaTomivo,V,Tmv,uTmv,2,يَطْمِثْهُنَّ,1,2,1,55:56
yaT~aw~afa,V,Twf,uTwf,2,وَلْيَطَّوَّفُوا۟,2,2,2,2:158
yabuwru,V,bwr,bwr,2,تَبُورَ,2,2,1,35:10
yaduE~u,V,dEE,duEuE,2,يَدُعُّ,2,2,2,52:13
yafojura,V,fjr,fjr,2,تَفْجُرَ,2,2,2,17:90
yafosaHi,V,fsH,fsuH,2,فَٱفْسَحُوا۟,2,1,1,58:11
yahiyju,V,hyj,hyj,2,يَهِيجُ,1,2,2,39:21
yaloHaqu,V,lHq,luHq,2,يَلْحَقُوا۟,1,2,2,3:170
yalohavo,V,lhv,lhv,2,يَلْهَث,2,1,1,7:176
yalotafito,V,lft,lft,2,يَلْتَفِتْ,1,2,2,11:81
yamiyza,V,myz,myz,2,لِيَمِيزَ,2,2,2,3:179
yamoHaqu,V,mHq,muHq,2,وَيَمْحَقَ,2,2,2,2:276
yanbuwE,N,nbE,nbuE,2,يَنَٰبِيعَ,2,2,2,17:90
yansaxu,V,nsx,nsx,2,فَيَنسَخُ,2,2,2,2:106
yansilu,V,nsl,nsl,2,يَنسِلُونَ,1,2,2,21:96
yaqonuto,V,qnt,qnt,2,يَقْنُتْ,2,2,2,3:43
yasobaHu,V,sbH,sbuH,2,يَسْبَحُونَ,1,2,2,21:33
yasofiku,V,sfk,sfk,2,تَسْفِكُونَ,2,2,1,2:30
yasub~u,V,sbb,sbb,2,تَسُبُّوا۟,2,1,1,6:108
yataEaArafu,V,Erf,uErf,2,لِتَعَارَفُوٓا۟,2,2,2,10:45
yataEal~amu,V,Elm,uElm,2,فَيَتَعَلَّمُونَ,2,1,1,2:102
yatakab~aru,V,kbr,kbr,2,تَتَكَبَّرَ,2,2,1,7:13
yatamaA^s~a,V,mss,mss,2,يَتَمَآسَّا,1,2,1,58:3
yataraq~abu,V,rqb,rqb,2,يَتَرَقَّبُ,1,2,1,28:18
yataxa`fatu,V,xft,xft,2,يَتَخَٰفَتُونَ,1,2,2,20:103
yataxay~aru,V,xyr,xyr,2,تَخَيَّرُونَ,2,2,2,56:20
yaxoSifa,V,xSf,xuSf,2,يَخْصِفَانِ,1,2,2,7:22
yaxodaEu,V,xdE,xduE,2,يَخْدَعُوكَ,2,2,2,2:9
yaxoludo,V,xld,xld,2,تَخْلُدُونَ,2,2,2,25:69
yaxotaAnu,V,xwn,xwn,2,تَخْتَانُونَ,2,2,2,2:187
yaxotaS~u,V,xSS,xuSuS,2,يَخْتَصُّ,1,2,2,2:105
yazonu,V,zny,zny,2,يَزْنُونَ,2,2,2,25:68
yu$oEiru,V,$Er,shuEr,2,يُشْعِرَنَّ,2,2,2,6:109
yuEaZ~imo,V,EZm,uEuZm,2,يُعَظِّمْ,1,2,1,22:30
yuEaq~ibo,V,Eqb,uEqb,2,يُعَقِّبْ,1,2,2,27:10
yuHa*~iru,V,H*r,uHdhr,2,وَيُحَذِّرُكُمُ,1,2,1,3:28
yuHaA^d~u,V,Hdd,uHdd,2,يُحَآدُّونَ,1,2,1,58:5
yuHaAwiru,V,Hwr,uHwr,2,يُحَاوِرُهُۥٓ,1,2,1,18:34
yuHak~imu,V,Hkm,uHkm,2,يُحَكِّمُوكَ,2,2,2,4:65
yuHobaru,V,Hbr,uHbr,2,تُحْبَرُونَ,2,2,2,30:15
yuTaAEu,V,TwE,uTwuE,2,لِيُطَاعَ,2,2,2,4:64
yuboliYa,V,blw,blw,2,لَتُبْلَوُنَّ,2,2,2,3:186
yudoHiDu,V,dHD,duHuD,2,لِيُدْحِضُوا۟,1,2,2,18:56
yudohinu,V,dhn,dhn,2,تُدْهِنُ,2,1,1,68:9
yugaAdiru,V,gdr,gdr,2,نُغَادِرْ,2,2,1,18:47
yuhay~i}o,V,hyA,hyuA,2,وَهَيِّئْ,2,2,1,18:10
yuhoraEu,V,hrE,hruE,2,يُهْرَعُونَ,1,2,2,11:78
yumaH~iSa,V,mHS,muHuS,2,وَلِيُمَحِّصَ,1,2,1,3:141
yuman~iy,V,mny,mny,2,وَلَأُمَنِّيَنَّهُمْ,2,2,1,4:119
yunzafu,V,nzf,nzf,2,يُنزَفُونَ,2,2,2,37:47
yuraA^'u,V,rAy,ruAy,2,يُرَآءُونَ,1,2,2,4:142
yusoHabu,V,sHb,suHb,2,يُسْحَبُونَ,1,2,2,40:71
yusoraY`,N,ysr,ysr,2,لِلْيُسْرَىٰ,1,2,2,87:8
yuvobitu,V,vbt,vbt,2,لِيُثْبِتُوكَ,2,2,2,8:30
yuxaAlifu,V,xlf,xlf,2,أُخَالِفَكُمْ,2,2,2,11:88
yuxa`diEu,V,xdE,xduE,2,يُخَٰدِعُونَ,1,2,2,2:9
yuxosiru,V,xsr,xsr,2,تُخْسِرُوا۟,2,2,2,55:9
yuzojiY,V,zjw,zjw,2,يُزْجِى,1,2,2,17:66
zaEiym,N,zEm,zuEm,2,زَعِيمٌ,1,2,2,12:72
zaEom,N,zEm,zuEm,2,بِزَعْمِهِمْ,1,2,1,6:136
zajorap,N,zjr,zjr,2,زَجْرَةٌ,1,2,2,37:19
zalalo,V,zll,zll,2,زَلَلْتُم,2,2,2,2:209
zilozaAl,N,zlzl,zlzl,2,زِلْزَالًا,2,2,2,33:11
ziyaAdap,N,zyd,zyd,2,زِيَادَةٌ,2,2,2,9:37
zujaAjap,N,zjj,zjj,2,زُجَاجَةٍ,2,1,1,24:35
zulofap,N,zlf,zlf,2,زُلْفَةً,2,2,2,11:114
zumar,N,zmr,zmr,2,زُمَرًا,1,2,1,39:71
{$otamalato,V,$ml,shml,2,ٱشْتَمَلَتْ,1,2,1,6:143
{Domumo,V,Dmm,uDmm,2,وَٱضْمُمْ,1,2,2,20:22
{bonat,N,bny,bny,2,ٱبْنَتَ,2,2,2,28:27
{fotiraA^',N,fry,fry,2,ٱفْتِرَآءً,1,2,1,6:138
{goluZo,V,glZ,gluZ,2,وَٱغْلُظْ,1,2,2,9:73
{jolidu,V,jld,jld,2,فَٱجْلِدُوا۟,2,2,1,24:2
{jotamaEu,V,jmE,jmuE,2,ٱجْتَمَعَتِ,2,2,2,17:88
{kotaAlu,V,kyl,kyl,2,نَكْتَلْ,2,2,2,12:63
{lotaqaTa,V,lqT,lquT,2,فَٱلْتَقَطَهُۥٓ,2,2,2,12:10
{loyasaEa,PN,,,2,وَٱلْيَسَعَ,1,2,2,6:86
{motaHana,V,mHn,muHn,2,فَٱمْتَحِنُوهُنَّ,2,2,2,49:3
{n$uzu,V,n$z,nshz,2,فَٱنشُزُوا۟,2,1,1,58:11
{nsalaxa,V,slx,slx,2,فَٱنسَلَخَ,2,2,2,7:175
{ntaba*ato,V,nb*,nbdh,2,فَٱنتَبَذَتْ,2,2,1,19:16
{sota$ohidu,V,$hd,shhd,2,فَٱسْتَشْهِدُوا۟,2,2,2,2:282
{sotaHaq~a,V,Hqq,uHqq,2,ٱسْتَحَقَّ,2,1,1,5:107
{sotaHowa*a,V,Hw*,uHwdh,2,نَسْتَحْوِذْ,2,2,2,4:141
{sota_#ojaro,V,Ajr,uAjr,2,ٱسْتَـْٔجَرْتَ,2,1,1,28:26
{sotago$a,V,g$w,gshw,2,وَٱسْتَغْشَوْا۟,2,2,2,11:5
{sotakaAnu,V,kyn,kyn,2,ٱسْتَكَانُوا۟,1,2,2,3:146
{sotanSara,V,nSr,nuSr,2,ٱسْتَنصَرَهُۥ,2,2,2,8:72
{sotasoqaY`,V,sqy,sqy,2,ٱسْتَسْقَىٰ,2,2,2,2:60
{sotayo_#asa,V,yAs,yuAs,2,ٱسْتَيْـَٔسَ,2,2,1,12:80
{sotayoqanato,V,yqn,yqn,2,لِيَسْتَيْقِنَ,2,2,2,27:14
{sotayosara,V,ysr,ysr,2,ٱسْتَيْسَرَ,1,1,1,2:196
{sotikobaAr,N,kbr,kbr,2,ٱسْتِكْبَارًا,1,2,2,35:43
{sowad~ato,V,swd,swd,2,وَتَسْوَدُّ,2,1,1,3:106
{t~ibaAE,N,tbE,tbuE,2,فَٱتِّبَاعٌۢ,2,2,2,2:178
$aAkilat,N,$kl,shkl,1,شَاكِلَتِهِۦ,1,1,1,17:84
$aAni},N,$nA,shnuA,1,شَانِئَكَ,1,1,1,108:3
$aAriko,V,$rk,shrk,1,وَشَارِكْهُمْ,1,1,1,17:64
$aAwiro,V,$wr,shwr,1,وَشَاوِرْهُمْ,1,1,1,3:159
$aTo_#,N,$TA,shuTuA,1,شَطْـَٔهُۥ,1,1,1,48:29
$a`Ti},N,$TA,shuTuA,1,شَٰطِئِ,1,1,1,28:30
$a`mixa`t,ADJ,$mx,shmx,1,شَٰمِخَٰتٍ,1,1,1,77:27
$a`xiSap,N,$xS,shxuS,1,شَٰخِصَةٌ,1,1,1,21:97
$afatayon,N,$fh,shfh,1,وَشَفَتَيْنِ,1,1,1,90:9
$agafa,V,$gf,shgf,1,شَغَفَهَا,1,1,1,12:30
$agalato,V,$gl,shgl,1,شَغَلَتْنَآ,1,1,1,48:11
$ajara,V,$jr,shjr,1,شَجَرَ,1,1,1,4:65
$akol,N,$kl,shkl,1,شَكْلِهِۦٓ,1,1,1,38:58
$aq~,N,$qq,shqq,1,شَقًّا,1,1,1,80:26
$arar,N,$rr,shrr,1,بِشَرَرٍ,1,1,1,77:32
$ariyEap,N,$rE,shruE,1,شَرِيعَةٍ,1,1,1,45:18
$aroqiy~,ADJ,$rq,shrq,1,شَرْقِيًّا,1,1,1,19:16
$aroqiy~ap,N,$rq,shrq,1,شَرْقِيَّةٍ,1,1,1,24:35
$ar~ido,V,$rd,shrd,1,فَشَرِّدْ,1,1,1,8:57
$awob,N,$wb,shwb,1,لَشَوْبًا,1,1,1,37:67
$ayob,N,$yb,shyb,1,شَيْبًا,1,1,1,19:4
$ayobap,N,$yb,shyb,1,وَشَيْبَةً,1,1,1,30:54
$iqowat,N,$qw,shqw,1,شِقْوَتُنَا,1,1,1,23:106
$iq~,N,$qq,shqq,1,بِشِقِّ,1,1,1,16:7
$iro*imap,N,$r*m,shrdhm,1,لَشِرْذِمَةٌ,1,1,1,26:54
$iroEap,N,$rE,shruE,1,شِرْعَةً,1,1,1,5:48
$iyap,N,w$y,wshy,1,شِيَةَ,1,1,1,2:71
$iyb,N,$yb,shyb,1,شِيبًا,1,1,1,73:17
$uEab,N,$Eb,shuEb,1,شُعَبٍ,1,1,1,77:30
$uEuwb,N,$Eb,shuEb,1,شُعُوبًا,1,1,1,49:13
$uHuwm,N,$Hm,shuHm,1,شُحُومَهُمَآ,1,1,1,6:146
$ub~iha,V,$bh,shbh,1,شُبِّهَ,1,1,1,4:157
$ugul,N,$gl,shgl,1,شُغُلٍ,1,1,1,36:55
$uhub,N,$hb,shhb,1,وَشُهُبًا,1,1,1,72:8
$ukor,N,$kr,shkr,1,شُكْرًا,1,1,1,34:13
$urob,N,$rb,shrb,1,شُرْبَ,1,1,1,56:55
$ur~aE,N,$rE,shruE,1,شُرَّعًا,1,1,1,7:163
$uwaAZ,N,$wZ,shwuZ,1,شُوَاظٌ,1,1,1,55:35
$uwraY`,N,$wr,shwr,1,شُورَىٰ,1,1,1,42:38
$~afaq,N,$fq,shfq,1,بِٱلشَّفَقِ,1,1,1,84:16
$~afoE,N,$fE,shfuE,1,وَٱلشَّفْعِ,1,1,1,89:3
$~awaY`,N,$wy,shwy,1,لِّلشَّوَىٰ,1,1,1,70:16
$~awokap,N,$wk,shwk,1,ٱلشَّوْكَةِ,1,1,1,8:7
$~iEoraY`,PN,$Er,shuEr,1,ٱلشِّعْرَىٰ,1,1,1,53:49
$~itaA^',N,$tw,shtw,1,ٱلشِّتَآءِ,1,1,1,106:2
$~uq~ap,N,$qq,shqq,1,ٱلشُّقَّةُ,1,1,1,9:42
'aAfiliyn,N,Afl,uAfl,1,ٱلْءَافِلِينَ,1,1,1,6:76
'aAminap,N,Amn,uAmn,1,ءَامِنَةً,1,1,1,16:112
'aAmiruwn,N,Amr,uAmr,1,ٱلْءَامِرُونَ,1,1,1,9:112
'aAn,N,Any,uAny,1,ءَانٍ,1,1,1,55:44
'aAnif,N,Anf,uAnf,1,ءَانِفًا,1,1,1,47:16
'aAsafu,V,Asf,uAsf,1,ءَاسَفُونَا,1,1,1,43:55
'aAsin,N,Asn,uAsn,1,ءَاسِنٍ,1,1,1,47:15
*aAhib,N,*hb,dhhb,1,ذَاهِبٌ,1,1,1,37:99
*a`nik,DEM,,,1,فَذَٰنِكَ,1,1,1,28:32
*ahaAb,N,*hb,dhhb,1,ذَهَابٍۭ,1,1,1,23:18
*ak~ayo,V,*kw,dhkw,1,ذَكَّيْتُمْ,1,1,1,5:3
*arow,N,*rw,dhrw,1,ذَرْوًا,1,1,1,51:1
*iboH,N,*bH,dhbuH,1,بِذِبْحٍ,1,1,1,37:107
*ulul,N,*ll,dhll,1,ذُلُلًا,1,1,1,16:69
*~a`kira`t,N,*kr,dhkr,1,وَٱلذَّٰكِرَٰتِ,1,1,1,33:35
*~a`riya`t,N,*rw,dhrw,1,وَٱلذَّٰرِيَٰتِ,1,1,1,51:1
<i$oraAq,N,$rq,shrq,1,وَٱلْإِشْرَاقِ,1,1,1,38:18
<iEoSaAr,N,ESr,uEuSr,1,إِعْصَارٌ,1,1,1,2:266
<iSobaAH,N,SbH,uSbuH,1,ٱلْإِصْبَاحِ,1,1,1,6:96
<iY,ANS,,,1,إِى,1,1,1,10:53
<idoba`r,N,dbr,dbr,1,وَإِدْبَٰرَ,1,1,1,52:49
<id~,ADJ,Add,uAdd,1,إِدًّا,1,1,1,19:89
<ijoraAm,N,jrm,jrm,1,إِجْرَامِى,1,1,1,11:35
<iloHaAd,N,lHd,luHd,1,بِإِلْحَادٍۭ,1,1,1,22:25
<iloHaAf,N,lHf,luHf,1,إِلْحَافًا,1,1,1,2:273
<il~am,COND,,,1,فَإِلَّمْ,1,1,1,11:14
<imor,ADJ,Amr,uAmr,1,إِمْرًا,1,1,1,18:71
<imosaAk,N,msk,msk,1,فَإِمْسَاكٌۢ,1,1,1,2:229
<in$aA^',N,n$A,nshuA,1,إِنشَآءً,1,1,1,56:35
<inaY`,N,Any,uAny,1,إِنَىٰهُ,1,1,1,33:53
<infaAq,N,nfq,nfq,1,ٱلْإِنفَاقِ,1,1,1,17:100
<insiy~,N,Ans,uAns,1,إِنسِيًّا,1,1,1,19:26
<iqaAmat,N,qwm,qwm,1,إِقَامَتِكُمْ,1,1,1,16:80
<iram,PN,,,1,إِرَمَ,1,1,1,89:7
<iroSaAd,N,rSd,ruSd,1,وَإِرْصَادًا,1,1,1,9:107
<irobap,N,Arb,uArb,1,ٱلْإِرْبَةِ,1,1,1,24:31
<iyaAb,N,Awb,uAwb,1,إِيَابَهُمْ,1,1,1,88:25
<iyn,COND,,,1,أَفَإِي۟ن,1,1,1,3:144
>a$aArato,V,$wr,shwr,1,فَأَشَارَتْ,1,1,1,19:29
>a$aq~,ADJ,$qq,shqq,1,أَشَقُّ,1,1,1,13:34
>a$okuwA@,V,$kw,shkw,1,أَشْكُوا۟,1,1,1,12:86
>a$oraAT,N,$rT,shruT,1,أَشْرَاطُهَا,1,1,1,47:18
>a$oraqati,V,$rq,shrq,1,وَأَشْرَقَتِ,1,1,1,39:69
>a*aAEu,V,*yE,dhyuE,1,أَذَاعُوا۟,1,1,1,4:83
>a*a`n,N,A*n,uAdhn,1,وَأَذَٰنٌ,1,1,1,9:3
>aDoHaka,V,DHk,uDuHk,1,أَضْحَكَ,1,1,1,53:43
>aEiyba,V,Eyb,uEyb,1,أَعِيبَهَا,1,1,1,18:79
>aEojala,V,Ejl,uEjl,1,أَعْجَلَكَ,1,1,1,20:83
>aEojamiyn,N,Ejm,uEjm,1,ٱلْأَعْجَمِينَ,1,1,1,26:198
>aEonata,V,Ent,uEnt,1,لَأَعْنَتَكُمْ,1,1,1,2:220
>aEoqaba,V,Eqb,uEqb,1,فَأَعْقَبَهُمْ,1,1,1,9:77
>aEovaro,V,Evr,uEvr,1,أَعْثَرْنَا,1,1,1,18:21
>aHib~a`^&,N,Hbb,uHbb,1,وَأَحِبَّٰٓؤُهُۥ,1,1,1,5:18
>aHoSaY`2,N,HSy,uHuSy,1,أَحْصَىٰ,1,1,1,18:12
>aHomaAl,N,Hml,uHml,1,ٱلْأَحْمَالِ,1,1,1,65:4
>aHomad,PN,,,1,أَحْمَدُ,1,1,1,61:6
>aHoqaAb,T,Hqb,uHqb,1,أَحْقَابًا,1,1,1,78:23
>aHoqaAf,PN,Hqf,uHqf,1,بِٱلْأَحْقَافِ,1,1,1,46:21
>aHoraS,N,HrS,uHruS,1,أَحْرَصَ,1,1,1,2:96
>aHotanika,V,Hnk,uHnk,1,لَأَحْتَنِكَنَّ,1,1,1,17:62
>aHowaY`,ADJ,Hwy,uHwy,1,أَحْوَىٰ,1,1,1,87:5
>aSam~a,V,Smm,uSmm,1,فَأَصَمَّهُمْ,1,1,1,47:23
>aSobu,V,Sbw,uSbw,1,أَصْبُ,1,1,1,12:33
>aSowaAf,N,Swf,uSwf,1,أَصْوَافِهَا,1,1,1,16:80
>aTogaY`,N,Tgy,uTgy,1,وَأَطْغَىٰ,1,1,1,53:52
>aTogayo,V,Tgy,uTgy,1,أَطْغَيْتُهُۥ,1,1,1,50:27
>aTowaAr,N,Twr,uTwr,1,أَطْوَارًا,1,1,1,71:14
>aZofara,V,Zfr,uZfr,1,أَظْفَرَكُمْ,1,1,1,48:24
>aZolama,V,Zlm,uZlm,1,أَظْلَمَ,1,1,1,2:20
>abaAbiyl,ADJ,Abl,uAbl,1,أَبَابِيلَ,1,1,1,105:3
>abaAriyq,N,,,1,وَأَبَارِيقَ,1,1,1,56:18
>abaqa,V,Abq,uAbq,1,أَبَقَ,1,1,1,37:140
>abo$iru,V,b$r,bshr,1,وَأَبْشِرُوا۟,1,1,1,41:30
>abokaY`,V,bky,bky,1,وَأَبْكَىٰ,1,1,1,53:43
>aboramu,V,brm,brm,1,أَبْرَمُوٓا۟,1,1,1,43:79
>abotar,N,btr,btr,1,ٱلْأَبْتَرُ,1,1,1,108:3
>ab~,N,Abb,uAbb,1,وَأَبًّا,1,1,1,80:31
>adaA^',N,Ady,uAdy,1,وَأَدَآءٌ,1,1,1,2:178
>adohaY`,ADJ,dhy,dhy,1,أَدْهَىٰ,1,1,1,54:46
>afaAqa,V,fwq,fwq,1,أَفَاقَ,1,1,1,7:143
>afoDaY`,V,fDw,fuDw,1,أَفْضَىٰ,1,1,1,4:21
>afoSaH,N,fSH,fuSuH,1,أَفْصَحُ,1,1,1,28:34
>afonaAn,N,fnn,fnn,1,أَفْنَانٍ,1,1,1,55:48
>agoTa$a,V,gT$,guTsh,1,وَأَغْطَشَ,1,1,1,79:29
>agofalo,V,gfl,gfl,1,أَغْفَلْنَا,1,1,1,18:28
>aham~ato,V,hmm,hmm,1,أَهَمَّتْهُمْ,1,1,1,3:154
>ahil~ap,N,hll,hll,1,ٱلْأَهِلَّةِ,1,1,1,2:189
>ahowan,N,hwn,hwn,1,أَهْوَنُ,1,1,1,30:27
>ahu$~u,V,h$$,hshsh,1,وَأَهُشُّ,1,1,1,20:18
>ajin~ap,N,jnn,jnn,1,أَجِنَّةٌ,1,1,1,53:32
>ajodar,N,jdr,jdr,1,وَأَجْدَرُ,1,1,1,9:97
>ajol,N,Ajl,uAjl,1,أَجْلِ,1,1,1,5:32
>ajolibo,V,jlb,jlb,1,وَأَجْلِبْ,1,1,1,17:64
>akobaro,V,kbr,kbr,1,أَكْبَرْنَهُۥ,1,1,1,12:31
>akodaY`^,V,kdy,kdy,1,وَأَكْدَىٰٓ,1,1,1,53:34
>akofara,V,kfr,kfr,1,أَكْفَرَهُۥ,1,1,1,80:17
>akofilo,V,kfl,kfl,1,أَكْفِلْنِيهَا,1,1,1,38:23
>akona`n,N,knn,knn,1,أَكْنَٰنًا,1,1,1,16:81
>ak~a`luwn,N,Akl,uAkl,1,أَكَّٰلُونَ,1,1,1,5:42
>ala,V,lyn,lyn,1,وَأَلَنَّا,1,1,1,34:10
>alad~,N,ldd,ldd,1,أَلَدُّ,1,1,1,2:204
>alato,V,Alt,uAlt,1,أَلَتْنَٰهُم,1,1,1,52:21
>alofaAf,ADJ,lff,lff,1,أَلْفَافًا,1,1,1,78:16
>alohama,V,lhm,lhm,1,فَأَلْهَمَهَا,1,1,1,91:8
>aloqa`b,N,lqb,lqb,1,بِٱلْأَلْقَٰبِ,1,1,1,49:11
>amaAm,T,Amm,uAmm,1,أَمَامَهُۥ,1,1,1,75:5
>amar~,N,mrr,mrr,1,وَأَمَرُّ,1,1,1,54:46
>amo$aAj,ADJ,m$j,mshj,1,أَمْشَاجٍ,1,1,1,76:2
>amoEaA^',N,mEy,muEy,1,أَمْعَآءَهُمْ,1,1,1,47:15
>amohilo,V,mhl,mhl,1,أَمْهِلْهُمْ,1,1,1,86:17
>amokana,V,mkn,mkn,1,فَأَمْكَنَ,1,1,1,8:71
>amot,N,Amt,uAmt,1,أَمْتًا,1,1,1,20:107
>amoval,N,mvl,mvl,1,أَمْثَلُهُمْ,1,1,1,20:104
>am~aArap,N,Amr,uAmr,1,لَأَمَّارَةٌۢ,1,1,1,12:53
>anaAm,N,Anm,uAnm,1,لِلْأَنَامِ,1,1,1,55:10
>anaAmil,N,nml,nml,1,ٱلْأَنَامِلَ,1,1,1,3:119
>ankaAl,N,nkl,nkl,1,أَنكَالًا,1,1,1,73:12
>anka`v,N,nkv,nkv,1,أَنكَٰثًا,1,1,1,16:92
>ankar,N,nkr,nkr,1,أَنكَرَ,1,1,1,31:19
>anqaDa,V,nqD,nquD,1,أَنقَضَ,1,1,1,94:3
>aqaAwiyl,N,qwl,qwl,1,ٱلْأَقَاوِيلِ,1,1,1,69:44
>aqal~ato,V,qll,qll,1,أَقَلَّتْ,1,1,1,7:57
>aqobara,V,qbr,qbr,1,فَأَقْبَرَهُۥ,1,1,1,80:21
>aqodamuwn,N,qdm,qdm,1,ٱلْأَقْدَمُونَ,1,1,1,26:76
>aqofaAl,N,qfl,qfl,1,أَقْفَالُهَآ,1,1,1,47:24
>aqoliEi,V,qlE,qluE,1,أَقْلِعِى,1,1,1,11:44
>aqonaY`,N,qny,qny,1,وَأَقْنَىٰ,1,1,1,53:48
>aqowa`t,N,qwt,qwt,1,أَقْوَٰتَهَا,1,1,1,41:10
>arojaA^},N,rjw,rjw,1,أَرْجَآئِهَا,1,1,1,69:17
>arosaY`,V,rsw,rsw,1,أَرْسَىٰهَا,1,1,1,79:32
>asalo,V,syl,syl,1,وَأَسَلْنَا,1,1,1,34:12
>asobaga,V,sbg,sbg,1,وَأَسْبَغَ,1,1,1,31:20
>asofara,V,sfr,sfr,1,أَسْفَرَ,1,1,1,74:34
>asor,N,Asr,uAsr,1,أَسْرَهُمْ,1,1,1,76:28
>asotaxoliSo,V,xlS,xluS,1,أَسْتَخْلِصْهُ,1,1,1,12:54
>asowad,ADJ,swd,swd,1,ٱلْأَسْوَدِ,1,1,1,2:187
>asoxaTa,V,sxT,sxuT,1,أَسْخَطَ,1,1,1,47:28
>atawak~a&uA@,V,wkA,wkuA,1,أَتَوَكَّؤُا۟,1,1,1,20:18
>atoqana,V,tqn,tqn,1,أَتْقَنَ,1,1,1,27:88
>avaAm,N,Avm,uAvm,1,أَثَامًا,1,1,1,25:68
>ava`rap,N,Avr,uAvr,1,أَثَٰرَةٍ,1,1,1,46:4
>avol,N,Avl,uAvl,1,وَأَثْلٍ,1,1,1,34:16
>avoqalat,V,vql,vql,1,أَثْقَلَت,1,1,1,7:189
>awoDaEu,V,wDE,wuDuE,1,وَلَأَوْضَعُوا۟,1,1,1,9:47
>awobaAr,N,wbr,wbr,1,وَأَوْبَارِهَا,1,1,1,16:80
>awohan,N,whn,whn,1,أَوْهَنَ,1,1,1,29:41
>awojafo,V,wjf,wjf,1,أَوْجَفْتُمْ,1,1,1,59:6
>awolaya`n,N,wly,wly,1,ٱلْأَوْلَيَٰنِ,1,1,1,5:107
>aworada,V,wrd,wrd,1,فَأَوْرَدَهُمُ,1,1,1,11:98
>aw~ibi,V,Awb,uAwb,1,أَوِّبِى,1,1,1,34:10
>axoDar,ADJ,xDr,xuDr,1,ٱلْأَخْضَرِ,1,1,1,36:80
>axofaY,N,xfy,xfy,1,وَأَخْفَى,1,1,1,20:7
>axozaY`,N,xzy,xzy,1,أَخْزَىٰ,1,1,1,41:16
>aya`maY`,N,Aym,uAym,1,ٱلْأَيَٰمَىٰ,1,1,1,24:32
>ayoqaAZ,N,yqZ,yquZ,1,أَيْقَاظًا,1,1,1,18:18
>azal~a,V,zll,zll,1,فَأَزَلَّهُمَا,1,1,1,2:36
>azifati,V,Azf,uAzf,1,أَزِفَتِ,1,1,1,53:57
>azor,N,Azr,uAzr,1,أَزْرِى,1,1,1,20:31
>az~,N,Azz,uAzz,1,أَزًّا,1,1,1,19:83
>u$oribu,V,$rb,shrb,1,وَأُشْرِبُوا۟,1,1,1,2:93
>uEiy*u,V,Ew*,uEwdh,1,أُعِيذُهَا,1,1,1,3:36
>ufaw~iDu,V,fwD,fwuD,1,وَأُفَوِّضُ,1,1,1,40:44
>uq~itato,V,wqt,wqt,1,أُقِّتَتْ,1,1,1,77:11
>uxoduwd,N,xdd,xdd,1,ٱلْأُخْدُودِ,1,1,1,85:4
A^m~iyn,N,Amm,uAmm,1,ءَآمِّينَ,1,1,1,5:2
A^zar,PN,,,1,ءَازَرَ,1,1,1,6:74
A^zara,V,Azr,uAzr,1,فَـَٔازَرَهُۥ,1,1,1,48:29
DaAHik,N,DHk,uDuHk,1,ضَاحِكًا,1,1,1,27:19
DaAHikap,N,DHk,uDuHk,1,ضَاحِكَةٌ,1,1,1,80:39
DaA^}iq,N,Dyq,uDyq,1,وَضَآئِقٌۢ,1,1,1,11:12
DaAmir,N,Dmr,uDmr,1,ضَامِرٍ,1,1,1,22:27
DaboH,N,DbH,uDbuH,1,ضَبْحًا,1,1,1,100:1
Daniyn,N,Dnn,uDnn,1,بِضَنِينٍ,1,1,1,81:24
Dank,ADJ,Dnk,uDnk,1,ضَنكًا,1,1,1,20:124
DariyE,N,DrE,uDruE,1,ضَرِيعٍ,1,1,1,88:6
Dayor,N,Dyr,uDyr,1,ضَيْرَ,1,1,1,26:50
DiEa`f,ADJ,DEf,uDuEf,1,ضِعَٰفًا,1,1,1,4:9
Did~,N,Ddd,uDdd,1,ضِدًّا,1,1,1,19:82
DiyzaY`^,ADJ,Dyz,uDyz,1,ضِيزَىٰٓ,1,1,1,53:22
D~a>on,N,DAn,uDuAn,1,ٱلضَّأْنِ,1,1,1,6:143
D~afaAdiE,N,DfdE,uDfduE,1,وَٱلضَّفَادِعَ,1,1,1,7:133
D~arar,N,Drr,uDrr,1,ٱلضَّرَرِ,1,1,1,4:95
Ea$iyr,N,E$r,uEshr,1,ٱلْعَشِيرُ,1,1,1,22:13
Ea$iy~ap,N,E$w,uEshw,1,عَشِيَّةً,1,1,1,79:46
EaA$iru,V,E$r,uEshr,1,وَعَاشِرُوهُنَّ,1,1,1,4:19
EaASifap,N,ESf,uEuSf,1,عَاصِفَةً,1,1,1,21:81
EaA^d~iyn,N,Edd,uEdd,1,ٱلْعَآدِّينَ,1,1,1,23:113
EaA^}iduwn,N,Ewd,uEwd,1,عَآئِدُونَ,1,1,1,44:15
EaA^}il,N,Eyl,uEyl,1,عَآئِلًا,1,1,1,93:8
EaAbiriY,N,Ebr,uEbr,1,عَابِرِى,1,1,1,4:43
EaAdayo,V,Edw,uEdw,1,عَادَيْتُم,1,1,1,60:7
EaAfiyn,N,Efw,uEfw,1,وَٱلْعَافِينَ,1,1,1,3:134
EaAl,N,Elw,uElw,1,لَعَالٍ,1,1,1,10:83
EaAmilap,ADJ,Eml,uEml,1,عَامِلَةٌ,1,1,1,88:3
EaAtiyap,ADJ,Etw,uEtw,1,عَاتِيَةٍ,1,1,1,69:6
EaSiyb,ADJ,ESb,uEuSb,1,عَصِيبٌ,1,1,1,11:77
EaSof2,N,ESf,uEuSf,1,عَصْفًا,1,1,1,77:2
EaSor,N,ESr,uEuSr,1,وَٱلْعَصْرِ,1,1,1,103:1
Ea`Sifa`t,N,ESf,uEuSf,1,فَٱلْعَٰصِفَٰتِ,1,1,1,77:2
Ea`bida`t,ADJ,Ebd,uEbd,1,عَٰبِدَٰتٍ,1,1,1,66:5
Ea`diya`t,N,Edw,uEdw,1,وَٱلْعَٰدِيَٰتِ,1,1,1,100:1
Eabav,N,Ebv,uEbv,1,عَبَثًا,1,1,1,23:115
EaboqariY~,N,Ebqr,uEbqr,1,وَعَبْقَرِىٍّ,1,1,1,55:76
Eabuws,ADJ,Ebs,uEbs,1,عَبُوسًا,1,1,1,76:10
Eab~ad,V,Ebd,uEbd,1,عَبَّدتَّ,1,1,1,26:22
Eadas,N,Eds,uEds,1,وَعَدَسِهَا,1,1,1,2:61
Ead~ada,V,Edd,uEdd,1,وَعَدَّدَهُۥ,1,1,1,104:2
Eajal,N,Ejl,uEjl,1,عَجَلٍ,1,1,1,21:37
Eajazo,V,Ejz,uEjz,1,أَعَجَزْتُ,1,1,1,5:31
Eajuwl,ADJ,Ejl,uEjl,1,عَجُولًا,1,1,1,17:11
Eala`ma`t,N,Elm,uElm,1,وَعَلَٰمَٰتٍ,1,1,1,16:16
Ealaq,N,Elq,uElq,1,عَلَقٍ,1,1,1,96:2
Eamiyq,ADJ,Emq,uEmq,1,عَمِيقٍ,1,1,1,22:27
Eamor,N,Emr,uEmr,1,لَعَمْرُكَ,1,1,1,15:72
Eanat,N,Ent,uEnt,1,ٱلْعَنَتَ,1,1,1,4:25
Eanati,V,Enw,uEnw,1,وَعَنَتِ,1,1,1,20:111
Eaqadato,V,Eqd,uEqd,1,عَقَدَتْ,1,1,1,4:33
Eaq~ad,V,Eqd,uEqd,1,عَقَّدتُّمُ,1,1,1,5:89
Earafa`t,PN,,,1,عَرَفَٰتٍ,1,1,1,2:198
Earim,N,Erm,uErm,1,ٱلْعَرِمِ,1,1,1,34:16
EariyD,ADJ,ErD,uEruD,1,عَرِيضٍ,1,1,1,41:51
Ear~aDo,V,ErD,uEruD,1,عَرَّضْتُم,1,1,1,2:235
Easal,N,Esl,uEsl,1,عَسَلٍ,1,1,1,47:15
Easir,ADJ,Esr,uEsr,1,عَسِرٌ,1,1,1,54:8
EasoEasa,V,EsEs,uEsuEs,1,عَسْعَسَ,1,1,1,81:17
EawaAn,N,Ewn,uEwn,1,عَوَانٌۢ,1,1,1,2:68
Eayolap,N,Eyl,uEyl,1,عَيْلَةً,1,1,1,9:28
Eazalo,V,Ezl,uEzl,1,عَزَلْتَ,1,1,1,33:51
Eaz~a,V,Ezz,uEzz,1,وَعَزَّنِى,1,1,1,38:23
Eaz~azo,V,Ezz,uEzz,1,فَعَزَّزْنَا,1,1,1,36:14
Ei$aAr,N,E$r,uEshr,1,ٱلْعِشَارُ,1,1,1,81:4
Ei$oruwn,N,E$r,uEshr,1,عِشْرُونَ,1,1,1,8:65
EiDiyn,N,EDw,uEuDw,1,عِضِينَ,1,1,1,15:91
EiSam,N,ESm,uEuSm,1,بِعِصَمِ,1,1,1,60:10
EiSoyaAn,N,ESy,uEuSy,1,وَٱلْعِصْيَانَ,1,1,1,49:7
EiTof,N,ETf,uEuTf,1,عِطْفِهِۦ,1,1,1,22:9
Eiforiyt,N,Efr,uEfr,1,عِفْرِيتٌ,1,1,1,27:39
EimaAd,N,Emd,uEmd,1,ٱلْعِمَادِ,1,1,1,89:7
EimaArap,N,Emr,uEmr,1,وَعِمَارَةَ,1,1,1,9:19
Eiyd,N,Ewd,uEwd,1,عِيدًا,1,1,1,5:114
Eiziyn,N,Ezw,uEzw,1,عِزِينَ,1,1,1,70:37
Eiz~,N,Ezz,uEzz,1,عِزًّا,1,1,1,19:81
EuT~ilato,V,ETl,uEuTl,1,عُطِّلَتْ,1,1,1,81:4
Eud~ap,N,Edd,uEdd,1,عُدَّةً,1,1,1,9:46
EujaAb,ADJ,Ejb,uEjb,1,عُجَابٌ,1,1,1,38:5
Eum~iyato,V,Emy,uEmy,1,فَعُمِّيَتْ,1,1,1,11:28
Euqob,N,Eqb,uEqb,1,عُقْبًا,1,1,1,18:44
Euquwd,N,Eqd,uEqd,1,بِٱلْعُقُودِ,1,1,1,5:1
EuroDap,N,ErD,uEruD,1,عُرْضَةً,1,1,1,2:224
Eurojuwn,N,Erjn,uErjn,1,كَٱلْعُرْجُونِ,1,1,1,36:39
Eurub,ADJ,Erb,uErb,1,عُرُبًا,1,1,1,56:37
EusoraY`,N,Esr,uEsr,1,لِلْعُسْرَىٰ,1,1,1,92:10
Eutul~,ADJ,Etl,uEtl,1,عُتُلٍّۭ,1,1,1,68:13
Euvira,V,Evr,uEvr,1,عُثِرَ,1,1,1,5:107
Euzayor,PN,,,1,عُزَيْرٌ,1,1,1,9:30
HaADir,N,HDr,uHuDr,1,حَاضِرًا,1,1,1,18:49
HaADiriY,N,HDr,uHuDr,1,حَاضِرِى,1,1,1,2:196
HaA^f~iyn,N,Hff,uHff,1,حَآفِّينَ,1,1,1,39:75
HaA^j~,N,Hjj,uHjj,1,ٱلْحَآجِّ,1,1,1,9:19
HaAfirap,N,Hfr,uHfr,1,ٱلْحَافِرَةِ,1,1,1,79:10
HaAjiz,N,Hjz,uHjz,1,حَاجِزًا,1,1,1,27:61
HaAm,N,Hmy,uHmy,1,حَامٍ,1,1,1,5:103
HaAsid,N,Hsd,uHsd,1,حَاسِدٍ,1,1,1,113:5
HaSaAd,N,HSd,uHuSd,1,حَصَادِهِۦ,1,1,1,6:141
HaSab,N,HSb,uHuSb,1,حَصَبُ,1,1,1,21:98
HaSad,V,HSd,uHuSd,1,حَصَدتُّمْ,1,1,1,12:47
HaSiyr,N,HSr,uHuSr,1,حَصِيرًا,1,1,1,17:8
HaSoHaSa,V,HSHS,uHuSuHuS,1,حَصْحَصَ,1,1,1,12:51
HaSuwr,N,HSr,uHuSr,1,وَحَصُورًا,1,1,1,3:39
Ha`*iruwn,N,H*r,uHdhr,1,حَٰذِرُونَ,1,1,1,26:56
Ha`jiziyn,ADJ,Hjz,uHjz,1,حَٰجِزِينَ,1,1,1,69:47
Ha`miduwn,N,Hmd,uHmd,1,ٱلْحَٰمِدُونَ,1,1,1,9:112
Ha`mila`t,N,Hml,uHml,1,فَٱلْحَٰمِلَٰتِ,1,1,1,51:2
Ha`miliyn,N,Hml,uHml,1,بِحَٰمِلِينَ,1,1,1,29:12
Hab~aba,V,Hbb,uHbb,1,حَبَّبَ,1,1,1,49:7
Hadab,N,Hdb,uHdb,1,حَدَبٍ,1,1,1,21:96
Hafadap,N,Hfd,uHfd,1,وَحَفَدَةً,1,1,1,16:72
Hafafo,V,Hff,uHff,1,وَحَفَفْنَٰهُمَا,1,1,1,18:32
Haj~a,V,Hjj,uHjj,1,حَجَّ,1,1,1,2:158
Hala`^}il,N,Hll,uHll,1,وَحَلَٰٓئِلُ,1,1,1,4:23
Hal~aAf,N,Hlf,uHlf,1,حَلَّافٍ,1,1,1,68:10
Hami}ap,ADJ,HmA,uHmuA,1,حَمِئَةٍ,1,1,1,18:86
Hamuwlap,N,Hml,uHml,1,حَمُولَةً,1,1,1,6:142
Ham~aAlap,N,Hml,uHml,1,حَمَّالَةَ,1,1,1,111:4
HanaAn,N,Hnn,uHnn,1,وَحَنَانًا,1,1,1,19:13
Haniy*,ADJ,Hn*,uHndh,1,حَنِيذٍ,1,1,1,11:69
Haqiyq,N,Hqq,uHqq,1,حَقِيقٌ,1,1,1,7:105
HaraD,N,HrD,uHruD,1,حَرَضًا,1,1,1,12:85
Haras,N,Hrs,uHrs,1,حَرَسًا,1,1,1,72:8
HariyS,N,HrS,uHruS,1,حَرِيصٌ,1,1,1,9:128
Harod,N,Hrd,uHrd,1,حَرْدٍ,1,1,1,68:25
Harof,N,Hrf,uHrf,1,حَرْفٍ,1,1,1,22:11
Haruwr,N,Hrr,uHrr,1,ٱلْحَرُورُ,1,1,1,35:21
Hasad,N,Hsd,uHsd,1,حَسَدًا,1,1,1,2:109
Hasiyr,N,Hsr,uHsr,1,حَسِيرٌ,1,1,1,67:4
Hasiys,N,Hss,uHss,1,حَسِيسَهَا,1,1,1,21:102
Hasorat,N,Hsr,uHsr,1,يَٰحَسْرَتَنَا,1,1,1,6:31
HasorataY`,N,Hsr,uHsr,1,يَٰحَسْرَتَىٰ,1,1,1,39:56
Hatom,N,Htm,uHtm,1,حَتْمًا,1,1,1,19:71
Haviyv,N,Hvv,uHvv,1,حَثِيثًا,1,1,1,7:54
HawaAyaA^,N,Hwy,uHwy,1,ٱلْحَوَايَآ,1,1,1,6:146
HayawaAn,N,Hyy,uHyy,1,ٱلْحَيَوَانُ,1,1,1,29:64
HayoraAn,N,Hyr,uHyr,1,حَيْرَانَ,1,1,1,6:71
Hay~ap,N,Hyy,uHyy,1,حَيَّةٌ,1,1,1,20:20
HidaAd,N,Hdd,uHdd,1,حِدَادٍ,1,1,1,33:19
Hijaj,N,Hjj,uHjj,1,حِجَجٍ,1,1,1,28:27
Hij~,N,Hjj,uHjj,1,حِجُّ,1,1,1,3:97
Hinv,N,Hnv,uHnv,1,ٱلْحِنثِ,1,1,1,56:46
Hiwal,N,Hwl,uHwl,1,حِوَلًا,1,1,1,18:108
Hiylap,N,Hwl,uHwl,1,حِيلَةً,1,1,1,4:98
HuSuwn,N,HSn,uHuSn,1,حُصُونُهُم,1,1,1,59:2
HuS~ila,V,HSl,uHuSl,1,وَحُصِّلَ,1,1,1,100:10
Hubuk,N,Hbk,uHbk,1,ٱلْحُبُكِ,1,1,1,51:7
Huforap,N,Hfr,uHfr,1,حُفْرَةٍ,1,1,1,3:103
Hujura`t,N,Hjr,uHjr,1,ٱلْحُجُرَٰتِ,1,1,1,49:4
Hujuwr,N,Hjr,uHjr,1,حُجُورِكُم,1,1,1,4:23
Huk~aAm,N,Hkm,uHkm,1,ٱلْحُكَّامِ,1,1,1,2:188
Huliy~,N,Hly,uHly,1,حُلِيِّهِمْ,1,1,1,7:148
Huloquwm,N,Hlq,uHlq,1,ٱلْحُلْقُومَ,1,1,1,56:83
Humor,N,Hmr,uHmr,1,وَحُمْرٌ,1,1,1,35:27
Hunayon,PN,,,1,حُنَيْنٍ,1,1,1,9:25
Huqub,N,Hqb,uHqb,1,حُقُبًا,1,1,1,18:60
Husonayayon,ADJ,Hsn,uHsn,1,ٱلْحُسْنَيَيْنِ,1,1,1,9:52
Husuwm,ADJ,Hsm,uHsm,1,حُسُومًا,1,1,1,69:7
Huwb,N,Hwb,uHwb,1,حُوبًا,1,1,1,4:2
SaAbirap,ADJ,Sbr,uSbr,1,صَابِرَةٌ,1,1,1,8:66
SaAbiru,V,Sbr,uSbr,1,وَصَابِرُوا۟,1,1,1,3:200
SaAl,N,Sly,uSly,1,صَالِ,1,1,1,37:163
SaEad,ADJ,SEd,uSuEd,1,صَعَدًا,1,1,1,72:17
SaEiq,N,SEq,uSuEq,1,صَعِقًا,1,1,1,7:143
SaEuwd,N,SEd,uSuEd,1,صَعُودًا,1,1,1,74:17
Sa`mituwn,N,Smt,uSmt,1,صَٰمِتُونَ,1,1,1,7:193
Sa`rimiyn,N,Srm,uSrm,1,صَٰرِمِينَ,1,1,1,68:22
SabaAH,N,SbH,uSbuH,1,صَبَاحُ,1,1,1,37:177
Sab~,N,Sbb,uSbb,1,صَبًّا,1,1,1,80:25
Sab~aHa,V,SbH,uSbuH,1,صَبَّحَهُم,1,1,1,54:38
Sadiyd,ADJ,Sdd,uSdd,1,صَدِيدٍ,1,1,1,14:16
Saduqa`t,N,Sdq,uSdq,1,صَدُقَٰتِهِنَّ,1,1,1,4:4
SafoSaf,ADJ,SfSf,uSfuSf,1,صَفْصَفًا,1,1,1,20:106
SaforaA^',ADJ,Sfr,uSfr,1,صَفْرَآءُ,1,1,1,2:69
SafowaAn,N,Sfw,uSfw,1,صَفْوَانٍ,1,1,1,2:264
SagaAr,N,Sgr,uSgr,1,صَغَارٌ,1,1,1,6:124
Sak~ato,V,Skk,uSkk,1,فَصَكَّتْ,1,1,1,51:29
Salod,N,Sld,uSld,1,صَلْدًا,1,1,1,2:264
Sal~u,V,Sly,uSly,1,صَلُّوهُ,1,1,1,69:31
SanoEap,N,SnE,uSnuE,1,صَنْعَةَ,1,1,1,21:80
Sariyx,N,Srx,uSrx,1,صَرِيخَ,1,1,1,36:43
SaroEaY`,N,SrE,uSruE,1,صَرْعَىٰ,1,1,1,69:7
Sarof,N,Srf,uSrf,1,صَرْفًا,1,1,1,25:19
Sar~ap,N,Srr,uSrr,1,صَرَّةٍ,1,1,1,51:29
SawaA^f~,N,Sff,uSff,1,صَوَآفَّ,1,1,1,22:36
SawaAb,N,Swb,uSwb,1,صَوَابًا,1,1,1,78:38
Sawa`miE,N,SmE,uSmuE,1,صَوَٰمِعُ,1,1,1,22:40
Sawom,N,Swm,uSwm,1,صَوْمًا,1,1,1,19:26
SayaASiy,N,SyS,uSyuS,1,صَيَاصِيهِمْ,1,1,1,33:26
Say~ib,N,Swb,uSwb,1,كَصَيِّبٍ,1,1,1,2:19
SiHaAf,N,SHf,uSuHf,1,بِصِحَافٍ,1,1,1,43:71
Sibog,N,Sbg,uSbg,1,وَصِبْغٍ,1,1,1,23:20
Sid~iyqap,N,Sdq,uSdq,1,صِدِّيقَةٌ,1,1,1,5:75
Sihor,N,Shr,uShr,1,وَصِهْرًا,1,1,1,25:54
Siliy~,N,Sly,uSly,1,صِلِيًّا,1,1,1,19:70
Sir~,N,Srr,uSrr,1,صِرٌّ,1,1,1,3:117
Suduwd,N,Sdd,uSdd,1,صُدُودًا,1,1,1,4:61
Sud~u,V,Sdd,uSdd,1,وَصُدُّوا۟,1,1,1,13:33
Sufor,ADJ,Sfr,uSfr,1,صُفْرٌ,1,1,1,77:33
Suro,V,Swr,uSwr,1,فَصُرْهُنَّ,1,1,1,2:260
SuwaAE,N,SwE,uSwuE,1,صُوَاعَ,1,1,1,12:72
S~aA^f~uwn,N,Sff,uSff,1,ٱلصَّآفُّونَ,1,1,1,37:165
S~aA^x~ap,N,Sxx,uSxx,1,ٱلصَّآخَّةُ,1,1,1,80:33
S~a`^}ima`t,N,Swm,uSwm,1,وَٱلصَّٰٓئِمَٰتِ,1,1,1,33:35
S~a`^}imiyn,N,Swm,uSwm,1,وَٱلصَّٰٓئِمِينَ,1,1,1,33:35
S~a`bira`t,N,Sbr,uSbr,1,وَٱلصَّٰبِرَٰتِ,1,1,1,33:35
S~a`diqa`t,N,Sdq,uSdq,1,وَٱلصَّٰدِقَٰتِ,1,1,1,33:35
S~a`fina`t,N,Sfn,uSfn,1,ٱلصَّٰفِنَٰتُ,1,1,1,38:31
S~adafayon,N,Sdf,uSdf,1,ٱلصَّدَفَيْنِ,1,1,1,18:96
S~adoE,N,SdE,uSduE,1,ٱلصَّدْعِ,1,1,1,86:12
S~afaA,PN,,,1,ٱلصَّفَا,1,1,1,2:158
S~amad,N,Smd,uSmd,1,ٱلصَّمَدُ,1,1,1,112:2
S~ariym,N,Srm,uSrm,1,كَٱلصَّرِيمِ,1,1,1,68:20
S~axor,N,Sxr,uSxr,1,ٱلصَّخْرَ,1,1,1,89:9
S~ayof,N,Syf,uSyf,1,وَٱلصَّيْفِ,1,1,1,106:2
TaAEim,N,TEm,uTuEm,1,طَاعِمٍ,1,1,1,6:145
TaA^}iEiyn,N,TwE,uTwuE,1,طَآئِعِينَ,1,1,1,41:11
TaEanu,V,TEn,uTuEn,1,وَطَعَنُوا۟,1,1,1,9:12
TaEom,N,TEm,uTuEm,1,طَعْمُهُۥ,1,1,1,47:15
TaEon,N,TEn,uTuEn,1,وَطَعْنًا,1,1,1,4:46
TaHaY`,V,THw,uTuHw,1,طَحَىٰهَا,1,1,1,91:6
TaY~,N,Twy,uTwy,1,كَطَىِّ,1,1,1,21:104
TagowaY`,N,Tgy,uTgy,1,بِطَغْوَىٰهَآ,1,1,1,91:11
Talab,N,Tlb,uTlb,1,طَلَبًا,1,1,1,18:41
TaloH,N,TlH,uTluH,1,وَطَلْحٍ,1,1,1,56:29
Tal~,N,Tll,uTll,1,فَطَلٌّ,1,1,1,2:265
Taw~aEato,V,TwE,uTwuE,1,فَطَوَّعَتْ,1,1,1,5:30
Taw~a`fuwn,N,Twf,uTwf,1,طَوَّٰفُونَ,1,1,1,24:58
TuwbaY`,N,Tyb,uTyb,1,طُوبَىٰ,1,1,1,13:29
Tuwl,N,Twl,uTwl,1,طُولًا,1,1,1,17:37
T~aA^m~ap,N,Tmm,uTmm,1,ٱلطَّآمَّةُ,1,1,1,79:34
T~aAgiyap,N,Tgy,uTgy,1,بِٱلطَّاغِيَةِ,1,1,1,69:5
T~aAlib,N,Tlb,uTlb,1,ٱلطَّالِبُ,1,1,1,22:73
T~awod,N,Twd,uTwd,1,كَٱلطَّوْدِ,1,1,1,26:63
ZaEon,N,ZEn,uZuEn,1,ظَعْنِكُمْ,1,1,1,16:80
Zama>,N,ZmA,uZmuA,1,ظَمَأٌ,1,1,1,9:120
Zihoriy~,N,Zhr,uZhr,1,ظِهْرِيًّا,1,1,1,11:92
Zufur,N,Zfr,uZfr,1,ظُفُرٍ,1,1,1,6:146
Z~aA^n~iyn,ADJ,Znn,uZnn,1,ٱلظَّآنِّينَ,1,1,1,48:6
Z~ahiyrap,N,Zhr,uZhr,1,ٱلظَّهِيرَةِ,1,1,1,24:58
Z~amo_#aAn,N,ZmA,uZmuA,1,ٱلظَّمْـَٔانُ,1,1,1,24:39
baATinap,N,bTn,buTn,1,وَبَاطِنَةً,1,1,1,31:20
baA^}is,N,bAs,buAs,1,ٱلْبَآئِسَ,1,1,1,22:28
baAbil,PN,,,1,بِبَابِلَ,1,1,1,2:102
baAd,N,bdw,bdw,1,وَٱلْبَادِ,1,1,1,22:25
baAdiY,N,bdw,bdw,1,بَادِىَ,1,1,1,11:27
baAduwn,N,bdw,bdw,1,بَادُونَ,1,1,1,33:20
baAq,N,bqy,bqy,1,بَاقٍ,1,1,1,16:96
baArizap,N,brz,brz,1,بَارِزَةً,1,1,1,18:47
baAsiqa`t,N,bsq,bsq,1,بَاسِقَٰتٍ,1,1,1,50:10
baAsirap,N,bsr,bsr,1,بَاسِرَةٌ,1,1,1,75:24
baAzig,N,bzg,bzg,1,بَازِغًا,1,1,1,6:77
baAzigap,N,bzg,bzg,1,بَازِغَةً,1,1,1,6:78
baEol2,PN,bEl,buEl,1,بَعْلًا,1,1,1,37:125
baEuwDap,N,bED,buEuD,1,بَعُوضَةً,1,1,1,2:26
baHiyrap,N,bHr,buHr,1,بَحِيرَةٍ,1,1,1,5:103
baSal,N,bSl,buSl,1,وَبَصَلِهَا,1,1,1,2:61
baTala,V,bTl,buTl,1,وَبَطَلَ,1,1,1,7:118
baTar,N,bTr,buTr,1,بَطَرًا,1,1,1,8:47
baTirato,V,bTr,buTr,1,بَطِرَتْ,1,1,1,28:58
ba_#iys,ADJ,bAs,buAs,1,بَـِٔيسٍۭ,1,1,1,7:165
ba`Eido,V,bEd,buEd,1,بَٰعِدْ,1,1,1,34:19
ba`rizuwn,N,brz,brz,1,بَٰرِزُونَ,1,1,1,40:16
badal,ADJ,bdl,bdl,1,بَدَلًا,1,1,1,18:50
badan,N,bdn,bdn,1,بِبَدَنِكَ,1,1,1,10:92
bador,PN,,,1,بِبَدْرٍ,1,1,1,3:123
badow,N,bdw,bdw,1,ٱلْبَدْوِ,1,1,1,12:100
bahojap,N,bhj,bhj,1,بَهْجَةٍ,1,1,1,27:60
bak~ap,PN,,,1,بِبَكَّةَ,1,1,1,3:96
baliyg,ADJ,blg,blg,1,بَلِيغًا,1,1,1,4:63
ban~aA^',N,bny,bny,1,بَنَّآءٍ,1,1,1,38:37
baqol,N,bql,bql,1,بَقْلِهَا,1,1,1,2:61
baraA^',N,brA,bruA,1,بَرَآءٌ,1,1,1,43:26
barad,N,brd,brd,1,بَرَدٍ,1,1,1,24:43
bariqa,V,brq,brq,1,بَرِقَ,1,1,1,75:7
basara,V,bsr,bsr,1,وَبَسَرَ,1,1,1,74:22
basoT,N,bsT,bsuT,1,ٱلْبَسْطِ,1,1,1,17:29
bas~,N,bss,bss,1,بَسًّا,1,1,1,56:5
bav~,N,bvv,bvv,1,بَثِّى,1,1,1,12:86
bawaAr,N,bwr,bwr,1,ٱلْبَوَارِ,1,1,1,14:28
bayoD,N,byD,byuD,1,بَيْضٌ,1,1,1,37:49
bay~in,ADJ,byn,byn,1,بَيِّنٍ,1,1,1,18:15
bidaAr,N,bdr,bdr,1,وَبِدَارًا,1,1,1,4:6
bidoE,N,bdE,bduE,1,بِدْعًا,1,1,1,46:9
bigaA^',N,bgy,bgy,1,ٱلْبِغَآءِ,1,1,1,24:33
bigaAl,N,bgl,bgl,1,وَٱلْبِغَالَ,1,1,1,16:8
bisaAT,N,bsT,bsuT,1,بِسَاطًا,1,1,1,71:19
biyaE,N,byE,byuE,1,وَبِيَعٌ,1,1,1,22:40
bi}or,N,bAr,buAr,1,وَبِئْرٍ,1,1,1,22:45
budon,N,bdn,bdn,1,وَٱلْبُدْنَ,1,1,1,22:36
bukiy~,N,bky,bky,1,وَبُكِيًّا,1,1,1,19:58
buqoEap,N,bqE,bquE,1,ٱلْبُقْعَةِ,1,1,1,28:30
bus~ati,V,bss,bss,1,وَبُسَّتِ,1,1,1,56:5
da>ab,N,dAb,duAb,1,دَأَبًا,1,1,1,12:47
daAHiDap,N,dHD,duHuD,1,دَاحِضَةٌ,1,1,1,42:16
daA^}ibayon,N,dAb,duAb,1,دَآئِبَيْنِ,1,1,1,14:33
daAfiq,ADJ,dfq,dfq,1,دَافِقٍ,1,1,1,86:6
daAn,N,dnw,dnw,1,دَانٍ,1,1,1,55:54
daEo,V,wdE,wduE,1,وَدَعْ,1,1,1,33:48
daE~,N,dEE,duEuE,1,دَعًّا,1,1,1,52:13
daHaY`,V,dHw,duHw,1,دَحَىٰهَآ,1,1,1,79:30
dak~aA^',N,dkk,dkk,1,دَكَّآءَ,1,1,1,18:98
dak~ap,N,dkk,dkk,1,دَكَّةً,1,1,1,69:14
daliyl,N,dll,dll,1,دَلِيلًا,1,1,1,25:45
dalow,N,dlw,dlw,1,دَلْوَهُۥ,1,1,1,12:19
damodama,V,dmdm,dmdm,1,فَدَمْدَمَ,1,1,1,91:14
dara`him,N,drhm,drhm,1,دَرَٰهِمَ,1,1,1,12:20
darak,N,drk,drk,1,دَرَكًا,1,1,1,20:77
das~aY`,V,dsw,dsw,1,دَسَّىٰهَا,1,1,1,91:10
day~aAr,N,dwr,dwr,1,دَيَّارًا,1,1,1,71:26
difo',N,dfA,dfuA,1,دِفْءٌ,1,1,1,16:5
dihaAq,ADJ,dhq,dhq,1,دِهَاقًا,1,1,1,78:34
diraAsat,N,drs,drs,1,دِرَاسَتِهِمْ,1,1,1,6:156
diynaAr,N,dnr,dnr,1,بِدِينَارٍ,1,1,1,3:75
duHuwr,N,dHr,duHr,1,دُحُورًا,1,1,1,37:9
duluwk,N,dlk,dlk,1,لِدُلُوكِ,1,1,1,17:78
dur~iY~,ADJ,drr,drr,1,دُرِّىٌّ,1,1,1,24:35
dusur,N,dsr,dsr,1,وَدُسُرٍ,1,1,1,54:13
duwlap,N,dwl,dwl,1,دُولَةًۢ,1,1,1,59:7
d~arok,N,drk,drk,1,ٱلدَّرْكِ,1,1,1,4:145
d~awaA^}ir,N,dwr,dwr,1,ٱلدَّوَآئِرَ,1,1,1,9:98
d~ihaAn,N,dhn,dhn,1,كَٱلدِّهَانِ,1,1,1,55:37
d~uhon,N,dhn,dhn,1,بِٱلدُّهْنِ,1,1,1,23:20
faA,N,fwh,fwh,1,فَاهُ,1,1,1,13:14
faAjir,N,fjr,fjr,1,فَاجِرًا,1,1,1,71:27
faAn,N,fny,fny,1,فَانٍ,1,1,1,55:26
faAqiE,ADJ,fqE,fquE,1,فَاقِعٌ,1,1,1,2:69
faAqirap,N,fqr,fqr,1,فَاقِرَةٌ,1,1,1,75:25
faAriD,ADJ,frD,fruD,1,فَارِضٌ,1,1,1,2:68
faAriqu,V,frq,frq,1,فَارِقُوهُنَّ,1,1,1,65:2
faEolat,N,fEl,fuEl,1,فَعْلَتَكَ,1,1,1,26:19
faSiylat,N,fSl,fuSl,1,وَفَصِيلَتِهِ,1,1,1,70:13
faZ~,N,fZZ,fuZuZ,1,فَظًّا,1,1,1,3:159
fa`Siliyn,N,fSl,fuSl,1,ٱلْفَٰصِلِينَ,1,1,1,6:57
fa`rig,N,frg,frg,1,فَٰرِغًا,1,1,1,28:10
fa`rihiyn,N,frh,frh,1,فَٰرِهِينَ,1,1,1,26:149
fa`riqa`t,N,frq,frq,1,فَٱلْفَٰرِقَٰتِ,1,1,1,77:4
fa`tiHiyn,N,ftH,ftuH,1,ٱلْفَٰتِحِينَ,1,1,1,7:89
fa`tiniyn,N,ftn,ftn,1,بِفَٰتِنِينَ,1,1,1,37:162
fadayo,V,fdy,fdy,1,وَفَدَيْنَٰهُ,1,1,1,37:107
fah~amo,V,fhm,fhm,1,فَفَهَّمْنَٰهَا,1,1,1,21:79
fajowap,N,fjw,fjw,1,فَجْوَةٍ,1,1,1,18:17
fakihiyn,N,fkh,fkh,1,فَكِهِينَ,1,1,1,83:31
fak~,N,fkk,fkk,1,فَكُّ,1,1,1,90:13
fak~ara,V,fkr,fkr,1,فَكَّرَ,1,1,1,74:18
falaq,N,flq,flq,1,ٱلْفَلَقِ,1,1,1,113:1
faqor,N,fqr,fqr,1,ٱلْفَقْرَ,1,1,1,2:268
fara$o,V,fr$,frsh,1,فَرَشْنَٰهَا,1,1,1,51:48
faraA$,N,fr$,frsh,1,كَٱلْفَرَاشِ,1,1,1,101:4
fariy~,ADJ,fry,fry,1,فَرِيًّا,1,1,1,19:27
faro$,N,fr$,frsh,1,وَفَرْشًا,1,1,1,6:142
faroE,N,frE,fruE,1,وَفَرْعُهَا,1,1,1,14:24
faroq,N,frq,frq,1,فَرْقًا,1,1,1,77:4
farov,N,frv,frv,1,فَرْثٍ,1,1,1,16:66
fatFY,N,fty,fty,1,فَتًى,1,1,1,21:60
fataqo,V,ftq,ftq,1,فَفَتَقْنَٰهُمَا,1,1,1,21:30
fatayaAn,N,fty,fty,1,فَتَيَانِ,1,1,1,12:36
fatorap,N,ftr,ftr,1,فَتْرَةٍ,1,1,1,5:19
fat~aAH,N,ftH,ftuH,1,ٱلْفَتَّاحُ,1,1,1,34:26
fawaAq,N,fwq,fwq,1,فَوَاقٍ,1,1,1,38:15
fawor,N,fwr,fwr,1,فَوْرِهِمْ,1,1,1,3:125
fawot,N,fwt,fwt,1,فَوْتَ,1,1,1,34:51
fax~aAr,N,fxr,fxr,1,كَٱلْفَخَّارِ,1,1,1,55:14
fiEol,N,fEl,fuEl,1,فِعْلَ,1,1,1,21:73
fiTorat,N,fTr,fuTr,1,فِطْرَتَ,1,1,1,30:30
fidaA^',N,fdy,fdy,1,فِدَآءً,1,1,1,47:4
firoq,N,frq,frq,1,فِرْقٍ,1,1,1,26:63
firoqap,N,frq,frq,1,فِرْقَةٍ,1,1,1,9:122
fiyl,N,fyl,fyl,1,ٱلْفِيلِ,1,1,1,105:1
fi}at,N,fAy,fuAy,1,فِئَتُكُمْ,1,1,1,8:19
fuTuwr,N,fTr,fuTr,1,فُطُورٍ,1,1,1,67:3
fujuwr,N,fjr,fjr,1,فُجُورَهَا,1,1,1,91:8
fulaAn,N,fln,fln,1,فُلَانًا,1,1,1,25:28
furijato,V,frj,frj,1,فُرِجَتْ,1,1,1,77:9
furuT,N,frT,fruT,1,فُرُطًا,1,1,1,18:28
futuwn,N,ftn,ftn,1,فُتُونًا,1,1,1,20:40
fuwm,N,fwm,fwm,1,وَفُومِهَا,1,1,1,2:61
fuz~iEa,V,fzE,fzuE,1,فُزِّعَ,1,1,1,34:23
gaA^}iZuwn,N,gyZ,gyuZ,1,لَغَآئِظُونَ,1,1,1,26:55
gaA^}ibap,N,gyb,gyb,1,غَآئِبَةٍ,1,1,1,27:75
gaAr,N,gwr,gwr,1,ٱلْغَارِ,1,1,1,9:40
gaAsiq,N,gsq,gsq,1,غَاسِقٍ,1,1,1,113:3
gaSob,N,gSb,guSb,1,غَصْبًا,1,1,1,18:79
ga`fila`t,ADJ,gfl,gfl,1,ٱلْغَٰفِلَٰتِ,1,1,1,24:23
ga`rimiyn,N,grm,grm,1,وَٱلْغَٰرِمِينَ,1,1,1,9:60
gabarap,N,gbr,gbr,1,غَبَرَةٌ,1,1,1,80:40
gadaA^',N,gdw,gdw,1,غَدَآءَنَا,1,1,1,18:62
gadaq,ADJ,gdq,gdq,1,غَدَقًا,1,1,1,72:16
galab,N,glb,glb,1,غَلَبِهِمْ,1,1,1,30:3
galoY,N,gly,gly,1,كَغَلْىِ,1,1,1,44:46
gal~aqati,V,glq,glq,1,وَغَلَّقَتِ,1,1,1,12:23
gamara`t,N,gmr,gmr,1,غَمَرَٰتِ,1,1,1,6:93
garaAbiyb,N,grb,grb,1,وَغَرَابِيبُ,1,1,1,35:27
garaAm,N,grm,grm,1,غَرَامًا,1,1,1,25:65
garaq,N,grq,grq,1,ٱلْغَرَقُ,1,1,1,10:90
garobiY~,ADJ,grb,grb,1,ٱلْغَرْبِىِّ,1,1,1,28:44
garobiy~ap,N,grb,grb,1,غَرْبِيَّةٍ,1,1,1,24:35
garoq,N,grq,grq,1,غَرْقًا,1,1,1,79:1
gasaq,N,gsq,gsq,1,غَسَقِ,1,1,1,17:78
gawiY~,N,gwy,gwy,1,لَغَوِىٌّ,1,1,1,28:18
gawol,N,gwl,gwl,1,غَوْلٌ,1,1,1,37:47
gaw~aAS,N,gwS,gwuS,1,وَغَوَّاصٍ,1,1,1,38:37
gazol,N,gzl,gzl,1,غَزْلَهَا,1,1,1,16:92
giloZap,N,glZ,gluZ,1,غِلْظَةً,1,1,1,9:123
gisoliyn,N,gsl,gsl,1,غِسْلِينٍ,1,1,1,69:36
guS~ap,N,gSS,guSuS,1,غُصَّةٍ,1,1,1,73:13
guforaAn,N,gfr,gfr,1,غُفْرَانَكَ,1,1,1,2:285
gulob,ADJ,glb,glb,1,غُلْبًا,1,1,1,80:30
gum~ap,N,gmm,gmm,1,غُمَّةً,1,1,1,10:71
gurufa`t,N,grf,grf,1,ٱلْغُرُفَٰتِ,1,1,1,34:37
guz~FY,N,gzw,gzw,1,غُزًّى,1,1,1,3:156
haA^&um,IMPN,,,1,هَآؤُمُ,1,1,1,69:19
haAmidap,N,hmd,hmd,1,هَامِدَةً,1,1,1,22:5
haAr,N,hwr,hwr,1,هَارٍ,1,1,1,9:109
haAwiyap,N,hwy,hwy,1,هَاوِيَةٌ,1,1,1,101:9
haDiym,ADJ,hDm,huDm,1,هَضِيمٌ,1,1,1,26:148
haDom,N,hDm,huDm,1,هَضْمًا,1,1,1,20:112
ha`diY,N,hdy,hdy,1,بِهَٰدِى,1,1,1,27:81
ha`ka*aA,DEM,,,1,أَهَٰكَذَا,1,1,1,27:42
ha`ruwt,PN,,,1,هَٰرُوتَ,1,1,1,2:102
ha`tayon,DEM,,,1,هَٰتَيْنِ,1,1,1,28:27
had~,N,hdd,hdd,1,هَدًّا,1,1,1,19:90
hajor,N,hjr,hjr,1,هَجْرًا,1,1,1,73:10
haluwE,N,hlE,hluE,1,هَلُوعًا,1,1,1,70:19
hamaza`t,N,hmz,hmz,1,هَمَزَٰتِ,1,1,1,23:97
hamos,N,hms,hms,1,هَمْسًا,1,1,1,20:108
ham~aAz,ADJ,hmz,hmz,1,هَمَّازٍ,1,1,1,68:11
harab,N,hrb,hrb,1,هَرَبًا,1,1,1,72:12
hawon,N,hwn,hwn,1,هَوْنًا,1,1,1,25:63
hayota,V,hyt,hyt,1,هَيْتَ,1,1,1,12:23
hazol,N,hzl,hzl,1,بِٱلْهَزْلِ,1,1,1,86:14
hiym,N,hym,hym,1,ٱلْهِيمِ,1,1,1,56:55
hudohud,N,hdhd,hdhd,1,ٱلْهُدْهُدَ,1,1,1,27:20
hud~imato,V,hdm,hdm,1,لَّهُدِّمَتْ,1,1,1,22:40
humazap,N,hmz,hmz,1,هُمَزَةٍ,1,1,1,104:1
huz~i,V,hzz,hzz,1,وَهُزِّىٓ,1,1,1,19:25
ja*owap,N,j*w,jdhw,1,جَذْوَةٍ,1,1,1,28:29
jaA^}ir,N,jwr,jwr,1,جَآئِرٌ,1,1,1,16:9
jaAbu,V,jwb,jwb,1,جَابُوا۟,1,1,1,89:9
jaAmidap,N,jmd,jmd,1,جَامِدَةً,1,1,1,27:88
jaAsu,V,jws,jws,1,فَجَاسُوا۟,1,1,1,17:5
jaAviyap,N,jvw,jvw,1,جَاثِيَةً,1,1,1,45:28
jaAz,N,jzy,jzy,1,جَازٍ,1,1,1,31:33
ja`hiliy~ap,N,jhl,jhl,1,ٱلْجَٰهِلِيَّةِ,1,1,1,3:154
ja`riya`t,N,jry,jry,1,فَٱلْجَٰرِيَٰتِ,1,1,1,51:3
jabiyn,N,jbn,jbn,1,لِلْجَبِينِ,1,1,1,37:103
jad~,N,jdd,jdd,1,جَدُّ,1,1,1,72:3
jahuwl,ADJ,jhl,jhl,1,جَهُولًا,1,1,1,33:72
jalaA^',N,jlw,jlw,1,ٱلْجَلَآءَ,1,1,1,59:3
jala`biyb,N,jlb,jlb,1,جَلَٰبِيبِهِنَّ,1,1,1,33:59
jamaAl,N,jml,jml,1,جَمَالٌ,1,1,1,16:6
jamal,N,jml,jml,1,ٱلْجَمَلُ,1,1,1,7:40
jam~,ADJ,jmm,jmm,1,جَمًّا,1,1,1,89:20
janaY,N,jny,jny,1,وَجَنَى,1,1,1,55:54
janaf,N,jnf,jnf,1,جَنَفًا,1,1,1,2:182
janiy~,ADJ,jny,jny,1,جَنِيًّا,1,1,1,19:25
jan~a,V,jnn,jnn,1,جَنَّ,1,1,1,6:76
jaraHo,V,jrH,jruH,1,جَرَحْتُم,1,1,1,6:60
jawaAb2,N,jby,jby,1,كَٱلْجَوَابِ,1,1,1,34:13
jawaAriH,N,jrH,jruH,1,ٱلْجَوَارِحِ,1,1,1,5:4
jawof,N,jwf,jwf,1,جَوْفِهِۦ,1,1,1,33:4
jaw~,N,jww,jww,1,جَوِّ,1,1,1,16:79
jaziEo,V,jzE,jzuE,1,أَجَزِعْنَآ,1,1,1,14:21
jazuwE,N,jzE,jzuE,1,جَزُوعًا,1,1,1,70:20
jibaAh,N,jbh,jbh,1,جِبَاهُهُمْ,1,1,1,9:35
jibot,N,jbt,jbt,1,بِٱلْجِبْتِ,1,1,1,4:51
jifaAn,N,jfn,jfn,1,وَجِفَانٍ,1,1,1,34:13
jihaAr,N,jhr,jhr,1,جِهَارًا,1,1,1,71:8
jima`lat,N,jml,jml,1,جِمَٰلَتٌ,1,1,1,77:33
jiyaAd,ADJ,jwd,jwd,1,ٱلْجِيَادُ,1,1,1,38:31
jiyd,N,jyd,jyd,1,جِيدِهَا,1,1,1,111:5
jizoyap,N,jzy,jzy,1,ٱلْجِزْيَةَ,1,1,1,9:29
ju*a`*,N,j**,jdhdh,1,جُذَٰذًا,1,1,1,21:58
judad,N,jdd,jdd,1,جُدَدٌۢ,1,1,1,35:27
judur,N,jdr,jdr,1,جُدُرٍۭ,1,1,1,59:14
jufaA^',N,jfA,jfuA,1,جُفَآءً,1,1,1,13:17
juhod,N,jhd,jhd,1,جُهْدَهُمْ,1,1,1,9:79
jumolap,N,jml,jml,1,جُمْلَةً,1,1,1,25:32
jumuEap,PN,jmE,jmuE,1,ٱلْجُمُعَةِ,1,1,1,62:9
juruf,N,jrf,jrf,1,جُرُفٍ,1,1,1,9:109
juruwH,N,jrH,jruH,1,وَٱلْجُرُوحَ,1,1,1,5:45
juwdiY~,PN,,,1,ٱلْجُودِىِّ,1,1,1,11:44
ka$of,N,k$f,kshf,1,كَشْفَ,1,1,1,17:56
kaA$ifap,N,k$f,kshf,1,كَاشِفَةٌ,1,1,1,53:58
kaAdiH,N,kdH,kduH,1,كَادِحٌ,1,1,1,84:6
kaAf,N,kfy,kfy,1,بِكَافٍ,1,1,1,39:36
kaAfirap,ADJ,kfr,kfr,1,كَافِرَةٌ,1,1,1,3:13
kaAfuwr,N,kfr,kfr,1,كَافُورًا,1,1,1,76:5
kaAmilayon,ADJ,kml,kml,1,كَامِلَيْنِ,1,1,1,2:233
kaAtibu,V,ktb,ktb,1,فَكَاتِبُوهُمْ,1,1,1,24:33
kaEobayon,N,kEb,kuEb,1,ٱلْكَعْبَيْنِ,1,1,1,5:6
ka`$ifa`t,N,k$f,kshf,1,كَٰشِفَٰتُ,1,1,1,39:38
ka`liHuwn,N,klH,kluH,1,كَٰلِحُونَ,1,1,1,23:104
kabad,N,kbd,kbd,1,كَبَدٍ,1,1,1,90:4
kadoH,N,kdH,kduH,1,كَدْحًا,1,1,1,84:6
kafiyl,N,kfl,kfl,1,كَفِيلًا,1,1,1,16:91
kaf~ala,V,kfl,kfl,1,وَكَفَّلَهَا,1,1,1,3:37
kal~,N,kll,kll,1,كَلٌّ,1,1,1,16:76
kanuwd,N,knd,knd,1,لَكَنُودٌ,1,1,1,100:6
kar~aha,V,krh,krh,1,وَكَرَّهَ,1,1,1,49:7
kasaAd,N,ksd,ksd,1,كَسَادَهَا,1,1,1,9:24
kaviyb,N,kvb,kvb,1,كَثِيبًا,1,1,1,73:14
kav~ara,V,kvr,kvr,1,فَكَثَّرَكُمْ,1,1,1,7:86
kawaAEib,N,kEb,kuEb,1,وَكَوَاعِبَ,1,1,1,78:33
kawaAfir,N,kfr,kfr,1,ٱلْكَوَافِرِ,1,1,1,60:10
kawovar,N,kvr,kvr,1,ٱلْكَوْثَرَ,1,1,1,108:1
kifaAt,N,kft,kft,1,كِفَاتًا,1,1,1,77:25
kilaA,N,klw,klw,1,كِلَاهُمَا,1,1,1,17:23
kilotaA,N,klw,klw,1,كِلْتَا,1,1,1,18:33
kisof,N,ksf,ksf,1,كِسْفًا,1,1,1,52:44
kita`biY,N,ktb,ktb,1,بِّكِتَٰبِى,1,1,1,27:28
ku$iTato,V,k$T,kshuT,1,كُشِطَتْ,1,1,1,81:11
kubaraA^',N,kbr,kbr,1,وَكُبَرَآءَنَا,1,1,1,33:67
kubokibu,V,kbkb,kbkb,1,فَكُبْكِبُوا۟,1,1,1,26:94
kub~aAr,ADJ,kbr,kbr,1,كُبَّارًا,1,1,1,71:22
kub~ato,V,kbb,kbb,1,فَكُبَّتْ,1,1,1,27:90
kuforaAn,N,kfr,kfr,1,كُفْرَانَ,1,1,1,21:94
kufuw,N,kfA,kfuA,1,كُفُوًا,1,1,1,112:4
kun~as,ADJ,kns,kns,1,ٱلْكُنَّسِ,1,1,1,81:16
laA^}im,N,lwm,lwm,1,لَآئِمٍ,1,1,1,5:54
laAhiyap,N,lhw,lhw,1,لَاهِيَةً,1,1,1,21:3
laAta,V,lwt,lwt,1,وَّلَاتَ,1,1,1,38:3
laEon,N,lEn,luEn,1,لَعْنًا,1,1,1,33:68
laHon,N,lHn,luHn,1,لَحْنِ,1,1,1,47:30
laZaY`,PN,,,1,لَظَىٰ,1,1,1,70:15
la`giyap,N,lgw,lgw,1,لَٰغِيَةً,1,1,1,88:11
la`qiy,N,lqy,lqy,1,لَٰقِيهِ,1,1,1,28:61
labos,N,lbs,lbs,1,لَبْسٍ,1,1,1,50:15
labuws,N,lbs,lbs,1,لَبُوسٍ,1,1,1,21:80
lafiyf,N,lff,lff,1,لَفِيفًا,1,1,1,17:104
lawa`qiH,N,lqH,lquH,1,لَوَٰقِحَ,1,1,1,15:22
lawomap,N,lwm,lwm,1,لَوْمَةَ,1,1,1,5:54
law~a,V,lwy,lwy,1,لَوَّوْا۟,1,1,1,63:5
law~aAHap,N,lwH,lwuH,1,لَوَّاحَةٌ,1,1,1,74:29
lay~,N,lwy,lwy,1,لَيًّۢا,1,1,1,4:46
liHoyat,N,lHy,luHy,1,بِلِحْيَتِى,1,1,1,20:94
libad,N,lbd,lbd,1,لِبَدًا,1,1,1,72:19
liwaA*,N,lw*,lwdh,1,لِوَاذًا,1,1,1,24:63
luj~ap,N,ljj,ljj,1,لُجَّةً,1,1,1,27:44
l~aAzib,N,lzb,lzb,1,لَّازِبٍۭ,1,1,1,37:11
l~a`Einuwn,N,lEn,luEn,1,ٱللَّٰعِنُونَ,1,1,1,2:159
l~a`biviyn,N,lbv,lbv,1,لَّٰبِثِينَ,1,1,1,78:23
l~amam,N,lmm,lmm,1,ٱللَّمَمَ,1,1,1,53:32
l~am~,ADJ,lmm,lmm,1,لَّمًّا,1,1,1,89:19
l~aw~aAmap,ADJ,lwm,lwm,1,ٱللَّوَّامَةِ,1,1,1,75:2
l~ay~in,ADJ,lyn,lyn,1,لَّيِّنًا,1,1,1,20:44
l~iynap,N,lyn,lyn,1,لِّينَةٍ,1,1,1,59:5
l~ubad,ADJ,lbd,lbd,1,لُّبَدًا,1,1,1,90:6
l~ud~,ADJ,ldd,ldd,1,لُّدًّا,1,1,1,19:97
l~uj~iY~,ADJ,ljj,ljj,1,لُّجِّىٍّ,1,1,1,24:40
l~umazap,N,lmz,lmz,1,لُّمَزَةٍ,1,1,1,104:1
ma$oEar,N,$Er,shuEr,1,ٱلْمَشْعَرِ,1,1,1,2:198
ma$oy,N,m$y,mshy,1,مَشْيِكَ,1,1,1,31:19
ma*o'uwm,N,*Am,dhuAm,1,مَذْءُومًا,1,1,1,7:18
ma>oman,N,Amn,uAmn,1,مَأْمَنَهُۥ,1,1,1,9:6
ma>omuwn,N,Amn,uAmn,1,مَأْمُونٍ,1,1,1,70:28
ma>otiy~N,N,Aty,uAty,1,مَأْتِيًّا,1,1,1,19:61
maAEuwn,N,mEn,muEn,1,ٱلْمَاعُونَ,1,1,1,107:7
maEaA$,N,Ey$,uEysh,1,مَعَاشًا,1,1,1,78:11
maEaA*iyr,N,E*r,uEdhr,1,مَعَاذِيرَهُۥ,1,1,1,75:15
maEaAd,N,Ewd,uEwd,1,مَعَادٍ,1,1,1,28:85
maEokuwf,N,Ekf,uEkf,1,مَعْكُوفًا,1,1,1,48:25
maEomuwr,N,Emr,uEmr,1,ٱلْمَعْمُورِ,1,1,1,52:4
maEoz,N,mEz,muEz,1,ٱلْمَعْزِ,1,1,1,6:143
maEozil,N,Ezl,uEzl,1,مَعْزِلٍ,1,1,1,11:42
maEozuwluwn,N,Ezl,uEzl,1,لَمَعْزُولُونَ,1,1,1,26:212
maHab~ap,N,Hbb,uHbb,1,مَحَبَّةً,1,1,1,20:39
maHo$uwrap,N,H$r,uHshr,1,مَحْشُورَةً,1,1,1,38:19
maHo*uwr,N,H*r,uHdhr,1,مَحْذُورًا,1,1,1,17:57
maHoZuwr,N,HZr,uHuZr,1,مَحْظُورًا,1,1,1,17:20
maHojuwbuwn,N,Hjb,uHjb,1,لَّمَحْجُوبُونَ,1,1,1,83:15
maSaAniE,N,SnE,uSnuE,1,مَصَانِعَ,1,1,1,26:129
maSorif,N,Srf,uSrf,1,مَصْرِفًا,1,1,1,18:53
maSoruwf,N,Srf,uSrf,1,مَصْرُوفًا,1,1,1,11:8
maTolaE,N,TlE,uTluE,1,مَطْلَعِ,1,1,1,97:5
maToliE,N,TlE,uTluE,1,مَطْلِعَ,1,1,1,18:90
maToluwb,N,Tlb,uTlb,1,وَٱلْمَطْلُوبُ,1,1,1,22:73
maTowiy~a`t,N,Twy,uTwy,1,مَطْوِيَّٰتٌۢ,1,1,1,39:67
maZoluwm,N,Zlm,uZlm,1,مَظْلُومًا,1,1,1,17:33
ma_#aArib,N,Arb,uArb,1,مَـَٔارِبُ,1,1,1,20:18
ma`hiduwn,N,mhd,mhd,1,ٱلْمَٰهِدُونَ,1,1,1,51:48
ma`lik2,PN,mlk,mlk,1,يَٰمَٰلِكُ,1,1,1,43:77
ma`ruwt,PN,,,1,وَمَٰرُوتَ,1,1,1,2:102
mabolag,N,blg,blg,1,مَبْلَغُهُم,1,1,1,53:30
mabosuwTataAn,N,bsT,bsuT,1,مَبْسُوطَتَانِ,1,1,1,5:64
mabovuwv,ADJ,bvv,bvv,1,ٱلْمَبْثُوثِ,1,1,1,101:4
mabovuwvap,ADJ,bvv,bvv,1,مَبْثُوثَةٌ,1,1,1,88:16
madad,N,mdd,mdd,1,مَدَدًا,1,1,1,18:109
mafaAz,N,fwz,fwz,1,مَفَازًا,1,1,1,78:31
mafar~,N,frr,frr,1,ٱلْمَفَرُّ,1,1,1,75:10
mafotuwn,N,ftn,ftn,1,ٱلْمَفْتُونُ,1,1,1,68:6
maga`ra`t,N,gwr,gwr,1,مَغَٰرَٰتٍ,1,1,1,9:57
mago$iY~,N,g$w,gshw,1,ٱلْمَغْشِىِّ,1,1,1,47:20
magoDuwb,N,gDb,guDb,1,ٱلْمَغْضُوبِ,1,1,1,1:7
magoluwb,N,glb,glb,1,مَغْلُوبٌ,1,1,1,54:10
mahojuwr,N,hjr,hjr,1,مَهْجُورًا,1,1,1,25:30
mahomaA,COND,,,1,مَهْمَا,1,1,1,7:132
mahozuwm,N,hzm,hzm,1,مَهْزُومٌ,1,1,1,38:11
mah~ad,V,mhd,mhd,1,وَمَهَّدتُّ,1,1,1,74:14
maja`lis,N,jls,jls,1,ٱلْمَجَٰلِسِ,1,1,1,58:11
majo*uw*,N,j**,jdhdh,1,مَجْذُوذٍ,1,1,1,11:108
majorY`,N,jry,jry,1,مَجْر۪ىٰهَا,1,1,1,11:41
majuws,PN,mjs,mjs,1,وَٱلْمَجُوسَ,1,1,1,22:17
makiyduwn,N,kyd,kyd,1,ٱلْمَكِيدُونَ,1,1,1,52:42
mako*uwb,N,k*b,kdhb,1,مَكْذُوبٍ,1,1,1,11:65
makoZuwm,N,kZm,kuZm,1,مَكْظُومٌ,1,1,1,68:48
makoruwh,N,krh,krh,1,مَكْرُوهًا,1,1,1,17:38
makotuwb,N,ktb,ktb,1,مَكْتُوبًا,1,1,1,7:157
mak~ap,PN,,,1,مَكَّةَ,1,1,1,48:24
maliyk,N,mlk,mlk,1,مَلِيكٍ,1,1,1,54:55
maliy~,N,mlw,mlw,1,مَلِيًّا,1,1,1,19:46
maloEuwnap,N,lEn,luEn,1,ٱلْمَلْعُونَةَ,1,1,1,17:60
malok,N,mlk,mlk,1,بِمَلْكِنَا,1,1,1,20:87
mamonuwEap,N,mnE,mnuE,1,مَمْنُوعَةٍ,1,1,1,56:33
manTiq,N,nTq,nuTq,1,مَنطِقَ,1,1,1,27:16
manaAS,N,nwS,nwuS,1,مَنَاصٍ,1,1,1,38:3
manaAkib,N,nkb,nkb,1,مَنَاكِبِهَا,1,1,1,67:15
manaw`p,PN,,,1,وَمَنَوٰةَ,1,1,1,53:20
manfuw$,ADJ,nf$,nfsh,1,ٱلْمَنفُوشِ,1,1,1,101:5
manquwS,N,nqS,nquS,1,مَنقُوصٍ,1,1,1,11:109
manuwE,N,mnE,mnuE,1,مَنُوعًا,1,1,1,70:21
manuwn,N,mnn,mnn,1,ٱلْمَنُونِ,1,1,1,52:30
maqaAbir,N,qbr,qbr,1,ٱلْمَقَابِرَ,1,1,1,102:2
maqiyl,N,qyl,qyl,1,مَقِيلًا,1,1,1,25:24
maqoTuwE,N,qTE,quTuE,1,مَقْطُوعٌ,1,1,1,15:66
maqoTuwEap,N,qTE,quTuE,1,مَقْطُوعَةٍ,1,1,1,56:33
maqobuwHiyn,N,qbH,qbuH,1,ٱلْمَقْبُوحِينَ,1,1,1,28:42
maqorabap,N,qrb,qrb,1,مَقْرَبَةٍ,1,1,1,90:15
maraADiE,N,rDE,ruDuE,1,ٱلْمَرَاضِعَ,1,1,1,28:12
maraAfiq,N,rfq,rfq,1,ٱلْمَرَافِقِ,1,1,1,5:6
maradu,V,mrd,mrd,1,مَرَدُوا۟,1,1,1,9:101
mariDo,V,mrD,mruD,1,مَرِضْتُ,1,1,1,26:80
maroDiy~,N,rDw,ruDw,1,مَرْضِيًّا,1,1,1,19:55
maroHamap,N,rHm,ruHm,1,بِٱلْمَرْحَمَةِ,1,1,1,90:17
maroSad,N,rSd,ruSd,1,مَرْصَدٍ,1,1,1,9:5
marofuwE,N,rfE,rfuE,1,ٱلْمَرْفُوعِ,1,1,1,52:5
marofuwd,N,rfd,rfd,1,ٱلْمَرْفُودُ,1,1,1,11:99
marojuwmiyn,N,rjm,rjm,1,ٱلْمَرْجُومِينَ,1,1,1,26:116
marojuw~,N,rjw,rjw,1,مَرْجُوًّا,1,1,1,11:62
marowap,PN,,,1,وَٱلْمَرْوَةَ,1,1,1,2:158
mar~,N,mrr,mrr,1,مَرَّ,1,1,1,27:88
mar~a`t,N,mrr,mrr,1,مَرَّٰتٍ,1,1,1,24:58
masaAq,N,swq,swq,1,ٱلْمَسَاقُ,1,1,1,75:30
masaxo,V,msx,msx,1,لَمَسَخْنَٰهُمْ,1,1,1,36:67
masoH,N,msH,msuH,1,مَسْحًۢا,1,1,1,38:33
masogabap,N,sgb,sgb,1,مَسْغَبَةٍ,1,1,1,90:14
masojuwniyn,N,sjn,sjn,1,ٱلْمَسْجُونِينَ,1,1,1,26:29
masojuwr,N,sjr,sjr,1,ٱلْمَسْجُورِ,1,1,1,52:6
masokuwnap,N,skn,skn,1,مَسْكُونَةٍ,1,1,1,24:29
matorabap,N,trb,trb,1,مَتْرَبَةٍ,1,1,1,90:16
mavaAbap,N,vwb,vwb,1,مَثَابَةً,1,1,1,2:125
mavobuwr,N,vbr,vbr,1,مَثْبُورًا,1,1,1,17:102
mavula`t,N,mvl,mvl,1,ٱلْمَثُلَٰتُ,1,1,1,13:6
mawaATin,N,wTn,wuTn,1,مَوَاطِنَ,1,1,1,9:25
mawa`liy,N,wly,wly,1,وَمَوَٰلِيكُمْ,1,1,1,33:5
mawa`qiE,N,wqE,wquE,1,بِمَوَٰقِعِ,1,1,1,56:75
mawo'udap,N,wAd,wuAd,1,ٱلْمَوْءُۥدَةُ,1,1,1,81:8
mawoEuwd,ADJ,wEd,wuEd,1,ٱلْمَوْعُودِ,1,1,1,85:2
mawoTi},N,wTA,wuTuA,1,مَوْطِئًا,1,1,1,9:120
mawoquw*ap,N,wq*,wqdh,1,وَٱلْمَوْقُوذَةُ,1,1,1,5:3
mawoquwfuwn,N,wqf,wqf,1,مَوْقُوفُونَ,1,1,1,34:31
mawor,N,mwr,mwr,1,مَوْرًا,1,1,1,52:9
maworuwd,N,wrd,wrd,1,ٱلْمَوْرُودُ,1,1,1,11:98
mawo}il,N,wAl,wuAl,1,مَوْئِلًا,1,1,1,18:58
maxaAD,N,mxD,mxuD,1,ٱلْمَخَاضُ,1,1,1,19:23
maxoraj,N,xrj,xrj,1,مَخْرَجًا,1,1,1,65:2
mayosarap,N,ysr,ysr,1,مَيْسَرَةٍ,1,1,1,2:280
mi$okaw`p,N,$kw,shkw,1,كَمِشْكَوٰةٍ,1,1,1,24:35
miEo$aAr,N,E$r,uEshr,1,مِعْشَارَ,1,1,1,34:45
miHaAl,N,mHl,muHl,1,ٱلْمِحَالِ,1,1,1,13:13
midaAd,N,mdd,mdd,1,مِدَادًا,1,1,1,18:109
minohaAj,N,nhj,nhj,1,وَمِنْهَاجًا,1,1,1,5:48
minsa>at,N,nsA,nsuA,1,مِنسَأَتَهُۥ,1,1,1,34:14
miraA^',N,mry,mry,1,مِرَآءً,1,1,1,18:22
mir~ap,N,mrr,mrr,1,مِرَّةٍ,1,1,1,53:6
misaAs,IMPN,mss,mss,1,مِسَاسَ,1,1,1,20:97
misok,N,msk,msk,1,مِسْكٌ,1,1,1,83:26
miykaY`l,PN,,,1,وَمِيكَىٰلَ,1,1,1,2:98
mu$otabih,N,$bh,shbh,1,مُشْتَبِهًا,1,1,1,6:99
mu&al~afap,N,Alf,uAlf,1,وَٱلْمُؤَلَّفَةِ,1,1,1,9:60
mu&otuwn,N,Aty,uAty,1,وَٱلْمُؤْتُونَ,1,1,1,4:162
mu*ak~ir,N,*kr,dhkr,1,مُذَكِّرٌ,1,1,1,88:21
mu*oEiniyn,N,*En,dhuEn,1,مُذْعِنِينَ,1,1,1,24:49
muDaA^r~,N,Drr,uDrr,1,مُضَآرٍّ,1,1,1,4:12
muDiy~,N,mDy,muDy,1,مُضِيًّا,1,1,1,36:67
muDoEifuwn,N,DEf,uDuEf,1,ٱلْمُضْعِفُونَ,1,1,1,30:39
muDoTar~,N,Drr,uDrr,1,ٱلْمُضْطَرَّ,1,1,1,27:62
muEa*~iruwn,N,E*r,uEdhr,1,ٱلْمُعَذِّرُونَ,1,1,1,9:90
muEal~am,N,Elm,uElm,1,مُعَلَّمٌ,1,1,1,44:14
muEal~aqap,N,Elq,uElq,1,كَٱلْمُعَلَّقَةِ,1,1,1,4:129
muEaq~ib,N,Eqb,uEqb,1,مُعَقِّبَ,1,1,1,13:41
muEaq~iba`t,N,Eqb,uEqb,1,مُعَقِّبَٰتٌ,1,1,1,13:11
muEaw~iqiyn,N,Ewq,uEwq,1,ٱلْمُعَوِّقِينَ,1,1,1,33:18
muEoSira`t,N,ESr,uEuSr,1,ٱلْمُعْصِرَٰتِ,1,1,1,78:14
muEotabiyn,N,Etb,uEtb,1,ٱلْمُعْتَبِينَ,1,1,1,41:24
muEotar~,N,Err,uErr,1,وَٱلْمُعْتَرَّ,1,1,1,22:36
muHal~iqiyn,N,Hlq,uHlq,1,مُحَلِّقِينَ,1,1,1,48:27
muHar~amap,N,Hrm,uHrm,1,مُحَرَّمَةٌ,1,1,1,5:26
muHar~ar,N,Hrr,uHrr,1,مُحَرَّرًا,1,1,1,3:35
muHil~iY,N,Hll,uHll,1,مُحِلِّى,1,1,1,5:1
muHosina`t,N,Hsn,uHsn,1,لِلْمُحْسِنَٰتِ,1,1,1,33:29
muHotaZir,N,HZr,uHuZr,1,ٱلْمُحْتَظِرِ,1,1,1,54:31
muSal~FY,N,Slw,uSlw,1,مُصَلًّى,1,1,1,2:125
muSaw~ir,ADJ,Swr,uSwr,1,ٱلْمُصَوِّرُ,1,1,1,59:24
muSiyb,N,Swb,uSwb,1,مُصِيبُهَا,1,1,1,11:81
muSoTafayon,N,Sfw,uSfw,1,ٱلْمُصْطَفَيْنَ,1,1,1,38:47
muS~ad~iqa`t,N,Sdq,uSdq,1,وَٱلْمُصَّدِّقَٰتِ,1,1,1,57:18
muS~ad~iqiyn,N,Sdq,uSdq,1,ٱلْمُصَّدِّقِينَ,1,1,1,57:18
muTaf~ifiyn,N,Tff,uTff,1,لِّلْمُطَفِّفِينَ,1,1,1,83:1
muTah~aruwn,N,Thr,uThr,1,ٱلْمُطَهَّرُونَ,1,1,1,56:79
muTah~ir,N,Thr,uThr,1,وَمُطَهِّرُكَ,1,1,1,3:55
muT~ah~iriyn,N,Thr,uThr,1,ٱلْمُطَّهِّرِينَ,1,1,1,9:108
muT~aw~iEiyn,N,TwE,uTwuE,1,ٱلْمُطَّوِّعِينَ,1,1,1,9:79
muba$~ira`t,N,b$r,bshr,1,مُبَشِّرَٰتٍ,1,1,1,30:46
muba*~iriyn,N,b*r,bdhr,1,ٱلْمُبَذِّرِينَ,1,1,1,17:27
mubar~a'uwn,N,brA,bruA,1,مُبَرَّءُونَ,1,1,1,24:26
mubaw~a>,N,bwA,bwuA,1,مُبَوَّأَ,1,1,1,10:93
muboEaduwn,N,bEd,buEd,1,مُبْعَدُونَ,1,1,1,21:101
mubodiy,N,bdw,bdw,1,مُبْدِيهِ,1,1,1,33:37
muborimuwn,N,brm,brm,1,مُبْرِمُونَ,1,1,1,43:79
mudab~ira`t,N,dbr,dbr,1,فَٱلْمُدَبِّرَٰتِ,1,1,1,79:5
mudoHaDiyn,N,dHD,duHuD,1,ٱلْمُدْحَضِينَ,1,1,1,37:141
mudohaA^m~ataAn,N,dhm,dhm,1,مُدْهَآمَّتَانِ,1,1,1,55:64
mudorakuwn,N,drk,drk,1,لَمُدْرَكُونَ,1,1,1,26:61
mud~at,N,mdd,mdd,1,مُدَّتِهِمْ,1,1,1,9:4
mud~av~ir,N,dvr,dvr,1,ٱلْمُدَّثِّرُ,1,1,1,74:1
mud~axal,N,dxl,dxl,1,مُدَّخَلًا,1,1,1,9:57
mufaS~al,N,fSl,fuSl,1,مُفَصَّلًا,1,1,1,6:114
mufotar,N,fry,fry,1,مُفْتَرٍۭ,1,1,1,16:101
mufotaraya`t,N,fry,fry,1,مُفْتَرَيَٰتٍ,1,1,1,11:13
muga`Dib,N,gDb,guDb,1,مُغَٰضِبًا,1,1,1,21:87
mugay~ir,N,gyr,gyr,1,مُغَيِّرًا,1,1,1,8:53
mugiyra`t,N,gyr,gyr,1,فَٱلْمُغِيرَٰتِ,1,1,1,100:3
mugoramuwn,N,grm,grm,1,لَمُغْرَمُونَ,1,1,1,56:66
mugotasal,N,gsl,gsl,1,مُغْتَسَلٌۢ,1,1,1,38:42
muhaAn,N,hwn,hwn,1,مُهَانًا,1,1,1,25:69
muha`jira`t,N,hjr,hjr,1,مُهَٰجِرَٰتٍ,1,1,1,60:10
muholakiyn,N,hlk,hlk,1,ٱلْمُهْلَكِينَ,1,1,1,23:48
muholikiY,N,hlk,hlk,1,مُهْلِكِى,1,1,1,28:59
muhotadiY,N,hdy,hdy,1,ٱلْمُهْتَدِى,1,1,1,7:178
mukaA^',N,mkw,mkw,1,مُكَآءً,1,1,1,8:35
mukal~ibiyn,N,klb,klb,1,مُكَلِّبِينَ,1,1,1,5:4
mukib~,N,kbb,kbb,1,مُكِبًّا,1,1,1,67:22
mukov,N,mkv,mkv,1,مُكْثٍ,1,1,1,17:106
mula`q,N,lqy,lqy,1,مُلَٰقٍ,1,1,1,69:20
muloqiya`t,N,lqy,lqy,1,فَٱلْمُلْقِيَٰتِ,1,1,1,77:5
mumid~,N,mdd,mdd,1,مُمِدُّكُم,1,1,1,8:9
mumosik,N,msk,msk,1,مُمْسِكَ,1,1,1,35:2
mumosika`t,N,msk,msk,1,مُمْسِكَٰتُ,1,1,1,39:38
mun$a_#aAt,ADJ,n$A,nshuA,1,ٱلْمُنشَـَٔاتُ,1,1,1,55:24
mun$ariyn,N,n$r,nshr,1,بِمُنشَرِينَ,1,1,1,44:35
mun$i_#uwn,N,n$A,nshuA,1,ٱلْمُنشِـُٔونَ,1,1,1,56:72
munaAd,N,ndw,ndw,1,ٱلْمُنَادِ,1,1,1,50:41
munaAdiy,N,ndw,ndw,1,مُنَادِيًا,1,1,1,3:193
munaz~al,N,nzl,nzl,1,مُنَزَّلٌ,1,1,1,6:114
munaz~il,N,nzl,nzl,1,مُنَزِّلُهَا,1,1,1,5:115
munfaTir,N,fTr,fuTr,1,مُنفَطِرٌۢ,1,1,1,73:18
munfak~iyn,N,fkk,fkk,1,مُنفَكِّينَ,1,1,1,98:1
munfiqiyn,N,nfq,nfq,1,وَٱلْمُنفِقِينَ,1,1,1,3:17
munoxaniqap,N,xnq,xnq,1,وَٱلْمُنْخَنِقَةُ,1,1,1,5:3
muqaAmap,N,qwm,qwm,1,ٱلْمُقَامَةِ,1,1,1,35:35
muqaS~iriyn,N,qSr,quSr,1,وَمُقَصِّرِينَ,1,1,1,48:27
muqad~asap,ADJ,qds,qds,1,ٱلْمُقَدَّسَةَ,1,1,1,5:21
muqanTarap,ADJ,qnTr,qnuTr,1,ٱلْمُقَنطَرَةِ,1,1,1,3:14
muqas~ima`t,N,qsm,qsm,1,فَٱلْمُقَسِّمَٰتِ,1,1,1,51:4
muqoniEiY,N,qnE,qnuE,1,مُقْنِعِى,1,1,1,14:43
muqoriniyn,N,qrn,qrn,1,مُقْرِنِينَ,1,1,1,43:13
muqotariniyn,N,qrn,qrn,1,مُقْتَرِنِينَ,1,1,1,43:53
muqotasimiyn,N,qsm,qsm,1,ٱلْمُقْتَسِمِينَ,1,1,1,15:90
muqotir,N,qtr,qtr,1,ٱلْمُقْتِرِ,1,1,1,2:236
muqowiyn,N,qwy,qwy,1,لِّلْمُقْوِينَ,1,1,1,56:73
mura`gam,N,rgm,rgm,1,مُرَٰغَمًا,1,1,1,4:100
muroDiEap,N,rDE,ruDuE,1,مُرْضِعَةٍ,1,1,1,22:2
murodifiyn,N,rdf,rdf,1,مُرْدِفِينَ,1,1,1,8:9
murojawon,N,rjw,rjw,1,مُرْجَوْنَ,1,1,1,9:106
murojifuwn,N,rjf,rjf,1,وَٱلْمُرْجِفُونَ,1,1,1,33:60
murosala`t,N,rsl,rsl,1,وَٱلْمُرْسَلَٰتِ,1,1,1,77:1
murosilap,N,rsl,rsl,1,مُرْسِلَةٌ,1,1,1,27:35
musa`fiHa`t,N,sfH,sfuH,1,مُسَٰفِحَٰتٍ,1,1,1,4:25
musaw~imiyn,N,swm,swm,1,مُسَوِّمِينَ,1,1,1,3:125
musax~ar,ADJ,sxr,sxr,1,ٱلْمُسَخَّرِ,1,1,1,2:164
musiY^',N,swA,swuA,1,ٱلْمُسِىٓءُ,1,1,1,40:58
musomaE,N,smE,smuE,1,مُسْمَعٍ,1,1,1,4:46
musomiE,N,smE,smuE,1,بِمُسْمِعٍ,1,1,1,35:22
musotaTiyr,N,Tyr,uTyr,1,مُسْتَطِيرًا,1,1,1,76:7
musota_#onisiyn,N,Ans,uAns,1,مُسْتَـْٔنِسِينَ,1,1,1,33:53
musota_#oxiriyn,N,Axr,uAxr,1,ٱلْمُسْتَـْٔخِرِينَ,1,1,1,15:24
musotabiyn,ADJ,byn,byn,1,ٱلْمُسْتَبِينَ,1,1,1,37:117
musotaboSiriyn,N,bSr,buSr,1,مُسْتَبْصِرِينَ,1,1,1,29:38
musotagofiriyn,N,gfr,gfr,1,وَٱلْمُسْتَغْفِرِينَ,1,1,1,3:17
musotamosikuwn,N,msk,msk,1,مُسْتَمْسِكُونَ,1,1,1,43:21
musotaqodimiyn,N,qdm,qdm,1,ٱلْمُسْتَقْدِمِينَ,1,1,1,15:24
musotasolimuwn,N,slm,slm,1,مُسْتَسْلِمُونَ,1,1,1,37:26
musotaxof,N,xfy,xfy,1,مُسْتَخْفٍۭ,1,1,1,13:10
musotayoqiniyn,N,yqn,yqn,1,بِمُسْتَيْقِنِينَ,1,1,1,45:32
muta$a`kisuwn,N,$ks,shks,1,مُتَشَٰكِسُونَ,1,1,1,39:29
mutaEaAl,N,Elw,uElw,1,ٱلْمُتَعَالِ,1,1,1,13:9
mutaHar~if,N,Hrf,uHrf,1,مُتَحَرِّفًا,1,1,1,8:16
mutaHay~iz,N,Hwz,uHwz,1,مُتَحَيِّزًا,1,1,1,8:16
mutaSad~iqa`t,N,Sdq,uSdq,1,وَٱلْمُتَصَدِّقَٰتِ,1,1,1,33:35
mutaTah~iriyn,N,Thr,uThr,1,ٱلْمُتَطَهِّرِينَ,1,1,1,2:222
mutabar~ija`t,N,brj,brj,1,مُتَبَرِّجَٰتٍۭ,1,1,1,24:60
mutab~ar,N,tbr,tbr,1,مُتَبَّرٌ,1,1,1,7:139
mutajaAnif,N,jnf,jnf,1,مُتَجَانِفٍ,1,1,1,5:3
mutakal~ifiyn,N,klf,klf,1,ٱلْمُتَكَلِّفِينَ,1,1,1,38:86
mutalaq~iyaAn,N,lqy,lqy,1,ٱلْمُتَلَقِّيَانِ,1,1,1,50:17
mutana`fisuwn,N,nfs,nfs,1,ٱلْمُتَنَٰفِسُونَ,1,1,1,83:26
mutaqal~ab,N,qlb,qlb,1,مُتَقَلَّبَكُمْ,1,1,1,47:19
mutarad~iyap,N,rdy,rdy,1,وَٱلْمُتَرَدِّيَةُ,1,1,1,5:3
mutawaf~iy,N,wfy,wfy,1,مُتَوَفِّيكَ,1,1,1,3:55
mutawas~imiyn,N,wsm,wsm,1,لِّلْمُتَوَسِّمِينَ,1,1,1,15:75
mutim~,N,tmm,tmm,1,مُتِمُّ,1,1,1,61:8
mut~aka_#,N,wkA,wkuA,1,مُتَّكَـًٔا,1,1,1,12:31
muvolaY`,ADJ,mvl,mvl,1,ٱلْمُثْلَىٰ,1,1,1,20:63
muvoqalap,N,vql,vql,1,مُثْقَلَةٌ,1,1,1,35:18
muwaf~uw,N,wfy,wfy,1,لَمُوَفُّوهُمْ,1,1,1,11:109
muwal~iy,N,wly,wly,1,مُوَلِّيهَا,1,1,1,2:148
muwfuwn,N,wfy,wfy,1,وَٱلْمُوفُونَ,1,1,1,2:177
muwhin,N,whn,whn,1,مُوهِنُ,1,1,1,8:18
muwqadap,ADJ,wqd,wqd,1,ٱلْمُوقَدَةُ,1,1,1,104:6
muwriya`t,N,wry,wry,1,فَٱلْمُورِيَٰتِ,1,1,1,100:2
muxoDar~ap,N,xDr,xuDr,1,مُخْضَرَّةً,1,1,1,22:63
muxobitiyn,N,xbt,xbt,1,ٱلْمُخْبِتِينَ,1,1,1,22:34
muxolif,N,xlf,xlf,1,مُخْلِفَ,1,1,1,14:47
muxosiriyn,N,xsr,xsr,1,ٱلْمُخْسِرِينَ,1,1,1,26:181
muxoziY,N,xzy,xzy,1,مُخْزِى,1,1,1,9:2
muzaHoziH,N,zHzH,zuHzuH,1,بِمُزَحْزِحِهِۦ,1,1,1,2:96
muzodajar,N,zjr,zjr,1,مُزْدَجَرٌ,1,1,1,54:4
muzon,N,mzn,mzn,1,ٱلْمُزْنِ,1,1,1,56:69
muz~am~il,N,zml,zml,1,ٱلْمُزَّمِّلُ,1,1,1,73:1
m~a$iyd,N,$yd,shyd,1,مَّشِيدٍ,1,1,1,22:45
m~a$ohad,N,$hd,shhd,1,مَّشْهَدِ,1,1,1,19:37
m~a$~aA^',ADJ,m$y,mshy,1,مَّشَّآءٍۭ,1,1,1,68:11
m~a*okuwr,ADJ,*kr,dhkr,1,مَّذْكُورًا,1,1,1,76:1
m~a>okuwl,ADJ,Akl,uAkl,1,مَّأْكُولٍۭ,1,1,1,105:5
m~aAniEat,N,mnE,mnuE,1,مَّانِعَتُهُمْ,1,1,1,59:2
m~aArid,N,mrd,mrd,1,مَّارِدٍ,1,1,1,37:7
m~aArij,N,mrj,mrj,1,مَّارِجٍ,1,1,1,55:15
m~aEar~ap,N,Err,uErr,1,مَّعَرَّةٌۢ,1,1,1,48:25
m~aEoduwd,N,Edd,uEdd,1,مَّعْدُودٍ,1,1,1,11:104
m~aEoruwfap,N,Erf,uErf,1,مَّعْرُوفَةٌ,1,1,1,24:53
m~aHa`riyb,N,Hrb,uHrb,1,مَّحَٰرِيبَ,1,1,1,34:13
m~aHomuwd,N,Hmd,uHmd,1,مَّحْمُودًا,1,1,1,17:79
m~aHosuwr,N,Hsr,uHsr,1,مَّحْسُورًا,1,1,1,17:29
m~aboniy~ap,N,bny,bny,1,مَّبْنِيَّةٌ,1,1,1,39:20
m~ahiyl,ADJ,hyl,hyl,1,مَّهِيلًا,1,1,1,73:14
m~aloEuwniyn,N,lEn,luEn,1,مَّلْعُونِينَ,1,1,1,33:61
m~amoluwk,N,mlk,mlk,1,مَّمْلُوكًا,1,1,1,16:75
m~aniY~,N,mny,mny,1,مَّنِىٍّ,1,1,1,75:37
m~ansiy~,N,nsy,nsy,1,مَّنسِيًّا,1,1,1,19:23
m~aqa`miE,N,qmE,qmuE,1,مَّقَٰمِعُ,1,1,1,22:21
m~aqoSuwra`t,N,qSr,quSr,1,مَّقْصُورَٰتٌ,1,1,1,55:72
m~aqobuwDap,ADJ,qbD,qbuD,1,مَّقْبُوضَةٌ,1,1,1,2:283
m~aqoduwr,N,qdr,qdr,1,مَّقْدُورًا,1,1,1,33:38
m~aqosuwm,N,qsm,qsm,1,مَّقْسُومٌ,1,1,1,15:44
m~ariy^_#,ADJ,mrA,mruA,1,مَّرِيٓـًٔا,1,1,1,4:4
m~ariyj,ADJ,mrj,mrj,1,مَّرِيجٍ,1,1,1,50:5
m~aroDiy~ap,N,rDw,ruDw,1,مَّرْضِيَّةً,1,1,1,89:28
m~aroSuwS,ADJ,rSS,ruSuS,1,مَّرْصُوصٌ,1,1,1,61:4
m~arokuwm,N,rkm,rkm,1,مَّرْكُومٌ,1,1,1,52:44
m~aroqad,N,rqd,rqd,1,مَّرْقَدِنَا,1,1,1,36:52
m~asad,N,msd,msd,1,مَّسَدٍۭ,1,1,1,111:5
m~asofuwH,ADJ,sfH,sfuH,1,مَّسْفُوحًا,1,1,1,6:145
m~asokuwb,N,skb,skb,1,مَّسْكُوبٍ,1,1,1,56:31
m~asotuwr,N,str,str,1,مَّسْتُورًا,1,1,1,17:45
m~awoDuwEap,ADJ,wDE,wuDuE,1,مَّوْضُوعَةٌ,1,1,1,88:14
m~awoDuwnap,ADJ,wDn,wuDn,1,مَّوْضُونَةٍ,1,1,1,56:15
m~awoEidap,N,wEd,wuEd,1,مَّوْعِدَةٍ,1,1,1,9:114
m~awobiq,N,wbq,wbq,1,مَّوْبِقًا,1,1,1,18:52
m~awofuwr,N,wfr,wfr,1,مَّوْفُورًا,1,1,1,17:63
m~awoquwt,ADJ,wqt,wqt,1,مَّوْقُوتًا,1,1,1,4:103
m~awozuwn,N,wzn,wzn,1,مَّوْزُونٍ,1,1,1,15:19
m~axo*uwl,N,x*l,xdhl,1,مَّخْذُولًا,1,1,1,17:22
m~axoDuwd,ADJ,xDd,xuDd,1,مَّخْضُودٍ,1,1,1,56:28
m~axotuwm,ADJ,xtm,xtm,1,مَّخْتُومٍ,1,1,1,83:25
m~ayolap,N,myl,myl,1,مَّيْلَةً,1,1,1,4:102
m~ayosuwr,N,ysr,ysr,1,مَّيْسُورًا,1,1,1,17:28
m~ilo',N,mlA,mluA,1,مِّلْءُ,1,1,1,3:91
m~irofaq,N,rfq,rfq,1,مِّرْفَقًا,1,1,1,18:16
m~u$ay~adap,N,$yd,shyd,1,مُّشَيَّدَةٍ,1,1,1,4:78
m~u&aj~al,ADJ,Ajl,uAjl,1,مُّؤَجَّلًا,1,1,1,3:145
m~u*abo*abiyn,N,*b*b,dhbdhb,1,مُّذَبْذَبِينَ,1,1,1,4:143
m~uDa`Eafap,ADJ,DEf,uDuEf,1,مُّضَٰعَفَةً,1,1,1,3:130
m~uEaT~alap,N,ETl,uEuTl,1,مُّعَطَّلَةٍ,1,1,1,22:45
m~uEam~ar,N,Emr,uEmr,1,مُّعَمَّرٍ,1,1,1,35:11
m~uHaS~anap,ADJ,HSn,uHuSn,1,مُّحَصَّنَةٍ,1,1,1,59:14
m~uHokama`t,ADJ,Hkm,uHkm,1,مُّحْكَمَٰتٌ,1,1,1,3:7
m~uHokamap,N,Hkm,uHkm,1,مُّحْكَمَةٌ,1,1,1,47:20
m~uHotaDar,N,HDr,uHuDr,1,مُّحْتَضَرٌ,1,1,1,54:28
m~uSaf~FY,N,Sfw,uSfw,1,مُّصَفًّى,1,1,1,47:15
m~uTaAE,ADJ,TwE,uTwuE,1,مُّطَاعٍ,1,1,1,81:21
m~uT~aliEuwn,N,TlE,uTluE,1,مُّطَّلِعُونَ,1,1,1,37:54
m~udohinuwn,N,dhn,dhn,1,مُّدْهِنُونَ,1,1,1,56:81
m~ufaS~ala`t,ADJ,fSl,fuSl,1,مُّفَصَّلَٰتٍ,1,1,1,7:133
m~ufat~aHap,N,ftH,ftuH,1,مُّفَتَّحَةً,1,1,1,38:50
m~uforaTuwn,N,frT,fruT,1,مُّفْرَطُونَ,1,1,1,16:62
m~ujotamiEuwn,N,jmE,jmuE,1,مُّجْتَمِعُونَ,1,1,1,26:39
m~ukar~amap,ADJ,krm,krm,1,مُّكَرَّمَةٍ,1,1,1,80:13
m~ukorim,N,krm,krm,1,مُّكْرِمٍ,1,1,1,22:18
m~umad~adap,ADJ,mdd,mdd,1,مُّمَدَّدَةٍۭ,1,1,1,104:9
m~umar~ad,N,mrd,mrd,1,مُّمَرَّدٌ,1,1,1,27:44
m~umoTir,N,mTr,muTr,1,مُّمْطِرُنَا,1,1,1,46:24
m~una$~arap,ADJ,n$r,nshr,1,مُّنَشَّرَةً,1,1,1,74:52
m~unbav~,ADJ,bvv,bvv,1,مُّنۢبَثًّا,1,1,1,56:6
m~unkirap,N,nkr,nkr,1,مُّنكِرَةٌ,1,1,1,16:22
m~unohamir,N,hmr,hmr,1,مُّنْهَمِرٍ,1,1,1,54:11
m~unqaEir,N,qEr,quEr,1,مُّنقَعِرٍ,1,1,1,54:20
m~unta$ir,ADJ,n$r,nshr,1,مُّنتَشِرٌ,1,1,1,54:7
m~untahuwn,N,nhy,nhy,1,مُّنتَهُونَ,1,1,1,5:91
m~uqiyt,N,qwt,qwt,1,مُّقِيتًا,1,1,1,4:85
m~uqomaHuwn,N,qmH,qmuH,1,مُّقْمَحُونَ,1,1,1,36:8
m~uqotaHim,N,qHm,quHm,1,مُّقْتَحِمٌ,1,1,1,38:59
m~uqotaSidap,ADJ,qSd,quSd,1,مُّقْتَصِدَةٌ,1,1,1,5:66
m~uqotaduwn,N,qdw,qdw,1,مُّقْتَدُونَ,1,1,1,43:23
m~uqotarifuwn,N,qrf,qrf,1,مُّقْتَرِفُونَ,1,1,1,6:113
m~uro$id,ADJ,r$d,rshd,1,مُّرْشِدًا,1,1,1,18:17
m~urotaAb,ADJ,ryb,ryb,1,مُّرْتَابٌ,1,1,1,40:34
m~urotaqibuwn,N,rqb,rqb,1,مُّرْتَقِبُونَ,1,1,1,44:59
m~usan~adap,ADJ,snd,snd,1,مُّسَنَّدَةٌ,1,1,1,63:4
m~usofirap,N,sfr,sfr,1,مُّسْفِرَةٌ,1,1,1,80:38
m~usolimap,ADJ,slm,slm,1,مُّسْلِمَةً,1,1,1,2:128
m~usotaTar,N,sTr,suTr,1,مُّسْتَطَرٌ,1,1,1,54:53
m~usotabo$irap,N,b$r,bshr,1,مُّسْتَبْشِرَةٌ,1,1,1,80:39
m~usotanfirap,ADJ,nfr,nfr,1,مُّسْتَنفِرَةٌ,1,1,1,74:50
m~usotaqobil,N,qbl,qbl,1,مُّسْتَقْبِلَ,1,1,1,46:24
m~usotaxolafiyn,N,xlf,xlf,1,مُّسْتَخْلَفِينَ,1,1,1,57:7
m~usowad~ap,ADJ,swd,swd,1,مُّسْوَدَّةٌ,1,1,1,39:60
m~utaSad~iE,N,SdE,uSduE,1,مُّتَصَدِّعًا,1,1,1,59:21
m~utafar~iqap,N,frq,frq,1,مُّتَفَرِّقَةٍ,1,1,1,12:67
m~utafar~iquwn,N,frq,frq,1,مُّتَفَرِّقُونَ,1,1,1,12:39
m~utaja`wira`t,N,jwr,jwr,1,مُّتَجَٰوِرَٰتٌ,1,1,1,13:4
m~utaraAkib,ADJ,rkb,rkb,1,مُّتَرَاكِبًا,1,1,1,6:99
m~uwS,N,wSy,wuSy,1,مُّوصٍ,1,1,1,2:182
m~uwaAqiEuw,N,wqE,wquE,1,مُّوَاقِعُوهَا,1,1,1,18:53
m~uzojaY`p,N,zjw,zjw,1,مُّزْجَىٰةٍ,1,1,1,12:88
na$oT,N,n$T,nshuT,1,نَشْطًا,1,1,1,79:2
na$or,N,n$r,nshr,1,نَشْرًا,1,1,1,77:3
naA$i}ap,N,n$A,nshuA,1,نَاشِئَةَ,1,1,1,73:6
naAj,N,njw,njw,1,نَاجٍ,1,1,1,12:42
naAkisuwA,N,nks,nks,1,نَاكِسُوا۟,1,1,1,32:12
naAsikuw,N,nsk,nsk,1,نَاسِكُوهُ,1,1,1,22:67
naDijato,V,nDj,nuDj,1,نَضِجَتْ,1,1,1,4:56
naD~aAxataAn,ADJ,nDx,nuDx,1,نَضَّاخَتَانِ,1,1,1,55:66
naEolay,N,nEl,nuEl,1,نَعْلَيْكَ,1,1,1,20:12
naEomaA^',N,nEm,nuEm,1,نَعْمَآءَ,1,1,1,11:10
naE~ama,V,nEm,nuEm,1,وَنَعَّمَهُۥ,1,1,1,89:15
naHob,N,nHb,nuHb,1,نَحْبَهُۥ,1,1,1,33:23
naHos,N,nHs,nuHs,1,نَحْسٍ,1,1,1,54:19
naTowiY,V,Twy,uTwy,1,نَطْوِى,1,1,1,21:104
naZar,N,nZr,nuZr,1,نَظَرَ,1,1,1,47:20
naZirap,N,nZr,nuZr,1,فَنَظِرَةٌ,1,1,1,2:280
naZorap,N,nZr,nuZr,1,نَظْرَةً,1,1,1,37:88
na`jayo,V,njw,njw,1,نَٰجَيْتُمُ,1,1,1,58:12
na`kibuwn,N,nkb,nkb,1,لَنَٰكِبُونَ,1,1,1,23:74
nabotahilo,V,bhl,bhl,1,نَبْتَهِلْ,1,1,1,3:61
nadiy~,N,ndw,ndw,1,نَدِيًّا,1,1,1,19:73
nafa$ato,V,nf$,nfsh,1,نَفَشَتْ,1,1,1,21:78
nafaq,N,nfq,nfq,1,نَفَقًا,1,1,1,6:35
nafaqa`t,N,nfq,nfq,1,نَفَقَٰتُهُمْ,1,1,1,9:54
nafiyr,N,nfr,nfr,1,نَفِيرًا,1,1,1,17:6
nafoHap,N,nfH,nfuH,1,نَفْحَةٌ,1,1,1,21:46
nafoxap,N,nfx,nfx,1,نَفْخَةٌ,1,1,1,69:13
najas,N,njs,njs,1,نَجَسٌ,1,1,1,9:28
nakid,N,nkd,nkd,1,نَكِدًا,1,1,1,7:58
nakira,V,nkr,nkr,1,نَكِرَهُمْ,1,1,1,11:70
nak~iru,V,nkr,nkr,1,نَكِّرُوا۟,1,1,1,27:41
namaAriq,N,,,1,وَنَمَارِقُ,1,1,1,88:15
namiym,N,nmm,nmm,1,بِنَمِيمٍ,1,1,1,68:11
namiyru,V,myr,myr,1,وَنَمِيرُ,1,1,1,12:65
namolap,N,nml,nml,1,نَمْلَةٌ,1,1,1,27:18
naqiyb,N,nqb,nqb,1,نَقِيبًا,1,1,1,5:12
naqoE,N,nqE,nquE,1,نَقْعًا,1,1,1,100:4
naqob,N,nqb,nqb,1,نَقْبًا,1,1,1,18:97
naqotabiso,V,qbs,qbs,1,نَقْتَبِسْ,1,1,1,57:13
naq~abu,V,nqb,nqb,1,فَنَقَّبُوا۟,1,1,1,50:36
nasimu,V,wsm,wsm,1,سَنَسِمُهُۥ,1,1,1,68:16
nasiy~,N,nsy,nsy,1,نَسِيًّا,1,1,1,19:64
nasofaEF[,V,sfE,sfuE,1,لَنَسْفَعًۢا,1,1,1,96:15
nasolaxu,V,slx,slx,1,نَسْلَخُ,1,1,1,36:37
nasor,PN,nsr,nsr,1,وَنَسْرًا,1,1,1,71:23
nasotansixu,V,nsx,nsx,1,نَسْتَنسِخُ,1,1,1,45:29
nasoy,N,nsy,nsy,1,نَسْيًا,1,1,1,19:23
natajaAwazu,V,jwz,jwz,1,وَنَتَجَاوَزُ,1,1,1,46:16
nataqo,V,ntq,ntq,1,نَتَقْنَا,1,1,1,7:171
naxozaY`,V,xzy,xzy,1,وَنَخْزَىٰ,1,1,1,20:134
nazolap,N,nzl,nzl,1,نَزْلَةً,1,1,1,53:13
naz~aAEap,N,nzE,nzuE,1,نَزَّاعَةً,1,1,1,70:16
niHolap,N,nHl,nuHl,1,نِحْلَةً,1,1,1,4:4
nu*or,N,n*r,ndhr,1,نُذْرًا,1,1,1,77:6
nu*uwr,N,n*r,ndhr,1,نُذُورَهُمْ,1,1,1,22:29
nuHaAs,N,nHs,nuHs,1,وَنُحَاسٌ,1,1,1,55:35
nuSoH,N,nSH,nuSuH,1,نُصْحِىٓ,1,1,1,11:34
nuSob,N,nSb,nuSb,1,بِنُصْبٍ,1,1,1,38:41
nudaAwilu,V,dwl,dwl,1,نُدَاوِلُهَا,1,1,1,3:140
nuja`ziY^,V,jzy,jzy,1,نُجَٰزِىٓ,1,1,1,34:17
nukisu,V,nks,nks,1,نُكِسُوا۟,1,1,1,21:65
nun$izu,V,n$z,nshz,1,نُنشِزُهَا,1,1,1,2:259
nunak~iso,V,nks,nks,1,نُنَكِّسْهُ,1,1,1,36:68
nuqad~isu,V,qds,qds,1,وَنُقَدِّسُ,1,1,1,2:30
nuqira,V,nqr,nqr,1,نُقِرَ,1,1,1,74:8
nuqori}u,V,qrA,qruA,1,سَنُقْرِئُكَ,1,1,1,87:6
nusoxat,N,nsx,nsx,1,نُسْخَتِهَا,1,1,1,7:154
n~a*il~a,V,*ll,dhll,1,نَّذِلَّ,1,1,1,20:134
n~aADirap,N,nDr,nuDr,1,نَّاضِرَةٌ,1,1,1,75:22
n~aAEimap,N,nEm,nuEm,1,نَّاعِمَةٌ,1,1,1,88:8
n~aASibap,ADJ,nSb,nuSb,1,نَّاصِبَةٌ,1,1,1,88:3
n~aAhuwn,N,nhy,nhy,1,وَٱلنَّاهُونَ,1,1,1,9:112
n~aAquwr,N,nqr,nqr,1,ٱلنَّاقُورِ,1,1,1,74:8
n~aDiyd,ADJ,nDd,nuDd,1,نَّضِيدٌ,1,1,1,50:10
n~aHisaAt,ADJ,nHs,nuHs,1,نَّحِسَاتٍ,1,1,1,41:16
n~aHol,N,nHl,nuHl,1,ٱلنَّحْلِ,1,1,1,16:68
n~aSuwH,ADJ,nSH,nuSuH,1,نَّصُوحًا,1,1,1,66:8
n~aTiyHap,N,nTH,nuTuH,1,وَٱلنَّطِيحَةُ,1,1,1,5:3
n~a`$iTa`t,N,n$T,nshuT,1,وَٱلنَّٰشِطَٰتِ,1,1,1,79:2
n~a`$ira`t,N,n$r,nshr,1,وَٱلنَّٰشِرَٰتِ,1,1,1,77:3
n~a`ziEa`t,N,nzE,nzuE,1,وَٱلنَّٰزِعَٰتِ,1,1,1,79:1
n~abora>a,V,brA,bruA,1,نَّبْرَأَهَآ,1,1,1,57:22
n~afaAd,N,nfd,nfd,1,نَّفَادٍ,1,1,1,38:54
n~af~a`va`t,N,nfv,nfv,1,ٱلنَّفَّٰثَٰتِ,1,1,1,113:4
n~ajaw`p,N,njw,njw,1,ٱلنَّجَوٰةِ,1,1,1,40:41
n~ajodayon,N,njd,njd,1,ٱلنَّجْدَيْنِ,1,1,1,90:10
n~akiyr,N,nkr,nkr,1,نَّكِيرٍ,1,1,1,42:47
n~asiY^',N,nsA,nsuA,1,ٱلنَّسِىٓءُ,1,1,1,9:37
n~awaY`,N,nwy,nwy,1,وَٱلنَّوَىٰ,1,1,1,6:95
n~awa`SiY,N,nSy,nuSy,1,بِٱلنَّوَٰصِى,1,1,1,55:41
n~axirap,ADJ,nxr,nxr,1,نَّخِرَةً,1,1,1,79:11
n~ayol,N,nyl,nyl,1,نَّيْلًا,1,1,1,9:120
n~ukur,ADJ,nkr,nkr,1,نُّكُرٍ,1,1,1,54:6
n~uwn,N,nwn,nwn,1,ٱلنُّونِ,1,1,1,21:87
qaAD,N,qDy,quDy,1,قَاضٍ,1,1,1,20:72
qaADiyap,N,qDy,quDy,1,ٱلْقَاضِيَةَ,1,1,1,69:27
qaAE,N,qwE,qwuE,1,قَاعًا,1,1,1,20:106
qaASid,N,qSd,quSd,1,قَاصِدًا,1,1,1,9:42
qaASif,N,qSf,quSf,1,قَاصِفًا,1,1,1,17:69
qaATiEap,N,qTE,quTuE,1,قَاطِعَةً,1,1,1,27:32
qaA^}iluwn,N,qyl,qyl,1,قَآئِلُونَ,1,1,1,7:4
qaAb,N,qwb,qwb,1,قَابَ,1,1,1,53:9
qaAbil,N,qbl,qbl,1,وَقَابِلِ,1,1,1,40:3
qaAliyn,N,qly,qly,1,ٱلْقَالِينَ,1,1,1,26:168
qaAniE,N,qnE,qnuE,1,ٱلْقَانِعَ,1,1,1,22:36
qaAsama,V,qsm,qsm,1,وَقَاسَمَهُمَآ,1,1,1,7:21
qaDob,N,qDb,quDb,1,وَقَضْبًا,1,1,1,80:28
qaEiyd,N,qEd,quEd,1,قَعِيدٌ,1,1,1,50:17
qaSamo,V,qSm,quSm,1,قَصَمْنَا,1,1,1,21:11
qaSiy~,ADJ,qSw,quSw,1,قَصِيًّا,1,1,1,19:22
qaSod,N,qSd,quSd,1,قَصْدُ,1,1,1,16:9
qaTiraAn,N,qTr,quTr,1,قَطِرَانٍ,1,1,1,14:50
qa`niTiyn,N,qnT,qnuT,1,ٱلْقَٰنِطِينَ,1,1,1,15:55
qabaA^}il,N,qbl,qbl,1,وَقَبَآئِلَ,1,1,1,49:13
qaboD,N,qbD,qbuD,1,قَبْضًا,1,1,1,25:46
qabuwl,N,qbl,qbl,1,بِقَبُولٍ,1,1,1,3:37
qadoH,N,qdH,qduH,1,قَدْحًا,1,1,1,100:2
qalaY`,V,qly,qly,1,قَلَىٰ,1,1,1,93:3
qaliylap,ADJ,qll,qll,1,قَلِيلَةٍ,1,1,1,2:249
qal~a,V,qll,qll,1,قَلَّ,1,1,1,4:7
qamoTariyr,ADJ,qmTr,qmuTr,1,قَمْطَرِيرًا,1,1,1,76:10
qanuwT,N,qnT,qnuT,1,قَنُوطٌ,1,1,1,41:49
qasowap,N,qsw,qsw,1,قَسْوَةً,1,1,1,2:74
qasowarap,N,qsr,qsr,1,قَسْوَرَةٍۭ,1,1,1,74:51
qatar,N,qtr,qtr,1,قَتَرٌ,1,1,1,10:26
qatarap,N,qtr,qtr,1,قَتَرَةٌ,1,1,1,80:41
qatolaY,N,qtl,qtl,1,ٱلْقَتْلَى,1,1,1,2:178
qatuwr,ADJ,qtr,qtr,1,قَتُورًا,1,1,1,17:100
qawaAm,N,qwm,qwm,1,قَوَامًا,1,1,1,25:67
qawosayon,N,qws,qws,1,قَوْسَيْنِ,1,1,1,53:9
qiTomiyr,N,qTmr,quTmr,1,قِطْمِيرٍ,1,1,1,35:13
qiT~,N,qTT,quTuT,1,قِطَّنَا,1,1,1,38:16
qidad,ADJ,qdd,qdd,1,قِدَدًا,1,1,1,72:11
qinowaAn,N,qnw,qnw,1,قِنْوَانٌ,1,1,1,6:99
qis~iysiyn,N,qss,qss,1,قِسِّيسِينَ,1,1,1,5:82
qiv~aA^},N,qvA,qvuA,1,وَقِثَّآئِهَا,1,1,1,2:61
qiyEap,N,qwE,qwuE,1,بِقِيعَةٍ,1,1,1,24:39
qiyam,ADJ,qwm,qwm,1,قِيَمًا,1,1,1,6:161
quSowaY`,ADJ,qSw,quSw,1,ٱلْقُصْوَىٰ,1,1,1,8:42
quduwr,N,qdr,qdr,1,وَقُدُورٍ,1,1,1,34:13
qum~al,N,qml,qml,1,وَٱلْقُمَّلَ,1,1,1,7:133
qurayo$,PN,,,1,قُرَيْشٍ,1,1,1,106:1
qurobap,N,qrb,qrb,1,قُرْبَةٌ,1,1,1,9:99
quruba`t,N,qrb,qrb,1,قُرُبَٰتٍ,1,1,1,9:99
quruw^',N,qrA,qruA,1,قُرُوٓءٍ,1,1,1,2:228
raA^d~iY,N,rdd,rdd,1,بِرَآدِّى,1,1,1,16:71
raAbiTu,V,rbT,rbuT,1,وَرَابِطُوا۟,1,1,1,3:200
raAfiE,N,rfE,rfuE,1,وَرَافِعُكَ,1,1,1,3:55
raAna,V,ryn,ryn,1,رَانَ,1,1,1,83:14
raAq,N,rqy,rqy,1,رَاقٍ,1,1,1,75:27
raDiy~,N,rDw,ruDw,1,رَضِيًّا,1,1,1,19:6
raTob,N,rTb,ruTb,1,رَطْبٍ,1,1,1,6:59
raba`^}ib,N,rbb,rbb,1,وَرَبَٰٓئِبُكُمُ,1,1,1,4:23
rabiHat,V,rbH,rbuH,1,رَبِحَت,1,1,1,2:16
radifa,V,rdf,rdf,1,رَدِفَ,1,1,1,27:72
radom,N,rdm,rdm,1,رَدْمًا,1,1,1,18:95
rafiyE,ADJ,rfE,rfuE,1,رَفِيعُ,1,1,1,40:15
rafiyq,N,rfq,rfq,1,رَفِيقًا,1,1,1,4:69
raforaf,N,rfrf,rfrf,1,رَفْرَفٍ,1,1,1,55:76
ragab,N,rgb,rgb,1,رَغَبًا,1,1,1,21:90
rahab,N,rhb,rhb,1,وَرَهَبًا,1,1,1,21:90
rahiyn,N,rhn,rhn,1,رَهِينٌ,1,1,1,52:21
rahiynap,N,rhn,rhn,1,رَهِينَةٌ,1,1,1,74:38
rahobaAniy~ap,N,rhb,rhb,1,وَرَهْبَانِيَّةً,1,1,1,57:27
rahobap,N,rhb,rhb,1,رَهْبَةً,1,1,1,59:13
rahow,N,rhw,rhw,1,رَهْوًا,1,1,1,44:24
rajil,N,rjl,rjl,1,وَرَجِلِكَ,1,1,1,17:64
rajom,N,rjm,rjm,1,رَجْمًۢا,1,1,1,18:22
raj~,N,rjj,rjj,1,رَجًّا,1,1,1,56:4
rakuwb,N,rkb,rkb,1,رَكُوبُهُمْ,1,1,1,36:72
rak~aba,V,rkb,rkb,1,رَكَّبَكَ,1,1,1,82:8
ramaAd,N,rmd,rmd,1,كَرَمَادٍ,1,1,1,14:18
ramaDaAn,PN,,,1,رَمَضَانَ,1,1,1,2:185
ramoz,N,rmz,rmz,1,رَمْزًا,1,1,1,3:41
raq~,N,rqq,rqq,1,رَقٍّ,1,1,1,52:3
ratoq,N,rtq,rtq,1,رَتْقًا,1,1,1,21:30
rawaAH,N,rwH,rwuH,1,وَرَوَاحُهَا,1,1,1,34:12
rawaAkid,N,rkd,rkd,1,رَوَاكِدَ,1,1,1,42:33
rawoDaAt,N,rwD,rwuD,1,رَوْضَاتِ,1,1,1,42:22
rawoDap,N,rwD,rwuD,1,رَوْضَةٍ,1,1,1,30:15
ri'oy,N,rAy,ruAy,1,وَرِءْيًا,1,1,1,19:74
riEaAyat,N,rEy,ruEy,1,رِعَايَتِهَا,1,1,1,57:27
riHolap,N,rHl,ruHl,1,رِحْلَةَ,1,1,1,106:2
rib~iy~uwn,N,rbb,rbb,1,رِبِّيُّونَ,1,1,1,3:146
rido',N,rdA,rduA,1,رِدْءًا,1,1,1,28:34
riha`n,N,rhn,rhn,1,فَرِهَٰنٌ,1,1,1,2:283
rikaAb,N,rkb,rkb,1,رِكَابٍ,1,1,1,59:6
rikoz,N,rkz,rkz,1,رِكْزًۢا,1,1,1,19:98
rimaAH,N,rmH,rmuH,1,وَرِمَاحُكُمْ,1,1,1,5:94
riy$,N,ry$,rysh,1,وَرِيشًا,1,1,1,7:26
riyE,N,ryE,ryuE,1,رِيعٍ,1,1,1,26:128
riybap,N,ryb,ryb,1,رِيبَةً,1,1,1,9:110
ruHom,N,rHm,ruHm,1,رُحْمًا,1,1,1,18:81
ruTab,N,rTb,ruTb,1,رُطَبًا,1,1,1,19:25
rujuwm,N,rjm,rjm,1,رُجُومًا,1,1,1,67:5
ruj~ati,V,rjj,rjj,1,رُجَّتِ,1,1,1,56:4
rukaAm,N,rkm,rkm,1,رُكَامًا,1,1,1,24:43
rukobaAn,N,rkb,rkb,1,رُكْبَانًا,1,1,1,2:239
ruqiy~,N,rqy,rqy,1,لِرُقِيِّكَ,1,1,1,17:93
ruquwd,N,rqd,rqd,1,رُقُودٌ,1,1,1,18:18
ruwayod,N,rwd,rwd,1,رُوَيْدًۢا,1,1,1,86:17
ruxaA^',N,rxw,rxw,1,رُخَآءً,1,1,1,38:36
r~aAbiy,N,rbw,rbw,1,رَّابِيًا,1,1,1,13:17
r~aAbiyap,ADJ,rbw,rbw,1,رَّابِيَةً,1,1,1,69:10
r~aAdifap,N,rdf,rdf,1,ٱلرَّادِفَةُ,1,1,1,79:7
r~aAfiEap,N,rfE,rfuE,1,رَّافِعَةٌ,1,1,1,56:3
r~aAjifap,N,rjf,rjf,1,ٱلرَّاجِفَةُ,1,1,1,79:6
r~aHiyq,N,rHq,ruHq,1,رَّحِيقٍ,1,1,1,83:25
r~a`$iduwn,N,r$d,rshd,1,ٱلرَّٰشِدُونَ,1,1,1,49:7
r~ahob,N,rhb,rhb,1,ٱلرَّهْبِ,1,1,1,28:32
r~akob,N,rkb,rkb,1,وَٱلرَّكْبُ,1,1,1,8:42
r~aqiym,N,rqm,rqm,1,وَٱلرَّقِيمِ,1,1,1,18:9
r~awoE,N,rwE,rwuE,1,ٱلرَّوْعُ,1,1,1,11:74
r~az~aAq,N,rzq,rzq,1,ٱلرَّزَّاقُ,1,1,1,51:58
r~iEaA^',N,rEy,ruEy,1,ٱلرِّعَآءُ,1,1,1,28:23
r~ib,N,rbw,rbw,1,رِّبًا,1,1,1,30:39
r~ibaAT,N,rbT,rbuT,1,رِّبَاطِ,1,1,1,8:60
r~ifod,N,rfd,rfd,1,ٱلرِّفْدُ,1,1,1,11:99
r~ub,N,,,1,رُّبَمَا,1,1,1,15:2
r~ujoEaY`^,N,rjE,rjuE,1,ٱلرُّجْعَىٰٓ,1,1,1,96:8
r~ujoz,N,rjz,rjz,1,وَٱلرُّجْزَ,1,1,1,74:5
r~uwm,PN,,,1,ٱلرُّومُ,1,1,1,30:2
saAHat,N,swH,swuH,1,بِسَاحَتِهِمْ,1,1,1,37:177
saA^}ibap,N,syb,syb,1,سَآئِبَةٍ,1,1,1,5:103
saA^}iq,N,swq,swq,1,سَآئِقٌ,1,1,1,50:21
saAbiqu,V,sbq,sbq,1,سَابِقُوٓا۟,1,1,1,57:21
saAhama,V,shm,shm,1,فَسَاهَمَ,1,1,1,37:141
saAkin,N,skn,skn,1,سَاكِنًا,1,1,1,25:45
saAlato,V,syl,syl,1,فَسَالَتْ,1,1,1,13:17
saAqiT,N,sqT,squT,1,سَاقِطًا,1,1,1,52:44
saArib,N,srb,srb,1,وَسَارِبٌۢ,1,1,1,13:10
saAwaY`,V,swy,swy,1,سَاوَىٰ,1,1,1,18:96
saEiyd,N,sEd,suEd,1,وَسَعِيدٌ,1,1,1,11:105
saHiyq,ADJ,sHq,suHq,1,سَحِيقٍ,1,1,1,22:31
saH~aAr,N,sHr,suHr,1,سَحَّارٍ,1,1,1,26:37
sa`^}iHa`t,ADJ,syH,syuH,1,سَٰٓئِحَٰتٍ,1,1,1,66:5
sa`biga`t,N,sbg,sbg,1,سَٰبِغَٰتٍ,1,1,1,34:11
sa`limuwn,N,slm,slm,1,سَٰلِمُونَ,1,1,1,68:43
sa`miduwn,N,smd,smd,1,سَٰمِدُونَ,1,1,1,53:61
sa`mir,N,smr,smr,1,سَٰمِرًا,1,1,1,23:67
saboq,N,sbq,sbq,1,سَبْقًا,1,1,1,79:4
safah,N,sfh,sfh,1,سَفَهًۢا,1,1,1,6:140
safarap,N,sfr,sfr,1,سَفَرَةٍ,1,1,1,80:15
safiha,V,sfh,sfh,1,سَفِهَ,1,1,1,2:130
sajaY`,V,sjw,sjw,1,سَجَىٰ,1,1,1,93:2
sakar,N,skr,skr,1,سَكَرًا,1,1,1,16:67
sakata,V,skt,skt,1,سَكَتَ,1,1,1,7:154
salaf,N,slf,slf,1,سَلَفًا,1,1,1,43:56
salaqu,V,slq,slq,1,سَلَقُوكُم,1,1,1,33:19
salosabiyl,PN,,,1,سَلْسَبِيلًا,1,1,1,76:18
samok,N,smk,smk,1,سَمْكَهَا,1,1,1,79:28
sam~,N,smm,smm,1,سَمِّ,1,1,1,7:40
sanaA,N,snw,snw,1,سَنَا,1,1,1,24:43
sarab,N,srb,srb,1,سَرَبًا,1,1,1,18:61
sariy~,N,sry,sry,1,سَرِيًّا,1,1,1,19:24
sawoT,N,swT,swuT,1,سَوْطَ,1,1,1,89:13
saxaT,N,sxT,sxuT,1,بِسَخَطٍ,1,1,1,3:162
sayonaA^',PN,,,1,سَيْنَآءَ,1,1,1,23:20
sik~iyn,N,skn,skn,1,سِكِّينًا,1,1,1,12:31
sinap,N,wsn,wsn,1,سِنَةٌ,1,1,1,2:255
sitor,N,str,str,1,سِتْرًا,1,1,1,18:90
sit~iyn,N,stt,stt,1,سِتِّينَ,1,1,1,58:4
siyHu,V,syH,syuH,1,فَسِيحُوا۟,1,1,1,9:2
siyniyn,PN,,,1,سِينِينَ,1,1,1,95:2
siyrat,N,syr,syr,1,سِيرَتَهَا,1,1,1,20:21
su&aAl,N,sAl,suAl,1,بِسُؤَالِ,1,1,1,38:24
su&ol,N,sAl,suAl,1,سُؤْلَكَ,1,1,1,20:36
suEidu,V,sEd,suEd,1,سُعِدُوا۟,1,1,1,11:108
suE~irato,V,sEr,suEr,1,سُعِّرَتْ,1,1,1,81:12
suHoq,N,sHq,suHq,1,فَسُحْقًا,1,1,1,67:11
suTiHato,V,sTH,suTuH,1,سُطِحَتْ,1,1,1,88:20
sudFY,N,sdy,sdy,1,سُدًى,1,1,1,75:36
suhuwl,N,shl,shl,1,سُهُولِهَا,1,1,1,7:74
suj~irato,V,sjr,sjr,1,سُجِّرَتْ,1,1,1,81:6
suk~irato,V,skr,skr,1,سُكِّرَتْ,1,1,1,15:15
sunbul,N,snbl,snbl,1,سُنۢبُلِهِۦٓ,1,1,1,12:47
suqoya`,N,sqy,sqy,1,وَسُقْيَٰهَا,1,1,1,91:13
suraAdiq,N,srdq,srdq,1,سُرَادِقُهَا,1,1,1,18:29
suruwr,N,srr,srr,1,وَسُرُورًا,1,1,1,76:11
suwFY,ADJ,swy,swy,1,سُوًى,1,1,1,20:58
suwaAE,PN,swE,swuE,1,سُوَاعًا,1,1,1,71:23
suwd,ADJ,swd,swd,1,سُودٌ,1,1,1,35:27
suwr,N,swr,swr,1,بِسُورٍ,1,1,1,57:13
suxoriy~,N,sxr,sxr,1,سُخْرِيًّا,1,1,1,43:32
s~aAHil,N,sHl,suHl,1,بِٱلسَّاحِلِ,1,1,1,20:39
s~aAhirap,N,shr,shr,1,بِٱلسَّاهِرَةِ,1,1,1,79:14
s~aAriqap,N,srq,srq,1,وَٱلسَّارِقَةُ,1,1,1,5:38
s~a`^}iHuwn,N,syH,syuH,1,ٱلسَّٰٓئِحُونَ,1,1,1,9:112
s~a`biHa`t,N,sbH,sbuH,1,وَٱلسَّٰبِحَٰتِ,1,1,1,79:3
s~a`biqa`t,N,sbq,sbq,1,فَٱلسَّٰبِقَٰتِ,1,1,1,79:4
s~a`xiriyn,N,sxr,sxr,1,ٱلسَّٰخِرِينَ,1,1,1,39:56
s~abuE,N,sbE,sbuE,1,ٱلسَّبُعُ,1,1,1,5:3
s~araA^}ir,N,srr,srr,1,ٱلسَّرَآئِرُ,1,1,1,86:9
s~arod,N,srd,srd,1,ٱلسَّرْدِ,1,1,1,34:11
s~ijil~,N,sjl,sjl,1,ٱلسِّجِلِّ,1,1,1,21:104
s~ilom,PN,slm,slm,1,ٱلسِّلْمِ,1,1,1,2:208
s~ufolaY`,N,sfl,sfl,1,ٱلسُّفْلَىٰ,1,1,1,9:40
s~uw^>aY`^,N,swA,swuA,1,ٱلسُّوٓأَىٰٓ,1,1,1,30:10
ta$aAwur,N,$wr,shwr,1,وَتَشَاوُرٍ,1,1,1,2:233
ta$iyEa,V,$yE,shyuE,1,تَشِيعَ,1,1,1,24:19
ta$otakiY^,V,$kw,shkw,1,وَتَشْتَكِىٓ,1,1,1,58:1
ta$oxaSu,V,$xS,shxuS,1,تَشْخَصُ,1,1,1,14:42
ta&uz~u,V,Azz,uAzz,1,تَؤُزُّهُمْ,1,1,1,19:83
ta*ohalu,V,*hl,dhhl,1,تَذْهَلُ,1,1,1,22:2
ta*okiyr,N,*kr,dhkr,1,وَتَذْكِيرِى,1,1,1,10:71
ta*oliyl,N,*ll,dhll,1,تَذْلِيلًا,1,1,1,76:14
ta*oruw,V,*rw,dhrw,1,تَذْرُوهُ,1,1,1,18:45
ta*uwda,V,*wd,dhwd,1,تَذُودَانِ,1,1,1,28:23
ta>ojura,V,Ajr,uAjr,1,تَأْجُرَنِى,1,1,1,28:27
ta>osiru,V,Asr,uAsr,1,وَتَأْسِرُونَ,1,1,1,33:26
taDar~aEu,V,DrE,uDruE,1,تَضَرَّعُوا۟,1,1,1,6:43
taDoHaY`,V,DHw,uDuHw,1,تَضْحَىٰ,1,1,1,20:119
taDoliyl,N,Dll,uDll,1,تَضْلِيلٍ,1,1,1,105:2
taEaATaY`,V,ETw,uEuTw,1,فَتَعَاطَىٰ,1,1,1,54:29
taEaAsaro,V,Esr,uEsr,1,تَعَاسَرْتُمْ,1,1,1,65:6
taEaj~ala,V,Ejl,uEjl,1,تَعَجَّلَ,1,1,1,2:203
taEam~adato,V,Emd,uEmd,1,تَعَمَّدَتْ,1,1,1,33:5
taEiya,V,wEy,wuEy,1,وَتَعِيَهَآ,1,1,1,69:12
taEobavu,V,Ebv,uEbv,1,تَعْبَثُونَ,1,1,1,26:128
taEoburu,V,Ebr,uEbr,1,تَعْبُرُونَ,1,1,1,12:43
taEoraY`,V,Ery,uEry,1,تَعْرَىٰ,1,1,1,20:118
taEos,N,tEs,tuEs,1,فَتَعْسًا,1,1,1,47:8
taEotad~u,V,Edd,uEdd,1,تَعْتَدُّونَهَا,1,1,1,33:49
taEuwlu,V,Ewl,uEwl,1,تَعُولُوا۟,1,1,1,4:3
taHaAwur,N,Hwr,uHwr,1,تَحَاوُرَكُمَآ,1,1,1,58:1
taHaS~un,N,HSn,uHuSn,1,تَحَصُّنًا,1,1,1,24:33
taHa`^D~u,V,HDD,uHuDuD,1,تَحَٰٓضُّونَ,1,1,1,89:18
taHar~a,V,Hry,uHry,1,تَحَرَّوْا۟,1,1,1,72:14
taHas~asu,V,Hss,uHss,1,فَتَحَسَّسُوا۟,1,1,1,12:87
taHil~ap,N,Hll,uHll,1,تَحِلَّةَ,1,1,1,66:2
taHiydu,V,Hyd,uHyd,1,تَحِيدُ,1,1,1,50:19
taHoliqu,V,Hlq,uHlq,1,تَحْلِقُوا۟,1,1,1,2:196
taHonavo,V,Hnv,uHnv,1,تَحْنَثْ,1,1,1,38:44
taHoruvu,V,Hrv,uHrv,1,تَحْرُثُونَ,1,1,1,56:63
taHus~u,V,Hss,uHss,1,تَحُسُّونَهُم,1,1,1,3:152
taSad~aY`,V,Sdy,uSdy,1,تَصَدَّىٰ,1,1,1,80:6
taSiyru,V,Syr,uSyr,1,تَصِيرُ,1,1,1,42:53
taSodiyap,N,Sdy,uSdy,1,وَتَصْدِيَةً,1,1,1,8:35
taSoliyap,N,Sly,uSly,1,وَتَصْلِيَةُ,1,1,1,56:94
taTaAwala,V,Twl,uTwl,1,فَتَطَاوَلَ,1,1,1,28:45
taTohiyr,N,Thr,uThr,1,تَطْهِيرًا,1,1,1,33:33
taZoma&uA@,V,ZmA,uZmuA,1,تَظْمَؤُا۟,1,1,1,20:119
ta`^}iba`t,ADJ,twb,twb,1,تَٰٓئِبَٰتٍ,1,1,1,66:5
tabaAb,N,tbb,tbb,1,تَبَابٍ,1,1,1,40:37
tabaAr,N,tbr,tbr,1,تَبَارًۢا,1,1,1,71:28
tabaAyaEo,V,byE,byuE,1,تَبَايَعْتُمْ,1,1,1,2:282
tabar~ajo,V,brj,brj,1,تَبَرَّجْنَ,1,1,1,33:33
tabar~uj,N,brj,brj,1,تَبَرُّجَ,1,1,1,33:33
tabas~ama,V,bsm,bsm,1,فَتَبَسَّمَ,1,1,1,27:19
tabat~alo,V,btl,btl,1,وَتَبَتَّلْ,1,1,1,73:8
tabiyE,N,tbE,tbuE,1,تَبِيعًا,1,1,1,17:69
tabiyda,V,byd,byd,1,تَبِيدَ,1,1,1,18:35
tabo*iyr,N,b*r,bdhr,1,تَبْذِيرًا,1,1,1,17:26
taboSirap,N,bSr,buSr,1,تَبْصِرَةً,1,1,1,50:8
tabotiyl,N,btl,btl,1,تَبْتِيلًا,1,1,1,73:8
tadaAyan,V,dyn,dyn,1,تَدَايَنتُم,1,1,1,2:282
tadal~aY`,V,dlw,dlw,1,فَتَدَلَّىٰ,1,1,1,53:8
taduwru,V,dwr,dwr,1,تَدُورُ,1,1,1,33:19
tad~axiru,V,*xr,dhxr,1,تَدَّخِرُونَ,1,1,1,3:49
tafaAxur,N,fxr,fxr,1,وَتَفَاخُرٌۢ,1,1,1,57:20
tafa`wut,N,fwt,fwt,1,تَفَٰوُتٍ,1,1,1,67:3
tafak~ahu,V,fkh,fkh,1,تَفَكَّهُونَ,1,1,1,56:65
tafaq~ada,V,fqd,fqd,1,وَتَفَقَّدَ,1,1,1,27:20
tafas~aHu,V,fsH,fsuH,1,تَفَسَّحُوا۟,1,1,1,58:11
tafav,N,tfv,tfv,1,تَفَثَهُمْ,1,1,1,22:29
tafoDaHu,V,fDH,fuDuH,1,تَفْضَحُونِ,1,1,1,15:68
taforiyq,N,frq,frq,1,وَتَفْرِيقًۢا,1,1,1,9:107
tafosiyr,N,fsr,fsr,1,تَفْسِيرًا,1,1,1,25:33
tafota&uA@,V,ftA,ftuA,1,تَفْتَؤُا۟,1,1,1,12:85
taga$~aY`,V,g$w,gshw,1,تَغَشَّىٰهَا,1,1,1,7:189
tagay~uZ,N,gyZ,gyuZ,1,تَغَيُّظًا,1,1,1,25:12
tagofulu,V,gfl,gfl,1,تَغْفُلُونَ,1,1,1,4:102
tagotasilu,V,gsl,gsl,1,تَغْتَسِلُوا۟,1,1,1,4:43
tahaj~ado,V,hjd,hjd,1,فَتَهَجَّدْ,1,1,1,17:79
tajas~asu,V,jss,jss,1,تَجَسَّسُوا۟,1,1,1,49:12
tajuwEa,V,jwE,jwuE,1,تَجُوعَ,1,1,1,20:118
tako*iyb,N,k*b,kdhb,1,تَكْذِيبٍ,1,1,1,85:19
takobiyr,N,kbr,kbr,1,تَكْبِيرًۢا,1,1,1,17:111
takoliym,N,klm,klm,1,تَكْلِيمًا,1,1,1,4:164
tala*~u,V,l**,ldhdh,1,وَتَلَذُّ,1,1,1,43:71
talaZ~aY`,V,lZy,luZy,1,تَلَظَّىٰ,1,1,1,92:14
talah~aY`,V,lhw,lhw,1,تَلَهَّىٰ,1,1,1,80:10
talofaHu,V,lfH,lfuH,1,تَلْفَحُ,1,1,1,23:104
talofita,V,lft,lft,1,لِتَلْفِتَنَا,1,1,1,10:78
tal~a,V,tll,tll,1,وَتَلَّهُۥ,1,1,1,37:103
tamaAm,N,tmm,tmm,1,تَمَامًا,1,1,1,6:154
tamav~ala,V,mvl,mvl,1,فَتَمَثَّلَ,1,1,1,19:17
tamay~azu,V,myz,myz,1,تَمَيَّزُ,1,1,1,67:8
tamohiyd,N,mhd,mhd,1,تَمْهِيدًا,1,1,1,74:14
tamoraHu,V,mrH,mruH,1,تَمْرَحُونَ,1,1,1,40:75
tan[butu,V,nbt,nbt,1,تَنۢبُتُ,1,1,1,23:20
tanaASaru,V,nSr,nuSr,1,تَنَاصَرُونَ,1,1,1,37:25
tanaAbazu,V,nbz,nbz,1,تَنَابَزُوا۟,1,1,1,49:11
tanaAda,V,ndw,ndw,1,فَتَنَادَوْا۟,1,1,1,68:21
tanaf~asa,V,nfs,nfs,1,تَنَفَّسَ,1,1,1,81:18
taniya,V,wny,wny,1,تَنِيَا,1,1,1,20:42
tankiyl,N,nkl,nkl,1,تَنكِيلًا,1,1,1,4:84
tanuw^>u,V,nwA,nwuA,1,لَتَنُوٓأُ,1,1,1,28:76
taqaAsamu,V,qsm,qsm,1,تَقَاسَمُوا۟,1,1,1,27:49
taqo$aEir~u,V,q$Er,qshuEr,1,تَقْشَعِرُّ,1,1,1,39:23
taqoSuru,V,qSr,quSr,1,تَقْصُرُوا۟,1,1,1,4:101
taqofu,V,qfw,qfw,1,تَقْفُ,1,1,1,17:36
taqoharo,V,qhr,qhr,1,تَقْهَرْ,1,1,1,93:9
taqotiyl,N,qtl,qtl,1,تَقْتِيلًا,1,1,1,33:61
taqowiym,N,qwm,qwm,1,تَقْوِيمٍ,1,1,1,95:4
tarab~uS,N,rbS,rbuS,1,تَرَبُّصُ,1,1,1,2:226
tarad~aY`^,V,rdy,rdy,1,تَرَدَّىٰٓ,1,1,1,92:11
tarodaY`,V,rdy,rdy,1,فَتَرْدَىٰ,1,1,1,20:16
taroqaY`,V,rqy,rqy,1,تَرْقَىٰ,1,1,1,17:93
tasaw~aru,V,swr,swr,1,تَسَوَّرُوا۟,1,1,1,38:21
tasomiyap,N,smw,smw,1,تَسْمِيَةَ,1,1,1,53:27
tasoniym,N,snm,snm,1,تَسْنِيمٍ,1,1,1,83:27
tasoraHu,V,srH,sruH,1,تَسْرَحُونَ,1,1,1,16:6
tasoriyH,N,srH,sruH,1,تَسْرِيحٌۢ,1,1,1,2:229
tasota>onisu,V,Ans,uAns,1,تَسْتَأْنِسُوا۟,1,1,1,24:27
tasotabiyna,V,byn,byn,1,وَلِتَسْتَبِينَ,1,1,1,6:55
tasotaqosimu,V,qsm,qsm,1,تَسْتَقْسِمُوا۟,1,1,1,5:3
tasotaroDiEu,V,rDE,ruDuE,1,تَسْتَرْضِعُوٓا۟,1,1,1,2:233
tasotatiru,V,str,str,1,تَسْتَتِرُونَ,1,1,1,41:22
tasur~u,V,srr,srr,1,تَسُرُّ,1,1,1,2:69
tatajaAfaY`,V,jfw,jfw,1,تَتَجَافَىٰ,1,1,1,32:16
tataqal~abu,V,qlb,qlb,1,تَتَقَلَّبُ,1,1,1,24:37
tatobiyb,N,tbb,tbb,1,تَتْبِيبٍ,1,1,1,11:101
tatoraA,N,wtr,wtr,1,تَتْرَا,1,1,1,23:44
tavoriyb,N,vrb,vrb,1,تَثْرِيبَ,1,1,1,12:92
tawaAEad,V,wEd,wuEd,1,تَوَاعَدتُّمْ,1,1,1,8:42
tawaj~aha,V,wjh,wjh,1,تَوَجَّهَ,1,1,1,28:22
tawoSiyap,N,wSy,wuSy,1,تَوْصِيَةً,1,1,1,36:50
tawokiyd,N,wkd,wkd,1,تَوْكِيدِهَا,1,1,1,16:91
taxaASum,N,xSm,xuSm,1,تَخَاصُمُ,1,1,1,38:64
taxal~ato,V,xlw,xlw,1,وَتَخَلَّتْ,1,1,1,84:4
taxaw~uf,N,xwf,xwf,1,تَخَوُّفٍ,1,1,1,16:47
taxoDaEo,V,xDE,xuDuE,1,تَخْضَعْنَ,1,1,1,33:32
taxofiyf,N,xff,xff,1,تَخْفِيفٌ,1,1,1,2:178
taxosiyr,N,xsr,xsr,1,تَخْسِيرٍ,1,1,1,11:63
taxowiyf,N,xwf,xwf,1,تَخْوِيفًا,1,1,1,17:59
taxuT~u,V,xTT,xuTuT,1,تَخُطُّهُۥ,1,1,1,29:48
tazaw~adu,V,zwd,zwd,1,وَتَزَوَّدُوا۟,1,1,1,2:197
tazay~alu,V,zyl,zyl,1,تَزَيَّلُوا۟,1,1,1,48:25
tazodariY^,V,zry,zry,1,تَزْدَرِىٓ,1,1,1,11:31
tiboya`n,N,byn,byn,1,تِبْيَٰنًا,1,1,1,16:89
tilaAwat,N,tlw,tlw,1,تِلَاوَتِهِۦٓ,1,1,1,2:121
tu$oTiTo,V,$TT,shuTuT,1,تُشْطِطْ,1,1,1,38:22
tu$omito,V,$mt,shmt,1,تُشْمِتْ,1,1,1,7:150
tu*il~u,V,*ll,dhll,1,وَتُذِلُّ,1,1,1,3:26
tuDay~iqu,V,Dyq,uDyq,1,لِتُضَيِّقُوا۟,1,1,1,65:6
tuEiz~u,V,Ezz,uEzz,1,وَتُعِزُّ,1,1,1,3:26
tuHar~iko,V,Hrk,uHrk,1,تُحَرِّكْ,1,1,1,75:16
tuSaE~iro,V,SEr,uSuEr,1,تُصَعِّرْ,1,1,1,31:18
tuSoEidu,V,SEd,uSuEd,1,تُصْعِدُونَ,1,1,1,3:153
tuba*~iro,V,b*r,bdhr,1,تُبَذِّرْ,1,1,1,17:26
tuboqiY,V,bqy,bqy,1,تُبْقِى,1,1,1,74:28
tudiyru,V,dwr,dwr,1,تُدِيرُونَهَا,1,1,1,2:282
tufa`du,V,fdy,fdy,1,تُفَٰدُوهُمْ,1,1,1,2:85
tufan~idu,V,fnd,fnd,1,تُفَنِّدُونِ,1,1,1,12:94
tufat~aHu,V,ftH,ftuH,1,تُفَتَّحُ,1,1,1,7:40
tugomiDu,V,gmD,gmuD,1,تُغْمِضُوا۟,1,1,1,2:267
tukowaY`,V,kwy,kwy,1,فَتُكْوَىٰ,1,1,1,9:35
tumaAri,V,mry,mry,1,تُمَارِ,1,1,1,18:22
tumosu,V,msw,msw,1,تُمْسُونَ,1,1,1,30:17
tuqaY`p,N,wqy,wqy,1,تُقَىٰةً,1,1,1,3:28
tuqolabu,V,qlb,qlb,1,تُقْلَبُونَ,1,1,1,29:21
turiyHu,V,rwH,rwuH,1,تُرِيحُونَ,1,1,1,16:6
turohibu,V,rhb,rhb,1,تُرْهِبُونَ,1,1,1,8:60
tusa`qiTo,V,sqT,squT,1,تُسَٰقِطْ,1,1,1,19:25
tusaw~aY`,V,swy,swy,1,تُسَوَّىٰ,1,1,1,4:42
tusiymu,V,swm,swm,1,تُسِيمُونَ,1,1,1,16:10
tuwEidu,V,wEd,wuEd,1,تُوعِدُونَ,1,1,1,7:86
tuwaq~iru,V,wqr,wqr,1,وَتُوَقِّرُوهُ,1,1,1,48:9
tuwru,V,wry,wry,1,تُورُونَ,1,1,1,56:71
tuxaAfito,V,xft,xft,1,تُخَافِتْ,1,1,1,17:110
tuxaAliTu,V,xlT,xluT,1,تُخَالِطُوهُمْ,1,1,1,2:220
t~aEaf~uf,N,Eff,uEff,1,ٱلتَّعَفُّفِ,1,1,1,2:273
t~a`^}ibuwn,N,twb,twb,1,ٱلتَّٰٓئِبُونَ,1,1,1,9:112
t~a`liya`t,N,tlw,tlw,1,فَٱلتَّٰلِيَٰتِ,1,1,1,37:3
t~agaAbun,N,gbn,gbn,1,ٱلتَّغَابُنِ,1,1,1,64:9
t~aholukap,N,hlk,hlk,1,ٱلتَّهْلُكَةِ,1,1,1,2:195
t~alaAq,N,lqy,lqy,1,ٱلتَّلَاقِ,1,1,1,40:15
t~anaAd,N,ndw,ndw,1,ٱلتَّنَادِ,1,1,1,40:32
t~anaAwu$,N,nw$,nwsh,1,ٱلتَّنَاوُشُ,1,1,1,34:52
t~aqoriDu,V,qrD,qruD,1,تَّقْرِضُهُمْ,1,1,1,18:17
t~araA^}ib,N,trb,trb,1,وَٱلتَّرَآئِبِ,1,1,1,86:7
t~araAqiY,N,trq,trq,1,ٱلتَّرَاقِىَ,1,1,1,75:26
t~awob,N,twb,twb,1,ٱلتَّوْبِ,1,1,1,40:3
t~aza`waru,V,zwr,zwr,1,تَّزَٰوَرُ,1,1,1,18:17
t~iyn,N,tyn,tyn,1,وَٱلتِّينِ,1,1,1,95:1
t~uraAv,N,wrv,wrv,1,ٱلتُّرَاثَ,1,1,1,89:19
vaAmin,N,vmn,vmn,1,وَثَامِنُهُمْ,1,1,1,18:22
vaAwiy,N,vwy,vwy,1,ثَاوِيًا,1,1,1,28:45
vab~aTa,V,vbT,vbuT,1,فَثَبَّطَهُمْ,1,1,1,9:46
vaj~aAj,ADJ,vjj,vjj,1,ثَجَّاجًا,1,1,1,78:14
vama`niY,N,vmn,vmn,1,ثَمَٰنِىَ,1,1,1,28:27
vama`niyn,N,vmn,vmn,1,ثَمَٰنِينَ,1,1,1,24:4
vamarap,N,vmr,vmr,1,ثَمَرَةٍ,1,1,1,2:25
vay~iba`t,ADJ,vyb,vyb,1,ثَيِّبَٰتٍ,1,1,1,66:5
vubaAt,N,vby,vby,1,ثُبَاتٍ,1,1,1,4:71
vubuwt,N,vbt,vbt,1,ثُبُوتِهَا,1,1,1,16:94
vuw~iba,V,vwb,vwb,1,ثُوِّبَ,1,1,1,83:36
v~aAlivap,N,vlv,vlv,1,ٱلثَّالِثَةَ,1,1,1,53:20
v~araY`,N,vry,vry,1,ٱلثَّرَىٰ,1,1,1,20:6
v~umun,N,vmn,vmn,1,ٱلثُّمُنُ,1,1,1,4:12
waAdiy,N,wdy,wdy,1,وَادِيًا,1,1,1,9:121
waAhiyap,N,why,why,1,وَاهِيَةٌ,1,1,1,69:16
waAjifap,ADJ,wjf,wjf,1,وَاجِفَةٌ,1,1,1,79:8
waAl,N,wly,wly,1,وَالٍ,1,1,1,13:11
waAvaqa,V,wvq,wvq,1,وَاثَقَكُم,1,1,1,5:7
waHiyd,N,wHd,wuHd,1,وَحِيدًا,1,1,1,74:11
waSiyd,N,wSd,wuSd,1,بِٱلْوَصِيدِ,1,1,1,18:18
waSiylap,N,wSl,wuSl,1,وَصِيلَةٍ,1,1,1,5:103
waSof,N,wSf,wuSf,1,وَصْفَهُمْ,1,1,1,6:139
waS~alo,V,wSl,wuSl,1,وَصَّلْنَا,1,1,1,28:51
waTo_#,N,wTA,wuTuA,1,وَطْـًٔا,1,1,1,73:6
wa`EiZiyn,N,wEZ,wuEuZ,1,ٱلْوَٰعِظِينَ,1,1,1,26:136
wa`Eiyap,ADJ,wEy,wuEy,1,وَٰعِيَةٌ,1,1,1,69:12
wa`lida`t,N,wld,wld,1,وَٱلْوَٰلِدَٰتُ,1,1,1,2:233
wabiyl,ADJ,wbl,wbl,1,وَبِيلًا,1,1,1,73:16
wad~,PN,wdd,wdd,1,وَدًّا,1,1,1,71:23
wad~aEa,V,wdE,wduE,1,وَدَّعَكَ,1,1,1,93:3
wafod,N,wfd,wfd,1,وَفْدًا,1,1,1,19:85
wah~aAj,ADJ,whj,whj,1,وَهَّاجًا,1,1,1,78:13
wajabato,V,wjb,wjb,1,وَجَبَتْ,1,1,1,22:36
wajilap,ADJ,wjl,wjl,1,وَجِلَةٌ,1,1,1,23:60
wajiluwn,N,wjl,wjl,1,وَجِلُونَ,1,1,1,15:52
wakaza,V,wkz,wkz,1,فَوَكَزَهُۥ,1,1,1,28:15
waliyjap,N,wlj,wlj,1,وَلِيجَةً,1,1,1,9:16
waqaAr,N,wqr,wqr,1,وَقَارًا,1,1,1,71:13
waqaba,V,wqb,wqb,1,وَقَبَ,1,1,1,113:3
waqoEat,N,wqE,wquE,1,لِوَقْعَتِهَا,1,1,1,56:2
waraqap,N,wrq,wrq,1,وَرَقَةٍ,1,1,1,6:59
wariq,N,wrq,wrq,1,بِوَرِقِكُمْ,1,1,1,18:19
wariyd,N,wrd,wrd,1,ٱلْوَرِيدِ,1,1,1,50:16
warodap,N,wrd,wrd,1,وَرْدَةً,1,1,1,55:37
wasaT,ADJ,wsT,wsuT,1,وَسَطًا,1,1,1,2:143
wasaTo,V,wsT,wsuT,1,فَوَسَطْنَ,1,1,1,100:5
wasaqa,V,wsq,wsq,1,وَسَقَ,1,1,1,84:17
wasowaAs,N,wsws,wsws,1,ٱلْوَسْوَاسِ,1,1,1,114:4
watiyn,N,wtn,wtn,1,ٱلْوَتِينَ,1,1,1,69:46
wator,N,wtr,wtr,1,وَٱلْوَتْرِ,1,1,1,89:3
wazar,N,wzr,wzr,1,وَزَرَ,1,1,1,75:11
wifaAq,ADJ,wfq,wfq,1,وِفَاقًا,1,1,1,78:26
wijohap,N,wjh,wjh,1,وِجْهَةٌ,1,1,1,2:148
wiqor,N,wqr,wqr,1,وِقْرًا,1,1,1,51:2
wuHuw$,N,wH$,wuHsh,1,ٱلْوُحُوشُ,1,1,1,81:5
wud~,N,wdd,wdd,1,وُدًّا,1,1,1,19:96
wujod,N,wjd,wjd,1,وُجْدِكُمْ,1,1,1,65:6
wusoTaY`,ADJ,wsT,wsuT,1,ٱلْوُسْطَىٰ,1,1,1,2:238
xa*uwl,ADJ,x*l,xdhl,1,خَذُولًا,1,1,1,25:29
xaA^S~ap,N,xSS,xuSuS,1,خَآصَّةً,1,1,1,8:25
xaA^}iDiyn,N,xwD,xwuD,1,ٱلْخَآئِضِينَ,1,1,1,74:45
xaA^}ibiyn,N,xyb,xyb,1,خَآئِبِينَ,1,1,1,3:127
xaAfiDap,N,xfD,xfuD,1,خَافِضَةٌ,1,1,1,56:3
xaAfiyap,N,xfy,xfy,1,خَافِيَةٌ,1,1,1,69:18
xaAliyap,ADJ,xlw,xlw,1,ٱلْخَالِيَةِ,1,1,1,69:24
xaAsirap,ADJ,xsr,xsr,1,خَاسِرَةٌ,1,1,1,79:12
xaAtam,N,xtm,xtm,1,وَخَاتَمَ,1,1,1,33:40
xaDir,N,xDr,xuDr,1,خَضِرًا,1,1,1,6:99
xaSaASap,N,xSS,xuSuS,1,خَصَاصَةٌ,1,1,1,59:9
xaSimuwn,ADJ,xSm,xuSm,1,خَصِمُونَ,1,1,1,43:58
xaTofap,N,xTf,xuTf,1,ٱلْخَطْفَةَ,1,1,1,37:10
xa`DiEiyn,N,xDE,xuDuE,1,خَٰضِعِينَ,1,1,1,26:4
xa`diE,N,xdE,xduE,1,خَٰدِعُهُمْ,1,1,1,4:142
xa`lifiyn,N,xlf,xlf,1,ٱلْخَٰلِفِينَ,1,1,1,9:83
xa`ziniyn,N,xzn,xzn,1,بِخَٰزِنِينَ,1,1,1,15:22
xabato,V,xbw,xbw,1,خَبَتْ,1,1,1,17:97
xabo',N,xbA,xbuA,1,ٱلْخَبْءَ,1,1,1,27:25
xabuva,V,xbv,xbv,1,خَبُثَ,1,1,1,7:58
xad~,N,xdd,xdd,1,خَدَّكَ,1,1,1,31:18
xalaSu,V,xlS,xluS,1,خَلَصُوا۟,1,1,1,12:80
xalaTu,V,xlT,xluT,1,خَلَطُوا۟,1,1,1,9:102
xal~u,V,xlw,xlw,1,فَخَلُّوا۟,1,1,1,9:5
xamoT,ADJ,xmT,xmuT,1,خَمْطٍ,1,1,1,34:16
xan~aAs,ADJ,xns,xns,1,ٱلْخَنَّاسِ,1,1,1,114:4
xaraAb,N,xrb,xrb,1,خَرَابِهَآ,1,1,1,2:114
xaraAj,N,xrj,xrj,1,فَخَرَاجُ,1,1,1,23:72
xar~a`Suwn,N,xrS,xruS,1,ٱلْخَرَّٰصُونَ,1,1,1,51:10
xat~aAr,ADJ,xtr,xtr,1,خَتَّارٍ,1,1,1,31:32
xiTo_#,N,xTA,xuTuA,1,خِطْـًٔا,1,1,1,17:31
xiTobap,N,xTb,xuTb,1,خِطْبَةِ,1,1,1,2:235
xilofap,N,xlf,xlf,1,خِلْفَةً,1,1,1,25:62
xita`m,N,xtm,xtm,1,خِتَٰمُهُۥ,1,1,1,83:26
xiyaAT,N,xyT,xyuT,1,ٱلْخِيَاطِ,1,1,1,7:40
xiyaAm,N,xym,xym,1,ٱلْخِيَامِ,1,1,1,55:72
xu$ub,N,x$b,xshb,1,خُشُبٌ,1,1,1,63:4
xu$uwE,N,x$E,xshuE,1,خُشُوعًا,1,1,1,17:109
xuboz,N,xbz,xbz,1,خُبْزًا,1,1,1,12:36
xulaTaA^',N,xlT,xluT,1,ٱلْخُلَطَآءِ,1,1,1,38:24
xuluwd,N,xld,xld,1,ٱلْخُلُودِ,1,1,1,50:34
xul~ap,N,xll,xll,1,خُلَّةٌ,1,1,1,2:254
xul~ifu,V,xlf,xlf,1,خُلِّفُوا۟,1,1,1,9:118
xumur,N,xmr,xmr,1,بِخُمُرِهِنَّ,1,1,1,24:31
xumus,N,xms,xms,1,خُمُسَهُۥ,1,1,1,8:41
xun~as,N,xns,xns,1,بِٱلْخُنَّسِ,1,1,1,81:15
xuroTuwm,N,xrTm,xruTm,1,ٱلْخُرْطُومِ,1,1,1,68:16
ya$owiY,V,$wy,shwy,1,يَشْوِى,1,1,1,18:29
ya>olu,V,Alw,uAlw,1,يَأْلُونَكُمْ,1,1,1,3:118
ya>oni,V,Any,uAny,1,يَأْنِ,1,1,1,57:16
ya>otali,V,Alw,uAlw,1,يَأْتَلِ,1,1,1,24:22
yaAbis,N,ybs,ybs,1,يَابِسٍ,1,1,1,6:59
yaAquwt,N,,,1,ٱلْيَاقُوتُ,1,1,1,55:58
yaEo$u,V,E$w,uEshw,1,يَعْشُ,1,1,1,43:36
yaEoba&uA@,V,EbA,uEbuA,1,يَعْبَؤُا۟,1,1,1,25:77
yaEokufu,V,Ekf,uEkf,1,يَعْكُفُونَ,1,1,1,7:138
yaEuwq,PN,,,1,وَيَعُوقَ,1,1,1,71:23
yaHiDo,V,HyD,uHyuD,1,يَحِضْنَ,1,1,1,65:4
yaHiyfa,V,Hyf,uHyf,1,يَحِيفَ,1,1,1,24:50
yaHoTima,V,HTm,uHuTm,1,يَحْطِمَنَّكُمْ,1,1,1,27:18
yaHomuwm,N,Hmm,uHmm,1,يَحْمُومٍ,1,1,1,56:43
yaHuwra,V,Hwr,uHwr,1,يَحُورَ,1,1,1,84:14
yaSoEadu,V,SEd,uSuEd,1,يَصْعَدُ,1,1,1,35:10
yaSoTarixu,V,Srx,uSrx,1,يَصْطَرِخُونَ,1,1,1,35:37
yaSoduru,V,Sdr,uSdr,1,يَصْدُرُ,1,1,1,99:6
yaSorimu,V,Srm,uSrm,1,لَيَصْرِمُنَّهَا,1,1,1,68:17
yaS~aE~adu,V,SEd,uSuEd,1,يَصَّعَّدُ,1,1,1,6:125
yaS~ad~aEu,V,SdE,uSduE,1,يَصَّدَّعُونَ,1,1,1,30:43
yaTiyru,V,Tyr,uTyr,1,يَطِيرُ,1,1,1,6:38
yaTohuro,V,Thr,uThr,1,يَطْهُرْنَ,1,1,1,2:222
yaTolubu,V,Tlb,uTlb,1,يَطْلُبُهُۥ,1,1,1,7:54
ya_#uwdu,V,Awd,uAwd,1,يَـُٔودُهُۥ,1,1,1,2:255
yabas,ADJ,ybs,ybs,1,يَبَسًا,1,1,1,20:77
yabiytu,V,byt,byt,1,يَبِيتُونَ,1,1,1,25:64
yaboHavu,V,bHv,buHv,1,يَبْحَثُ,1,1,1,5:31
yadiynu,V,dyn,dyn,1,يَدِينُونَ,1,1,1,9:29
yadomagu,V,dmg,dmg,1,فَيَدْمَغُهُۥ,1,1,1,21:18
yadus~u,V,dss,dss,1,يَدُسُّهُۥ,1,1,1,16:59
yaforuTa,V,frT,fruT,1,يَفْرُطَ,1,1,1,20:45
yafotariy,V,fry,fry,1,يَفْتَرِينَهُۥ,1,1,1,60:12
yafoturu,V,ftr,ftr,1,يَفْتُرُونَ,1,1,1,21:20
yagoliY,V,gly,gly,1,يَغْلِى,1,1,1,44:45
yagotab,V,gyb,gyb,1,يَغْتَب,1,1,1,49:12
yaguwSu,V,gwS,gwuS,1,يَغُوصُونَ,1,1,1,21:82
yaguwv,PN,,,1,يَغُوثَ,1,1,1,71:23
yahiymu,V,hym,hym,1,يَهِيمُونَ,1,1,1,26:225
yahojaEu,V,hjE,hjuE,1,يَهْجَعُونَ,1,1,1,51:17
yajomaHu,V,jmH,jmuH,1,يَجْمَحُونَ,1,1,1,9:57
yajur~u,V,jrr,jrr,1,يَجُرُّهُۥٓ,1,1,1,7:150
yakola&u,V,klA,kluA,1,يَكْلَؤُكُم,1,1,1,21:42
yalito,V,lyt,lyt,1,يَلِتْكُم,1,1,1,49:14
yalofiZu,V,lfZ,lfuZ,1,يَلْفِظُ,1,1,1,50:18
yalu,V,wly,wly,1,يَلُونَكُم,1,1,1,9:123
yamohadu,V,mhd,mhd,1,يَمْهَدُونَ,1,1,1,30:44
yamuwju,V,mwj,mwj,1,يَمُوجُ,1,1,1,18:99
yanoE,N,ynE,ynuE,1,وَيَنْعِهِۦٓ,1,1,1,6:99
yanoEiqu,V,nEq,nuEq,1,يَنْعِقُ,1,1,1,2:171
yanqaD~a,V,qDD,quDuD,1,يَنقَضَّ,1,1,1,18:77
yaqoTiyn,N,,,1,يَقْطِينٍ,1,1,1,37:146
yaqoturu,V,qtr,qtr,1,يَقْتُرُوا۟,1,1,1,25:67
yaro$udu,V,r$d,rshd,1,يَرْشُدُونَ,1,1,1,2:186
yarokuma,V,rkm,rkm,1,فَيَرْكُمَهُۥ,1,1,1,8:37
yarotaEo,V,rtE,rtuE,1,يَرْتَعْ,1,1,1,12:12
yarotaqu,V,rqy,rqy,1,فَلْيَرْتَقُوا۟,1,1,1,38:10
yasoTu,V,sTw,suTw,1,يَسْطُونَ,1,1,1,22:72
yasoTuru,V,sTr,suTr,1,يَسْطُرُونَ,1,1,1,68:1
yasobitu,V,sbt,sbt,1,يَسْبِتُونَ,1,1,1,7:163
yasolubo,V,slb,slb,1,يَسْلُبْهُمُ,1,1,1,22:73
yasori,V,sry,sry,1,يَسْرِ,1,1,1,89:4
yasotaHosiru,V,Hsr,uHsr,1,يَسْتَحْسِرُونَ,1,1,1,21:19
yasotaSorixu,V,Srx,uSrx,1,يَسْتَصْرِخُهُۥ,1,1,1,28:18
yasotan[biTu,V,nbT,nbuT,1,يَسْتَنۢبِطُونَهُۥ,1,1,1,4:83
yasotan[bi_#u,V,nbA,nbuA,1,وَيَسْتَنۢبِـُٔونَكَ,1,1,1,10:53
yasotankiHa,V,nkH,nkuH,1,يَسْتَنكِحَهَا,1,1,1,33:50
yasotanqi*u,V,nq*,nqdh,1,يَسْتَنقِذُوهُ,1,1,1,22:73
yasotasoxiru,V,sxr,sxr,1,يَسْتَسْخِرُونَ,1,1,1,37:14
yasotavonu,V,vny,vny,1,يَسْتَثْنُونَ,1,1,1,68:18
yasotawofu,V,wfy,wfy,1,يَسْتَوْفُونَ,1,1,1,83:2
yas~am~aEu,V,smE,smuE,1,يَسَّمَّعُونَ,1,1,1,37:8
yataHaA^j~u,V,Hjj,uHjj,1,يَتَحَآجُّونَ,1,1,1,40:47
yataHaAkamu,V,Hkm,uHkm,1,يَتَحَاكَمُوٓا۟,1,1,1,4:60
yatafaD~ala,V,fDl,fuDl,1,يَتَفَضَّلَ,1,1,1,23:24
yatafaj~aru,V,fjr,fjr,1,يَتَفَجَّرُ,1,1,1,2:74
yatafaq~ahu,V,fqh,fqh,1,لِّيَتَفَقَّهُوا۟,1,1,1,9:122
yatafay~a&uA@,V,fyA,fyuA,1,يَتَفَيَّؤُا۟,1,1,1,16:48
yatagaAmazu,V,gmz,gmz,1,يَتَغَامَزُونَ,1,1,1,83:30
yatagay~aro,V,gyr,gyr,1,يَتَغَيَّرْ,1,1,1,47:15
yatajan~abu,V,jnb,jnb,1,وَيَتَجَنَّبُهَا,1,1,1,87:11
yatajar~aEu,V,jrE,jruE,1,يَتَجَرَّعُهُۥ,1,1,1,14:17
yatalaT~afo,V,lTf,luTf,1,وَلْيَتَلَطَّفْ,1,1,1,18:19
yatala`wamu,V,lwm,lwm,1,يَتَلَٰوَمُونَ,1,1,1,68:30
yatamaT~aY`^,V,mTw,muTw,1,يَتَمَطَّىٰٓ,1,1,1,75:33
yatanaAfasi,V,nfs,nfs,1,فَلْيَتَنَافَسِ,1,1,1,83:26
yatanaAha,V,nhy,nhy,1,يَتَنَاهَوْنَ,1,1,1,5:79
yataraAjaEa,V,rjE,rjuE,1,يَتَرَاجَعَآ,1,1,1,2:230
yatarad~adu,V,rdd,rdd,1,يَتَرَدَّدُونَ,1,1,1,9:45
yatasal~alu,V,sll,sll,1,يَتَسَلَّلُونَ,1,1,1,24:63
yatasan~aho,V,snh,snh,1,يَتَسَنَّهْ,1,1,1,2:259
yataxab~aTu,V,xbT,xbuT,1,يَتَخَبَّطُهُ,1,1,1,2:275
yataxal~afu,V,xlf,xlf,1,يَتَخَلَّفُوا۟,1,1,1,9:120
yatira,V,wtr,wtr,1,يَتِرَكُمْ,1,1,1,47:35
yatiyhu,V,tyh,tyh,1,يَتِيهُونَ,1,1,1,5:26
yat~aki_#u,V,wkA,wkuA,1,يَتَّكِـُٔونَ,1,1,1,43:34
yavonu,V,vny,vny,1,يَثْنُونَ,1,1,1,11:5
yavorib,PN,,,1,يَثْرِبَ,1,1,1,33:13
yaxo*ulo,V,x*l,xdhl,1,يَخْذُلْكُمْ,1,1,1,3:160
yazif~u,V,zff,zff,1,يَزِفُّونَ,1,1,1,37:94
yu&olu,V,Alw,uAlw,1,يُؤْلُونَ,1,1,1,2:226
yu&ovaru,V,Avr,uAvr,1,يُؤْثَرُ,1,1,1,74:24
yuDa`hi_#u,V,DhA,uDhuA,1,يُضَٰهِـُٔونَ,1,1,1,9:30
yuDay~ifu,V,Dyf,uDyf,1,يُضَيِّفُوهُمَا,1,1,1,18:77
yuEoZimo,V,EZm,uEuZm,1,وَيُعْظِمْ,1,1,1,65:5
yuHofi,V,Hfw,uHfw,1,فَيُحْفِكُمْ,1,1,1,47:37
yuHomaY`,V,Hmy,uHmy,1,يُحْمَىٰ,1,1,1,9:35
yuHomadu,V,Hmd,uHmd,1,يُحْمَدُوا۟,1,1,1,3:188
yuSad~aEu,V,SdE,uSduE,1,يُصَدَّعُونَ,1,1,1,56:19
yuSoHabu,V,SHb,uSuHb,1,يُصْحَبُونَ,1,1,1,21:43
yuSodira,V,Sdr,uSdr,1,يُصْدِرَ,1,1,1,28:23
yuSoharu,V,Shr,uShr,1,يُصْهَرُ,1,1,1,22:20
yuTaw~aqu,V,Twq,uTwq,1,سَيُطَوَّقُونَ,1,1,1,3:180
yuTiyqu,V,Twq,uTwq,1,يُطِيقُونَهُۥ,1,1,1,2:184
yuToliEa,V,TlE,uTluE,1,لِيُطْلِعَكُمْ,1,1,1,3:179
yubaS~aru,V,bSr,buSr,1,يُبَصَّرُونَهُمْ,1,1,1,70:11
yubaT~i}a,V,bTA,buTuA,1,لَّيُبَطِّئَنَّ,1,1,1,4:72
yubat~iku,V,btk,btk,1,فَلَيُبَتِّكُنَّ,1,1,1,4:119
yubiynu,V,byn,byn,1,يُبِينُ,1,1,1,43:52
yubolisu,V,bls,bls,1,يُبْلِسُ,1,1,1,30:12
yuda`fiEu,V,dfE,dfuE,1,يُدَٰفِعُ,1,1,1,22:38
yufat~aru,V,ftr,ftr,1,يُفَتَّرُ,1,1,1,43:75
yugaAvu,V,gwv,gwv,1,يُغَاثُوا۟,1,1,1,18:29
yugaAvu2,V,gyv,gyv,1,يُغَاثُ,1,1,1,12:49
yujaAwiru,V,jwr,jwr,1,يُجَاوِرُونَكَ,1,1,1,33:60
yujan~abu,V,jnb,jnb,1,وَسَيُجَنَّبُهَا,1,1,1,92:17
yujobaY`^,V,jby,jby,1,يُجْبَىٰٓ,1,1,1,28:57
yumas~iku,V,msk,msk,1,يُمَسِّكُونَ,1,1,1,7:170
yuna$~a&uA@,V,n$A,nshuA,1,يُنَشَّؤُا۟,1,1,1,43:18
yuna`ziEu,V,nzE,nzuE,1,يُنَٰزِعُنَّكَ,1,1,1,22:67
yunfa,V,nfy,nfy,1,يُنفَوْا۟,1,1,1,5:33
yunogiDu,V,ngD,nguD,1,فَسَيُنْغِضُونَ,1,1,1,17:51
yuqal~ilu,V,qll,qll,1,وَيُقَلِّلُكُمْ,1,1,1,8:44
yuqoSiru,V,qSr,quSr,1,يُقْصِرُونَ,1,1,1,7:202
yuroDiEo,V,rDE,ruDuE,1,يُرْضِعْنَ,1,1,1,2:233
yusiygu,V,swg,swg,1,يُسِيغُهُۥ,1,1,1,14:17
yusoHita,V,sHt,suHt,1,فَيُسْحِتَكُم,1,1,1,20:61
yusojaru,V,sjr,sjr,1,يُسْجَرُونَ,1,1,1,40:72
yusominu,V,smn,smn,1,يُسْمِنُ,1,1,1,88:7
yuwSiy,V,wSy,wuSy,1,يُوصِينَ,1,1,1,4:12
yuwaATi_#u,V,wTA,wuTuA,1,لِّيُوَاطِـُٔوا۟,1,1,1,9:37
yuwaf~iqi,V,wfq,wfq,1,يُوَفِّقِ,1,1,1,4:35
yuwbiqo,V,wbq,wbq,1,يُوبِقْهُنَّ,1,1,1,42:34
yuwfiDu,V,wfD,wfuD,1,يُوفِضُونَ,1,1,1,70:43
yuwqiEa,V,wqE,wquE,1,يُوقِعَ,1,1,1,5:91
yuwviqu,V,wvq,wvq,1,يُوثِقُ,1,1,1,89:26
yuxay~alu,V,xyl,xyl,1,يُخَيَّلُ,1,1,1,20:66
yuxoribu,V,xrb,xrb,1,يُخْرِبُونَ,1,1,1,59:2
yuzoliqu,V,zlq,zlq,1,لَيُزْلِقُونَكَ,1,1,1,68:51
zaAhiq,N,zhq,zhq,1,زَاهِقٌ,1,1,1,21:18
zaHof,N,zHf,zuHf,1,زَحْفًا,1,1,1,8:15
zahorap,N,zhr,zhr,1,زَهْرَةَ,1,1,1,20:131
zahuwq,N,zhq,zhq,1,زَهُوقًا,1,1,1,17:81
zajor,N,zjr,zjr,1,زَجْرًا,1,1,1,37:2
zakaY`,V,zkw,zkw,1,زَكَىٰ,1,1,1,24:21
zakiy~,ADJ,zkw,zkw,1,زَكِيًّا,1,1,1,19:19
zakiy~ap,N,zkw,zkw,1,زَكِيَّةًۢ,1,1,1,18:74
zalaq,N,zlq,zlq,1,زَلَقًا,1,1,1,18:40
zalozalap,N,zlzl,zlzl,1,زَلْزَلَةَ,1,1,1,22:1
zamohariyr,N,zmhr,zmhr,1,زَمْهَرِيرًا,1,1,1,76:13
zaniym,N,znm,znm,1,زَنِيمٍ,1,1,1,68:13
zanjabiyl,N,,,1,زَنجَبِيلًا,1,1,1,76:17
zaraAbiY~,N,,,1,وَزَرَابِىُّ,1,1,1,88:16
zawaAl,N,zwl,zwl,1,زَوَالٍ,1,1,1,14:44
zayod,PN,,,1,زَيْدٌ,1,1,1,33:37
zayog,N,zyg,zyg,1,زَيْغٌ,1,1,1,3:7
zayot,N,zyt,zyt,1,زَيْتُهَا,1,1,1,24:35
zayotuwnap,N,zyt,zyt,1,زَيْتُونَةٍ,1,1,1,24:35
zay~alo,V,zyl,zyl,1,فَزَيَّلْنَا,1,1,1,10:28
zuHoziHa,V,zHzH,zuHzuH,1,زُحْزِحَ,1,1,1,3:185
zubar,N,zbr,zbr,1,زُبَرَ,1,1,1,18:96
zuro,V,zwr,zwr,1,زُرْتُمُ,1,1,1,102:2
zuroq,N,zrq,zrq,1,زُرْقًا,1,1,1,20:102
z~aAd,N,zwd,zwd,1,ٱلزَّادِ,1,1,1,2:197
z~a`hidiyn,N,zhd,zhd,1,ٱلزَّٰهِدِينَ,1,1,1,12:20
z~a`jira`t,N,zjr,zjr,1,فَٱلزَّٰجِرَٰتِ,1,1,1,37:2
z~a`riEuwn,N,zrE,zruE,1,ٱلزَّٰرِعُونَ,1,1,1,56:64
z~abaAniyap,N,zbn,zbn,1,ٱلزَّبَانِيَةَ,1,1,1,96:18
z~inaY`^,N,zny,zny,1,ٱلزِّنَىٰٓ,1,1,1,17:32
z~ur~aAE,N,zrE,zruE,1,ٱلزُّرَّاعَ,1,1,1,48:29
{$oma>az~ato,V,$mz,shmz,1,ٱشْمَأَزَّتْ,1,1,1,39:45
{$otaEala,V,$El,shuEl,1,وَٱشْتَعَلَ,1,1,1,19:4
{$otad~ato,V,$dd,shdd,1,ٱشْتَدَّتْ,1,1,1,14:18
{&otumina,V,Amn,uAmn,1,ٱؤْتُمِنَ,1,1,1,2:283
{Eotabiru,V,Ebr,uEbr,1,فَٱعْتَبِرُوا۟,1,1,1,59:2
{Eotamara,V,Emr,uEmr,1,ٱعْتَمَرَ,1,1,1,2:158
{EotaraY`,V,Erw,uErw,1,ٱعْتَرَىٰكَ,1,1,1,11:54
{Eotilu,V,Etl,uEtl,1,فَٱعْتِلُوهُ,1,1,1,44:47
{Hotaraqato,V,Hrq,uHrq,1,فَٱحْتَرَقَتْ,1,1,1,2:266
{SoTaAdu,V,Syd,uSyd,1,فَٱصْطَادُوا۟,1,1,1,5:2
{SoTanaEo,V,SnE,uSnuE,1,وَٱصْطَنَعْتُكَ,1,1,1,20:41
{SodaEo,V,SdE,uSduE,1,فَٱصْدَعْ,1,1,1,15:94
{ToraHu,V,TrH,uTruH,1,ٱطْرَحُوهُ,1,1,1,12:9
{bolaEi,V,blE,bluE,1,ٱبْلَعِى,1,1,1,11:44
{botadaEu,V,bdE,bduE,1,ٱبْتَدَعُوهَا,1,1,1,57:27
{d~a`ra`#o,V,drA,druA,1,فَٱدَّٰرَْٰٔتُمْ,1,1,1,2:72
{d~akara,V,*kr,dhkr,1,وَٱدَّكَرَ,1,1,1,12:45
{gosilu,V,gsl,gsl,1,فَٱغْسِلُوا۟,1,1,1,5:6
{gotarafa,V,grf,grf,1,ٱغْتَرَفَ,1,1,1,2:249
{jonubo,V,jnb,jnb,1,وَٱجْنُبْنِى,1,1,1,14:35
{jotaraHu,V,jrH,jruH,1,ٱجْتَرَحُوا۟,1,1,1,45:21
{jotuv~ato,V,jvv,jvv,1,ٱجْتُثَّتْ,1,1,1,14:26
{kotataba,V,ktb,ktb,1,ٱكْتَتَبَهَا,1,1,1,25:5
{ll~a`t,PN,,,1,ٱللَّٰتَ,1,1,1,53:19
{loEuz~aY`,PN,,,1,وَٱلْعُزَّىٰ,1,1,1,53:19
{loga,V,lgw,lgw,1,وَٱلْغَوْا۟,1,1,1,41:26
{lotaf~ati,V,lff,lff,1,وَٱلْتَفَّتِ,1,1,1,75:29
{lotamisu,V,lms,lms,1,فَٱلْتَمِسُوا۟,1,1,1,57:13
{lotaqama,V,lqm,lqm,1,فَٱلْتَقَمَهُ,1,1,1,37:142
{mora>,N,mrA,mruA,1,ٱمْرَأَ,1,1,1,19:28
{moru&NA,N,mrA,mruA,1,ٱمْرُؤٌا۟,1,1,1,4:176
{mota`zu,V,myz,myz,1,وَٱمْتَٰزُوا۟,1,1,1,36:59
{motala>o,V,mlA,mluA,1,ٱمْتَلَأْتِ,1,1,1,50:30
{nSarafu,V,Srf,uSrf,1,ٱنصَرَفُوا۟,1,1,1,9:127
{n[baEava,V,bEv,buEv,1,ٱنۢبَعَثَ,1,1,1,91:12
{n[bajasato,V,bjs,bjs,1,فَٱنۢبَجَسَتْ,1,1,1,7:160
{nbiEaAv,N,bEv,buEv,1,ٱنۢبِعَاثَهُمْ,1,1,1,9:46
{nfaTarato,V,fTr,fuTr,1,ٱنفَطَرَتْ,1,1,1,82:1
{nfajarato,V,fjr,fjr,1,فَٱنفَجَرَتْ,1,1,1,2:60
{nfalaqa,V,flq,flq,1,فَٱنفَلَقَ,1,1,1,26:63
{nfiSaAm,N,fSm,fuSm,1,ٱنفِصَامَ,1,1,1,2:256
{nkadarato,V,kdr,kdr,1,ٱنكَدَرَتْ,1,1,1,81:2
{noHaro,V,nHr,nuHr,1,وَٱنْحَرْ,1,1,1,108:2
{nohaAra,V,hwr,hwr,1,فَٱنْهَارَ,1,1,1,9:109
{ntavarato,V,nvr,nvr,1,ٱنتَثَرَتْ,1,1,1,82:2
{qoSido,V,qSd,quSd,1,وَٱقْصِدْ,1,1,1,31:19
{qotaHama,V,qHm,quHm,1,ٱقْتَحَمَ,1,1,1,90:11
{qotadiho,V,qdw,qdw,1,ٱقْتَدِهْ,1,1,1,6:90
{sotaEoSama,V,ESm,uEuSm,1,فَٱسْتَعْصَمَ,1,1,1,12:32
{sotaEolaY`,V,Elw,uElw,1,ٱسْتَعْلَىٰ,1,1,1,20:64
{sotaEomara,V,Emr,uEmr,1,وَٱسْتَعْمَرَكُمْ,1,1,1,11:61
{sotaToEama,V,TEm,uTuEm,1,ٱسْتَطْعَمَآ,1,1,1,18:77
{sotagolaZa,V,glZ,gluZ,1,فَٱسْتَغْلَظَ,1,1,1,48:29
{sotahowato,V,hwy,hwy,1,ٱسْتَهْوَتْهُ,1,1,1,6:71
{sotajaAra,V,jwr,jwr,1,ٱسْتَجَارَكَ,1,1,1,9:6
{sotaqar~a,V,qrr,qrr,1,ٱسْتَقَرَّ,1,1,1,7:143
{sotaraqa,V,srq,srq,1,ٱسْتَرَقَ,1,1,1,15:18
{sotarohabu,V,rhb,rhb,1,وَٱسْتَرْهَبُوهُمْ,1,1,1,7:116
{sotawoqada,V,wqd,wqd,1,ٱسْتَوْقَدَ,1,1,1,2:17
{sotazal~a,V,zll,zll,1,ٱسْتَزَلَّهُمُ,1,1,1,3:155
{sotiEojaAl,N,Ejl,uEjl,1,ٱسْتِعْجَالَهُم,1,1,1,10:11
{sotiHoyaA^',N,Hyy,uHyy,1,ٱسْتِحْيَآءٍ,1,1,1,28:25
{sotibodaAl,N,bdl,bdl,1,ٱسْتِبْدَالَ,1,1,1,4:20
{sotigofaAr,N,gfr,gfr,1,ٱسْتِغْفَارُ,1,1,1,9:114
{sotuHofiZu,V,HfZ,uHfuZ,1,ٱسْتُحْفِظُوا۟,1,1,1,5:44
{t~asaqa,V,wsq,wsq,1,ٱتَّسَقَ,1,1,1,84:18
{t~ixaA*,N,Ax*,uAxdh,1,بِٱتِّخَاذِكُمُ,1,1,1,2:54
{vobutu,V,vbt,vbt,1,فَٱثْبُتُوا۟,1,1,1,8:45
{v~aAqalo,V,vql,vql,1,ٱثَّاقَلْتُمْ,1,1,1,9:38
{xolaEo,V,xlE,xluE,1,فَٱخْلَعْ,1,1,1,20:12
{xosa_#u,V,xsA,xsuA,1,ٱخْسَـُٔوا۟,1,1,1,23:108
{xotila`q,N,xlq,xlq,1,ٱخْتِلَٰقٌ,1,1,1,38:7
{zodujira,V,zjr,zjr,1,وَٱزْدُجِرَ,1,1,1,54:9
{z~ay~anato,V,zyn,zyn,1,وَٱزَّيَّنَتْ,1,1,1,10:24
