root,safeKey,rootLatin,surah,count,perThousand
$Am,shuAm,sh-a-m,56,2,5.277
$Am,shuAm,sh-a-m,90,1,12.195
$An,shuAn,sh-a-n,10,1,0.546
$An,shuAn,sh-a-n,24,1,0.76
$An,shuAn,sh-a-n,55,1,2.849
$An,shuAn,sh-a-n,80,1,7.519
$Eb,shuEb,sh-ʿ-b,49,1,2.882
$Eb,shuEb,sh-ʿ-b,77,1,5.525
$El,shuEl,sh-ʿ-l,19,1,1.041
$Er,shuEr,sh-ʿ-r,2,5,0.818
$Er,shuEr,sh-ʿ-r,3,1,0.287
$Er,shuEr,sh-ʿ-r,5,1,0.357
$Er,shuEr,sh-ʿ-r,6,3,0.984
$Er,shuEr,sh-ʿ-r,7,1,0.301
$Er,shuEr,sh-ʿ-r,12,2,1.125
$Er,shuEr,sh-ʿ-r,16,4,2.169
$Er,shuEr,sh-ʿ-r,18,1,0.633
$Er,shuEr,sh-ʿ-r,21,1,0.855
$Er,shuEr,sh-ʿ-r,22,2,1.57
$Er,shuEr,sh-ʿ-r,23,1,0.952
$Er,shuEr,sh-ʿ-r,26,3,2.276
$Er,shuEr,sh-ʿ-r,27,3,2.606
$Er,shuEr,sh-ʿ-r,28,2,1.399
$Er,shuEr,sh-ʿ-r,29,1,1.025
$Er,shuEr,sh-ʿ-r,36,1,1.379
$Er,shuEr,sh-ʿ-r,37,1,1.163
$Er,shuEr,sh-ʿ-r,39,2,1.706
$Er,shuEr,sh-ʿ-r,43,1,1.205
$Er,shuEr,sh-ʿ-r,49,1,2.882
$Er,shuEr,sh-ʿ-r,52,1,3.205
$Er,shuEr,sh-ʿ-r,53,1,2.778
$Er,shuEr,sh-ʿ-r,69,1,3.876
$HH,shuHuH,sh-ḥ-ḥ,4,1,0.267
$HH,shuHuH,sh-ḥ-ḥ,33,2,1.554
$HH,shuHuH,sh-ḥ-ḥ,59,1,2.247
$HH,shuHuH,sh-ḥ-ḥ,64,1,4.149
$Hm,shuHm,sh-ḥ-m,6,1,0.328
$Hn,shuHn,sh-ḥ-n,26,1,0.759
$Hn,shuHn,sh-ḥ-n,36,1,1.379
$Hn,shuHn,sh-ḥ-n,37,1,1.163
$TA,shuTuA,sh-ṭ-a,28,1,0.699
$TA,shuTuA,sh-ṭ-a,48,1,1.786
$TT,shuTuT,sh-ṭ-ṭ,18,1,0.633
$TT,shuTuT,sh-ṭ-ṭ,38,1,1.364
$TT,shuTuT,sh-ṭ-ṭ,72,1,3.509
$Tn,shuTn,sh-ṭ-n,2,8,1.308
$Tn,shuTn,sh-ṭ-n,3,3,0.862
$Tn,shuTn,sh-ṭ-n,4,8,2.135
$Tn,shuTn,sh-ṭ-n,5,2,0.713
$Tn,shuTn,sh-ṭ-n,6,6,1.967
$Tn,shuTn,sh-ṭ-n,7,8,2.41
$Tn,shuTn,sh-ṭ-n,8,2,1.622
$Tn,shuTn,sh-ṭ-n,12,3,1.688
$Tn,shuTn,sh-ṭ-n,14,1,1.205
$Tn,shuTn,sh-ṭ-n,15,1,1.527
$Tn,shuTn,sh-ṭ-n,16,2,1.085
$Tn,shuTn,sh-ṭ-n,17,5,3.213
$Tn,shuTn,sh-ṭ-n,18,1,0.633
$Tn,shuTn,sh-ṭ-n,19,5,5.203
$Tn,shuTn,sh-ṭ-n,20,1,0.749
$Tn,shuTn,sh-ṭ-n,21,1,0.855
$Tn,shuTn,sh-ṭ-n,22,4,3.14
$Tn,shuTn,sh-ṭ-n,23,1,0.952
$Tn,shuTn,sh-ṭ-n,24,2,1.52
$Tn,shuTn,sh-ṭ-n,25,1,1.12
$Tn,shuTn,sh-ṭ-n,26,2,1.517
$Tn,shuTn,sh-ṭ-n,27,1,0.869
$Tn,shuTn,sh-ṭ-n,28,1,0.699
$Tn,shuTn,sh-ṭ-n,29,1,1.025
$Tn,shuTn,sh-ṭ-n,31,1,1.832
$Tn,shuTn,sh-ṭ-n,35,1,1.29
$Tn,shuTn,sh-ṭ-n,36,1,1.379
$Tn,shuTn,sh-ṭ-n,37,2,2.326
$Tn,shuTn,sh-ṭ-n,38,2,2.729
$Tn,shuTn,sh-ṭ-n,41,1,1.259
$Tn,shuTn,sh-ṭ-n,43,2,2.41
$Tn,shuTn,sh-ṭ-n,47,1,1.855
$Tn,shuTn,sh-ṭ-n,58,4,8.475
$Tn,shuTn,sh-ṭ-n,59,1,2.247
$Tn,shuTn,sh-ṭ-n,67,1,3.003
$Tn,shuTn,sh-ṭ-n,81,1,9.615
$Tr,shuTr,sh-ṭ-r,2,5,0.818
$bh,shbh,sh-b-h,2,3,0.491
$bh,shbh,sh-b-h,3,2,0.575
$bh,shbh,sh-b-h,4,1,0.267
$bh,shbh,sh-b-h,6,4,1.311
$bh,shbh,sh-b-h,13,1,1.172
$bh,shbh,sh-b-h,39,1,0.853
$dd,shdd,sh-d-d,2,8,1.308
$dd,shdd,sh-d-d,3,3,0.862
$dd,shdd,sh-d-d,4,4,1.068
$dd,shdd,sh-d-d,5,3,1.07
$dd,shdd,sh-d-d,6,2,0.656
$dd,shdd,sh-d-d,7,1,0.301
$dd,shdd,sh-d-d,8,4,3.244
$dd,shdd,sh-d-d,9,3,1.201
$dd,shdd,sh-d-d,10,2,1.091
$dd,shdd,sh-d-d,11,2,1.043
$dd,shdd,sh-d-d,12,2,1.125
$dd,shdd,sh-d-d,13,2,2.345
$dd,shdd,sh-d-d,14,3,3.614
$dd,shdd,sh-d-d,17,3,1.928
$dd,shdd,sh-d-d,18,2,1.267
$dd,shdd,sh-d-d,19,1,1.041
$dd,shdd,sh-d-d,20,3,2.247
$dd,shdd,sh-d-d,22,2,1.57
$dd,shdd,sh-d-d,23,1,0.952
$dd,shdd,sh-d-d,27,2,1.738
$dd,shdd,sh-d-d,28,3,2.098
$dd,shdd,sh-d-d,30,1,1.224
$dd,shdd,sh-d-d,33,1,0.777
$dd,shdd,sh-d-d,34,1,1.133
$dd,shdd,sh-d-d,35,3,3.871
$dd,shdd,sh-d-d,37,1,1.163
$dd,shdd,sh-d-d,38,2,2.729
$dd,shdd,sh-d-d,40,6,4.922
$dd,shdd,sh-d-d,41,3,3.778
$dd,shdd,sh-d-d,42,2,2.326
$dd,shdd,sh-d-d,43,1,1.205
$dd,shdd,sh-d-d,46,1,1.555
$dd,shdd,sh-d-d,47,2,3.711
$dd,shdd,sh-d-d,48,2,3.571
$dd,shdd,sh-d-d,50,2,5.362
$dd,shdd,sh-d-d,53,1,2.778
$dd,shdd,sh-d-d,57,2,3.484
$dd,shdd,sh-d-d,58,1,2.119
$dd,shdd,sh-d-d,59,4,8.989
$dd,shdd,sh-d-d,65,2,6.969
$dd,shdd,sh-d-d,66,1,4.016
$dd,shdd,sh-d-d,72,1,3.509
$dd,shdd,sh-d-d,73,1,5.025
$dd,shdd,sh-d-d,76,1,4.115
$dd,shdd,sh-d-d,78,1,5.78
$dd,shdd,sh-d-d,79,1,5.587
$dd,shdd,sh-d-d,85,1,9.174
$dd,shdd,sh-d-d,100,1,25
$fE,shfuE,sh-f-ʿ,2,4,0.654
$fE,shfuE,sh-f-ʿ,4,4,1.068
$fE,shfuE,sh-f-ʿ,6,3,0.984
$fE,shfuE,sh-f-ʿ,7,2,0.602
$fE,shfuE,sh-f-ʿ,10,2,1.091
$fE,shfuE,sh-f-ʿ,19,1,1.041
$fE,shfuE,sh-f-ʿ,20,1,0.749
$fE,shfuE,sh-f-ʿ,21,1,0.855
$fE,shfuE,sh-f-ʿ,26,1,0.759
$fE,shfuE,sh-f-ʿ,30,1,1.224
$fE,shfuE,sh-f-ʿ,32,1,2.688
$fE,shfuE,sh-f-ʿ,34,1,1.133
$fE,shfuE,sh-f-ʿ,36,1,1.379
$fE,shfuE,sh-f-ʿ,39,2,1.706
$fE,shfuE,sh-f-ʿ,40,1,0.82
$fE,shfuE,sh-f-ʿ,43,1,1.205
$fE,shfuE,sh-f-ʿ,53,1,2.778
$fE,shfuE,sh-f-ʿ,74,2,7.843
$fE,shfuE,sh-f-ʿ,89,1,7.299
$fh,shfh,sh-f-h,90,1,12.195
$fq,shfq,sh-f-q,18,1,0.633
$fq,shfq,sh-f-q,21,2,1.711
$fq,shfq,sh-f-q,23,1,0.952
$fq,shfq,sh-f-q,33,1,0.777
$fq,shfq,sh-f-q,42,2,2.326
$fq,shfq,sh-f-q,52,1,3.205
$fq,shfq,sh-f-q,58,1,2.119
$fq,shfq,sh-f-q,70,1,4.608
$fq,shfq,sh-f-q,84,1,9.346
$fw,shfw,sh-f-w,3,1,0.287
$fw,shfw,sh-f-w,9,1,0.4
$fy,shfy,sh-f-y,9,1,0.4
$fy,shfy,sh-f-y,10,1,0.546
$fy,shfy,sh-f-y,16,1,0.542
$fy,shfy,sh-f-y,17,1,0.643
$fy,shfy,sh-f-y,26,1,0.759
$fy,shfy,sh-f-y,41,1,1.259
$gf,shgf,sh-gh-f,12,1,0.563
$gl,shgl,sh-gh-l,36,1,1.379
$gl,shgl,sh-gh-l,48,1,1.786
$hb,shhb,sh-h-b,15,1,1.527
$hb,shhb,sh-h-b,27,1,0.869
$hb,shhb,sh-h-b,37,1,1.163
$hb,shhb,sh-h-b,72,2,7.018
$hd,shhd,sh-h-d,2,16,2.616
$hd,shhd,sh-h-d,3,11,3.16
$hd,shhd,sh-h-d,4,14,3.736
$hd,shhd,sh-h-d,5,12,4.28
$hd,shhd,sh-h-d,6,12,3.934
$hd,shhd,sh-h-d,7,3,0.904
$hd,shhd,sh-h-d,9,4,1.601
$hd,shhd,sh-h-d,10,3,1.637
$hd,shhd,sh-h-d,11,5,2.608
$hd,shhd,sh-h-d,12,3,1.688
$hd,shhd,sh-h-d,13,2,2.345
$hd,shhd,sh-h-d,16,3,1.627
$hd,shhd,sh-h-d,17,2,1.285
$hd,shhd,sh-h-d,18,1,0.633
$hd,shhd,sh-h-d,19,1,1.041
$hd,shhd,sh-h-d,21,3,2.566
$hd,shhd,sh-h-d,22,4,3.14
$hd,shhd,sh-h-d,23,1,0.952
$hd,shhd,sh-h-d,24,11,8.359
$hd,shhd,sh-h-d,25,1,1.12
$hd,shhd,sh-h-d,27,2,1.738
$hd,shhd,sh-h-d,28,2,1.399
$hd,shhd,sh-h-d,29,1,1.025
$hd,shhd,sh-h-d,32,1,2.688
$hd,shhd,sh-h-d,33,2,1.554
$hd,shhd,sh-h-d,34,1,1.133
$hd,shhd,sh-h-d,36,1,1.379
$hd,shhd,sh-h-d,37,1,1.163
$hd,shhd,sh-h-d,39,2,1.706
$hd,shhd,sh-h-d,40,1,0.82
$hd,shhd,sh-h-d,41,5,6.297
$hd,shhd,sh-h-d,43,3,3.614
$hd,shhd,sh-h-d,46,3,4.666
$hd,shhd,sh-h-d,48,2,3.571
$hd,shhd,sh-h-d,50,2,5.362
$hd,shhd,sh-h-d,57,1,1.742
$hd,shhd,sh-h-d,58,1,2.119
$hd,shhd,sh-h-d,59,2,4.494
$hd,shhd,sh-h-d,62,1,5.714
$hd,shhd,sh-h-d,63,2,11.111
$hd,shhd,sh-h-d,64,1,4.149
$hd,shhd,sh-h-d,65,2,6.969
$hd,shhd,sh-h-d,70,1,4.608
$hd,shhd,sh-h-d,73,1,5.025
$hd,shhd,sh-h-d,74,1,3.922
$hd,shhd,sh-h-d,83,1,5.917
$hd,shhd,sh-h-d,85,4,36.697
$hd,shhd,sh-h-d,100,1,25
$hq,shhq,sh-h-q,11,1,0.522
$hq,shhq,sh-h-q,67,1,3.003
$hr,shhr,sh-h-r,2,8,1.308
$hr,shhr,sh-h-r,4,1,0.267
$hr,shhr,sh-h-r,5,2,0.713
$hr,shhr,sh-h-r,9,4,1.601
$hr,shhr,sh-h-r,34,2,2.265
$hr,shhr,sh-h-r,46,1,1.555
$hr,shhr,sh-h-r,58,1,2.119
$hr,shhr,sh-h-r,65,1,3.484
$hr,shhr,sh-h-r,97,1,33.333
$hw,shhw,sh-h-w,3,1,0.287
$hw,shhw,sh-h-w,4,1,0.267
$hw,shhw,sh-h-w,7,1,0.301
$hw,shhw,sh-h-w,16,1,0.542
$hw,shhw,sh-h-w,19,1,1.041
$hw,shhw,sh-h-w,21,1,0.855
$hw,shhw,sh-h-w,27,1,0.869
$hw,shhw,sh-h-w,34,1,1.133
$hw,shhw,sh-h-w,41,1,1.259
$hw,shhw,sh-h-w,43,1,1.205
$hw,shhw,sh-h-w,52,1,3.205
$hw,shhw,sh-h-w,56,1,2.639
$hw,shhw,sh-h-w,77,1,5.525
$jr,shjr,sh-j-r,2,1,0.164
$jr,shjr,sh-j-r,4,1,0.267
$jr,shjr,sh-j-r,7,4,1.205
$jr,shjr,sh-j-r,14,2,2.41
$jr,shjr,sh-j-r,16,2,1.085
$jr,shjr,sh-j-r,17,1,0.643
$jr,shjr,sh-j-r,20,1,0.749
$jr,shjr,sh-j-r,22,1,0.785
$jr,shjr,sh-j-r,23,1,0.952
$jr,shjr,sh-j-r,24,1,0.76
$jr,shjr,sh-j-r,27,1,0.869
$jr,shjr,sh-j-r,28,1,0.699
$jr,shjr,sh-j-r,31,1,1.832
$jr,shjr,sh-j-r,36,1,1.379
$jr,shjr,sh-j-r,37,3,3.488
$jr,shjr,sh-j-r,44,1,2.89
$jr,shjr,sh-j-r,48,1,1.786
$jr,shjr,sh-j-r,55,1,2.849
$jr,shjr,sh-j-r,56,2,5.277
$kk,shkk,sh-k-k,4,1,0.267
$kk,shkk,sh-k-k,10,2,1.091
$kk,shkk,sh-k-k,11,2,1.043
$kk,shkk,sh-k-k,14,2,2.41
$kk,shkk,sh-k-k,27,1,0.869
$kk,shkk,sh-k-k,34,2,2.265
$kk,shkk,sh-k-k,38,1,1.364
$kk,shkk,sh-k-k,40,1,0.82
$kk,shkk,sh-k-k,41,1,1.259
$kk,shkk,sh-k-k,42,1,1.163
$kk,shkk,sh-k-k,44,1,2.89
$kl,shkl,sh-k-l,17,1,0.643
$kl,shkl,sh-k-l,38,1,1.364
$kr,shkr,sh-k-r,2,7,1.145
$kr,shkr,sh-k-r,3,3,0.862
$kr,shkr,sh-k-r,4,2,0.534
$kr,shkr,sh-k-r,5,2,0.713
$kr,shkr,sh-k-r,6,2,0.656
$kr,shkr,sh-k-r,7,5,1.506
$kr,shkr,sh-k-r,8,1,0.811
$kr,shkr,sh-k-r,10,2,1.091
$kr,shkr,sh-k-r,12,1,0.563
$kr,shkr,sh-k-r,14,3,3.614
$kr,shkr,sh-k-r,16,4,2.169
$kr,shkr,sh-k-r,17,2,1.285
$kr,shkr,sh-k-r,21,1,0.855
$kr,shkr,sh-k-r,22,1,0.785
$kr,shkr,sh-k-r,23,1,0.952
$kr,shkr,sh-k-r,25,1,1.12
$kr,shkr,sh-k-r,27,5,4.344
$kr,shkr,sh-k-r,28,1,0.699
$kr,shkr,sh-k-r,29,1,1.025
$kr,shkr,sh-k-r,30,1,1.224
$kr,shkr,sh-k-r,31,5,9.158
$kr,shkr,sh-k-r,32,1,2.688
$kr,shkr,sh-k-r,34,4,4.53
$kr,shkr,sh-k-r,35,3,3.871
$kr,shkr,sh-k-r,36,2,2.759
$kr,shkr,sh-k-r,39,2,1.706
$kr,shkr,sh-k-r,40,1,0.82
$kr,shkr,sh-k-r,42,2,2.326
$kr,shkr,sh-k-r,45,1,2.049
$kr,shkr,sh-k-r,46,1,1.555
$kr,shkr,sh-k-r,54,1,2.924
$kr,shkr,sh-k-r,56,1,2.639
$kr,shkr,sh-k-r,64,1,4.149
$kr,shkr,sh-k-r,67,1,3.003
$kr,shkr,sh-k-r,76,3,12.346
$ks,shks,sh-k-s,39,1,0.853
$kw,shkw,sh-k-w,12,1,0.563
$kw,shkw,sh-k-w,24,1,0.76
$kw,shkw,sh-k-w,58,1,2.119
$ml,shml,sh-m-l,6,2,0.656
$ml,shml,sh-m-l,7,1,0.301
$ml,shml,sh-m-l,16,1,0.542
$ml,shml,sh-m-l,18,2,1.267
$ml,shml,sh-m-l,34,1,1.133
$ml,shml,sh-m-l,50,1,2.681
$ml,shml,sh-m-l,56,2,5.277
$ml,shml,sh-m-l,69,1,3.876
$ml,shml,sh-m-l,70,1,4.608
$ms,shms,sh-m-s,2,1,0.164
$ms,shms,sh-m-s,6,2,0.656
$ms,shms,sh-m-s,7,1,0.301
$ms,shms,sh-m-s,10,1,0.546
$ms,shms,sh-m-s,12,1,0.563
$ms,shms,sh-m-s,13,1,1.172
$ms,shms,sh-m-s,14,1,1.205
$ms,shms,sh-m-s,16,1,0.542
$ms,shms,sh-m-s,17,1,0.643
$ms,shms,sh-m-s,18,3,1.9
$ms,shms,sh-m-s,20,1,0.749
$ms,shms,sh-m-s,21,1,0.855
$ms,shms,sh-m-s,22,1,0.785
$ms,shms,sh-m-s,25,1,1.12
$ms,shms,sh-m-s,27,1,0.869
$ms,shms,sh-m-s,29,1,1.025
$ms,shms,sh-m-s,31,1,1.832
$ms,shms,sh-m-s,35,1,1.29
$ms,shms,sh-m-s,36,2,2.759
$ms,shms,sh-m-s,39,1,0.853
$ms,shms,sh-m-s,41,2,2.519
$ms,shms,sh-m-s,50,1,2.681
$ms,shms,sh-m-s,55,1,2.849
$ms,shms,sh-m-s,71,1,4.425
$ms,shms,sh-m-s,75,1,6.098
$ms,shms,sh-m-s,76,1,4.115
$ms,shms,sh-m-s,81,1,9.615
$ms,shms,sh-m-s,91,1,18.519
$mt,shmt,sh-m-t,7,1,0.301
$mx,shmx,sh-m-kh,77,1,5.525
$mz,shmz,sh-m-z,39,1,0.853
$nA,shnuA,sh-n-a,5,2,0.713
$nA,shnuA,sh-n-a,108,1,100
$qq,shqq,sh-q-q,2,3,0.491
$qq,shqq,sh-q-q,4,2,0.534
$qq,shqq,sh-q-q,8,2,1.622
$qq,shqq,sh-q-q,9,1,0.4
$qq,shqq,sh-q-q,11,1,0.522
$qq,shqq,sh-q-q,13,1,1.172
$qq,shqq,sh-q-q,16,2,1.085
$qq,shqq,sh-q-q,19,1,1.041
$qq,shqq,sh-q-q,22,1,0.785
$qq,shqq,sh-q-q,25,1,1.12
$qq,shqq,sh-q-q,28,1,0.699
$qq,shqq,sh-q-q,38,1,1.364
$qq,shqq,sh-q-q,41,1,1.259
$qq,shqq,sh-q-q,47,1,1.855
$qq,shqq,sh-q-q,50,1,2.681
$qq,shqq,sh-q-q,54,1,2.924
$qq,shqq,sh-q-q,55,1,2.849
$qq,shqq,sh-q-q,59,2,4.494
$qq,shqq,sh-q-q,69,1,3.876
$qq,shqq,sh-q-q,80,2,15.038
$qq,shqq,sh-q-q,84,1,9.346
$qw,shqw,sh-q-w,11,2,1.043
$qw,shqw,sh-q-w,19,3,3.122
$qw,shqw,sh-q-w,20,3,2.247
$qw,shqw,sh-q-w,23,1,0.952
$qw,shqw,sh-q-w,87,1,13.889
$qw,shqw,sh-q-w,91,1,18.519
$qw,shqw,sh-q-w,92,1,14.085
$r*m,shrdhm,sh-r-dh-m,26,1,0.759
$rE,shruE,sh-r-ʿ,5,1,0.357
$rE,shruE,sh-r-ʿ,7,1,0.301
$rE,shruE,sh-r-ʿ,42,2,2.326
$rE,shruE,sh-r-ʿ,45,1,2.049
$rH,shruH,sh-r-ḥ,6,1,0.328
$rH,shruH,sh-r-ḥ,16,1,0.542
$rH,shruH,sh-r-ḥ,20,1,0.749
$rH,shruH,sh-r-ḥ,39,1,0.853
$rH,shruH,sh-r-ḥ,94,1,37.037
$rT,shruT,sh-r-ṭ,47,1,1.855
$rb,shrb,sh-r-b,2,7,1.145
$rb,shrb,sh-r-b,6,1,0.328
$rb,shrb,sh-r-b,7,2,0.602
$rb,shrb,sh-r-b,10,1,0.546
$rb,shrb,sh-r-b,16,3,1.627
$rb,shrb,sh-r-b,18,1,0.633
$rb,shrb,sh-r-b,19,1,1.041
$rb,shrb,sh-r-b,23,2,1.905
$rb,shrb,sh-r-b,26,2,1.517
$rb,shrb,sh-r-b,35,1,1.29
$rb,shrb,sh-r-b,36,1,1.379
$rb,shrb,sh-r-b,37,1,1.163
$rb,shrb,sh-r-b,38,2,2.729
$rb,shrb,sh-r-b,47,1,1.855
$rb,shrb,sh-r-b,52,1,3.205
$rb,shrb,sh-r-b,54,1,2.924
$rb,shrb,sh-r-b,56,4,10.554
$rb,shrb,sh-r-b,69,1,3.876
$rb,shrb,sh-r-b,76,3,12.346
$rb,shrb,sh-r-b,77,1,5.525
$rb,shrb,sh-r-b,78,1,5.78
$rb,shrb,sh-r-b,83,1,5.917
$rd,shrd,sh-r-d,8,1,0.811
$rk,shrk,sh-r-k,2,7,1.145
$rk,shrk,sh-r-k,3,5,1.436
$rk,shrk,sh-r-k,4,6,1.601
$rk,shrk,sh-r-k,5,2,0.713
$rk,shrk,sh-r-k,6,29,9.508
$rk,shrk,sh-r-k,7,6,1.807
$rk,shrk,sh-r-k,9,12,4.804
$rk,shrk,sh-r-k,10,9,4.91
$rk,shrk,sh-r-k,11,1,0.522
$rk,shrk,sh-r-k,12,3,1.688
$rk,shrk,sh-r-k,13,3,3.517
$rk,shrk,sh-r-k,14,1,1.205
$rk,shrk,sh-r-k,15,1,1.527
$rk,shrk,sh-r-k,16,11,5.965
$rk,shrk,sh-r-k,17,2,1.285
$rk,shrk,sh-r-k,18,5,3.167
$rk,shrk,sh-r-k,20,1,0.749
$rk,shrk,sh-r-k,22,4,3.14
$rk,shrk,sh-r-k,23,2,1.905
$rk,shrk,sh-r-k,24,3,2.28
$rk,shrk,sh-r-k,25,1,1.12
$rk,shrk,sh-r-k,27,2,1.738
$rk,shrk,sh-r-k,28,5,3.497
$rk,shrk,sh-r-k,29,2,2.049
$rk,shrk,sh-r-k,30,9,11.016
$rk,shrk,sh-r-k,31,3,5.495
$rk,shrk,sh-r-k,33,2,1.554
$rk,shrk,sh-r-k,34,2,2.265
$rk,shrk,sh-r-k,35,3,3.871
$rk,shrk,sh-r-k,37,1,1.163
$rk,shrk,sh-r-k,39,3,2.56
$rk,shrk,sh-r-k,40,4,3.281
$rk,shrk,sh-r-k,41,2,2.519
$rk,shrk,sh-r-k,42,2,2.326
$rk,shrk,sh-r-k,43,1,1.205
$rk,shrk,sh-r-k,46,1,1.555
$rk,shrk,sh-r-k,48,2,3.571
$rk,shrk,sh-r-k,52,1,3.205
$rk,shrk,sh-r-k,59,1,2.247
$rk,shrk,sh-r-k,60,1,2.874
$rk,shrk,sh-r-k,61,1,4.525
$rk,shrk,sh-r-k,68,2,6.667
$rk,shrk,sh-r-k,72,2,7.018
$rk,shrk,sh-r-k,98,2,21.277
$rq,shrq,sh-r-q,2,4,0.654
$rq,shrq,sh-r-q,7,1,0.301
$rq,shrq,sh-r-q,15,1,1.527
$rq,shrq,sh-r-q,19,1,1.041
$rq,shrq,sh-r-q,24,1,0.76
$rq,shrq,sh-r-q,26,2,1.517
$rq,shrq,sh-r-q,37,1,1.163
$rq,shrq,sh-r-q,38,1,1.364
$rq,shrq,sh-r-q,39,1,0.853
$rq,shrq,sh-r-q,43,1,1.205
$rq,shrq,sh-r-q,55,1,2.849
$rq,shrq,sh-r-q,70,1,4.608
$rq,shrq,sh-r-q,73,1,5.025
$rr,shrr,sh-r-r,2,1,0.164
$rr,shrr,sh-r-r,3,1,0.287
$rr,shrr,sh-r-r,5,2,0.713
$rr,shrr,sh-r-r,8,2,1.622
$rr,shrr,sh-r-r,10,1,0.546
$rr,shrr,sh-r-r,12,1,0.563
$rr,shrr,sh-r-r,17,2,1.285
$rr,shrr,sh-r-r,19,1,1.041
$rr,shrr,sh-r-r,21,1,0.855
$rr,shrr,sh-r-r,22,1,0.785
$rr,shrr,sh-r-r,24,1,0.76
$rr,shrr,sh-r-r,25,1,1.12
$rr,shrr,sh-r-r,38,2,2.729
$rr,shrr,sh-r-r,41,2,2.519
$rr,shrr,sh-r-r,70,1,4.608
$rr,shrr,sh-r-r,72,1,3.509
$rr,shrr,sh-r-r,76,2,8.23
$rr,shrr,sh-r-r,77,1,5.525
$rr,shrr,sh-r-r,98,1,10.638
$rr,shrr,sh-r-r,99,1,27.778
$rr,shrr,sh-r-r,113,4,173.913
$rr,shrr,sh-r-r,114,1,50
$ry,shry,sh-r-y,2,10,1.635
$ry,shry,sh-r-y,3,5,1.436
$ry,shry,sh-r-y,4,2,0.534
$ry,shry,sh-r-y,5,2,0.713
$ry,shry,sh-r-y,9,2,0.801
$ry,shry,sh-r-y,12,2,1.125
$ry,shry,sh-r-y,16,1,0.542
$ry,shry,sh-r-y,31,1,1.832
$tt,shtt,sh-t-t,20,1,0.749
$tt,shtt,sh-t-t,24,1,0.76
$tt,shtt,sh-t-t,59,1,2.247
$tt,shtt,sh-t-t,92,1,14.085
$tt,shtt,sh-t-t,99,1,27.778
$tw,shtw,sh-t-w,106,1,58.824
$wZ,shwuZ,sh-w-ẓ,55,1,2.849
$wb,shwb,sh-w-b,37,1,1.163
$wk,shwk,sh-w-k,8,1,0.811
$wr,shwr,sh-w-r,2,1,0.164
$wr,shwr,sh-w-r,3,1,0.287
$wr,shwr,sh-w-r,19,1,1.041
$wr,shwr,sh-w-r,42,1,1.163
$wy,shwy,sh-w-y,18,1,0.633
$wy,shwy,sh-w-y,70,1,4.608
$xS,shxuS,sh-kh-ṣ,14,1,1.205
$xS,shxuS,sh-kh-ṣ,21,1,0.855
$yA,shyuA,sh-y-a,2,43,7.031
$yA,shyuA,sh-y-a,3,32,9.193
$yA,shyuA,sh-y-a,4,17,4.537
$yA,shyuA,sh-y-a,5,21,7.489
$yA,shyuA,sh-y-a,6,39,12.787
$yA,shyuA,sh-y-a,7,18,5.422
$yA,shyuA,sh-y-a,8,7,5.677
$yA,shyuA,sh-y-a,9,8,3.203
$yA,shyuA,sh-y-a,10,7,3.819
$yA,shyuA,sh-y-a,11,12,6.26
$yA,shyuA,sh-y-a,12,11,6.19
$yA,shyuA,sh-y-a,13,8,9.379
$yA,shyuA,sh-y-a,14,8,9.639
$yA,shyuA,sh-y-a,15,2,3.053
$yA,shyuA,sh-y-a,16,19,10.304
$yA,shyuA,sh-y-a,17,8,5.141
$yA,shyuA,sh-y-a,18,15,9.5
$yA,shyuA,sh-y-a,19,6,6.243
$yA,shyuA,sh-y-a,20,2,1.498
$yA,shyuA,sh-y-a,21,5,4.277
$yA,shyuA,sh-y-a,22,8,6.279
$yA,shyuA,sh-y-a,23,2,1.905
$yA,shyuA,sh-y-a,24,13,9.878
$yA,shyuA,sh-y-a,25,7,7.839
$yA,shyuA,sh-y-a,26,3,2.276
$yA,shyuA,sh-y-a,27,5,4.344
$yA,shyuA,sh-y-a,28,7,4.895
$yA,shyuA,sh-y-a,29,7,7.172
$yA,shyuA,sh-y-a,30,7,8.568
$yA,shyuA,sh-y-a,31,1,1.832
$yA,shyuA,sh-y-a,32,2,5.376
$yA,shyuA,sh-y-a,33,9,6.993
$yA,shyuA,sh-y-a,34,8,9.06
$yA,shyuA,sh-y-a,35,8,10.323
$yA,shyuA,sh-y-a,36,10,13.793
$yA,shyuA,sh-y-a,37,1,1.163
$yA,shyuA,sh-y-a,38,2,2.729
$yA,shyuA,sh-y-a,39,10,8.532
$yA,shyuA,sh-y-a,40,6,4.922
$yA,shyuA,sh-y-a,41,6,7.557
$yA,shyuA,sh-y-a,42,21,24.419
$yA,shyuA,sh-y-a,43,2,2.41
$yA,shyuA,sh-y-a,44,1,2.89
$yA,shyuA,sh-y-a,45,3,6.148
$yA,shyuA,sh-y-a,46,4,6.221
$yA,shyuA,sh-y-a,47,3,5.566
$yA,shyuA,sh-y-a,48,7,12.5
$yA,shyuA,sh-y-a,49,2,5.764
$yA,shyuA,sh-y-a,50,2,5.362
$yA,shyuA,sh-y-a,51,2,5.556
$yA,shyuA,sh-y-a,52,3,9.615
$yA,shyuA,sh-y-a,53,3,8.333
$yA,shyuA,sh-y-a,54,3,8.772
$yA,shyuA,sh-y-a,56,2,5.277
$yA,shyuA,sh-y-a,57,5,8.711
$yA,shyuA,sh-y-a,58,5,10.593
$yA,shyuA,sh-y-a,59,2,4.494
$yA,shyuA,sh-y-a,60,3,8.621
$yA,shyuA,sh-y-a,62,1,5.714
$yA,shyuA,sh-y-a,64,2,8.299
$yA,shyuA,sh-y-a,65,3,10.453
$yA,shyuA,sh-y-a,66,2,8.032
$yA,shyuA,sh-y-a,67,3,9.009
$yA,shyuA,sh-y-a,72,1,3.509
$yA,shyuA,sh-y-a,73,1,5.025
$yA,shyuA,sh-y-a,74,5,19.608
$yA,shyuA,sh-y-a,76,6,24.691
$yA,shyuA,sh-y-a,78,2,11.561
$yA,shyuA,sh-y-a,80,3,22.556
$yA,shyuA,sh-y-a,81,3,28.846
$yA,shyuA,sh-y-a,82,2,25
$yA,shyuA,sh-y-a,85,1,9.174
$yA,shyuA,sh-y-a,87,1,13.889
$yE,shyuE,sh-y-ʿ,6,2,0.656
$yE,shyuE,sh-y-ʿ,15,1,1.527
$yE,shyuE,sh-y-ʿ,19,1,1.041
$yE,shyuE,sh-y-ʿ,24,1,0.76
$yE,shyuE,sh-y-ʿ,28,3,2.098
$yE,shyuE,sh-y-ʿ,30,1,1.224
$yE,shyuE,sh-y-ʿ,34,1,1.133
$yE,shyuE,sh-y-ʿ,37,1,1.163
$yE,shyuE,sh-y-ʿ,54,1,2.924
$yb,shyb,sh-y-b,19,1,1.041
$yb,shyb,sh-y-b,30,1,1.224
$yb,shyb,sh-y-b,73,1,5.025
$yd,shyd,sh-y-d,4,1,0.267
$yd,shyd,sh-y-d,22,1,0.785
$yx,shyx,sh-y-kh,11,1,0.522
$yx,shyx,sh-y-kh,12,1,0.563
$yx,shyx,sh-y-kh,28,1,0.699
$yx,shyx,sh-y-kh,40,1,0.82
*Ab,dhuAb,dh-a-b,12,3,1.688
*Am,dhuAm,dh-a-m,7,1,0.301
*En,dhuEn,dh-ʿ-n,24,1,0.76
*b*b,dhbdhb,dh-b-dh-b,4,1,0.267
*bH,dhbuH,dh-b-ḥ,2,3,0.491
*bH,dhbuH,dh-b-ḥ,5,1,0.357
*bH,dhbuH,dh-b-ḥ,14,1,1.205
*bH,dhbuH,dh-b-ḥ,27,1,0.869
*bH,dhbuH,dh-b-ḥ,28,1,0.699
*bH,dhbuH,dh-b-ḥ,37,2,2.326
*bb,dhbb,dh-b-b,22,2,1.57
*hb,dhhb,dh-h-b,2,2,0.327
*hb,dhhb,dh-h-b,3,2,0.575
*hb,dhhb,dh-h-b,4,2,0.534
*hb,dhhb,dh-h-b,5,1,0.357
*hb,dhhb,dh-h-b,6,1,0.328
*hb,dhhb,dh-h-b,8,2,1.622
*hb,dhhb,dh-h-b,9,2,0.801
*hb,dhhb,dh-h-b,11,3,1.565
*hb,dhhb,dh-h-b,12,5,2.814
*hb,dhhb,dh-h-b,13,1,1.172
*hb,dhhb,dh-h-b,14,1,1.205
*hb,dhhb,dh-h-b,17,2,1.285
*hb,dhhb,dh-h-b,18,1,0.633
*hb,dhhb,dh-h-b,20,5,3.745
*hb,dhhb,dh-h-b,21,1,0.855
*hb,dhhb,dh-h-b,22,2,1.57
*hb,dhhb,dh-h-b,23,2,1.905
*hb,dhhb,dh-h-b,24,2,1.52
*hb,dhhb,dh-h-b,25,1,1.12
*hb,dhhb,dh-h-b,26,1,0.759
*hb,dhhb,dh-h-b,27,1,0.869
*hb,dhhb,dh-h-b,33,3,2.331
*hb,dhhb,dh-h-b,35,4,5.161
*hb,dhhb,dh-h-b,37,1,1.163
*hb,dhhb,dh-h-b,43,3,3.614
*hb,dhhb,dh-h-b,46,1,1.555
*hb,dhhb,dh-h-b,60,1,2.874
*hb,dhhb,dh-h-b,75,1,6.098
*hb,dhhb,dh-h-b,79,1,5.587
*hb,dhhb,dh-h-b,81,1,9.615
*hl,dhhl,dh-h-l,22,1,0.785
*kr,dhkr,dh-k-r,2,19,3.107
*kr,dhkr,dh-k-r,3,8,2.298
*kr,dhkr,dh-k-r,4,5,1.334
*kr,dhkr,dh-k-r,5,8,2.853
*kr,dhkr,dh-k-r,6,15,4.918
*kr,dhkr,dh-k-r,7,16,4.819
*kr,dhkr,dh-k-r,8,4,3.244
*kr,dhkr,dh-k-r,9,1,0.4
*kr,dhkr,dh-k-r,10,2,1.091
*kr,dhkr,dh-k-r,11,5,2.608
*kr,dhkr,dh-k-r,12,5,2.814
*kr,dhkr,dh-k-r,13,3,3.517
*kr,dhkr,dh-k-r,14,4,4.819
*kr,dhkr,dh-k-r,15,2,3.053
*kr,dhkr,dh-k-r,16,6,3.254
*kr,dhkr,dh-k-r,17,2,1.285
*kr,dhkr,dh-k-r,18,7,4.433
*kr,dhkr,dh-k-r,19,7,7.284
*kr,dhkr,dh-k-r,20,8,5.993
*kr,dhkr,dh-k-r,21,13,11.121
*kr,dhkr,dh-k-r,22,5,3.925
*kr,dhkr,dh-k-r,23,4,3.81
*kr,dhkr,dh-k-r,24,4,3.04
*kr,dhkr,dh-k-r,25,5,5.599
*kr,dhkr,dh-k-r,26,4,3.035
*kr,dhkr,dh-k-r,27,1,0.869
*kr,dhkr,dh-k-r,28,3,2.098
*kr,dhkr,dh-k-r,29,2,2.049
*kr,dhkr,dh-k-r,32,3,8.065
*kr,dhkr,dh-k-r,33,7,5.439
*kr,dhkr,dh-k-r,35,3,3.871
*kr,dhkr,dh-k-r,36,3,4.138
*kr,dhkr,dh-k-r,37,5,5.814
*kr,dhkr,dh-k-r,38,13,17.735
*kr,dhkr,dh-k-r,39,7,5.973
*kr,dhkr,dh-k-r,40,5,4.102
*kr,dhkr,dh-k-r,41,1,1.259
*kr,dhkr,dh-k-r,42,2,2.326
*kr,dhkr,dh-k-r,43,4,4.819
*kr,dhkr,dh-k-r,44,2,5.78
*kr,dhkr,dh-k-r,45,1,2.049
*kr,dhkr,dh-k-r,46,1,1.555
*kr,dhkr,dh-k-r,47,2,3.711
*kr,dhkr,dh-k-r,49,1,2.882
*kr,dhkr,dh-k-r,50,3,8.043
*kr,dhkr,dh-k-r,51,3,8.333
*kr,dhkr,dh-k-r,52,1,3.205
*kr,dhkr,dh-k-r,53,3,8.333
*kr,dhkr,dh-k-r,54,11,32.164
*kr,dhkr,dh-k-r,56,2,5.277
*kr,dhkr,dh-k-r,57,1,1.742
*kr,dhkr,dh-k-r,58,1,2.119
*kr,dhkr,dh-k-r,62,2,11.429
*kr,dhkr,dh-k-r,63,1,5.556
*kr,dhkr,dh-k-r,65,1,3.484
*kr,dhkr,dh-k-r,68,2,6.667
*kr,dhkr,dh-k-r,69,3,11.628
*kr,dhkr,dh-k-r,72,1,3.509
*kr,dhkr,dh-k-r,73,2,10.05
*kr,dhkr,dh-k-r,74,5,19.608
*kr,dhkr,dh-k-r,75,1,6.098
*kr,dhkr,dh-k-r,76,3,12.346
*kr,dhkr,dh-k-r,77,1,5.525
*kr,dhkr,dh-k-r,79,2,11.173
*kr,dhkr,dh-k-r,80,4,30.075
*kr,dhkr,dh-k-r,81,1,9.615
*kr,dhkr,dh-k-r,87,4,55.556
*kr,dhkr,dh-k-r,88,2,21.739
*kr,dhkr,dh-k-r,89,2,14.599
*kr,dhkr,dh-k-r,92,1,14.085
*kr,dhkr,dh-k-r,94,1,37.037
*kw,dhkw,dh-k-w,5,1,0.357
*ll,dhll,dh-l-l,2,2,0.327
*ll,dhll,dh-l-l,3,3,0.862
*ll,dhll,dh-l-l,5,1,0.357
*ll,dhll,dh-l-l,7,1,0.301
*ll,dhll,dh-l-l,10,2,1.091
*ll,dhll,dh-l-l,16,1,0.542
*ll,dhll,dh-l-l,17,2,1.285
*ll,dhll,dh-l-l,20,1,0.749
*ll,dhll,dh-l-l,27,2,1.738
*ll,dhll,dh-l-l,36,1,1.379
*ll,dhll,dh-l-l,42,1,1.163
*ll,dhll,dh-l-l,58,1,2.119
*ll,dhll,dh-l-l,63,1,5.556
*ll,dhll,dh-l-l,67,1,3.003
*ll,dhll,dh-l-l,68,1,3.333
*ll,dhll,dh-l-l,70,1,4.608
*ll,dhll,dh-l-l,76,2,8.23
*mm,dhmm,dh-m-m,9,2,0.801
*mm,dhmm,dh-m-m,17,2,1.285
*mm,dhmm,dh-m-m,68,1,3.333
*nb,dhnb,dh-n-b,3,7,2.011
*nb,dhnb,dh-n-b,5,2,0.713
*nb,dhnb,dh-n-b,6,1,0.328
*nb,dhnb,dh-n-b,7,1,0.301
*nb,dhnb,dh-n-b,8,2,1.622
*nb,dhnb,dh-n-b,9,1,0.4
*nb,dhnb,dh-n-b,12,2,1.125
*nb,dhnb,dh-n-b,14,1,1.205
*nb,dhnb,dh-n-b,17,1,0.643
*nb,dhnb,dh-n-b,25,1,1.12
*nb,dhnb,dh-n-b,26,1,0.759
*nb,dhnb,dh-n-b,28,1,0.699
*nb,dhnb,dh-n-b,29,1,1.025
*nb,dhnb,dh-n-b,33,1,0.777
*nb,dhnb,dh-n-b,39,1,0.853
*nb,dhnb,dh-n-b,40,4,3.281
*nb,dhnb,dh-n-b,46,1,1.555
*nb,dhnb,dh-n-b,47,1,1.855
*nb,dhnb,dh-n-b,48,1,1.786
*nb,dhnb,dh-n-b,51,2,5.556
*nb,dhnb,dh-n-b,55,1,2.849
*nb,dhnb,dh-n-b,61,1,4.525
*nb,dhnb,dh-n-b,67,1,3.003
*nb,dhnb,dh-n-b,71,1,4.425
*nb,dhnb,dh-n-b,81,1,9.615
*nb,dhnb,dh-n-b,91,1,18.519
*qn,dhqn,dh-q-n,17,2,1.285
*qn,dhqn,dh-q-n,36,1,1.379
*rA,dhruA,dh-r-a,6,1,0.328
*rA,dhruA,dh-r-a,7,1,0.301
*rA,dhruA,dh-r-a,16,1,0.542
*rA,dhruA,dh-r-a,23,1,0.952
*rA,dhruA,dh-r-a,42,1,1.163
*rA,dhruA,dh-r-a,67,1,3.003
*rE,dhruE,dh-r-ʿ,11,1,0.522
*rE,dhruE,dh-r-ʿ,18,1,0.633
*rE,dhruE,dh-r-ʿ,29,1,1.025
*rE,dhruE,dh-r-ʿ,69,2,7.752
*rr,dhrr,dh-r-r,2,3,0.491
*rr,dhrr,dh-r-r,3,3,0.862
*rr,dhrr,dh-r-r,4,2,0.534
*rr,dhrr,dh-r-r,6,3,0.984
*rr,dhrr,dh-r-r,7,2,0.602
*rr,dhrr,dh-r-r,10,2,1.091
*rr,dhrr,dh-r-r,13,2,2.345
*rr,dhrr,dh-r-r,14,2,2.41
*rr,dhrr,dh-r-r,17,2,1.285
*rr,dhrr,dh-r-r,18,1,0.633
*rr,dhrr,dh-r-r,19,2,2.081
*rr,dhrr,dh-r-r,25,1,1.12
*rr,dhrr,dh-r-r,29,1,1.025
*rr,dhrr,dh-r-r,34,2,2.265
*rr,dhrr,dh-r-r,36,1,1.379
*rr,dhrr,dh-r-r,37,2,2.326
*rr,dhrr,dh-r-r,40,1,0.82
*rr,dhrr,dh-r-r,46,1,1.555
*rr,dhrr,dh-r-r,52,2,6.41
*rr,dhrr,dh-r-r,57,1,1.742
*rr,dhrr,dh-r-r,99,2,55.556
*rw,dhrw,dh-r-w,18,1,0.633
*rw,dhrw,dh-r-w,51,2,5.556
*wd,dhwd,dh-w-d,28,1,0.699
*wq,dhwq,dh-w-q,3,3,0.862
*wq,dhwq,dh-w-q,4,1,0.267
*wq,dhwq,dh-w-q,5,1,0.357
*wq,dhwq,dh-w-q,6,3,0.984
*wq,dhwq,dh-w-q,7,2,0.602
*wq,dhwq,dh-w-q,8,3,2.433
*wq,dhwq,dh-w-q,9,1,0.4
*wq,dhwq,dh-w-q,10,3,1.637
*wq,dhwq,dh-w-q,11,2,1.043
*wq,dhwq,dh-w-q,16,2,1.085
*wq,dhwq,dh-w-q,17,1,0.643
*wq,dhwq,dh-w-q,21,1,0.855
*wq,dhwq,dh-w-q,22,3,2.355
*wq,dhwq,dh-w-q,25,1,1.12
*wq,dhwq,dh-w-q,29,2,2.049
*wq,dhwq,dh-w-q,30,4,4.896
*wq,dhwq,dh-w-q,32,4,10.753
*wq,dhwq,dh-w-q,34,2,2.265
*wq,dhwq,dh-w-q,35,1,1.29
*wq,dhwq,dh-w-q,37,2,2.326
*wq,dhwq,dh-w-q,38,2,2.729
*wq,dhwq,dh-w-q,39,2,1.706
*wq,dhwq,dh-w-q,41,4,5.038
*wq,dhwq,dh-w-q,42,1,1.163
*wq,dhwq,dh-w-q,44,2,5.78
*wq,dhwq,dh-w-q,46,1,1.555
*wq,dhwq,dh-w-q,51,1,2.778
*wq,dhwq,dh-w-q,54,3,8.772
*wq,dhwq,dh-w-q,59,1,2.247
*wq,dhwq,dh-w-q,64,1,4.149
*wq,dhwq,dh-w-q,65,1,3.484
*wq,dhwq,dh-w-q,78,2,11.561
*xr,dhxr,dh-kh-r,3,1,0.287
*yE,dhyuE,dh-y-ʿ,4,1,0.267
A$r,uAshr,a-sh-r,54,2,5.848
A*n,uAdhn,a-dh-n,2,9,1.472
A*n,uAdhn,a-dh-n,3,5,1.436
A*n,uAdhn,a-dh-n,4,3,0.801
A*n,uAdhn,a-dh-n,5,7,2.496
A*n,uAdhn,a-dh-n,6,1,0.328
A*n,uAdhn,a-dh-n,7,7,2.108
A*n,uAdhn,a-dh-n,8,1,0.811
A*n,uAdhn,a-dh-n,9,11,4.404
A*n,uAdhn,a-dh-n,10,3,1.637
A*n,uAdhn,a-dh-n,11,1,0.522
A*n,uAdhn,a-dh-n,12,3,1.688
A*n,uAdhn,a-dh-n,13,1,1.172
A*n,uAdhn,a-dh-n,14,5,6.024
A*n,uAdhn,a-dh-n,16,1,0.542
A*n,uAdhn,a-dh-n,17,1,0.643
A*n,uAdhn,a-dh-n,18,2,1.267
A*n,uAdhn,a-dh-n,20,2,1.498
A*n,uAdhn,a-dh-n,21,1,0.855
A*n,uAdhn,a-dh-n,22,4,3.14
A*n,uAdhn,a-dh-n,24,9,6.839
A*n,uAdhn,a-dh-n,26,1,0.759
A*n,uAdhn,a-dh-n,31,1,1.832
A*n,uAdhn,a-dh-n,33,3,2.331
A*n,uAdhn,a-dh-n,34,2,2.265
A*n,uAdhn,a-dh-n,35,1,1.29
A*n,uAdhn,a-dh-n,40,1,0.82
A*n,uAdhn,a-dh-n,41,3,3.778
A*n,uAdhn,a-dh-n,42,2,2.326
A*n,uAdhn,a-dh-n,53,1,2.778
A*n,uAdhn,a-dh-n,58,1,2.119
A*n,uAdhn,a-dh-n,59,1,2.247
A*n,uAdhn,a-dh-n,64,1,4.149
A*n,uAdhn,a-dh-n,69,1,3.876
A*n,uAdhn,a-dh-n,71,1,4.425
A*n,uAdhn,a-dh-n,77,1,5.525
A*n,uAdhn,a-dh-n,78,1,5.78
A*n,uAdhn,a-dh-n,84,2,18.692
A*n,uAdhn,a-dh-n,97,1,33.333
A*y,uAdhy,a-dh-y,2,5,0.818
A*y,uAdhy,a-dh-y,3,3,0.862
A*y,uAdhy,a-dh-y,4,2,0.534
A*y,uAdhy,a-dh-y,6,1,0.328
A*y,uAdhy,a-dh-y,7,1,0.301
A*y,uAdhy,a-dh-y,9,2,0.801
A*y,uAdhy,a-dh-y,14,1,1.205
A*y,uAdhy,a-dh-y,29,1,1.025
A*y,uAdhy,a-dh-y,33,7,5.439
A*y,uAdhy,a-dh-y,61,1,4.525
AHd,uAuHd,a-ḥ-d,2,9,1.472
AHd,uAuHd,a-ḥ-d,3,4,1.149
AHd,uAuHd,a-ḥ-d,4,4,1.068
AHd,uAuHd,a-ḥ-d,5,5,1.783
AHd,uAuHd,a-ḥ-d,6,1,0.328
AHd,uAuHd,a-ḥ-d,7,1,0.301
AHd,uAuHd,a-ḥ-d,8,1,0.811
AHd,uAuHd,a-ḥ-d,9,5,2.002
AHd,uAuHd,a-ḥ-d,11,1,0.522
AHd,uAuHd,a-ḥ-d,12,4,2.251
AHd,uAuHd,a-ḥ-d,15,1,1.527
AHd,uAuHd,a-ḥ-d,16,2,1.085
AHd,uAuHd,a-ḥ-d,17,1,0.643
AHd,uAuHd,a-ḥ-d,18,10,6.333
AHd,uAuHd,a-ḥ-d,19,2,2.081
AHd,uAuHd,a-ḥ-d,23,1,0.952
AHd,uAuHd,a-ḥ-d,24,3,2.28
AHd,uAuHd,a-ḥ-d,28,3,2.098
AHd,uAuHd,a-ḥ-d,29,1,1.025
AHd,uAuHd,a-ḥ-d,33,3,2.331
AHd,uAuHd,a-ḥ-d,35,2,2.581
AHd,uAuHd,a-ḥ-d,38,1,1.364
AHd,uAuHd,a-ḥ-d,43,1,1.205
AHd,uAuHd,a-ḥ-d,49,2,5.764
AHd,uAuHd,a-ḥ-d,59,1,2.247
AHd,uAuHd,a-ḥ-d,63,1,5.556
AHd,uAuHd,a-ḥ-d,69,1,3.876
AHd,uAuHd,a-ḥ-d,72,6,21.053
AHd,uAuHd,a-ḥ-d,74,1,3.922
AHd,uAuHd,a-ḥ-d,89,2,14.599
AHd,uAuHd,a-ḥ-d,90,2,24.39
AHd,uAuHd,a-ḥ-d,92,1,14.085
AHd,uAuHd,a-ḥ-d,112,2,133.333
ASl,uAuSl,a-ṣ-l,7,1,0.301
ASl,uAuSl,a-ṣ-l,13,1,1.172
ASl,uAuSl,a-ṣ-l,14,1,1.205
ASl,uAuSl,a-ṣ-l,24,1,0.76
ASl,uAuSl,a-ṣ-l,25,1,1.12
ASl,uAuSl,a-ṣ-l,33,1,0.777
ASl,uAuSl,a-ṣ-l,37,1,1.163
ASl,uAuSl,a-ṣ-l,48,1,1.786
ASl,uAuSl,a-ṣ-l,59,1,2.247
ASl,uAuSl,a-ṣ-l,76,1,4.115
ASr,uAuSr,a-ṣ-r,2,1,0.164
ASr,uAuSr,a-ṣ-r,3,1,0.287
ASr,uAuSr,a-ṣ-r,7,1,0.301
Abb,uAbb,a-b-b,80,1,7.519
Abd,uAbd,a-b-d,2,1,0.164
Abd,uAbd,a-b-d,4,3,0.801
Abd,uAbd,a-b-d,5,2,0.713
Abd,uAbd,a-b-d,9,5,2.002
Abd,uAbd,a-b-d,18,4,2.533
Abd,uAbd,a-b-d,24,3,2.28
Abd,uAbd,a-b-d,33,2,1.554
Abd,uAbd,a-b-d,48,1,1.786
Abd,uAbd,a-b-d,59,1,2.247
Abd,uAbd,a-b-d,60,1,2.874
Abd,uAbd,a-b-d,62,1,5.714
Abd,uAbd,a-b-d,64,1,4.149
Abd,uAbd,a-b-d,65,1,3.484
Abd,uAbd,a-b-d,72,1,3.509
Abd,uAbd,a-b-d,98,1,10.638
Abl,uAbl,a-b-l,6,1,0.328
Abl,uAbl,a-b-l,88,1,10.87
Abl,uAbl,a-b-l,105,1,43.478
Abq,uAbq,a-b-q,37,1,1.163
Abw,uAbw,a-b-w,2,4,0.654
Abw,uAbw,a-b-w,4,4,1.068
Abw,uAbw,a-b-w,5,2,0.713
Abw,uAbw,a-b-w,6,4,1.311
Abw,uAbw,a-b-w,7,6,1.807
Abw,uAbw,a-b-w,9,3,1.201
Abw,uAbw,a-b-w,10,1,0.546
Abw,uAbw,a-b-w,11,3,1.565
Abw,uAbw,a-b-w,12,28,15.757
Abw,uAbw,a-b-w,13,1,1.172
Abw,uAbw,a-b-w,14,1,1.205
Abw,uAbw,a-b-w,16,1,0.542
Abw,uAbw,a-b-w,18,3,1.9
Abw,uAbw,a-b-w,19,6,6.243
Abw,uAbw,a-b-w,21,4,3.422
Abw,uAbw,a-b-w,22,1,0.785
Abw,uAbw,a-b-w,23,3,2.857
Abw,uAbw,a-b-w,24,3,2.28
Abw,uAbw,a-b-w,25,1,1.12
Abw,uAbw,a-b-w,26,5,3.794
Abw,uAbw,a-b-w,27,2,1.738
Abw,uAbw,a-b-w,28,4,2.797
Abw,uAbw,a-b-w,31,1,1.832
Abw,uAbw,a-b-w,33,4,3.108
Abw,uAbw,a-b-w,34,1,1.133
Abw,uAbw,a-b-w,36,1,1.379
Abw,uAbw,a-b-w,37,5,5.814
Abw,uAbw,a-b-w,40,1,0.82
Abw,uAbw,a-b-w,43,5,6.024
Abw,uAbw,a-b-w,44,2,5.78
Abw,uAbw,a-b-w,45,1,2.049
Abw,uAbw,a-b-w,53,1,2.778
Abw,uAbw,a-b-w,56,1,2.639
Abw,uAbw,a-b-w,58,1,2.119
Abw,uAbw,a-b-w,60,1,2.874
Abw,uAbw,a-b-w,80,1,7.519
Abw,uAbw,a-b-w,111,1,43.478
Aby,uAby,a-b-y,2,3,0.491
Aby,uAby,a-b-y,9,2,0.801
Aby,uAby,a-b-y,15,1,1.527
Aby,uAby,a-b-y,17,2,1.285
Aby,uAby,a-b-y,18,1,0.633
Aby,uAby,a-b-y,20,2,1.498
Aby,uAby,a-b-y,25,1,1.12
Aby,uAby,a-b-y,33,1,0.777
Add,uAdd,a-d-d,19,1,1.041
Ady,uAdy,a-d-y,2,2,0.327
Ady,uAdy,a-d-y,3,2,0.575
Ady,uAdy,a-d-y,4,1,0.267
Ady,uAdy,a-d-y,44,1,2.89
Aff,uAff,a-f-f,17,1,0.643
Aff,uAff,a-f-f,21,1,0.855
Aff,uAff,a-f-f,46,1,1.555
Afk,uAfk,a-f-k,5,1,0.357
Afk,uAfk,a-f-k,6,1,0.328
Afk,uAfk,a-f-k,7,1,0.301
Afk,uAfk,a-f-k,9,2,0.801
Afk,uAfk,a-f-k,10,1,0.546
Afk,uAfk,a-f-k,24,2,1.52
Afk,uAfk,a-f-k,25,1,1.12
Afk,uAfk,a-f-k,26,2,1.517
Afk,uAfk,a-f-k,29,2,2.049
Afk,uAfk,a-f-k,30,1,1.224
Afk,uAfk,a-f-k,34,1,1.133
Afk,uAfk,a-f-k,35,1,1.29
Afk,uAfk,a-f-k,37,2,2.326
Afk,uAfk,a-f-k,40,2,1.641
Afk,uAfk,a-f-k,43,1,1.205
Afk,uAfk,a-f-k,45,1,2.049
Afk,uAfk,a-f-k,46,3,4.666
Afk,uAfk,a-f-k,51,2,5.556
Afk,uAfk,a-f-k,53,1,2.778
Afk,uAfk,a-f-k,63,1,5.556
Afk,uAfk,a-f-k,69,1,3.876
Afl,uAfl,a-f-l,6,4,1.311
Afq,uAfq,a-f-q,41,1,1.259
Afq,uAfq,a-f-q,53,1,2.778
Afq,uAfq,a-f-q,81,1,9.615
Ahl,uAhl,a-h-l,2,5,0.818
Ahl,uAhl,a-h-l,3,13,3.735
Ahl,uAhl,a-h-l,4,11,2.936
Ahl,uAhl,a-h-l,5,8,2.853
Ahl,uAhl,a-h-l,6,1,0.328
Ahl,uAhl,a-h-l,7,7,2.108
Ahl,uAhl,a-h-l,9,2,0.801
Ahl,uAhl,a-h-l,10,1,0.546
Ahl,uAhl,a-h-l,11,6,3.13
Ahl,uAhl,a-h-l,12,7,3.939
Ahl,uAhl,a-h-l,15,2,3.053
Ahl,uAhl,a-h-l,16,1,0.542
Ahl,uAhl,a-h-l,18,3,1.9
Ahl,uAhl,a-h-l,19,2,2.081
Ahl,uAhl,a-h-l,20,4,2.996
Ahl,uAhl,a-h-l,21,3,2.566
Ahl,uAhl,a-h-l,23,1,0.952
Ahl,uAhl,a-h-l,24,1,0.76
Ahl,uAhl,a-h-l,26,2,1.517
Ahl,uAhl,a-h-l,27,5,4.344
Ahl,uAhl,a-h-l,28,7,4.895
Ahl,uAhl,a-h-l,29,6,6.148
Ahl,uAhl,a-h-l,33,3,2.331
Ahl,uAhl,a-h-l,35,1,1.29
Ahl,uAhl,a-h-l,36,1,1.379
Ahl,uAhl,a-h-l,37,2,2.326
Ahl,uAhl,a-h-l,38,2,2.729
Ahl,uAhl,a-h-l,39,1,0.853
Ahl,uAhl,a-h-l,42,1,1.163
Ahl,uAhl,a-h-l,48,3,5.357
Ahl,uAhl,a-h-l,51,1,2.778
Ahl,uAhl,a-h-l,52,1,3.205
Ahl,uAhl,a-h-l,57,1,1.742
Ahl,uAhl,a-h-l,59,3,6.742
Ahl,uAhl,a-h-l,66,1,4.016
Ahl,uAhl,a-h-l,74,2,7.843
Ahl,uAhl,a-h-l,75,1,6.098
Ahl,uAhl,a-h-l,83,1,5.917
Ahl,uAhl,a-h-l,84,2,18.692
Ahl,uAhl,a-h-l,98,2,21.277
Ajj,uAjj,a-j-j,25,1,1.12
Ajj,uAjj,a-j-j,35,1,1.29
Ajj,uAjj,a-j-j,56,1,2.639
Ajl,uAjl,a-j-l,2,6,0.981
Ajl,uAjl,a-j-l,3,1,0.287
Ajl,uAjl,a-j-l,4,1,0.267
Ajl,uAjl,a-j-l,5,1,0.357
Ajl,uAjl,a-j-l,6,5,1.639
Ajl,uAjl,a-j-l,7,4,1.205
Ajl,uAjl,a-j-l,10,3,1.637
Ajl,uAjl,a-j-l,11,2,1.043
Ajl,uAjl,a-j-l,13,2,2.345
Ajl,uAjl,a-j-l,14,2,2.41
Ajl,uAjl,a-j-l,15,1,1.527
Ajl,uAjl,a-j-l,16,2,1.085
Ajl,uAjl,a-j-l,17,1,0.643
Ajl,uAjl,a-j-l,20,1,0.749
Ajl,uAjl,a-j-l,22,2,1.57
Ajl,uAjl,a-j-l,23,1,0.952
Ajl,uAjl,a-j-l,28,2,1.399
Ajl,uAjl,a-j-l,29,2,2.049
Ajl,uAjl,a-j-l,30,1,1.224
Ajl,uAjl,a-j-l,31,1,1.832
Ajl,uAjl,a-j-l,35,3,3.871
Ajl,uAjl,a-j-l,39,2,1.706
Ajl,uAjl,a-j-l,40,1,0.82
Ajl,uAjl,a-j-l,42,1,1.163
Ajl,uAjl,a-j-l,46,1,1.555
Ajl,uAjl,a-j-l,63,2,11.111
Ajl,uAjl,a-j-l,65,2,6.969
Ajl,uAjl,a-j-l,71,2,8.85
Ajl,uAjl,a-j-l,77,1,5.525
Ajr,uAjr,a-j-r,2,5,0.818
Ajr,uAjr,a-j-r,3,7,2.011
Ajr,uAjr,a-j-r,4,12,3.203
Ajr,uAjr,a-j-r,5,2,0.713
Ajr,uAjr,a-j-r,6,1,0.328
Ajr,uAjr,a-j-r,7,2,0.602
Ajr,uAjr,a-j-r,8,1,0.811
Ajr,uAjr,a-j-r,9,2,0.801
Ajr,uAjr,a-j-r,10,2,1.091
Ajr,uAjr,a-j-r,11,5,2.608
Ajr,uAjr,a-j-r,12,4,2.251
Ajr,uAjr,a-j-r,16,3,1.627
Ajr,uAjr,a-j-r,17,1,0.643
Ajr,uAjr,a-j-r,18,3,1.9
Ajr,uAjr,a-j-r,25,1,1.12
Ajr,uAjr,a-j-r,26,11,8.346
Ajr,uAjr,a-j-r,28,5,3.497
Ajr,uAjr,a-j-r,29,2,2.049
Ajr,uAjr,a-j-r,33,5,3.885
Ajr,uAjr,a-j-r,34,2,2.265
Ajr,uAjr,a-j-r,35,2,2.581
Ajr,uAjr,a-j-r,36,2,2.759
Ajr,uAjr,a-j-r,38,1,1.364
Ajr,uAjr,a-j-r,39,3,2.56
Ajr,uAjr,a-j-r,41,1,1.259
Ajr,uAjr,a-j-r,42,2,2.326
Ajr,uAjr,a-j-r,47,1,1.855
Ajr,uAjr,a-j-r,48,3,5.357
Ajr,uAjr,a-j-r,49,1,2.882
Ajr,uAjr,a-j-r,52,1,3.205
Ajr,uAjr,a-j-r,57,5,8.711
Ajr,uAjr,a-j-r,60,1,2.874
Ajr,uAjr,a-j-r,64,1,4.149
Ajr,uAjr,a-j-r,65,2,6.969
Ajr,uAjr,a-j-r,67,1,3.003
Ajr,uAjr,a-j-r,68,2,6.667
Ajr,uAjr,a-j-r,73,1,5.025
Ajr,uAjr,a-j-r,84,1,9.346
Ajr,uAjr,a-j-r,95,1,29.412
Akl,uAkl,a-k-l,2,12,1.962
Akl,uAkl,a-k-l,3,3,0.862
Akl,uAkl,a-k-l,4,8,2.135
Akl,uAkl,a-k-l,5,9,3.21
Akl,uAkl,a-k-l,6,6,1.967
Akl,uAkl,a-k-l,7,5,1.506
Akl,uAkl,a-k-l,8,1,0.811
Akl,uAkl,a-k-l,9,1,0.4
Akl,uAkl,a-k-l,10,1,0.546
Akl,uAkl,a-k-l,11,1,0.522
Akl,uAkl,a-k-l,12,9,5.065
Akl,uAkl,a-k-l,13,2,2.345
Akl,uAkl,a-k-l,14,1,1.205
Akl,uAkl,a-k-l,15,1,1.527
Akl,uAkl,a-k-l,16,4,2.169
Akl,uAkl,a-k-l,18,1,0.633
Akl,uAkl,a-k-l,19,1,1.041
Akl,uAkl,a-k-l,20,3,2.247
Akl,uAkl,a-k-l,21,1,0.855
Akl,uAkl,a-k-l,22,2,1.57
Akl,uAkl,a-k-l,23,6,5.714
Akl,uAkl,a-k-l,24,2,1.52
Akl,uAkl,a-k-l,25,3,3.359
Akl,uAkl,a-k-l,32,1,2.688
Akl,uAkl,a-k-l,34,3,3.398
Akl,uAkl,a-k-l,35,1,1.29
Akl,uAkl,a-k-l,36,3,4.138
Akl,uAkl,a-k-l,37,2,2.326
Akl,uAkl,a-k-l,40,1,0.82
Akl,uAkl,a-k-l,43,1,1.205
Akl,uAkl,a-k-l,47,2,3.711
Akl,uAkl,a-k-l,49,1,2.882
Akl,uAkl,a-k-l,51,1,2.778
Akl,uAkl,a-k-l,52,1,3.205
Akl,uAkl,a-k-l,56,1,2.639
Akl,uAkl,a-k-l,67,1,3.003
Akl,uAkl,a-k-l,69,2,7.752
Akl,uAkl,a-k-l,77,2,11.05
Akl,uAkl,a-k-l,89,2,14.599
Akl,uAkl,a-k-l,105,1,43.478
Alf,uAlf,a-l-f,2,2,0.327
Alf,uAlf,a-l-f,3,3,0.862
Alf,uAlf,a-l-f,8,7,5.677
Alf,uAlf,a-l-f,9,1,0.4
Alf,uAlf,a-l-f,22,1,0.785
Alf,uAlf,a-l-f,24,1,0.76
Alf,uAlf,a-l-f,29,1,1.025
Alf,uAlf,a-l-f,32,1,2.688
Alf,uAlf,a-l-f,37,1,1.163
Alf,uAlf,a-l-f,70,1,4.608
Alf,uAlf,a-l-f,97,1,33.333
Alf,uAlf,a-l-f,106,2,117.647
Alh,uAlh,a-l-h,1,2,68.966
Alh,uAlh,a-l-h,2,289,47.253
Alh,uAlh,a-l-h,3,215,61.764
Alh,uAlh,a-l-h,4,231,61.649
Alh,uAlh,a-l-h,5,151,53.852
Alh,uAlh,a-l-h,6,93,30.492
Alh,uAlh,a-l-h,7,70,21.084
Alh,uAlh,a-l-h,8,89,72.182
Alh,uAlh,a-l-h,9,172,68.855
Alh,uAlh,a-l-h,10,63,34.37
Alh,uAlh,a-l-h,11,45,23.474
Alh,uAlh,a-l-h,12,44,24.761
Alh,uAlh,a-l-h,13,35,41.032
Alh,uAlh,a-l-h,14,38,45.783
Alh,uAlh,a-l-h,15,3,4.58
Alh,uAlh,a-l-h,16,89,48.265
Alh,uAlh,a-l-h,17,13,8.355
Alh,uAlh,a-l-h,18,20,12.666
Alh,uAlh,a-l-h,19,10,10.406
Alh,uAlh,a-l-h,20,13,9.738
Alh,uAlh,a-l-h,21,20,17.109
Alh,uAlh,a-l-h,22,77,60.44
Alh,uAlh,a-l-h,23,19,18.095
Alh,uAlh,a-l-h,24,80,60.79
Alh,uAlh,a-l-h,25,12,13.438
Alh,uAlh,a-l-h,26,15,11.381
Alh,uAlh,a-l-h,27,33,28.671
Alh,uAlh,a-l-h,28,34,23.776
Alh,uAlh,a-l-h,29,44,45.082
Alh,uAlh,a-l-h,30,24,29.376
Alh,uAlh,a-l-h,31,32,58.608
Alh,uAlh,a-l-h,32,1,2.688
Alh,uAlh,a-l-h,33,90,69.93
Alh,uAlh,a-l-h,34,8,9.06
Alh,uAlh,a-l-h,35,37,47.742
Alh,uAlh,a-l-h,36,5,6.897
Alh,uAlh,a-l-h,37,20,23.256
Alh,uAlh,a-l-h,38,7,9.55
Alh,uAlh,a-l-h,39,61,52.048
Alh,uAlh,a-l-h,40,57,46.76
Alh,uAlh,a-l-h,41,13,16.373
Alh,uAlh,a-l-h,42,32,37.209
Alh,uAlh,a-l-h,43,7,8.434
Alh,uAlh,a-l-h,44,4,11.561
Alh,uAlh,a-l-h,45,19,38.934
Alh,uAlh,a-l-h,46,18,27.994
Alh,uAlh,a-l-h,47,28,51.948
Alh,uAlh,a-l-h,48,39,69.643
Alh,uAlh,a-l-h,49,27,77.81
Alh,uAlh,a-l-h,50,2,5.362
Alh,uAlh,a-l-h,51,4,11.111
Alh,uAlh,a-l-h,52,4,12.821
Alh,uAlh,a-l-h,53,6,16.667
Alh,uAlh,a-l-h,57,32,55.749
Alh,uAlh,a-l-h,58,40,84.746
Alh,uAlh,a-l-h,59,31,69.663
Alh,uAlh,a-l-h,60,21,60.345
Alh,uAlh,a-l-h,61,17,76.923
Alh,uAlh,a-l-h,62,12,68.571
Alh,uAlh,a-l-h,63,14,77.778
Alh,uAlh,a-l-h,64,21,87.137
Alh,uAlh,a-l-h,65,25,87.108
Alh,uAlh,a-l-h,66,13,52.209
Alh,uAlh,a-l-h,67,3,9.009
Alh,uAlh,a-l-h,69,1,3.876
Alh,uAlh,a-l-h,70,1,4.608
Alh,uAlh,a-l-h,71,8,35.398
Alh,uAlh,a-l-h,72,10,35.088
Alh,uAlh,a-l-h,73,8,40.201
Alh,uAlh,a-l-h,74,3,11.765
Alh,uAlh,a-l-h,76,5,20.576
Alh,uAlh,a-l-h,79,1,5.587
Alh,uAlh,a-l-h,81,1,9.615
Alh,uAlh,a-l-h,82,1,12.5
Alh,uAlh,a-l-h,84,1,9.346
Alh,uAlh,a-l-h,85,3,27.523
Alh,uAlh,a-l-h,87,1,13.889
Alh,uAlh,a-l-h,88,1,10.87
Alh,uAlh,a-l-h,91,2,37.037
Alh,uAlh,a-l-h,95,1,29.412
Alh,uAlh,a-l-h,96,1,13.889
Alh,uAlh,a-l-h,98,3,31.915
Alh,uAlh,a-l-h,104,1,30.303
Alh,uAlh,a-l-h,110,2,105.263
Alh,uAlh,a-l-h,112,2,133.333
Alh,uAlh,a-l-h,114,1,50
All,uAll,a-l-l,9,2,0.801
Alm,uAlm,a-l-m,2,4,0.654
Alm,uAlm,a-l-m,3,5,1.436
Alm,uAlm,a-l-m,4,7,1.868
Alm,uAlm,a-l-m,5,3,1.07
Alm,uAlm,a-l-m,6,1,0.328
Alm,uAlm,a-l-m,7,1,0.301
Alm,uAlm,a-l-m,8,1,0.811
Alm,uAlm,a-l-m,9,7,2.802
Alm,uAlm,a-l-m,10,3,1.637
Alm,uAlm,a-l-m,11,3,1.565
Alm,uAlm,a-l-m,12,1,0.563
Alm,uAlm,a-l-m,14,1,1.205
Alm,uAlm,a-l-m,15,1,1.527
Alm,uAlm,a-l-m,16,3,1.627
Alm,uAlm,a-l-m,17,1,0.643
Alm,uAlm,a-l-m,22,1,0.785
Alm,uAlm,a-l-m,24,2,1.52
Alm,uAlm,a-l-m,25,1,1.12
Alm,uAlm,a-l-m,26,1,0.759
Alm,uAlm,a-l-m,29,1,1.025
Alm,uAlm,a-l-m,31,1,1.832
Alm,uAlm,a-l-m,33,1,0.777
Alm,uAlm,a-l-m,34,1,1.133
Alm,uAlm,a-l-m,36,1,1.379
Alm,uAlm,a-l-m,37,1,1.163
Alm,uAlm,a-l-m,41,1,1.259
Alm,uAlm,a-l-m,42,2,2.326
Alm,uAlm,a-l-m,43,1,1.205
Alm,uAlm,a-l-m,44,1,2.89
Alm,uAlm,a-l-m,45,2,4.098
Alm,uAlm,a-l-m,46,2,3.11
Alm,uAlm,a-l-m,48,3,5.357
Alm,uAlm,a-l-m,51,1,2.778
Alm,uAlm,a-l-m,58,1,2.119
Alm,uAlm,a-l-m,59,1,2.247
Alm,uAlm,a-l-m,61,1,4.525
Alm,uAlm,a-l-m,64,1,4.149
Alm,uAlm,a-l-m,67,1,3.003
Alm,uAlm,a-l-m,71,1,4.425
Alm,uAlm,a-l-m,73,1,5.025
Alm,uAlm,a-l-m,76,1,4.115
Alm,uAlm,a-l-m,84,1,9.346
Alt,uAlt,a-l-t,52,1,3.205
Alw,uAlw,a-l-w,2,1,0.164
Alw,uAlw,a-l-w,3,1,0.287
Alw,uAlw,a-l-w,7,2,0.602
Alw,uAlw,a-l-w,24,1,0.76
Alw,uAlw,a-l-w,53,1,2.778
Alw,uAlw,a-l-w,55,31,88.319
Amd,uAmd,a-m-d,3,1,0.287
Amd,uAmd,a-m-d,18,1,0.633
Amd,uAmd,a-m-d,57,1,1.742
Amd,uAmd,a-m-d,72,1,3.509
Aml,uAml,a-m-l,15,1,1.527
Aml,uAml,a-m-l,18,1,0.633
Amm,uAmm,a-m-m,2,7,1.145
Amm,uAmm,a-m-m,3,6,1.724
Amm,uAmm,a-m-m,4,6,1.601
Amm,uAmm,a-m-m,5,6,2.14
Amm,uAmm,a-m-m,6,4,1.311
Amm,uAmm,a-m-m,7,11,3.313
Amm,uAmm,a-m-m,9,1,0.4
Amm,uAmm,a-m-m,10,3,1.637
Amm,uAmm,a-m-m,11,5,2.608
Amm,uAmm,a-m-m,12,1,0.563
Amm,uAmm,a-m-m,13,3,3.517
Amm,uAmm,a-m-m,15,2,3.053
Amm,uAmm,a-m-m,16,9,4.881
Amm,uAmm,a-m-m,17,1,0.643
Amm,uAmm,a-m-m,19,1,1.041
Amm,uAmm,a-m-m,20,2,1.498
Amm,uAmm,a-m-m,21,3,2.566
Amm,uAmm,a-m-m,22,2,1.57
Amm,uAmm,a-m-m,23,5,4.762
Amm,uAmm,a-m-m,24,1,0.76
Amm,uAmm,a-m-m,25,1,1.12
Amm,uAmm,a-m-m,27,1,0.869
Amm,uAmm,a-m-m,28,8,5.594
Amm,uAmm,a-m-m,29,1,1.025
Amm,uAmm,a-m-m,31,1,1.832
Amm,uAmm,a-m-m,32,1,2.688
Amm,uAmm,a-m-m,33,2,1.554
Amm,uAmm,a-m-m,35,2,2.581
Amm,uAmm,a-m-m,36,1,1.379
Amm,uAmm,a-m-m,39,1,0.853
Amm,uAmm,a-m-m,40,1,0.82
Amm,uAmm,a-m-m,41,1,1.259
Amm,uAmm,a-m-m,42,2,2.326
Amm,uAmm,a-m-m,43,4,4.819
Amm,uAmm,a-m-m,45,2,4.098
Amm,uAmm,a-m-m,46,3,4.666
Amm,uAmm,a-m-m,53,1,2.778
Amm,uAmm,a-m-m,58,2,4.237
Amm,uAmm,a-m-m,62,1,5.714
Amm,uAmm,a-m-m,75,1,6.098
Amm,uAmm,a-m-m,80,1,7.519
Amm,uAmm,a-m-m,101,1,27.778
Amn,uAmn,a-m-n,2,84,13.734
Amn,uAmn,a-m-n,3,60,17.236
Amn,uAmn,a-m-n,4,64,17.08
Amn,uAmn,a-m-n,5,47,16.762
Amn,uAmn,a-m-n,6,26,8.525
Amn,uAmn,a-m-n,7,36,10.843
Amn,uAmn,a-m-n,8,26,21.087
Amn,uAmn,a-m-n,9,45,18.014
Amn,uAmn,a-m-n,10,30,16.367
Amn,uAmn,a-m-n,11,15,7.825
Amn,uAmn,a-m-n,12,12,6.753
Amn,uAmn,a-m-n,13,4,4.689
Amn,uAmn,a-m-n,14,6,7.229
Amn,uAmn,a-m-n,15,5,7.634
Amn,uAmn,a-m-n,16,14,7.592
Amn,uAmn,a-m-n,17,12,7.712
Amn,uAmn,a-m-n,18,9,5.7
Amn,uAmn,a-m-n,19,4,4.162
Amn,uAmn,a-m-n,20,8,5.993
Amn,uAmn,a-m-n,21,5,4.277
Amn,uAmn,a-m-n,22,9,7.064
Amn,uAmn,a-m-n,23,8,7.619
Amn,uAmn,a-m-n,24,22,16.717
Amn,uAmn,a-m-n,25,1,1.12
Amn,uAmn,a-m-n,26,27,20.486
Amn,uAmn,a-m-n,27,9,7.819
Amn,uAmn,a-m-n,28,10,6.993
Amn,uAmn,a-m-n,29,18,18.443
Amn,uAmn,a-m-n,30,7,8.568
Amn,uAmn,a-m-n,31,1,1.832
Amn,uAmn,a-m-n,32,4,10.753
Amn,uAmn,a-m-n,33,31,24.087
Amn,uAmn,a-m-n,34,11,12.458
Amn,uAmn,a-m-n,35,1,1.29
Amn,uAmn,a-m-n,36,4,5.517
Amn,uAmn,a-m-n,37,6,6.977
Amn,uAmn,a-m-n,38,2,2.729
Amn,uAmn,a-m-n,39,3,2.56
Amn,uAmn,a-m-n,40,17,13.946
Amn,uAmn,a-m-n,41,5,6.297
Amn,uAmn,a-m-n,42,9,10.465
Amn,uAmn,a-m-n,43,2,2.41
Amn,uAmn,a-m-n,44,5,14.451
Amn,uAmn,a-m-n,45,5,10.246
Amn,uAmn,a-m-n,46,4,6.221
Amn,uAmn,a-m-n,47,11,20.408
Amn,uAmn,a-m-n,48,15,26.786
Amn,uAmn,a-m-n,49,15,43.228
Amn,uAmn,a-m-n,51,2,5.556
Amn,uAmn,a-m-n,52,3,9.615
Amn,uAmn,a-m-n,53,1,2.778
Amn,uAmn,a-m-n,57,14,24.39
Amn,uAmn,a-m-n,58,9,19.068
Amn,uAmn,a-m-n,59,6,13.483
Amn,uAmn,a-m-n,60,10,28.736
Amn,uAmn,a-m-n,61,7,31.674
Amn,uAmn,a-m-n,62,1,5.714
Amn,uAmn,a-m-n,63,3,16.667
Amn,uAmn,a-m-n,64,6,24.896
Amn,uAmn,a-m-n,65,4,13.937
Amn,uAmn,a-m-n,66,6,24.096
Amn,uAmn,a-m-n,67,3,9.009
Amn,uAmn,a-m-n,69,2,7.752
Amn,uAmn,a-m-n,70,2,9.217
Amn,uAmn,a-m-n,71,3,13.274
Amn,uAmn,a-m-n,72,3,10.526
Amn,uAmn,a-m-n,74,3,11.765
Amn,uAmn,a-m-n,77,1,5.525
Amn,uAmn,a-m-n,81,1,9.615
Amn,uAmn,a-m-n,83,2,11.834
Amn,uAmn,a-m-n,84,2,18.692
Amn,uAmn,a-m-n,85,5,45.872
Amn,uAmn,a-m-n,90,1,12.195
Amn,uAmn,a-m-n,95,2,58.824
Amn,uAmn,a-m-n,98,1,10.638
Amn,uAmn,a-m-n,103,1,71.429
Amn,uAmn,a-m-n,106,1,58.824
Amr,uAmr,a-m-r,2,13,2.126
Amr,uAmr,a-m-r,3,16,4.596
Amr,uAmr,a-m-r,4,10,2.669
Amr,uAmr,a-m-r,5,3,1.07
Amr,uAmr,a-m-r,6,6,1.967
Amr,uAmr,a-m-r,7,12,3.614
Amr,uAmr,a-m-r,8,4,3.244
Amr,uAmr,a-m-r,9,9,3.603
Amr,uAmr,a-m-r,10,7,3.819
Amr,uAmr,a-m-r,11,16,8.346
Amr,uAmr,a-m-r,12,10,5.627
Amr,uAmr,a-m-r,13,6,7.034
Amr,uAmr,a-m-r,14,2,2.41
Amr,uAmr,a-m-r,15,3,4.58
Amr,uAmr,a-m-r,16,8,4.338
Amr,uAmr,a-m-r,17,2,1.285
Amr,uAmr,a-m-r,18,11,6.966
Amr,uAmr,a-m-r,19,5,5.203
Amr,uAmr,a-m-r,20,6,4.494
Amr,uAmr,a-m-r,21,4,3.422
Amr,uAmr,a-m-r,22,5,3.925
Amr,uAmr,a-m-r,23,2,1.905
Amr,uAmr,a-m-r,24,4,3.04
Amr,uAmr,a-m-r,25,1,1.12
Amr,uAmr,a-m-r,26,2,1.517
Amr,uAmr,a-m-r,27,6,5.213
Amr,uAmr,a-m-r,28,2,1.399
Amr,uAmr,a-m-r,30,3,3.672
Amr,uAmr,a-m-r,31,3,5.495
Amr,uAmr,a-m-r,32,2,5.376
Amr,uAmr,a-m-r,33,4,3.108
Amr,uAmr,a-m-r,34,2,2.265
Amr,uAmr,a-m-r,35,1,1.29
Amr,uAmr,a-m-r,36,1,1.379
Amr,uAmr,a-m-r,37,1,1.163
Amr,uAmr,a-m-r,38,1,1.364
Amr,uAmr,a-m-r,39,3,2.56
Amr,uAmr,a-m-r,40,5,4.102
Amr,uAmr,a-m-r,41,1,1.259
Amr,uAmr,a-m-r,42,6,6.977
Amr,uAmr,a-m-r,43,1,1.205
Amr,uAmr,a-m-r,44,2,5.78
Amr,uAmr,a-m-r,45,3,6.148
Amr,uAmr,a-m-r,46,1,1.555
Amr,uAmr,a-m-r,47,2,3.711
Amr,uAmr,a-m-r,49,2,5.764
Amr,uAmr,a-m-r,50,1,2.681
Amr,uAmr,a-m-r,51,2,5.556
Amr,uAmr,a-m-r,52,1,3.205
Amr,uAmr,a-m-r,54,3,8.772
Amr,uAmr,a-m-r,57,3,5.226
Amr,uAmr,a-m-r,59,1,2.247
Amr,uAmr,a-m-r,64,1,4.149
Amr,uAmr,a-m-r,65,9,31.359
Amr,uAmr,a-m-r,66,2,8.032
Amr,uAmr,a-m-r,79,1,5.587
Amr,uAmr,a-m-r,80,1,7.519
Amr,uAmr,a-m-r,82,1,12.5
Amr,uAmr,a-m-r,96,1,13.889
Amr,uAmr,a-m-r,97,1,33.333
Amr,uAmr,a-m-r,98,1,10.638
Amt,uAmt,a-m-t,20,1,0.749
Amw,uAmw,a-m-w,2,1,0.164
Amw,uAmw,a-m-w,24,1,0.76
Anf,uAnf,a-n-f,5,2,0.713
Anf,uAnf,a-n-f,47,1,1.855
Anm,uAnm,a-n-m,55,1,2.849
Ans,uAns,a-n-s,2,1,0.164
Ans,uAns,a-n-s,4,2,0.534
Ans,uAns,a-n-s,6,4,1.311
Ans,uAns,a-n-s,7,4,1.205
Ans,uAns,a-n-s,10,1,0.546
Ans,uAns,a-n-s,11,1,0.522
Ans,uAns,a-n-s,12,1,0.563
Ans,uAns,a-n-s,14,1,1.205
Ans,uAns,a-n-s,15,1,1.527
Ans,uAns,a-n-s,16,1,0.542
Ans,uAns,a-n-s,17,9,5.784
Ans,uAns,a-n-s,18,1,0.633
Ans,uAns,a-n-s,19,3,3.122
Ans,uAns,a-n-s,20,1,0.749
Ans,uAns,a-n-s,21,1,0.855
Ans,uAns,a-n-s,22,1,0.785
Ans,uAns,a-n-s,23,1,0.952
Ans,uAns,a-n-s,24,1,0.76
Ans,uAns,a-n-s,25,2,2.24
Ans,uAns,a-n-s,27,3,2.606
Ans,uAns,a-n-s,28,2,1.399
Ans,uAns,a-n-s,29,1,1.025
Ans,uAns,a-n-s,31,1,1.832
Ans,uAns,a-n-s,32,1,2.688
Ans,uAns,a-n-s,33,2,1.554
Ans,uAns,a-n-s,36,1,1.379
Ans,uAns,a-n-s,39,2,1.706
Ans,uAns,a-n-s,41,4,5.038
Ans,uAns,a-n-s,42,2,2.326
Ans,uAns,a-n-s,43,1,1.205
Ans,uAns,a-n-s,46,2,3.11
Ans,uAns,a-n-s,50,1,2.681
Ans,uAns,a-n-s,51,1,2.778
Ans,uAns,a-n-s,53,2,5.556
Ans,uAns,a-n-s,55,6,17.094
Ans,uAns,a-n-s,59,1,2.247
Ans,uAns,a-n-s,70,1,4.608
Ans,uAns,a-n-s,72,2,7.018
Ans,uAns,a-n-s,75,6,36.585
Ans,uAns,a-n-s,76,2,8.23
Ans,uAns,a-n-s,79,1,5.587
Ans,uAns,a-n-s,80,2,15.038
Ans,uAns,a-n-s,82,1,12.5
Ans,uAns,a-n-s,84,1,9.346
Ans,uAns,a-n-s,86,1,16.393
Ans,uAns,a-n-s,89,2,14.599
Ans,uAns,a-n-s,90,1,12.195
Ans,uAns,a-n-s,95,1,29.412
Ans,uAns,a-n-s,96,3,41.667
Ans,uAns,a-n-s,99,1,27.778
Ans,uAns,a-n-s,100,1,25
Ans,uAns,a-n-s,103,1,71.429
Anv,uAnv,a-n-th,2,2,0.327
Anv,uAnv,a-n-th,3,3,0.862
Anv,uAnv,a-n-th,4,4,1.068
Anv,uAnv,a-n-th,6,4,1.311
Anv,uAnv,a-n-th,13,1,1.172
Anv,uAnv,a-n-th,16,2,1.085
Anv,uAnv,a-n-th,17,1,0.643
Anv,uAnv,a-n-th,35,1,1.29
Anv,uAnv,a-n-th,37,1,1.163
Anv,uAnv,a-n-th,40,1,0.82
Anv,uAnv,a-n-th,41,1,1.259
Anv,uAnv,a-n-th,42,2,2.326
Anv,uAnv,a-n-th,43,1,1.205
Anv,uAnv,a-n-th,49,1,2.882
Anv,uAnv,a-n-th,53,3,8.333
Anv,uAnv,a-n-th,75,1,6.098
Anv,uAnv,a-n-th,92,1,14.085
Any,uAny,a-n-y,2,3,0.491
Any,uAny,a-n-y,3,5,1.436
Any,uAny,a-n-y,5,1,0.357
Any,uAny,a-n-y,6,2,0.656
Any,uAny,a-n-y,9,1,0.4
Any,uAny,a-n-y,10,2,1.091
Any,uAny,a-n-y,19,2,2.081
Any,uAny,a-n-y,20,1,0.749
Any,uAny,a-n-y,23,1,0.952
Any,uAny,a-n-y,29,1,1.025
Any,uAny,a-n-y,33,1,0.777
Any,uAny,a-n-y,34,1,1.133
Any,uAny,a-n-y,35,1,1.29
Any,uAny,a-n-y,36,1,1.379
Any,uAny,a-n-y,39,2,1.706
Any,uAny,a-n-y,40,2,1.641
Any,uAny,a-n-y,43,1,1.205
Any,uAny,a-n-y,44,1,2.89
Any,uAny,a-n-y,47,1,1.855
Any,uAny,a-n-y,55,1,2.849
Any,uAny,a-n-y,57,1,1.742
Any,uAny,a-n-y,63,1,5.556
Any,uAny,a-n-y,76,1,4.115
Any,uAny,a-n-y,88,1,10.87
Any,uAny,a-n-y,89,1,7.299
ArD,uAruD,a-r-ḍ,2,24,3.924
ArD,uAruD,a-r-ḍ,3,13,3.735
ArD,uAruD,a-r-ḍ,4,11,2.936
ArD,uAruD,a-r-ḍ,5,16,5.706
ArD,uAruD,a-r-ḍ,6,16,5.246
ArD,uAruD,a-r-ḍ,7,21,6.325
ArD,uAruD,a-r-ḍ,8,4,3.244
ArD,uAruD,a-r-ḍ,9,7,2.802
ArD,uAruD,a-r-ḍ,10,17,9.274
ArD,uAruD,a-r-ḍ,11,11,5.738
ArD,uAruD,a-r-ḍ,12,9,5.065
ArD,uAruD,a-r-ḍ,13,10,11.723
ArD,uAruD,a-r-ḍ,14,11,13.253
ArD,uAruD,a-r-ḍ,15,3,4.58
ArD,uAruD,a-r-ḍ,16,10,5.423
ArD,uAruD,a-r-ḍ,17,12,7.712
ArD,uAruD,a-r-ḍ,18,8,5.066
ArD,uAruD,a-r-ḍ,19,4,4.162
ArD,uAruD,a-r-ḍ,20,5,3.745
ArD,uAruD,a-r-ḍ,21,11,9.41
ArD,uAruD,a-r-ḍ,22,9,7.064
ArD,uAruD,a-r-ḍ,23,5,4.762
ArD,uAruD,a-r-ḍ,24,6,4.559
ArD,uAruD,a-r-ḍ,25,4,4.479
ArD,uAruD,a-r-ḍ,26,5,3.794
ArD,uAruD,a-r-ḍ,27,11,9.557
ArD,uAruD,a-r-ḍ,28,9,6.294
ArD,uAruD,a-r-ḍ,29,10,10.246
ArD,uAruD,a-r-ḍ,30,14,17.136
ArD,uAruD,a-r-ḍ,31,8,14.652
ArD,uAruD,a-r-ḍ,32,4,10.753
ArD,uAruD,a-r-ḍ,33,3,2.331
ArD,uAruD,a-r-ḍ,34,8,9.06
ArD,uAruD,a-r-ḍ,35,10,12.903
ArD,uAruD,a-r-ḍ,36,3,4.138
ArD,uAruD,a-r-ḍ,37,1,1.163
ArD,uAruD,a-r-ḍ,38,5,6.821
ArD,uAruD,a-r-ḍ,39,12,10.239
ArD,uAruD,a-r-ḍ,40,9,7.383
ArD,uAruD,a-r-ḍ,41,4,5.038
ArD,uAruD,a-r-ḍ,42,10,11.628
ArD,uAruD,a-r-ḍ,43,6,7.229
ArD,uAruD,a-r-ḍ,44,3,8.671
ArD,uAruD,a-r-ḍ,45,7,14.344
ArD,uAruD,a-r-ḍ,46,5,7.776
ArD,uAruD,a-r-ḍ,47,2,3.711
ArD,uAruD,a-r-ḍ,48,3,5.357
ArD,uAruD,a-r-ḍ,49,2,5.764
ArD,uAruD,a-r-ḍ,50,4,10.724
ArD,uAruD,a-r-ḍ,51,3,8.333
ArD,uAruD,a-r-ḍ,52,1,3.205
ArD,uAruD,a-r-ḍ,53,2,5.556
ArD,uAruD,a-r-ḍ,54,1,2.924
ArD,uAruD,a-r-ḍ,55,3,8.547
ArD,uAruD,a-r-ḍ,56,1,2.639
ArD,uAruD,a-r-ḍ,57,9,15.679
ArD,uAruD,a-r-ḍ,58,1,2.119
ArD,uAruD,a-r-ḍ,59,2,4.494
ArD,uAruD,a-r-ḍ,61,1,4.525
ArD,uAruD,a-r-ḍ,62,2,11.429
ArD,uAruD,a-r-ḍ,63,1,5.556
ArD,uAruD,a-r-ḍ,64,3,12.448
ArD,uAruD,a-r-ḍ,65,1,3.484
ArD,uAruD,a-r-ḍ,67,3,9.009
ArD,uAruD,a-r-ḍ,69,1,3.876
ArD,uAruD,a-r-ḍ,70,1,4.608
ArD,uAruD,a-r-ḍ,71,3,13.274
ArD,uAruD,a-r-ḍ,72,2,7.018
ArD,uAruD,a-r-ḍ,73,2,10.05
ArD,uAruD,a-r-ḍ,77,1,5.525
ArD,uAruD,a-r-ḍ,78,2,11.561
ArD,uAruD,a-r-ḍ,79,1,5.587
ArD,uAruD,a-r-ḍ,80,1,7.519
ArD,uAruD,a-r-ḍ,84,1,9.346
ArD,uAruD,a-r-ḍ,85,1,9.174
ArD,uAruD,a-r-ḍ,86,1,16.393
ArD,uAruD,a-r-ḍ,88,1,10.87
ArD,uAruD,a-r-ḍ,89,1,7.299
ArD,uAruD,a-r-ḍ,91,1,18.519
ArD,uAruD,a-r-ḍ,99,2,55.556
Arb,uArb,a-r-b,20,1,0.749
Arb,uArb,a-r-b,24,1,0.76
Ark,uArk,a-r-k,18,1,0.633
Ark,uArk,a-r-k,36,1,1.379
Ark,uArk,a-r-k,76,1,4.115
Ark,uArk,a-r-k,83,2,11.834
Asf,uAsf,a-s-f,7,1,0.301
Asf,uAsf,a-s-f,12,1,0.563
Asf,uAsf,a-s-f,18,1,0.633
Asf,uAsf,a-s-f,20,1,0.749
Asf,uAsf,a-s-f,43,1,1.205
Asn,uAsn,a-s-n,47,1,1.855
Asr,uAsr,a-s-r,2,1,0.164
Asr,uAsr,a-s-r,8,2,1.622
Asr,uAsr,a-s-r,33,1,0.777
Asr,uAsr,a-s-r,76,2,8.23
Ass,uAss,a-s-s,9,3,1.201
Asw,uAsw,a-s-w,5,2,0.713
Asw,uAsw,a-s-w,7,1,0.301
Asw,uAsw,a-s-w,33,1,0.777
Asw,uAsw,a-s-w,57,1,1.742
Asw,uAsw,a-s-w,60,2,5.747
Aty,uAty,a-t-y,2,54,8.829
Aty,uAty,a-t-y,3,24,6.895
Aty,uAty,a-t-y,4,35,9.341
Aty,uAty,a-t-y,5,17,6.063
Aty,uAty,a-t-y,6,25,8.197
Aty,uAty,a-t-y,7,27,8.133
Aty,uAty,a-t-y,8,2,1.622
Aty,uAty,a-t-y,9,14,5.604
Aty,uAty,a-t-y,10,7,3.819
Aty,uAty,a-t-y,11,13,6.781
Aty,uAty,a-t-y,12,19,10.692
Aty,uAty,a-t-y,13,4,4.689
Aty,uAty,a-t-y,14,9,10.843
Aty,uAty,a-t-y,15,7,10.687
Aty,uAty,a-t-y,16,13,7.05
Aty,uAty,a-t-y,17,11,7.069
Aty,uAty,a-t-y,18,13,8.233
Aty,uAty,a-t-y,19,10,10.406
Aty,uAty,a-t-y,20,17,12.734
Aty,uAty,a-t-y,21,13,11.121
Aty,uAty,a-t-y,22,8,6.279
Aty,uAty,a-t-y,23,6,5.714
Aty,uAty,a-t-y,24,8,6.079
Aty,uAty,a-t-y,25,3,3.359
Aty,uAty,a-t-y,26,10,7.587
Aty,uAty,a-t-y,27,20,17.376
Aty,uAty,a-t-y,28,19,13.287
Aty,uAty,a-t-y,29,10,10.246
Aty,uAty,a-t-y,30,6,7.344
Aty,uAty,a-t-y,31,3,5.495
Aty,uAty,a-t-y,32,3,8.065
Aty,uAty,a-t-y,33,9,6.993
Aty,uAty,a-t-y,34,6,6.795
Aty,uAty,a-t-y,35,2,2.581
Aty,uAty,a-t-y,36,2,2.759
Aty,uAty,a-t-y,37,3,3.488
Aty,uAty,a-t-y,38,2,2.729
Aty,uAty,a-t-y,39,6,5.119
Aty,uAty,a-t-y,40,7,5.742
Aty,uAty,a-t-y,41,6,7.557
Aty,uAty,a-t-y,42,3,3.488
Aty,uAty,a-t-y,43,3,3.614
Aty,uAty,a-t-y,44,4,11.561
Aty,uAty,a-t-y,45,3,6.148
Aty,uAty,a-t-y,46,2,3.11
Aty,uAty,a-t-y,47,4,7.421
Aty,uAty,a-t-y,48,2,3.571
Aty,uAty,a-t-y,51,4,11.111
Aty,uAty,a-t-y,52,3,9.615
Aty,uAty,a-t-y,57,7,12.195
Aty,uAty,a-t-y,58,2,4.237
Aty,uAty,a-t-y,59,3,6.742
Aty,uAty,a-t-y,60,4,11.494
Aty,uAty,a-t-y,61,1,4.525
Aty,uAty,a-t-y,62,1,5.714
Aty,uAty,a-t-y,63,1,5.556
Aty,uAty,a-t-y,64,2,8.299
Aty,uAty,a-t-y,65,4,13.937
Aty,uAty,a-t-y,67,2,6.006
Aty,uAty,a-t-y,68,1,3.333
Aty,uAty,a-t-y,69,3,11.628
Aty,uAty,a-t-y,71,1,4.425
Aty,uAty,a-t-y,73,1,5.025
Aty,uAty,a-t-y,74,4,15.686
Aty,uAty,a-t-y,76,1,4.115
Aty,uAty,a-t-y,78,1,5.78
Aty,uAty,a-t-y,79,1,5.587
Aty,uAty,a-t-y,84,2,18.692
Aty,uAty,a-t-y,85,1,9.174
Aty,uAty,a-t-y,88,1,10.87
Aty,uAty,a-t-y,92,1,14.085
Aty,uAty,a-t-y,98,3,31.915
Avl,uAvl,a-th-l,34,1,1.133
Avm,uAvm,a-th-m,2,13,2.126
Avm,uAvm,a-th-m,3,1,0.287
Avm,uAvm,a-th-m,4,7,1.868
Avm,uAvm,a-th-m,5,8,2.853
Avm,uAvm,a-th-m,6,2,0.656
Avm,uAvm,a-th-m,7,1,0.301
Avm,uAvm,a-th-m,24,1,0.76
Avm,uAvm,a-th-m,25,1,1.12
Avm,uAvm,a-th-m,26,1,0.759
Avm,uAvm,a-th-m,33,1,0.777
Avm,uAvm,a-th-m,42,1,1.163
Avm,uAvm,a-th-m,44,1,2.89
Avm,uAvm,a-th-m,45,1,2.049
Avm,uAvm,a-th-m,49,1,2.882
Avm,uAvm,a-th-m,52,1,3.205
Avm,uAvm,a-th-m,53,1,2.778
Avm,uAvm,a-th-m,56,1,2.639
Avm,uAvm,a-th-m,58,2,4.237
Avm,uAvm,a-th-m,68,1,3.333
Avm,uAvm,a-th-m,76,1,4.115
Avm,uAvm,a-th-m,83,1,5.917
Avr,uAvr,a-th-r,5,1,0.357
Avr,uAvr,a-th-r,12,1,0.563
Avr,uAvr,a-th-r,18,2,1.267
Avr,uAvr,a-th-r,20,3,2.247
Avr,uAvr,a-th-r,30,1,1.224
Avr,uAvr,a-th-r,36,1,1.379
Avr,uAvr,a-th-r,37,1,1.163
Avr,uAvr,a-th-r,40,2,1.641
Avr,uAvr,a-th-r,43,2,2.41
Avr,uAvr,a-th-r,46,1,1.555
Avr,uAvr,a-th-r,48,1,1.786
Avr,uAvr,a-th-r,57,1,1.742
Avr,uAvr,a-th-r,59,1,2.247
Avr,uAvr,a-th-r,74,1,3.922
Avr,uAvr,a-th-r,79,1,5.587
Avr,uAvr,a-th-r,87,1,13.889
Avv,uAvv,a-th-th,16,1,0.542
Avv,uAvv,a-th-th,19,1,1.041
Awb,uAwb,a-w-b,3,1,0.287
Awb,uAwb,a-w-b,13,2,2.345
Awb,uAwb,a-w-b,17,1,0.643
Awb,uAwb,a-w-b,34,1,1.133
Awb,uAwb,a-w-b,38,8,10.914
Awb,uAwb,a-w-b,50,1,2.681
Awb,uAwb,a-w-b,78,2,11.561
Awb,uAwb,a-w-b,88,1,10.87
Awd,uAwd,a-w-d,2,1,0.164
Awh,uAwh,a-w-h,9,1,0.4
Awh,uAwh,a-w-h,11,1,0.522
Awl,uAwl,a-w-l,2,8,1.308
Awl,uAwl,a-w-l,3,10,2.873
Awl,uAwl,a-w-l,4,6,1.601
Awl,uAwl,a-w-l,5,2,0.713
Awl,uAwl,a-w-l,6,5,1.639
Awl,uAwl,a-w-l,7,7,2.108
Awl,uAwl,a-w-l,8,6,4.866
Awl,uAwl,a-w-l,9,6,2.402
Awl,uAwl,a-w-l,10,1,0.546
Awl,uAwl,a-w-l,11,1,0.522
Awl,uAwl,a-w-l,12,10,5.627
Awl,uAwl,a-w-l,13,1,1.172
Awl,uAwl,a-w-l,14,2,2.41
Awl,uAwl,a-w-l,15,4,6.107
Awl,uAwl,a-w-l,16,1,0.542
Awl,uAwl,a-w-l,17,6,3.856
Awl,uAwl,a-w-l,18,4,2.533
Awl,uAwl,a-w-l,19,1,1.041
Awl,uAwl,a-w-l,20,6,4.494
Awl,uAwl,a-w-l,21,2,1.711
Awl,uAwl,a-w-l,23,4,3.81
Awl,uAwl,a-w-l,24,4,3.04
Awl,uAwl,a-w-l,25,1,1.12
Awl,uAwl,a-w-l,26,5,3.794
Awl,uAwl,a-w-l,27,4,3.475
Awl,uAwl,a-w-l,28,5,3.497
Awl,uAwl,a-w-l,33,2,1.554
Awl,uAwl,a-w-l,34,1,1.133
Awl,uAwl,a-w-l,35,2,2.581
Awl,uAwl,a-w-l,36,1,1.379
Awl,uAwl,a-w-l,37,5,5.814
Awl,uAwl,a-w-l,38,3,4.093
Awl,uAwl,a-w-l,39,4,3.413
Awl,uAwl,a-w-l,40,4,3.281
Awl,uAwl,a-w-l,41,1,1.259
Awl,uAwl,a-w-l,43,3,3.614
Awl,uAwl,a-w-l,44,3,8.671
Awl,uAwl,a-w-l,46,2,3.11
Awl,uAwl,a-w-l,48,1,1.786
Awl,uAwl,a-w-l,50,1,2.681
Awl,uAwl,a-w-l,53,3,8.333
Awl,uAwl,a-w-l,54,2,5.848
Awl,uAwl,a-w-l,56,5,13.193
Awl,uAwl,a-w-l,57,1,1.742
Awl,uAwl,a-w-l,59,2,4.494
Awl,uAwl,a-w-l,65,3,10.453
Awl,uAwl,a-w-l,68,1,3.333
Awl,uAwl,a-w-l,73,1,5.025
Awl,uAwl,a-w-l,77,2,11.05
Awl,uAwl,a-w-l,79,1,5.587
Awl,uAwl,a-w-l,83,1,5.917
Awl,uAwl,a-w-l,87,1,13.889
Awl,uAwl,a-w-l,92,1,14.085
Awl,uAwl,a-w-l,93,1,25
Awy,uAwy,a-w-y,3,3,0.862
Awy,uAwy,a-w-y,4,2,0.534
Awy,uAwy,a-w-y,5,1,0.357
Awy,uAwy,a-w-y,8,4,3.244
Awy,uAwy,a-w-y,9,2,0.801
Awy,uAwy,a-w-y,10,1,0.546
Awy,uAwy,a-w-y,11,2,1.043
Awy,uAwy,a-w-y,12,2,1.125
Awy,uAwy,a-w-y,13,1,1.172
Awy,uAwy,a-w-y,17,1,0.643
Awy,uAwy,a-w-y,18,3,1.9
Awy,uAwy,a-w-y,23,1,0.952
Awy,uAwy,a-w-y,24,1,0.76
Awy,uAwy,a-w-y,29,1,1.025
Awy,uAwy,a-w-y,32,2,5.376
Awy,uAwy,a-w-y,33,1,0.777
Awy,uAwy,a-w-y,45,1,2.049
Awy,uAwy,a-w-y,53,1,2.778
Awy,uAwy,a-w-y,57,1,1.742
Awy,uAwy,a-w-y,66,1,4.016
Awy,uAwy,a-w-y,70,1,4.608
Awy,uAwy,a-w-y,79,2,11.173
Awy,uAwy,a-w-y,93,1,25
Ax*,uAxdh,a-kh-dh,2,25,4.088
Ax*,uAxdh,a-kh-dh,3,9,2.585
Ax*,uAxdh,a-kh-dh,4,23,6.138
Ax*,uAxdh,a-kh-dh,5,13,4.636
Ax*,uAxdh,a-kh-dh,6,7,2.295
Ax*,uAxdh,a-kh-dh,7,29,8.735
Ax*,uAxdh,a-kh-dh,8,3,2.433
Ax*,uAxdh,a-kh-dh,9,10,4.003
Ax*,uAxdh,a-kh-dh,10,2,1.091
Ax*,uAxdh,a-kh-dh,11,8,4.173
Ax*,uAxdh,a-kh-dh,12,5,2.814
Ax*,uAxdh,a-kh-dh,13,2,2.345
Ax*,uAxdh,a-kh-dh,15,2,3.053
Ax*,uAxdh,a-kh-dh,16,9,4.881
Ax*,uAxdh,a-kh-dh,17,4,2.571
Ax*,uAxdh,a-kh-dh,18,15,9.5
Ax*,uAxdh,a-kh-dh,19,8,8.325
Ax*,uAxdh,a-kh-dh,20,3,2.247
Ax*,uAxdh,a-kh-dh,21,6,5.133
Ax*,uAxdh,a-kh-dh,22,2,1.57
Ax*,uAxdh,a-kh-dh,23,5,4.762
Ax*,uAxdh,a-kh-dh,24,1,0.76
Ax*,uAxdh,a-kh-dh,25,9,10.078
Ax*,uAxdh,a-kh-dh,26,5,3.794
Ax*,uAxdh,a-kh-dh,28,2,1.399
Ax*,uAxdh,a-kh-dh,29,7,7.172
Ax*,uAxdh,a-kh-dh,31,1,1.832
Ax*,uAxdh,a-kh-dh,33,3,2.331
Ax*,uAxdh,a-kh-dh,34,1,1.133
Ax*,uAxdh,a-kh-dh,35,3,3.871
Ax*,uAxdh,a-kh-dh,36,3,4.138
Ax*,uAxdh,a-kh-dh,38,2,2.729
Ax*,uAxdh,a-kh-dh,39,3,2.56
Ax*,uAxdh,a-kh-dh,40,4,3.281
Ax*,uAxdh,a-kh-dh,41,1,1.259
Ax*,uAxdh,a-kh-dh,42,2,2.326
Ax*,uAxdh,a-kh-dh,43,3,3.614
Ax*,uAxdh,a-kh-dh,44,1,2.89
Ax*,uAxdh,a-kh-dh,45,4,8.197
Ax*,uAxdh,a-kh-dh,46,1,1.555
Ax*,uAxdh,a-kh-dh,48,3,5.357
Ax*,uAxdh,a-kh-dh,51,3,8.333
Ax*,uAxdh,a-kh-dh,54,2,5.848
Ax*,uAxdh,a-kh-dh,55,1,2.849
Ax*,uAxdh,a-kh-dh,57,2,3.484
Ax*,uAxdh,a-kh-dh,58,1,2.119
Ax*,uAxdh,a-kh-dh,59,1,2.247
Ax*,uAxdh,a-kh-dh,60,1,2.874
Ax*,uAxdh,a-kh-dh,63,1,5.556
Ax*,uAxdh,a-kh-dh,69,4,15.504
Ax*,uAxdh,a-kh-dh,72,1,3.509
Ax*,uAxdh,a-kh-dh,73,4,20.101
Ax*,uAxdh,a-kh-dh,76,1,4.115
Ax*,uAxdh,a-kh-dh,78,1,5.78
Ax*,uAxdh,a-kh-dh,79,1,5.587
Axr,uAxr,a-kh-r,2,21,3.434
Axr,uAxr,a-kh-r,3,14,4.022
Axr,uAxr,a-kh-r,4,12,3.203
Axr,uAxr,a-kh-r,5,9,3.21
Axr,uAxr,a-kh-r,6,8,2.623
Axr,uAxr,a-kh-r,7,7,2.108
Axr,uAxr,a-kh-r,8,2,1.622
Axr,uAxr,a-kh-r,9,13,5.204
Axr,uAxr,a-kh-r,10,3,1.637
Axr,uAxr,a-kh-r,11,6,3.13
Axr,uAxr,a-kh-r,12,8,4.502
Axr,uAxr,a-kh-r,13,2,2.345
Axr,uAxr,a-kh-r,14,5,6.024
Axr,uAxr,a-kh-r,15,3,4.58
Axr,uAxr,a-kh-r,16,9,4.881
Axr,uAxr,a-kh-r,17,12,7.712
Axr,uAxr,a-kh-r,20,5,3.745
Axr,uAxr,a-kh-r,21,1,0.855
Axr,uAxr,a-kh-r,22,2,1.57
Axr,uAxr,a-kh-r,23,7,6.667
Axr,uAxr,a-kh-r,24,4,3.04
Axr,uAxr,a-kh-r,25,2,2.24
Axr,uAxr,a-kh-r,26,5,3.794
Axr,uAxr,a-kh-r,27,4,3.475
Axr,uAxr,a-kh-r,28,4,2.797
Axr,uAxr,a-kh-r,29,4,4.098
Axr,uAxr,a-kh-r,30,2,2.448
Axr,uAxr,a-kh-r,31,1,1.832
Axr,uAxr,a-kh-r,33,3,2.331
Axr,uAxr,a-kh-r,34,4,4.53
Axr,uAxr,a-kh-r,35,2,2.581
Axr,uAxr,a-kh-r,37,6,6.977
Axr,uAxr,a-kh-r,38,3,4.093
Axr,uAxr,a-kh-r,39,6,5.119
Axr,uAxr,a-kh-r,40,2,1.641
Axr,uAxr,a-kh-r,41,3,3.778
Axr,uAxr,a-kh-r,42,2,2.326
Axr,uAxr,a-kh-r,43,2,2.41
Axr,uAxr,a-kh-r,44,1,2.89
Axr,uAxr,a-kh-r,48,2,3.571
Axr,uAxr,a-kh-r,49,1,2.882
Axr,uAxr,a-kh-r,50,1,2.681
Axr,uAxr,a-kh-r,51,1,2.778
Axr,uAxr,a-kh-r,53,6,16.667
Axr,uAxr,a-kh-r,56,3,7.916
Axr,uAxr,a-kh-r,57,2,3.484
Axr,uAxr,a-kh-r,58,1,2.119
Axr,uAxr,a-kh-r,59,1,2.247
Axr,uAxr,a-kh-r,60,2,5.747
Axr,uAxr,a-kh-r,61,1,4.525
Axr,uAxr,a-kh-r,62,1,5.714
Axr,uAxr,a-kh-r,63,2,11.111
Axr,uAxr,a-kh-r,65,2,6.969
Axr,uAxr,a-kh-r,68,1,3.333
Axr,uAxr,a-kh-r,71,2,8.85
Axr,uAxr,a-kh-r,73,2,10.05
Axr,uAxr,a-kh-r,74,2,7.843
Axr,uAxr,a-kh-r,75,2,12.195
Axr,uAxr,a-kh-r,77,1,5.525
Axr,uAxr,a-kh-r,79,1,5.587
Axr,uAxr,a-kh-r,82,1,12.5
Axr,uAxr,a-kh-r,87,1,13.889
Axr,uAxr,a-kh-r,92,1,14.085
Axr,uAxr,a-kh-r,93,1,25
Axw,uAxw,a-kh-w,2,2,0.327
Axw,uAxw,a-kh-w,3,3,0.862
Axw,uAxw,a-kh-w,4,10,2.669
Axw,uAxw,a-kh-w,5,4,1.427
Axw,uAxw,a-kh-w,6,1,0.328
Axw,uAxw,a-kh-w,7,9,2.711
Axw,uAxw,a-kh-w,9,3,1.201
Axw,uAxw,a-kh-w,10,1,0.546
Axw,uAxw,a-kh-w,11,3,1.565
Axw,uAxw,a-kh-w,12,19,10.692
Axw,uAxw,a-kh-w,15,1,1.527
Axw,uAxw,a-kh-w,17,1,0.643
Axw,uAxw,a-kh-w,19,2,2.081
Axw,uAxw,a-kh-w,20,3,2.247
Axw,uAxw,a-kh-w,23,1,0.952
Axw,uAxw,a-kh-w,24,5,3.799
Axw,uAxw,a-kh-w,25,1,1.12
Axw,uAxw,a-kh-w,26,5,3.794
Axw,uAxw,a-kh-w,27,1,0.869
Axw,uAxw,a-kh-w,28,3,2.098
Axw,uAxw,a-kh-w,29,1,1.025
Axw,uAxw,a-kh-w,33,5,3.885
Axw,uAxw,a-kh-w,38,1,1.364
Axw,uAxw,a-kh-w,43,1,1.205
Axw,uAxw,a-kh-w,46,1,1.555
Axw,uAxw,a-kh-w,49,3,8.646
Axw,uAxw,a-kh-w,50,1,2.681
Axw,uAxw,a-kh-w,58,1,2.119
Axw,uAxw,a-kh-w,59,2,4.494
Axw,uAxw,a-kh-w,70,1,4.608
Axw,uAxw,a-kh-w,80,1,7.519
Ayd,uAyd,a-y-d,2,2,0.327
Ayd,uAyd,a-y-d,3,1,0.287
Ayd,uAyd,a-y-d,5,1,0.357
Ayd,uAyd,a-y-d,8,2,1.622
Ayd,uAyd,a-y-d,9,1,0.4
Ayd,uAyd,a-y-d,38,1,1.364
Ayd,uAyd,a-y-d,51,1,2.778
Ayd,uAyd,a-y-d,58,1,2.119
Ayd,uAyd,a-y-d,61,1,4.525
Aym,uAym,a-y-m,24,1,0.76
Ayy,uAyy,a-y-y,2,23,3.761
Ayy,uAyy,a-y-y,3,24,6.895
Ayy,uAyy,a-y-y,4,3,0.801
Ayy,uAyy,a-y-y,5,6,2.14
Ayy,uAyy,a-y-y,6,32,10.492
Ayy,uAyy,a-y-y,7,29,8.735
Ayy,uAyy,a-y-y,8,4,3.244
Ayy,uAyy,a-y-y,9,3,1.201
Ayy,uAyy,a-y-y,10,18,9.82
Ayy,uAyy,a-y-y,11,5,2.608
Ayy,uAyy,a-y-y,12,4,2.251
Ayy,uAyy,a-y-y,13,7,8.206
Ayy,uAyy,a-y-y,14,2,2.41
Ayy,uAyy,a-y-y,15,4,6.107
Ayy,uAyy,a-y-y,16,11,5.965
Ayy,uAyy,a-y-y,17,8,5.141
Ayy,uAyy,a-y-y,18,6,3.8
Ayy,uAyy,a-y-y,19,6,6.243
Ayy,uAyy,a-y-y,20,11,8.24
Ayy,uAyy,a-y-y,21,5,4.277
Ayy,uAyy,a-y-y,22,6,4.71
Ayy,uAyy,a-y-y,23,6,5.714
Ayy,uAyy,a-y-y,24,7,5.319
Ayy,uAyy,a-y-y,25,3,3.359
Ayy,uAyy,a-y-y,26,14,10.622
Ayy,uAyy,a-y-y,27,10,8.688
Ayy,uAyy,a-y-y,28,7,4.895
Ayy,uAyy,a-y-y,29,10,10.246
Ayy,uAyy,a-y-y,30,17,20.808
Ayy,uAyy,a-y-y,31,5,9.158
Ayy,uAyy,a-y-y,32,4,10.753
Ayy,uAyy,a-y-y,33,1,0.777
Ayy,uAyy,a-y-y,34,6,6.795
Ayy,uAyy,a-y-y,36,5,6.897
Ayy,uAyy,a-y-y,37,1,1.163
Ayy,uAyy,a-y-y,38,1,1.364
Ayy,uAyy,a-y-y,39,5,4.266
Ayy,uAyy,a-y-y,40,10,8.203
Ayy,uAyy,a-y-y,41,8,10.076
Ayy,uAyy,a-y-y,42,4,4.651
Ayy,uAyy,a-y-y,43,4,4.819
Ayy,uAyy,a-y-y,44,1,2.89
Ayy,uAyy,a-y-y,45,12,24.59
Ayy,uAyy,a-y-y,46,3,4.666
Ayy,uAyy,a-y-y,48,1,1.786
Ayy,uAyy,a-y-y,51,2,5.556
Ayy,uAyy,a-y-y,53,1,2.778
Ayy,uAyy,a-y-y,54,3,8.772
Ayy,uAyy,a-y-y,57,3,5.226
Ayy,uAyy,a-y-y,58,1,2.119
Ayy,uAyy,a-y-y,62,2,11.429
Ayy,uAyy,a-y-y,64,1,4.149
Ayy,uAyy,a-y-y,65,1,3.484
Ayy,uAyy,a-y-y,68,1,3.333
Ayy,uAyy,a-y-y,74,1,3.922
Ayy,uAyy,a-y-y,78,1,5.78
Ayy,uAyy,a-y-y,79,1,5.587
Ayy,uAyy,a-y-y,83,1,5.917
Ayy,uAyy,a-y-y,90,1,12.195
Azf,uAzf,a-z-f,40,1,0.82
Azf,uAzf,a-z-f,53,2,5.556
Azr,uAzr,a-z-r,20,1,0.749
Azr,uAzr,a-z-r,48,1,1.786
Azz,uAzz,a-z-z,19,2,2.081
DAn,uDuAn,ḍ-a-n,6,1,0.328
DEf,uDuEf,ḍ-ʿ-f,2,6,0.981
DEf,uDuEf,ḍ-ʿ-f,3,3,0.862
DEf,uDuEf,ḍ-ʿ-f,4,8,2.135
DEf,uDuEf,ḍ-ʿ-f,7,5,1.506
DEf,uDuEf,ḍ-ʿ-f,8,2,1.622
DEf,uDuEf,ḍ-ʿ-f,9,1,0.4
DEf,uDuEf,ḍ-ʿ-f,11,2,1.043
DEf,uDuEf,ḍ-ʿ-f,14,1,1.205
DEf,uDuEf,ḍ-ʿ-f,17,2,1.285
DEf,uDuEf,ḍ-ʿ-f,19,1,1.041
DEf,uDuEf,ḍ-ʿ-f,22,1,0.785
DEf,uDuEf,ḍ-ʿ-f,25,1,1.12
DEf,uDuEf,ḍ-ʿ-f,28,2,1.399
DEf,uDuEf,ḍ-ʿ-f,30,4,4.896
DEf,uDuEf,ḍ-ʿ-f,33,3,2.331
DEf,uDuEf,ḍ-ʿ-f,34,4,4.53
DEf,uDuEf,ḍ-ʿ-f,38,1,1.364
DEf,uDuEf,ḍ-ʿ-f,40,1,0.82
DEf,uDuEf,ḍ-ʿ-f,57,2,3.484
DEf,uDuEf,ḍ-ʿ-f,64,1,4.149
DEf,uDuEf,ḍ-ʿ-f,72,1,3.509
DHk,uDuHk,ḍ-ḥ-k,9,1,0.4
DHk,uDuHk,ḍ-ḥ-k,11,1,0.522
DHk,uDuHk,ḍ-ḥ-k,23,1,0.952
DHk,uDuHk,ḍ-ḥ-k,27,1,0.869
DHk,uDuHk,ḍ-ḥ-k,43,1,1.205
DHk,uDuHk,ḍ-ḥ-k,53,2,5.556
DHk,uDuHk,ḍ-ḥ-k,80,1,7.519
DHk,uDuHk,ḍ-ḥ-k,83,2,11.834
DHw,uDuHw,ḍ-ḥ-w,7,1,0.301
DHw,uDuHw,ḍ-ḥ-w,20,2,1.498
DHw,uDuHw,ḍ-ḥ-w,79,2,11.173
DHw,uDuHw,ḍ-ḥ-w,91,1,18.519
DHw,uDuHw,ḍ-ḥ-w,93,1,25
DbH,uDbuH,ḍ-b-ḥ,100,1,25
Ddd,uDdd,ḍ-d-d,19,1,1.041
DfdE,uDfduE,ḍ-f-d-ʿ,7,1,0.301
Dgn,uDgn,ḍ-gh-n,47,2,3.711
Dgv,uDgv,ḍ-gh-th,12,1,0.563
Dgv,uDgv,ḍ-gh-th,21,1,0.855
Dgv,uDgv,ḍ-gh-th,38,1,1.364
DhA,uDhuA,ḍ-h-a,9,1,0.4
DjE,uDjuE,ḍ-j-ʿ,3,1,0.287
DjE,uDjuE,ḍ-j-ʿ,4,1,0.267
DjE,uDjuE,ḍ-j-ʿ,32,1,2.688
Dll,uDll,ḍ-l-l,1,1,34.483
Dll,uDll,ḍ-l-l,2,7,1.145
Dll,uDll,ḍ-l-l,3,4,1.149
Dll,uDll,ḍ-l-l,4,17,4.537
Dll,uDll,ḍ-l-l,5,6,2.14
Dll,uDll,ḍ-l-l,6,12,3.934
Dll,uDll,ḍ-l-l,7,11,3.313
Dll,uDll,ḍ-l-l,9,2,0.801
Dll,uDll,ḍ-l-l,10,5,2.728
Dll,uDll,ḍ-l-l,11,1,0.522
Dll,uDll,ḍ-l-l,12,3,1.688
Dll,uDll,ḍ-l-l,13,3,3.517
Dll,uDll,ḍ-l-l,14,6,7.229
Dll,uDll,ḍ-l-l,15,1,1.527
Dll,uDll,ḍ-l-l,16,6,3.254
Dll,uDll,ḍ-l-l,17,6,3.856
Dll,uDll,ḍ-l-l,18,3,1.9
Dll,uDll,ḍ-l-l,19,2,2.081
Dll,uDll,ḍ-l-l,20,5,3.745
Dll,uDll,ḍ-l-l,21,1,0.855
Dll,uDll,ḍ-l-l,22,3,2.355
Dll,uDll,ḍ-l-l,23,1,0.952
Dll,uDll,ḍ-l-l,25,8,8.959
Dll,uDll,ḍ-l-l,26,4,3.035
Dll,uDll,ḍ-l-l,27,2,1.738
Dll,uDll,ḍ-l-l,28,4,2.797
Dll,uDll,ḍ-l-l,30,2,2.448
Dll,uDll,ḍ-l-l,31,2,3.663
Dll,uDll,ḍ-l-l,32,1,2.688
Dll,uDll,ḍ-l-l,33,3,2.331
Dll,uDll,ḍ-l-l,34,4,4.53
Dll,uDll,ḍ-l-l,35,1,1.29
Dll,uDll,ḍ-l-l,36,3,4.138
Dll,uDll,ḍ-l-l,37,2,2.326
Dll,uDll,ḍ-l-l,38,2,2.729
Dll,uDll,ḍ-l-l,39,7,5.973
Dll,uDll,ḍ-l-l,40,6,4.922
Dll,uDll,ḍ-l-l,41,3,3.778
Dll,uDll,ḍ-l-l,42,3,3.488
Dll,uDll,ḍ-l-l,43,1,1.205
Dll,uDll,ḍ-l-l,45,1,2.049
Dll,uDll,ḍ-l-l,46,3,4.666
Dll,uDll,ḍ-l-l,47,3,5.566
Dll,uDll,ḍ-l-l,50,1,2.681
Dll,uDll,ḍ-l-l,53,2,5.556
Dll,uDll,ḍ-l-l,54,2,5.848
Dll,uDll,ḍ-l-l,56,2,5.277
Dll,uDll,ḍ-l-l,60,1,2.874
Dll,uDll,ḍ-l-l,62,1,5.714
Dll,uDll,ḍ-l-l,67,2,6.006
Dll,uDll,ḍ-l-l,68,2,6.667
Dll,uDll,ḍ-l-l,71,3,13.274
Dll,uDll,ḍ-l-l,74,1,3.922
Dll,uDll,ḍ-l-l,83,1,5.917
Dll,uDll,ḍ-l-l,93,1,25
Dll,uDll,ḍ-l-l,105,1,43.478
Dmm,uDmm,ḍ-m-m,20,1,0.749
Dmm,uDmm,ḍ-m-m,28,1,0.699
Dmr,uDmr,ḍ-m-r,22,1,0.785
Dnk,uDnk,ḍ-n-k,20,1,0.749
Dnn,uDnn,ḍ-n-n,81,1,9.615
DrE,uDruE,ḍ-r-ʿ,6,3,0.984
DrE,uDruE,ḍ-r-ʿ,7,3,0.904
DrE,uDruE,ḍ-r-ʿ,23,1,0.952
DrE,uDruE,ḍ-r-ʿ,88,1,10.87
Drb,uDrb,ḍ-r-b,2,5,0.818
Drb,uDrb,ḍ-r-b,3,3,0.862
Drb,uDrb,ḍ-r-b,4,3,0.801
Drb,uDrb,ḍ-r-b,5,1,0.357
Drb,uDrb,ḍ-r-b,7,1,0.301
Drb,uDrb,ḍ-r-b,8,3,2.433
Drb,uDrb,ḍ-r-b,13,2,2.345
Drb,uDrb,ḍ-r-b,14,3,3.614
Drb,uDrb,ḍ-r-b,16,4,2.169
Drb,uDrb,ḍ-r-b,17,1,0.643
Drb,uDrb,ḍ-r-b,18,3,1.9
Drb,uDrb,ḍ-r-b,20,1,0.749
Drb,uDrb,ḍ-r-b,22,1,0.785
Drb,uDrb,ḍ-r-b,24,3,2.28
Drb,uDrb,ḍ-r-b,25,2,2.24
Drb,uDrb,ḍ-r-b,26,1,0.759
Drb,uDrb,ḍ-r-b,29,1,1.025
Drb,uDrb,ḍ-r-b,30,2,2.448
Drb,uDrb,ḍ-r-b,36,2,2.759
Drb,uDrb,ḍ-r-b,37,1,1.163
Drb,uDrb,ḍ-r-b,38,1,1.364
Drb,uDrb,ḍ-r-b,39,2,1.706
Drb,uDrb,ḍ-r-b,43,4,4.819
Drb,uDrb,ḍ-r-b,47,3,5.566
Drb,uDrb,ḍ-r-b,57,1,1.742
Drb,uDrb,ḍ-r-b,59,1,2.247
Drb,uDrb,ḍ-r-b,66,2,8.032
Drb,uDrb,ḍ-r-b,73,1,5.025
Drr,uDrr,ḍ-r-r,2,9,1.472
Drr,uDrr,ḍ-r-r,3,6,1.724
Drr,uDrr,ḍ-r-r,4,3,0.801
Drr,uDrr,ḍ-r-r,5,4,1.427
Drr,uDrr,ḍ-r-r,6,5,1.639
Drr,uDrr,ḍ-r-r,7,3,0.904
Drr,uDrr,ḍ-r-r,9,2,0.801
Drr,uDrr,ḍ-r-r,10,8,4.364
Drr,uDrr,ḍ-r-r,11,2,1.043
Drr,uDrr,ḍ-r-r,12,1,0.563
Drr,uDrr,ḍ-r-r,13,1,1.172
Drr,uDrr,ḍ-r-r,16,3,1.627
Drr,uDrr,ḍ-r-r,17,2,1.285
Drr,uDrr,ḍ-r-r,20,1,0.749
Drr,uDrr,ḍ-r-r,21,3,2.566
Drr,uDrr,ḍ-r-r,22,2,1.57
Drr,uDrr,ḍ-r-r,23,1,0.952
Drr,uDrr,ḍ-r-r,25,2,2.24
Drr,uDrr,ḍ-r-r,26,1,0.759
Drr,uDrr,ḍ-r-r,27,1,0.869
Drr,uDrr,ḍ-r-r,30,1,1.224
Drr,uDrr,ḍ-r-r,31,1,1.832
Drr,uDrr,ḍ-r-r,34,1,1.133
Drr,uDrr,ḍ-r-r,36,1,1.379
Drr,uDrr,ḍ-r-r,39,4,3.413
Drr,uDrr,ḍ-r-r,41,1,1.259
Drr,uDrr,ḍ-r-r,47,1,1.855
Drr,uDrr,ḍ-r-r,48,1,1.786
Drr,uDrr,ḍ-r-r,58,1,2.119
Drr,uDrr,ḍ-r-r,65,1,3.484
Drr,uDrr,ḍ-r-r,72,1,3.509
DwA,uDwuA,ḍ-w-a,2,2,0.327
DwA,uDwuA,ḍ-w-a,10,1,0.546
DwA,uDwuA,ḍ-w-a,21,1,0.855
DwA,uDwuA,ḍ-w-a,24,1,0.76
DwA,uDwuA,ḍ-w-a,28,1,0.699
DyE,uDyuE,ḍ-y-ʿ,2,1,0.164
DyE,uDyuE,ḍ-y-ʿ,3,2,0.575
DyE,uDyuE,ḍ-y-ʿ,7,1,0.301
DyE,uDyuE,ḍ-y-ʿ,9,1,0.4
DyE,uDyuE,ḍ-y-ʿ,11,1,0.522
DyE,uDyuE,ḍ-y-ʿ,12,2,1.125
DyE,uDyuE,ḍ-y-ʿ,18,1,0.633
DyE,uDyuE,ḍ-y-ʿ,19,1,1.041
Dyf,uDyf,ḍ-y-f,11,1,0.522
Dyf,uDyf,ḍ-y-f,15,2,3.053
Dyf,uDyf,ḍ-y-f,18,1,0.633
Dyf,uDyf,ḍ-y-f,51,1,2.778
Dyf,uDyf,ḍ-y-f,54,1,2.924
Dyq,uDyq,ḍ-y-q,6,1,0.328
Dyq,uDyq,ḍ-y-q,9,3,1.201
Dyq,uDyq,ḍ-y-q,11,2,1.043
Dyq,uDyq,ḍ-y-q,15,1,1.527
Dyq,uDyq,ḍ-y-q,16,1,0.542
Dyq,uDyq,ḍ-y-q,25,1,1.12
Dyq,uDyq,ḍ-y-q,26,1,0.759
Dyq,uDyq,ḍ-y-q,27,1,0.869
Dyq,uDyq,ḍ-y-q,29,1,1.025
Dyq,uDyq,ḍ-y-q,65,1,3.484
Dyr,uDyr,ḍ-y-r,26,1,0.759
Dyz,uDyz,ḍ-y-z,53,1,2.778
E$r,uEshr,ʿ-sh-r,2,3,0.491
E$r,uEshr,ʿ-sh-r,4,1,0.267
E$r,uEshr,ʿ-sh-r,5,2,0.713
E$r,uEshr,ʿ-sh-r,6,3,0.984
E$r,uEshr,ʿ-sh-r,7,3,0.904
E$r,uEshr,ʿ-sh-r,8,1,0.811
E$r,uEshr,ʿ-sh-r,9,2,0.801
E$r,uEshr,ʿ-sh-r,11,1,0.522
E$r,uEshr,ʿ-sh-r,12,1,0.563
E$r,uEshr,ʿ-sh-r,20,1,0.749
E$r,uEshr,ʿ-sh-r,22,1,0.785
E$r,uEshr,ʿ-sh-r,26,1,0.759
E$r,uEshr,ʿ-sh-r,28,1,0.699
E$r,uEshr,ʿ-sh-r,34,1,1.133
E$r,uEshr,ʿ-sh-r,55,1,2.849
E$r,uEshr,ʿ-sh-r,58,1,2.119
E$r,uEshr,ʿ-sh-r,74,1,3.922
E$r,uEshr,ʿ-sh-r,81,1,9.615
E$r,uEshr,ʿ-sh-r,89,1,7.299
E$w,uEshw,ʿ-sh-w,3,1,0.287
E$w,uEshw,ʿ-sh-w,6,1,0.328
E$w,uEshw,ʿ-sh-w,12,1,0.563
E$w,uEshw,ʿ-sh-w,18,1,0.633
E$w,uEshw,ʿ-sh-w,19,2,2.081
E$w,uEshw,ʿ-sh-w,24,1,0.76
E$w,uEshw,ʿ-sh-w,30,1,1.224
E$w,uEshw,ʿ-sh-w,38,2,2.729
E$w,uEshw,ʿ-sh-w,40,2,1.641
E$w,uEshw,ʿ-sh-w,43,1,1.205
E$w,uEshw,ʿ-sh-w,79,1,5.587
E*b,uEdhb,ʿ-dh-b,2,19,3.107
E*b,uEdhb,ʿ-dh-b,3,19,5.458
E*b,uEdhb,ʿ-dh-b,4,13,3.469
E*b,uEdhb,ʿ-dh-b,5,15,5.35
E*b,uEdhb,ʿ-dh-b,6,10,3.279
E*b,uEdhb,ʿ-dh-b,7,10,3.012
E*b,uEdhb,ʿ-dh-b,8,8,6.488
E*b,uEdhb,ʿ-dh-b,9,19,7.606
E*b,uEdhb,ʿ-dh-b,10,9,4.91
E*b,uEdhb,ʿ-dh-b,11,13,6.781
E*b,uEdhb,ʿ-dh-b,12,2,1.125
E*b,uEdhb,ʿ-dh-b,13,2,2.345
E*b,uEdhb,ʿ-dh-b,14,7,8.434
E*b,uEdhb,ʿ-dh-b,15,2,3.053
E*b,uEdhb,ʿ-dh-b,16,11,5.965
E*b,uEdhb,ʿ-dh-b,17,7,4.499
E*b,uEdhb,ʿ-dh-b,18,6,3.8
E*b,uEdhb,ʿ-dh-b,19,3,3.122
E*b,uEdhb,ʿ-dh-b,20,6,4.494
E*b,uEdhb,ʿ-dh-b,21,1,0.855
E*b,uEdhb,ʿ-dh-b,22,9,7.064
E*b,uEdhb,ʿ-dh-b,23,3,2.857
E*b,uEdhb,ʿ-dh-b,24,7,5.319
E*b,uEdhb,ʿ-dh-b,25,7,7.839
E*b,uEdhb,ʿ-dh-b,26,9,6.829
E*b,uEdhb,ʿ-dh-b,27,3,2.606
E*b,uEdhb,ʿ-dh-b,28,1,0.699
E*b,uEdhb,ʿ-dh-b,29,8,8.197
E*b,uEdhb,ʿ-dh-b,30,1,1.224
E*b,uEdhb,ʿ-dh-b,31,4,7.326
E*b,uEdhb,ʿ-dh-b,32,4,10.753
E*b,uEdhb,ʿ-dh-b,33,6,4.662
E*b,uEdhb,ʿ-dh-b,34,9,10.193
E*b,uEdhb,ʿ-dh-b,35,4,5.161
E*b,uEdhb,ʿ-dh-b,36,1,1.379
E*b,uEdhb,ʿ-dh-b,37,5,5.814
E*b,uEdhb,ʿ-dh-b,38,4,5.457
E*b,uEdhb,ʿ-dh-b,39,12,10.239
E*b,uEdhb,ʿ-dh-b,40,4,3.281
E*b,uEdhb,ʿ-dh-b,41,5,6.297
E*b,uEdhb,ʿ-dh-b,42,6,6.977
E*b,uEdhb,ʿ-dh-b,43,5,6.024
E*b,uEdhb,ʿ-dh-b,44,6,17.341
E*b,uEdhb,ʿ-dh-b,45,4,8.197
E*b,uEdhb,ʿ-dh-b,46,5,7.776
E*b,uEdhb,ʿ-dh-b,48,8,14.286
E*b,uEdhb,ʿ-dh-b,50,1,2.681
E*b,uEdhb,ʿ-dh-b,51,1,2.778
E*b,uEdhb,ʿ-dh-b,52,4,12.821
E*b,uEdhb,ʿ-dh-b,54,7,20.468
E*b,uEdhb,ʿ-dh-b,57,2,3.484
E*b,uEdhb,ʿ-dh-b,58,5,10.593
E*b,uEdhb,ʿ-dh-b,59,3,6.742
E*b,uEdhb,ʿ-dh-b,61,1,4.525
E*b,uEdhb,ʿ-dh-b,64,1,4.149
E*b,uEdhb,ʿ-dh-b,65,3,10.453
E*b,uEdhb,ʿ-dh-b,67,3,9.009
E*b,uEdhb,ʿ-dh-b,68,2,6.667
E*b,uEdhb,ʿ-dh-b,70,4,18.433
E*b,uEdhb,ʿ-dh-b,71,1,4.425
E*b,uEdhb,ʿ-dh-b,72,1,3.509
E*b,uEdhb,ʿ-dh-b,73,1,5.025
E*b,uEdhb,ʿ-dh-b,76,1,4.115
E*b,uEdhb,ʿ-dh-b,78,2,11.561
E*b,uEdhb,ʿ-dh-b,84,1,9.346
E*b,uEdhb,ʿ-dh-b,85,2,18.349
E*b,uEdhb,ʿ-dh-b,88,2,21.739
E*b,uEdhb,ʿ-dh-b,89,3,21.898
E*r,uEdhr,ʿ-dh-r,7,1,0.301
E*r,uEdhr,ʿ-dh-r,9,4,1.601
E*r,uEdhr,ʿ-dh-r,18,1,0.633
E*r,uEdhr,ʿ-dh-r,30,1,1.224
E*r,uEdhr,ʿ-dh-r,40,1,0.82
E*r,uEdhr,ʿ-dh-r,66,1,4.016
E*r,uEdhr,ʿ-dh-r,75,1,6.098
E*r,uEdhr,ʿ-dh-r,77,2,11.05
EDD,uEuDuD,ʿ-ḍ-ḍ,3,1,0.287
EDD,uEuDuD,ʿ-ḍ-ḍ,25,1,1.12
EDd,uEuDd,ʿ-ḍ-d,18,1,0.633
EDd,uEuDd,ʿ-ḍ-d,28,1,0.699
EDl,uEuDl,ʿ-ḍ-l,2,1,0.164
EDl,uEuDl,ʿ-ḍ-l,4,1,0.267
EDw,uEuDw,ʿ-ḍ-w,15,1,1.527
ESb,uEuSb,ʿ-ṣ-b,11,1,0.522
ESb,uEuSb,ʿ-ṣ-b,12,2,1.125
ESb,uEuSb,ʿ-ṣ-b,24,1,0.76
ESb,uEuSb,ʿ-ṣ-b,28,1,0.699
ESf,uEuSf,ʿ-ṣ-f,10,1,0.546
ESf,uEuSf,ʿ-ṣ-f,14,1,1.205
ESf,uEuSf,ʿ-ṣ-f,21,1,0.855
ESf,uEuSf,ʿ-ṣ-f,55,1,2.849
ESf,uEuSf,ʿ-ṣ-f,77,2,11.05
ESf,uEuSf,ʿ-ṣ-f,105,1,43.478
ESm,uEuSm,ʿ-ṣ-m,3,2,0.575
ESm,uEuSm,ʿ-ṣ-m,4,2,0.534
ESm,uEuSm,ʿ-ṣ-m,5,1,0.357
ESm,uEuSm,ʿ-ṣ-m,10,1,0.546
ESm,uEuSm,ʿ-ṣ-m,11,2,1.043
ESm,uEuSm,ʿ-ṣ-m,12,1,0.563
ESm,uEuSm,ʿ-ṣ-m,22,1,0.785
ESm,uEuSm,ʿ-ṣ-m,33,1,0.777
ESm,uEuSm,ʿ-ṣ-m,40,1,0.82
ESm,uEuSm,ʿ-ṣ-m,60,1,2.874
ESr,uEuSr,ʿ-ṣ-r,2,1,0.164
ESr,uEuSr,ʿ-ṣ-r,12,2,1.125
ESr,uEuSr,ʿ-ṣ-r,78,1,5.78
ESr,uEuSr,ʿ-ṣ-r,103,1,71.429
ESw,uEuSw,ʿ-ṣ-w,2,1,0.164
ESw,uEuSw,ʿ-ṣ-w,7,3,0.904
ESw,uEuSw,ʿ-ṣ-w,20,2,1.498
ESw,uEuSw,ʿ-ṣ-w,26,4,3.035
ESw,uEuSw,ʿ-ṣ-w,27,1,0.869
ESw,uEuSw,ʿ-ṣ-w,28,1,0.699
ESy,uEuSy,ʿ-ṣ-y,2,2,0.327
ESy,uEuSy,ʿ-ṣ-y,3,2,0.575
ESy,uEuSy,ʿ-ṣ-y,4,3,0.801
ESy,uEuSy,ʿ-ṣ-y,5,1,0.357
ESy,uEuSy,ʿ-ṣ-y,6,1,0.328
ESy,uEuSy,ʿ-ṣ-y,10,2,1.091
ESy,uEuSy,ʿ-ṣ-y,11,2,1.043
ESy,uEuSy,ʿ-ṣ-y,14,1,1.205
ESy,uEuSy,ʿ-ṣ-y,18,1,0.633
ESy,uEuSy,ʿ-ṣ-y,19,2,2.081
ESy,uEuSy,ʿ-ṣ-y,20,2,1.498
ESy,uEuSy,ʿ-ṣ-y,26,1,0.759
ESy,uEuSy,ʿ-ṣ-y,33,1,0.777
ESy,uEuSy,ʿ-ṣ-y,39,1,0.853
ESy,uEuSy,ʿ-ṣ-y,49,1,2.882
ESy,uEuSy,ʿ-ṣ-y,58,2,4.237
ESy,uEuSy,ʿ-ṣ-y,60,1,2.874
ESy,uEuSy,ʿ-ṣ-y,66,1,4.016
ESy,uEuSy,ʿ-ṣ-y,69,1,3.876
ESy,uEuSy,ʿ-ṣ-y,71,1,4.425
ESy,uEuSy,ʿ-ṣ-y,72,1,3.509
ESy,uEuSy,ʿ-ṣ-y,73,1,5.025
ESy,uEuSy,ʿ-ṣ-y,79,1,5.587
ETf,uEuTf,ʿ-ṭ-f,22,1,0.785
ETl,uEuTl,ʿ-ṭ-l,22,1,0.785
ETl,uEuTl,ʿ-ṭ-l,81,1,9.615
ETw,uEuTw,ʿ-ṭ-w,9,3,1.201
ETw,uEuTw,ʿ-ṭ-w,11,1,0.522
ETw,uEuTw,ʿ-ṭ-w,17,2,1.285
ETw,uEuTw,ʿ-ṭ-w,20,1,0.749
ETw,uEuTw,ʿ-ṭ-w,38,1,1.364
ETw,uEuTw,ʿ-ṭ-w,53,1,2.778
ETw,uEuTw,ʿ-ṭ-w,54,1,2.924
ETw,uEuTw,ʿ-ṭ-w,78,1,5.78
ETw,uEuTw,ʿ-ṭ-w,92,1,14.085
ETw,uEuTw,ʿ-ṭ-w,93,1,25
ETw,uEuTw,ʿ-ṭ-w,108,1,100
EZm,uEuZm,ʿ-ẓ-m,2,6,0.981
EZm,uEuZm,ʿ-ẓ-m,3,6,1.724
EZm,uEuZm,ʿ-ẓ-m,4,15,4.003
EZm,uEuZm,ʿ-ẓ-m,5,4,1.427
EZm,uEuZm,ʿ-ẓ-m,6,2,0.656
EZm,uEuZm,ʿ-ẓ-m,7,3,0.904
EZm,uEuZm,ʿ-ẓ-m,8,3,2.433
EZm,uEuZm,ʿ-ẓ-m,9,9,3.603
EZm,uEuZm,ʿ-ẓ-m,10,2,1.091
EZm,uEuZm,ʿ-ẓ-m,12,1,0.563
EZm,uEuZm,ʿ-ẓ-m,14,1,1.205
EZm,uEuZm,ʿ-ẓ-m,15,1,1.527
EZm,uEuZm,ʿ-ẓ-m,16,2,1.085
EZm,uEuZm,ʿ-ẓ-m,17,3,1.928
EZm,uEuZm,ʿ-ẓ-m,19,2,2.081
EZm,uEuZm,ʿ-ẓ-m,21,1,0.855
EZm,uEuZm,ʿ-ẓ-m,22,3,2.355
EZm,uEuZm,ʿ-ẓ-m,23,5,4.762
EZm,uEuZm,ʿ-ẓ-m,24,5,3.799
EZm,uEuZm,ʿ-ẓ-m,26,4,3.035
EZm,uEuZm,ʿ-ẓ-m,27,2,1.738
EZm,uEuZm,ʿ-ẓ-m,28,1,0.699
EZm,uEuZm,ʿ-ẓ-m,31,1,1.832
EZm,uEuZm,ʿ-ẓ-m,33,4,3.108
EZm,uEuZm,ʿ-ẓ-m,36,1,1.379
EZm,uEuZm,ʿ-ẓ-m,37,6,6.977
EZm,uEuZm,ʿ-ẓ-m,38,1,1.364
EZm,uEuZm,ʿ-ẓ-m,39,1,0.853
EZm,uEuZm,ʿ-ẓ-m,40,1,0.82
EZm,uEuZm,ʿ-ẓ-m,41,1,1.259
EZm,uEuZm,ʿ-ẓ-m,42,1,1.163
EZm,uEuZm,ʿ-ẓ-m,43,1,1.205
EZm,uEuZm,ʿ-ẓ-m,44,1,2.89
EZm,uEuZm,ʿ-ẓ-m,45,1,2.049
EZm,uEuZm,ʿ-ẓ-m,46,1,1.555
EZm,uEuZm,ʿ-ẓ-m,48,3,5.357
EZm,uEuZm,ʿ-ẓ-m,49,1,2.882
EZm,uEuZm,ʿ-ẓ-m,56,5,13.193
EZm,uEuZm,ʿ-ẓ-m,57,4,6.969
EZm,uEuZm,ʿ-ẓ-m,61,1,4.525
EZm,uEuZm,ʿ-ẓ-m,62,1,5.714
EZm,uEuZm,ʿ-ẓ-m,64,2,8.299
EZm,uEuZm,ʿ-ẓ-m,65,1,3.484
EZm,uEuZm,ʿ-ẓ-m,68,1,3.333
EZm,uEuZm,ʿ-ẓ-m,69,2,7.752
EZm,uEuZm,ʿ-ẓ-m,73,1,5.025
EZm,uEuZm,ʿ-ẓ-m,75,1,6.098
EZm,uEuZm,ʿ-ẓ-m,78,1,5.78
EZm,uEuZm,ʿ-ẓ-m,79,1,5.587
EZm,uEuZm,ʿ-ẓ-m,83,1,5.917
EbA,uEbuA,ʿ-b-a,25,1,1.12
Ebd,uEbd,ʿ-b-d,1,1,34.483
Ebd,uEbd,ʿ-b-d,2,13,2.126
Ebd,uEbd,ʿ-b-d,3,7,2.011
Ebd,uEbd,ʿ-b-d,4,4,1.068
Ebd,uEbd,ʿ-b-d,5,5,1.783
Ebd,uEbd,ʿ-b-d,6,5,1.639
Ebd,uEbd,ʿ-b-d,7,10,3.012
Ebd,uEbd,ʿ-b-d,8,2,1.622
Ebd,uEbd,ʿ-b-d,9,3,1.201
Ebd,uEbd,ʿ-b-d,10,8,4.364
Ebd,uEbd,ʿ-b-d,11,12,6.26
Ebd,uEbd,ʿ-b-d,12,3,1.688
Ebd,uEbd,ʿ-b-d,13,1,1.172
Ebd,uEbd,ʿ-b-d,14,4,4.819
Ebd,uEbd,ʿ-b-d,15,4,6.107
Ebd,uEbd,ʿ-b-d,16,6,3.254
Ebd,uEbd,ʿ-b-d,17,9,5.784
Ebd,uEbd,ʿ-b-d,18,6,3.8
Ebd,uEbd,ʿ-b-d,19,12,12.487
Ebd,uEbd,ʿ-b-d,20,2,1.498
Ebd,uEbd,ʿ-b-d,21,12,10.265
Ebd,uEbd,ʿ-b-d,22,4,3.14
Ebd,uEbd,ʿ-b-d,23,4,3.81
Ebd,uEbd,ʿ-b-d,24,2,1.52
Ebd,uEbd,ʿ-b-d,25,6,6.719
Ebd,uEbd,ʿ-b-d,26,6,4.552
Ebd,uEbd,ʿ-b-d,27,6,5.213
Ebd,uEbd,ʿ-b-d,28,2,1.399
Ebd,uEbd,ʿ-b-d,29,8,8.197
Ebd,uEbd,ʿ-b-d,30,1,1.224
Ebd,uEbd,ʿ-b-d,34,6,6.795
Ebd,uEbd,ʿ-b-d,35,4,5.161
Ebd,uEbd,ʿ-b-d,36,4,5.517
Ebd,uEbd,ʿ-b-d,37,14,16.279
Ebd,uEbd,ʿ-b-d,38,6,8.186
Ebd,uEbd,ʿ-b-d,39,16,13.652
Ebd,uEbd,ʿ-b-d,40,7,5.742
Ebd,uEbd,ʿ-b-d,41,3,3.778
Ebd,uEbd,ʿ-b-d,42,6,6.977
Ebd,uEbd,ʿ-b-d,43,9,10.843
Ebd,uEbd,ʿ-b-d,44,2,5.78
Ebd,uEbd,ʿ-b-d,46,2,3.11
Ebd,uEbd,ʿ-b-d,50,3,8.043
Ebd,uEbd,ʿ-b-d,51,1,2.778
Ebd,uEbd,ʿ-b-d,53,2,5.556
Ebd,uEbd,ʿ-b-d,54,1,2.924
Ebd,uEbd,ʿ-b-d,57,1,1.742
Ebd,uEbd,ʿ-b-d,60,1,2.874
Ebd,uEbd,ʿ-b-d,66,3,12.048
Ebd,uEbd,ʿ-b-d,71,2,8.85
Ebd,uEbd,ʿ-b-d,72,1,3.509
Ebd,uEbd,ʿ-b-d,76,1,4.115
Ebd,uEbd,ʿ-b-d,89,1,7.299
Ebd,uEbd,ʿ-b-d,96,1,13.889
Ebd,uEbd,ʿ-b-d,98,1,10.638
Ebd,uEbd,ʿ-b-d,106,1,58.824
Ebd,uEbd,ʿ-b-d,109,8,307.692
Ebqr,uEbqr,ʿ-b-q-r,55,1,2.849
Ebr,uEbr,ʿ-b-r,3,1,0.287
Ebr,uEbr,ʿ-b-r,4,1,0.267
Ebr,uEbr,ʿ-b-r,12,2,1.125
Ebr,uEbr,ʿ-b-r,16,1,0.542
Ebr,uEbr,ʿ-b-r,23,1,0.952
Ebr,uEbr,ʿ-b-r,24,1,0.76
Ebr,uEbr,ʿ-b-r,59,1,2.247
Ebr,uEbr,ʿ-b-r,79,1,5.587
Ebs,uEbs,ʿ-b-s,74,1,3.922
Ebs,uEbs,ʿ-b-s,76,1,4.115
Ebs,uEbs,ʿ-b-s,80,1,7.519
Ebv,uEbv,ʿ-b-th,23,1,0.952
Ebv,uEbv,ʿ-b-th,26,1,0.759
Edd,uEdd,ʿ-d-d,2,7,1.145
Edd,uEdd,ʿ-d-d,3,3,0.862
Edd,uEdd,ʿ-d-d,4,2,0.534
Edd,uEdd,ʿ-d-d,8,1,0.811
Edd,uEdd,ʿ-d-d,9,6,2.402
Edd,uEdd,ʿ-d-d,10,1,0.546
Edd,uEdd,ʿ-d-d,11,2,1.043
Edd,uEdd,ʿ-d-d,12,1,0.563
Edd,uEdd,ʿ-d-d,14,1,1.205
Edd,uEdd,ʿ-d-d,16,1,0.542
Edd,uEdd,ʿ-d-d,17,1,0.643
Edd,uEdd,ʿ-d-d,18,2,1.267
Edd,uEdd,ʿ-d-d,19,4,4.162
Edd,uEdd,ʿ-d-d,22,1,0.785
Edd,uEdd,ʿ-d-d,23,2,1.905
Edd,uEdd,ʿ-d-d,32,1,2.688
Edd,uEdd,ʿ-d-d,33,8,6.216
Edd,uEdd,ʿ-d-d,38,1,1.364
Edd,uEdd,ʿ-d-d,48,1,1.786
Edd,uEdd,ʿ-d-d,57,1,1.742
Edd,uEdd,ʿ-d-d,58,1,2.119
Edd,uEdd,ʿ-d-d,65,4,13.937
Edd,uEdd,ʿ-d-d,72,2,7.018
Edd,uEdd,ʿ-d-d,74,1,3.922
Edd,uEdd,ʿ-d-d,76,1,4.115
Edd,uEdd,ʿ-d-d,104,1,30.303
Edl,uEdl,ʿ-d-l,2,4,0.654
Edl,uEdl,ʿ-d-l,4,4,1.068
Edl,uEdl,ʿ-d-l,5,5,1.783
Edl,uEdl,ʿ-d-l,6,6,1.967
Edl,uEdl,ʿ-d-l,7,2,0.602
Edl,uEdl,ʿ-d-l,16,2,1.085
Edl,uEdl,ʿ-d-l,27,1,0.869
Edl,uEdl,ʿ-d-l,42,1,1.163
Edl,uEdl,ʿ-d-l,49,1,2.882
Edl,uEdl,ʿ-d-l,65,1,3.484
Edl,uEdl,ʿ-d-l,82,1,12.5
Eds,uEds,ʿ-d-s,2,1,0.164
Edw,uEdw,ʿ-d-w,2,20,3.27
Edw,uEdw,ʿ-d-w,3,2,0.575
Edw,uEdw,ʿ-d-w,4,6,1.601
Edw,uEdw,ʿ-d-w,5,12,4.28
Edw,uEdw,ʿ-d-w,6,5,1.639
Edw,uEdw,ʿ-d-w,7,6,1.807
Edw,uEdw,ʿ-d-w,8,4,3.244
Edw,uEdw,ʿ-d-w,9,4,1.601
Edw,uEdw,ʿ-d-w,10,2,1.091
Edw,uEdw,ʿ-d-w,12,1,0.563
Edw,uEdw,ʿ-d-w,16,1,0.542
Edw,uEdw,ʿ-d-w,17,1,0.643
Edw,uEdw,ʿ-d-w,18,2,1.267
Edw,uEdw,ʿ-d-w,20,5,3.745
Edw,uEdw,ʿ-d-w,23,1,0.952
Edw,uEdw,ʿ-d-w,25,1,1.12
Edw,uEdw,ʿ-d-w,26,2,1.517
Edw,uEdw,ʿ-d-w,28,6,4.196
Edw,uEdw,ʿ-d-w,35,2,2.581
Edw,uEdw,ʿ-d-w,36,1,1.379
Edw,uEdw,ʿ-d-w,41,3,3.778
Edw,uEdw,ʿ-d-w,43,2,2.41
Edw,uEdw,ʿ-d-w,46,1,1.555
Edw,uEdw,ʿ-d-w,50,1,2.681
Edw,uEdw,ʿ-d-w,58,2,4.237
Edw,uEdw,ʿ-d-w,60,5,14.368
Edw,uEdw,ʿ-d-w,61,1,4.525
Edw,uEdw,ʿ-d-w,63,1,5.556
Edw,uEdw,ʿ-d-w,64,1,4.149
Edw,uEdw,ʿ-d-w,65,1,3.484
Edw,uEdw,ʿ-d-w,68,1,3.333
Edw,uEdw,ʿ-d-w,70,1,4.608
Edw,uEdw,ʿ-d-w,83,1,5.917
Edw,uEdw,ʿ-d-w,100,1,25
Eff,uEff,ʿ-f-f,2,1,0.164
Eff,uEff,ʿ-f-f,4,1,0.267
Eff,uEff,ʿ-f-f,24,2,1.52
Efr,uEfr,ʿ-f-r,27,1,0.869
Efw,uEfw,ʿ-f-w,2,9,1.472
Efw,uEfw,ʿ-f-w,3,4,1.149
Efw,uEfw,ʿ-f-w,4,6,1.601
Efw,uEfw,ʿ-f-w,5,4,1.427
Efw,uEfw,ʿ-f-w,7,2,0.602
Efw,uEfw,ʿ-f-w,9,2,0.801
Efw,uEfw,ʿ-f-w,22,1,0.785
Efw,uEfw,ʿ-f-w,24,1,0.76
Efw,uEfw,ʿ-f-w,42,4,4.651
Efw,uEfw,ʿ-f-w,58,1,2.119
Efw,uEfw,ʿ-f-w,64,1,4.149
Ehd,uEhd,ʿ-h-d,2,11,1.799
Ehd,uEhd,ʿ-h-d,3,3,0.862
Ehd,uEhd,ʿ-h-d,6,1,0.328
Ehd,uEhd,ʿ-h-d,7,2,0.602
Ehd,uEhd,ʿ-h-d,8,2,1.622
Ehd,uEhd,ʿ-h-d,9,8,3.203
Ehd,uEhd,ʿ-h-d,13,2,2.345
Ehd,uEhd,ʿ-h-d,16,3,1.627
Ehd,uEhd,ʿ-h-d,17,2,1.285
Ehd,uEhd,ʿ-h-d,19,2,2.081
Ehd,uEhd,ʿ-h-d,20,2,1.498
Ehd,uEhd,ʿ-h-d,23,1,0.952
Ehd,uEhd,ʿ-h-d,33,3,2.331
Ehd,uEhd,ʿ-h-d,36,1,1.379
Ehd,uEhd,ʿ-h-d,43,1,1.205
Ehd,uEhd,ʿ-h-d,48,1,1.786
Ehd,uEhd,ʿ-h-d,70,1,4.608
Ehn,uEhn,ʿ-h-n,70,1,4.608
Ehn,uEhn,ʿ-h-n,101,1,27.778
Ejb,uEjb,ʿ-j-b,2,3,0.491
Ejb,uEjb,ʿ-j-b,5,1,0.357
Ejb,uEjb,ʿ-j-b,7,2,0.602
Ejb,uEjb,ʿ-j-b,9,3,1.201
Ejb,uEjb,ʿ-j-b,10,1,0.546
Ejb,uEjb,ʿ-j-b,11,2,1.043
Ejb,uEjb,ʿ-j-b,13,2,2.345
Ejb,uEjb,ʿ-j-b,18,2,1.267
Ejb,uEjb,ʿ-j-b,33,1,0.777
Ejb,uEjb,ʿ-j-b,37,1,1.163
Ejb,uEjb,ʿ-j-b,38,2,2.729
Ejb,uEjb,ʿ-j-b,48,1,1.786
Ejb,uEjb,ʿ-j-b,50,2,5.362
Ejb,uEjb,ʿ-j-b,53,1,2.778
Ejb,uEjb,ʿ-j-b,57,1,1.742
Ejb,uEjb,ʿ-j-b,63,1,5.556
Ejb,uEjb,ʿ-j-b,72,1,3.509
Ejf,uEjf,ʿ-j-f,12,2,1.125
Ejl,uEjl,ʿ-j-l,2,5,0.818
Ejl,uEjl,ʿ-j-l,4,1,0.267
Ejl,uEjl,ʿ-j-l,6,2,0.656
Ejl,uEjl,ʿ-j-l,7,3,0.904
Ejl,uEjl,ʿ-j-l,10,4,2.182
Ejl,uEjl,ʿ-j-l,11,1,0.522
Ejl,uEjl,ʿ-j-l,13,1,1.172
Ejl,uEjl,ʿ-j-l,16,1,0.542
Ejl,uEjl,ʿ-j-l,17,3,1.928
Ejl,uEjl,ʿ-j-l,18,1,0.633
Ejl,uEjl,ʿ-j-l,19,1,1.041
Ejl,uEjl,ʿ-j-l,20,4,2.996
Ejl,uEjl,ʿ-j-l,21,2,1.711
Ejl,uEjl,ʿ-j-l,22,1,0.785
Ejl,uEjl,ʿ-j-l,26,1,0.759
Ejl,uEjl,ʿ-j-l,27,2,1.738
Ejl,uEjl,ʿ-j-l,29,2,2.049
Ejl,uEjl,ʿ-j-l,37,1,1.163
Ejl,uEjl,ʿ-j-l,38,1,1.364
Ejl,uEjl,ʿ-j-l,42,1,1.163
Ejl,uEjl,ʿ-j-l,46,2,3.11
Ejl,uEjl,ʿ-j-l,48,1,1.786
Ejl,uEjl,ʿ-j-l,51,3,8.333
Ejl,uEjl,ʿ-j-l,75,2,12.195
Ejl,uEjl,ʿ-j-l,76,1,4.115
Ejm,uEjm,ʿ-j-m,16,1,0.542
Ejm,uEjm,ʿ-j-m,26,1,0.759
Ejm,uEjm,ʿ-j-m,41,2,2.519
Ejz,uEjz,ʿ-j-z,5,1,0.357
Ejz,uEjz,ʿ-j-z,6,1,0.328
Ejz,uEjz,ʿ-j-z,8,1,0.811
Ejz,uEjz,ʿ-j-z,9,2,0.801
Ejz,uEjz,ʿ-j-z,10,1,0.546
Ejz,uEjz,ʿ-j-z,11,3,1.565
Ejz,uEjz,ʿ-j-z,16,1,0.542
Ejz,uEjz,ʿ-j-z,22,1,0.785
Ejz,uEjz,ʿ-j-z,24,1,0.76
Ejz,uEjz,ʿ-j-z,26,1,0.759
Ejz,uEjz,ʿ-j-z,29,1,1.025
Ejz,uEjz,ʿ-j-z,34,2,2.265
Ejz,uEjz,ʿ-j-z,35,1,1.29
Ejz,uEjz,ʿ-j-z,37,1,1.163
Ejz,uEjz,ʿ-j-z,39,1,0.853
Ejz,uEjz,ʿ-j-z,42,1,1.163
Ejz,uEjz,ʿ-j-z,46,1,1.555
Ejz,uEjz,ʿ-j-z,51,1,2.778
Ejz,uEjz,ʿ-j-z,54,1,2.924
Ejz,uEjz,ʿ-j-z,69,1,3.876
Ejz,uEjz,ʿ-j-z,72,2,7.018
Ekf,uEkf,ʿ-k-f,2,2,0.327
Ekf,uEkf,ʿ-k-f,7,1,0.301
Ekf,uEkf,ʿ-k-f,20,2,1.498
Ekf,uEkf,ʿ-k-f,21,1,0.855
Ekf,uEkf,ʿ-k-f,22,1,0.785
Ekf,uEkf,ʿ-k-f,26,1,0.759
Ekf,uEkf,ʿ-k-f,48,1,1.786
Elm,uElm,ʿ-l-m,1,1,34.483
Elm,uElm,ʿ-l-m,2,102,16.678
Elm,uElm,ʿ-l-m,3,40,11.491
Elm,uElm,ʿ-l-m,4,27,7.206
Elm,uElm,ʿ-l-m,5,29,10.342
Elm,uElm,ʿ-l-m,6,44,14.426
Elm,uElm,ʿ-l-m,7,28,8.434
Elm,uElm,ʿ-l-m,8,19,15.41
Elm,uElm,ʿ-l-m,9,32,12.81
Elm,uElm,ʿ-l-m,10,14,7.638
Elm,uElm,ʿ-l-m,11,14,7.303
Elm,uElm,ʿ-l-m,12,33,18.571
Elm,uElm,ʿ-l-m,13,8,9.379
Elm,uElm,ʿ-l-m,14,3,3.614
Elm,uElm,ʿ-l-m,15,12,18.321
Elm,uElm,ʿ-l-m,16,28,15.184
Elm,uElm,ʿ-l-m,17,10,6.427
Elm,uElm,ʿ-l-m,18,12,7.6
Elm,uElm,ʿ-l-m,19,4,4.162
Elm,uElm,ʿ-l-m,20,10,7.491
Elm,uElm,ʿ-l-m,21,17,14.542
Elm,uElm,ʿ-l-m,22,14,10.989
Elm,uElm,ʿ-l-m,23,6,5.714
Elm,uElm,ʿ-l-m,24,20,15.198
Elm,uElm,ʿ-l-m,25,3,3.359
Elm,uElm,ʿ-l-m,26,25,18.968
Elm,uElm,ʿ-l-m,27,15,13.032
Elm,uElm,ʿ-l-m,28,15,10.49
Elm,uElm,ʿ-l-m,29,23,23.566
Elm,uElm,ʿ-l-m,30,10,12.24
Elm,uElm,ʿ-l-m,31,8,14.652
Elm,uElm,ʿ-l-m,32,3,8.065
Elm,uElm,ʿ-l-m,33,9,6.993
Elm,uElm,ʿ-l-m,34,9,10.193
Elm,uElm,ʿ-l-m,35,6,7.742
Elm,uElm,ʿ-l-m,36,8,11.034
Elm,uElm,ʿ-l-m,37,7,8.14
Elm,uElm,ʿ-l-m,38,4,5.457
Elm,uElm,ʿ-l-m,39,12,10.239
Elm,uElm,ʿ-l-m,40,10,8.203
Elm,uElm,ʿ-l-m,41,7,8.816
Elm,uElm,ʿ-l-m,42,8,9.302
Elm,uElm,ʿ-l-m,43,8,9.639
Elm,uElm,ʿ-l-m,44,5,14.451
Elm,uElm,ʿ-l-m,45,8,16.393
Elm,uElm,ʿ-l-m,46,3,4.666
Elm,uElm,ʿ-l-m,47,6,11.132
Elm,uElm,ʿ-l-m,48,7,12.5
Elm,uElm,ʿ-l-m,49,8,23.055
Elm,uElm,ʿ-l-m,50,3,8.043
Elm,uElm,ʿ-l-m,51,2,5.556
Elm,uElm,ʿ-l-m,52,1,3.205
Elm,uElm,ʿ-l-m,53,8,22.222
Elm,uElm,ʿ-l-m,54,1,2.924
Elm,uElm,ʿ-l-m,55,3,8.547
Elm,uElm,ʿ-l-m,56,5,13.193
Elm,uElm,ʿ-l-m,57,7,12.195
Elm,uElm,ʿ-l-m,58,4,8.475
Elm,uElm,ʿ-l-m,59,2,4.494
Elm,uElm,ʿ-l-m,60,4,11.494
Elm,uElm,ʿ-l-m,61,2,9.05
Elm,uElm,ʿ-l-m,62,4,22.857
Elm,uElm,ʿ-l-m,63,2,11.111
Elm,uElm,ʿ-l-m,64,5,20.747
Elm,uElm,ʿ-l-m,65,2,6.969
Elm,uElm,ʿ-l-m,66,2,8.032
Elm,uElm,ʿ-l-m,67,5,15.015
Elm,uElm,ʿ-l-m,68,5,16.667
Elm,uElm,ʿ-l-m,69,2,7.752
Elm,uElm,ʿ-l-m,70,2,9.217
Elm,uElm,ʿ-l-m,71,1,4.425
Elm,uElm,ʿ-l-m,72,3,10.526
Elm,uElm,ʿ-l-m,73,3,15.075
Elm,uElm,ʿ-l-m,74,1,3.922
Elm,uElm,ʿ-l-m,76,1,4.115
Elm,uElm,ʿ-l-m,77,1,5.525
Elm,uElm,ʿ-l-m,78,2,11.561
Elm,uElm,ʿ-l-m,81,3,28.846
Elm,uElm,ʿ-l-m,82,2,25
Elm,uElm,ʿ-l-m,83,1,5.917
Elm,uElm,ʿ-l-m,84,1,9.346
Elm,uElm,ʿ-l-m,87,1,13.889
Elm,uElm,ʿ-l-m,96,4,55.556
Elm,uElm,ʿ-l-m,100,1,25
Elm,uElm,ʿ-l-m,102,4,142.857
Eln,uEln,ʿ-l-n,2,2,0.327
Eln,uEln,ʿ-l-n,11,1,0.522
Eln,uEln,ʿ-l-n,13,1,1.172
Eln,uEln,ʿ-l-n,14,2,2.41
Eln,uEln,ʿ-l-n,16,2,1.085
Eln,uEln,ʿ-l-n,27,2,1.738
Eln,uEln,ʿ-l-n,28,1,0.699
Eln,uEln,ʿ-l-n,35,1,1.29
Eln,uEln,ʿ-l-n,36,1,1.379
Eln,uEln,ʿ-l-n,60,1,2.874
Eln,uEln,ʿ-l-n,64,1,4.149
Eln,uEln,ʿ-l-n,71,1,4.425
Elq,uElq,ʿ-l-q,4,1,0.267
Elq,uElq,ʿ-l-q,22,1,0.785
Elq,uElq,ʿ-l-q,23,2,1.905
Elq,uElq,ʿ-l-q,40,1,0.82
Elq,uElq,ʿ-l-q,75,1,6.098
Elq,uElq,ʿ-l-q,96,1,13.889
Elw,uElw,ʿ-l-w,2,1,0.164
Elw,uElw,ʿ-l-w,3,4,1.149
Elw,uElw,ʿ-l-w,4,2,0.534
Elw,uElw,ʿ-l-w,5,1,0.357
Elw,uElw,ʿ-l-w,6,2,0.656
Elw,uElw,ʿ-l-w,7,1,0.301
Elw,uElw,ʿ-l-w,9,1,0.4
Elw,uElw,ʿ-l-w,10,2,1.091
Elw,uElw,ʿ-l-w,11,1,0.522
Elw,uElw,ʿ-l-w,13,1,1.172
Elw,uElw,ʿ-l-w,15,1,1.527
Elw,uElw,ʿ-l-w,16,3,1.627
Elw,uElw,ʿ-l-w,17,5,3.213
Elw,uElw,ʿ-l-w,19,2,2.081
Elw,uElw,ʿ-l-w,20,5,3.745
Elw,uElw,ʿ-l-w,22,1,0.785
Elw,uElw,ʿ-l-w,23,4,3.81
Elw,uElw,ʿ-l-w,27,3,2.606
Elw,uElw,ʿ-l-w,28,3,2.098
Elw,uElw,ʿ-l-w,30,2,2.448
Elw,uElw,ʿ-l-w,31,1,1.832
Elw,uElw,ʿ-l-w,33,1,0.777
Elw,uElw,ʿ-l-w,34,1,1.133
Elw,uElw,ʿ-l-w,37,1,1.163
Elw,uElw,ʿ-l-w,38,2,2.729
Elw,uElw,ʿ-l-w,39,1,0.853
Elw,uElw,ʿ-l-w,40,1,0.82
Elw,uElw,ʿ-l-w,42,2,2.326
Elw,uElw,ʿ-l-w,43,1,1.205
Elw,uElw,ʿ-l-w,44,2,5.78
Elw,uElw,ʿ-l-w,47,1,1.855
Elw,uElw,ʿ-l-w,53,1,2.778
Elw,uElw,ʿ-l-w,63,1,5.556
Elw,uElw,ʿ-l-w,69,1,3.876
Elw,uElw,ʿ-l-w,72,1,3.509
Elw,uElw,ʿ-l-w,76,1,4.115
Elw,uElw,ʿ-l-w,79,1,5.587
Elw,uElw,ʿ-l-w,83,2,11.834
Elw,uElw,ʿ-l-w,87,1,13.889
Elw,uElw,ʿ-l-w,88,1,10.87
Elw,uElw,ʿ-l-w,92,1,14.085
Emd,uEmd,ʿ-m-d,4,1,0.267
Emd,uEmd,ʿ-m-d,5,1,0.357
Emd,uEmd,ʿ-m-d,13,1,1.172
Emd,uEmd,ʿ-m-d,31,1,1.832
Emd,uEmd,ʿ-m-d,33,1,0.777
Emd,uEmd,ʿ-m-d,89,1,7.299
Emd,uEmd,ʿ-m-d,104,1,30.303
Emh,uEmh,ʿ-m-h,2,1,0.164
Emh,uEmh,ʿ-m-h,6,1,0.328
Emh,uEmh,ʿ-m-h,7,1,0.301
Emh,uEmh,ʿ-m-h,10,1,0.546
Emh,uEmh,ʿ-m-h,15,1,1.527
Emh,uEmh,ʿ-m-h,23,1,0.952
Emh,uEmh,ʿ-m-h,27,1,0.869
Eml,uEml,ʿ-m-l,2,23,3.761
Eml,uEml,ʿ-m-l,3,14,4.022
Eml,uEml,ʿ-m-l,4,12,3.203
Eml,uEml,ʿ-m-l,5,12,4.28
Eml,uEml,ʿ-m-l,6,12,3.934
Eml,uEml,ʿ-m-l,7,11,3.313
Eml,uEml,ʿ-m-l,8,4,3.244
Eml,uEml,ʿ-m-l,9,14,5.604
Eml,uEml,ʿ-m-l,10,12,6.547
Eml,uEml,ʿ-m-l,11,16,8.346
Eml,uEml,ʿ-m-l,12,2,1.125
Eml,uEml,ʿ-m-l,13,1,1.172
Eml,uEml,ʿ-m-l,14,3,3.614
Eml,uEml,ʿ-m-l,15,1,1.527
Eml,uEml,ʿ-m-l,16,11,5.965
Eml,uEml,ʿ-m-l,17,2,1.285
Eml,uEml,ʿ-m-l,18,12,7.6
Eml,uEml,ʿ-m-l,19,2,2.081
Eml,uEml,ʿ-m-l,20,3,2.247
Eml,uEml,ʿ-m-l,21,5,4.277
Eml,uEml,ʿ-m-l,22,5,3.925
Eml,uEml,ʿ-m-l,23,5,4.762
Eml,uEml,ʿ-m-l,24,7,5.319
Eml,uEml,ʿ-m-l,25,5,5.599
Eml,uEml,ʿ-m-l,26,6,4.552
Eml,uEml,ʿ-m-l,27,6,5.213
Eml,uEml,ʿ-m-l,28,7,4.895
Eml,uEml,ʿ-m-l,29,9,9.221
Eml,uEml,ʿ-m-l,30,4,4.896
Eml,uEml,ʿ-m-l,31,4,7.326
Eml,uEml,ʿ-m-l,32,5,13.441
Eml,uEml,ʿ-m-l,33,5,3.885
Eml,uEml,ʿ-m-l,34,11,12.458
Eml,uEml,ʿ-m-l,35,5,6.452
Eml,uEml,ʿ-m-l,36,3,4.138
Eml,uEml,ʿ-m-l,37,4,4.651
Eml,uEml,ʿ-m-l,38,2,2.729
Eml,uEml,ʿ-m-l,39,8,6.826
Eml,uEml,ʿ-m-l,40,4,3.281
Eml,uEml,ʿ-m-l,41,11,13.854
Eml,uEml,ʿ-m-l,42,5,5.814
Eml,uEml,ʿ-m-l,43,1,1.205
Eml,uEml,ʿ-m-l,45,6,12.295
Eml,uEml,ʿ-m-l,46,5,7.776
Eml,uEml,ʿ-m-l,47,12,22.263
Eml,uEml,ʿ-m-l,48,3,5.357
Eml,uEml,ʿ-m-l,49,3,8.646
Eml,uEml,ʿ-m-l,52,3,9.615
Eml,uEml,ʿ-m-l,53,1,2.778
Eml,uEml,ʿ-m-l,56,1,2.639
Eml,uEml,ʿ-m-l,57,2,3.484
Eml,uEml,ʿ-m-l,58,6,12.712
Eml,uEml,ʿ-m-l,59,1,2.247
Eml,uEml,ʿ-m-l,60,1,2.874
Eml,uEml,ʿ-m-l,62,1,5.714
Eml,uEml,ʿ-m-l,63,2,11.111
Eml,uEml,ʿ-m-l,64,4,16.598
Eml,uEml,ʿ-m-l,65,2,6.969
Eml,uEml,ʿ-m-l,66,2,8.032
Eml,uEml,ʿ-m-l,67,1,3.003
Eml,uEml,ʿ-m-l,77,1,5.525
Eml,uEml,ʿ-m-l,84,1,9.346
Eml,uEml,ʿ-m-l,85,1,9.174
Eml,uEml,ʿ-m-l,88,1,10.87
Eml,uEml,ʿ-m-l,95,1,29.412
Eml,uEml,ʿ-m-l,98,1,10.638
Eml,uEml,ʿ-m-l,99,3,83.333
Eml,uEml,ʿ-m-l,103,1,71.429
Emm,uEmm,ʿ-m-m,4,1,0.267
Emm,uEmm,ʿ-m-m,24,2,1.52
Emm,uEmm,ʿ-m-m,33,2,1.554
Emq,uEmq,ʿ-m-q,22,1,0.785
Emr,uEmr,ʿ-m-r,2,5,0.818
Emr,uEmr,ʿ-m-r,9,3,1.201
Emr,uEmr,ʿ-m-r,10,1,0.546
Emr,uEmr,ʿ-m-r,11,1,0.522
Emr,uEmr,ʿ-m-r,15,1,1.527
Emr,uEmr,ʿ-m-r,16,1,0.542
Emr,uEmr,ʿ-m-r,21,1,0.855
Emr,uEmr,ʿ-m-r,22,1,0.785
Emr,uEmr,ʿ-m-r,26,1,0.759
Emr,uEmr,ʿ-m-r,28,1,0.699
Emr,uEmr,ʿ-m-r,30,2,2.448
Emr,uEmr,ʿ-m-r,35,4,5.161
Emr,uEmr,ʿ-m-r,36,1,1.379
Emr,uEmr,ʿ-m-r,52,1,3.205
Emy,uEmy,ʿ-m-y,2,2,0.327
Emy,uEmy,ʿ-m-y,5,2,0.713
Emy,uEmy,ʿ-m-y,6,2,0.656
Emy,uEmy,ʿ-m-y,7,1,0.301
Emy,uEmy,ʿ-m-y,10,1,0.546
Emy,uEmy,ʿ-m-y,11,2,1.043
Emy,uEmy,ʿ-m-y,13,2,2.345
Emy,uEmy,ʿ-m-y,17,3,1.928
Emy,uEmy,ʿ-m-y,20,2,1.498
Emy,uEmy,ʿ-m-y,22,2,1.57
Emy,uEmy,ʿ-m-y,24,1,0.76
Emy,uEmy,ʿ-m-y,25,1,1.12
Emy,uEmy,ʿ-m-y,27,2,1.738
Emy,uEmy,ʿ-m-y,28,1,0.699
Emy,uEmy,ʿ-m-y,30,1,1.224
Emy,uEmy,ʿ-m-y,35,1,1.29
Emy,uEmy,ʿ-m-y,40,1,0.82
Emy,uEmy,ʿ-m-y,41,2,2.519
Emy,uEmy,ʿ-m-y,43,1,1.205
Emy,uEmy,ʿ-m-y,47,1,1.855
Emy,uEmy,ʿ-m-y,48,1,1.786
Emy,uEmy,ʿ-m-y,80,1,7.519
Enb,uEnb,ʿ-n-b,2,1,0.164
Enb,uEnb,ʿ-n-b,6,1,0.328
Enb,uEnb,ʿ-n-b,13,1,1.172
Enb,uEnb,ʿ-n-b,16,2,1.085
Enb,uEnb,ʿ-n-b,17,1,0.643
Enb,uEnb,ʿ-n-b,18,1,0.633
Enb,uEnb,ʿ-n-b,23,1,0.952
Enb,uEnb,ʿ-n-b,36,1,1.379
Enb,uEnb,ʿ-n-b,78,1,5.78
Enb,uEnb,ʿ-n-b,80,1,7.519
End,uEnd,ʿ-n-d,2,21,3.434
End,uEnd,ʿ-n-d,3,20,5.745
End,uEnd,ʿ-n-d,4,8,2.135
End,uEnd,ʿ-n-d,5,3,1.07
End,uEnd,ʿ-n-d,6,9,2.951
End,uEnd,ʿ-n-d,7,8,2.41
End,uEnd,ʿ-n-d,8,7,5.677
End,uEnd,ʿ-n-d,9,9,3.603
End,uEnd,ʿ-n-d,10,4,2.182
End,uEnd,ʿ-n-d,11,4,2.087
End,uEnd,ʿ-n-d,12,4,2.251
End,uEnd,ʿ-n-d,13,3,3.517
End,uEnd,ʿ-n-d,14,3,3.614
End,uEnd,ʿ-n-d,15,1,1.527
End,uEnd,ʿ-n-d,16,3,1.627
End,uEnd,ʿ-n-d,17,2,1.285
End,uEnd,ʿ-n-d,18,3,1.9
End,uEnd,ʿ-n-d,19,4,4.162
End,uEnd,ʿ-n-d,20,1,0.749
End,uEnd,ʿ-n-d,21,2,1.711
End,uEnd,ʿ-n-d,22,2,1.57
End,uEnd,ʿ-n-d,23,1,0.952
End,uEnd,ʿ-n-d,24,4,3.04
End,uEnd,ʿ-n-d,27,3,2.606
End,uEnd,ʿ-n-d,28,6,4.196
End,uEnd,ʿ-n-d,29,2,2.049
End,uEnd,ʿ-n-d,30,1,1.224
End,uEnd,ʿ-n-d,31,1,1.832
End,uEnd,ʿ-n-d,32,1,2.688
End,uEnd,ʿ-n-d,33,4,3.108
End,uEnd,ʿ-n-d,34,3,3.398
End,uEnd,ʿ-n-d,35,1,1.29
End,uEnd,ʿ-n-d,37,2,2.326
End,uEnd,ʿ-n-d,38,5,6.821
End,uEnd,ʿ-n-d,39,2,1.706
End,uEnd,ʿ-n-d,40,4,3.281
End,uEnd,ʿ-n-d,41,3,3.778
End,uEnd,ʿ-n-d,42,3,3.488
End,uEnd,ʿ-n-d,43,3,3.614
End,uEnd,ʿ-n-d,44,1,2.89
End,uEnd,ʿ-n-d,46,2,3.11
End,uEnd,ʿ-n-d,47,1,1.855
End,uEnd,ʿ-n-d,48,1,1.786
End,uEnd,ʿ-n-d,49,2,5.764
End,uEnd,ʿ-n-d,50,2,5.362
End,uEnd,ʿ-n-d,51,1,2.778
End,uEnd,ʿ-n-d,52,2,6.41
End,uEnd,ʿ-n-d,53,3,8.333
End,uEnd,ʿ-n-d,54,2,5.848
End,uEnd,ʿ-n-d,57,1,1.742
End,uEnd,ʿ-n-d,61,1,4.525
End,uEnd,ʿ-n-d,62,1,5.714
End,uEnd,ʿ-n-d,63,1,5.556
End,uEnd,ʿ-n-d,64,1,4.149
End,uEnd,ʿ-n-d,66,1,4.016
End,uEnd,ʿ-n-d,67,1,3.003
End,uEnd,ʿ-n-d,68,2,6.667
End,uEnd,ʿ-n-d,73,1,5.025
End,uEnd,ʿ-n-d,74,1,3.922
End,uEnd,ʿ-n-d,81,1,9.615
End,uEnd,ʿ-n-d,92,1,14.085
End,uEnd,ʿ-n-d,98,1,10.638
Enkb,uEnkb,ʿ-n-k-b,29,2,2.049
Enq,uEnq,ʿ-n-q,8,1,0.811
Enq,uEnq,ʿ-n-q,13,1,1.172
Enq,uEnq,ʿ-n-q,17,2,1.285
Enq,uEnq,ʿ-n-q,26,1,0.759
Enq,uEnq,ʿ-n-q,34,1,1.133
Enq,uEnq,ʿ-n-q,36,1,1.379
Enq,uEnq,ʿ-n-q,38,1,1.364
Enq,uEnq,ʿ-n-q,40,1,0.82
Ent,uEnt,ʿ-n-t,2,1,0.164
Ent,uEnt,ʿ-n-t,3,1,0.287
Ent,uEnt,ʿ-n-t,4,1,0.267
Ent,uEnt,ʿ-n-t,9,1,0.4
Ent,uEnt,ʿ-n-t,49,1,2.882
Enw,uEnw,ʿ-n-w,20,1,0.749
Eqb,uEqb,ʿ-q-b,2,3,0.491
Eqb,uEqb,ʿ-q-b,3,5,1.436
Eqb,uEqb,ʿ-q-b,5,2,0.713
Eqb,uEqb,ʿ-q-b,6,4,1.311
Eqb,uEqb,ʿ-q-b,7,5,1.506
Eqb,uEqb,ʿ-q-b,8,5,4.055
Eqb,uEqb,ʿ-q-b,9,1,0.4
Eqb,uEqb,ʿ-q-b,10,2,1.091
Eqb,uEqb,ʿ-q-b,11,1,0.522
Eqb,uEqb,ʿ-q-b,12,1,0.563
Eqb,uEqb,ʿ-q-b,13,9,10.551
Eqb,uEqb,ʿ-q-b,16,4,2.169
Eqb,uEqb,ʿ-q-b,18,1,0.633
Eqb,uEqb,ʿ-q-b,20,1,0.749
Eqb,uEqb,ʿ-q-b,22,3,2.355
Eqb,uEqb,ʿ-q-b,23,1,0.952
Eqb,uEqb,ʿ-q-b,27,4,3.475
Eqb,uEqb,ʿ-q-b,28,4,2.797
Eqb,uEqb,ʿ-q-b,30,3,3.672
Eqb,uEqb,ʿ-q-b,31,1,1.832
Eqb,uEqb,ʿ-q-b,35,1,1.29
Eqb,uEqb,ʿ-q-b,37,1,1.163
Eqb,uEqb,ʿ-q-b,38,1,1.364
Eqb,uEqb,ʿ-q-b,40,5,4.102
Eqb,uEqb,ʿ-q-b,41,1,1.259
Eqb,uEqb,ʿ-q-b,43,2,2.41
Eqb,uEqb,ʿ-q-b,47,1,1.855
Eqb,uEqb,ʿ-q-b,59,3,6.742
Eqb,uEqb,ʿ-q-b,60,1,2.874
Eqb,uEqb,ʿ-q-b,65,1,3.484
Eqb,uEqb,ʿ-q-b,90,2,24.39
Eqb,uEqb,ʿ-q-b,91,1,18.519
Eqd,uEqd,ʿ-q-d,2,2,0.327
Eqd,uEqd,ʿ-q-d,4,1,0.267
Eqd,uEqd,ʿ-q-d,5,2,0.713
Eqd,uEqd,ʿ-q-d,20,1,0.749
Eqd,uEqd,ʿ-q-d,113,1,43.478
Eql,uEql,ʿ-q-l,2,8,1.308
Eql,uEql,ʿ-q-l,3,2,0.575
Eql,uEql,ʿ-q-l,5,2,0.713
Eql,uEql,ʿ-q-l,6,2,0.656
Eql,uEql,ʿ-q-l,7,1,0.301
Eql,uEql,ʿ-q-l,8,1,0.811
Eql,uEql,ʿ-q-l,10,3,1.637
Eql,uEql,ʿ-q-l,11,1,0.522
Eql,uEql,ʿ-q-l,12,2,1.125
Eql,uEql,ʿ-q-l,13,1,1.172
Eql,uEql,ʿ-q-l,16,2,1.085
Eql,uEql,ʿ-q-l,21,2,1.711
Eql,uEql,ʿ-q-l,22,1,0.785
Eql,uEql,ʿ-q-l,23,1,0.952
Eql,uEql,ʿ-q-l,24,1,0.76
Eql,uEql,ʿ-q-l,25,1,1.12
Eql,uEql,ʿ-q-l,26,1,0.759
Eql,uEql,ʿ-q-l,28,1,0.699
Eql,uEql,ʿ-q-l,29,3,3.074
Eql,uEql,ʿ-q-l,30,2,2.448
Eql,uEql,ʿ-q-l,36,2,2.759
Eql,uEql,ʿ-q-l,37,1,1.163
Eql,uEql,ʿ-q-l,39,1,0.853
Eql,uEql,ʿ-q-l,40,1,0.82
Eql,uEql,ʿ-q-l,43,1,1.205
Eql,uEql,ʿ-q-l,45,1,2.049
Eql,uEql,ʿ-q-l,49,1,2.882
Eql,uEql,ʿ-q-l,57,1,1.742
Eql,uEql,ʿ-q-l,59,1,2.247
Eql,uEql,ʿ-q-l,67,1,3.003
Eqm,uEqm,ʿ-q-m,22,1,0.785
Eqm,uEqm,ʿ-q-m,42,1,1.163
Eqm,uEqm,ʿ-q-m,51,2,5.556
Eqr,uEqr,ʿ-q-r,3,1,0.287
Eqr,uEqr,ʿ-q-r,7,1,0.301
Eqr,uEqr,ʿ-q-r,11,1,0.522
Eqr,uEqr,ʿ-q-r,19,2,2.081
Eqr,uEqr,ʿ-q-r,26,1,0.759
Eqr,uEqr,ʿ-q-r,54,1,2.924
Eqr,uEqr,ʿ-q-r,91,1,18.519
Er$,uErsh,ʿ-r-sh,2,1,0.164
Er$,uErsh,ʿ-r-sh,6,2,0.656
Er$,uErsh,ʿ-r-sh,7,2,0.602
Er$,uErsh,ʿ-r-sh,9,1,0.4
Er$,uErsh,ʿ-r-sh,10,1,0.546
Er$,uErsh,ʿ-r-sh,11,1,0.522
Er$,uErsh,ʿ-r-sh,12,1,0.563
Er$,uErsh,ʿ-r-sh,13,1,1.172
Er$,uErsh,ʿ-r-sh,16,1,0.542
Er$,uErsh,ʿ-r-sh,17,1,0.643
Er$,uErsh,ʿ-r-sh,18,1,0.633
Er$,uErsh,ʿ-r-sh,20,1,0.749
Er$,uErsh,ʿ-r-sh,21,1,0.855
Er$,uErsh,ʿ-r-sh,22,1,0.785
Er$,uErsh,ʿ-r-sh,23,2,1.905
Er$,uErsh,ʿ-r-sh,25,1,1.12
Er$,uErsh,ʿ-r-sh,27,5,4.344
Er$,uErsh,ʿ-r-sh,32,1,2.688
Er$,uErsh,ʿ-r-sh,39,1,0.853
Er$,uErsh,ʿ-r-sh,40,2,1.641
Er$,uErsh,ʿ-r-sh,43,1,1.205
Er$,uErsh,ʿ-r-sh,57,1,1.742
Er$,uErsh,ʿ-r-sh,69,1,3.876
Er$,uErsh,ʿ-r-sh,81,1,9.615
Er$,uErsh,ʿ-r-sh,85,1,9.174
ErD,uEruD,ʿ-r-ḍ,2,4,0.654
ErD,uEruD,ʿ-r-ḍ,3,2,0.575
ErD,uEruD,ʿ-r-ḍ,4,6,1.601
ErD,uEruD,ʿ-r-ḍ,5,2,0.713
ErD,uEruD,ʿ-r-ḍ,6,4,1.311
ErD,uEruD,ʿ-r-ḍ,7,3,0.904
ErD,uEruD,ʿ-r-ḍ,8,2,1.622
ErD,uEruD,ʿ-r-ḍ,9,4,1.601
ErD,uEruD,ʿ-r-ḍ,11,2,1.043
ErD,uEruD,ʿ-r-ḍ,12,2,1.125
ErD,uEruD,ʿ-r-ḍ,15,2,3.053
ErD,uEruD,ʿ-r-ḍ,17,3,1.928
ErD,uEruD,ʿ-r-ḍ,18,4,2.533
ErD,uEruD,ʿ-r-ḍ,20,2,1.498
ErD,uEruD,ʿ-r-ḍ,21,4,3.422
ErD,uEruD,ʿ-r-ḍ,23,2,1.905
ErD,uEruD,ʿ-r-ḍ,24,2,1.52
ErD,uEruD,ʿ-r-ḍ,26,1,0.759
ErD,uEruD,ʿ-r-ḍ,28,1,0.699
ErD,uEruD,ʿ-r-ḍ,32,2,5.376
ErD,uEruD,ʿ-r-ḍ,33,1,0.777
ErD,uEruD,ʿ-r-ḍ,34,1,1.133
ErD,uEruD,ʿ-r-ḍ,36,1,1.379
ErD,uEruD,ʿ-r-ḍ,38,2,2.729
ErD,uEruD,ʿ-r-ḍ,40,1,0.82
ErD,uEruD,ʿ-r-ḍ,41,4,5.038
ErD,uEruD,ʿ-r-ḍ,42,2,2.326
ErD,uEruD,ʿ-r-ḍ,46,5,7.776
ErD,uEruD,ʿ-r-ḍ,53,1,2.778
ErD,uEruD,ʿ-r-ḍ,54,1,2.924
ErD,uEruD,ʿ-r-ḍ,57,2,3.484
ErD,uEruD,ʿ-r-ḍ,66,1,4.016
ErD,uEruD,ʿ-r-ḍ,69,1,3.876
ErD,uEruD,ʿ-r-ḍ,72,1,3.509
ErD,uEruD,ʿ-r-ḍ,74,1,3.922
Erb,uErb,ʿ-r-b,9,6,2.402
Erb,uErb,ʿ-r-b,12,1,0.563
Erb,uErb,ʿ-r-b,13,1,1.172
Erb,uErb,ʿ-r-b,16,1,0.542
Erb,uErb,ʿ-r-b,20,1,0.749
Erb,uErb,ʿ-r-b,26,1,0.759
Erb,uErb,ʿ-r-b,33,1,0.777
Erb,uErb,ʿ-r-b,39,1,0.853
Erb,uErb,ʿ-r-b,41,2,2.519
Erb,uErb,ʿ-r-b,42,1,1.163
Erb,uErb,ʿ-r-b,43,1,1.205
Erb,uErb,ʿ-r-b,46,1,1.555
Erb,uErb,ʿ-r-b,48,2,3.571
Erb,uErb,ʿ-r-b,49,1,2.882
Erb,uErb,ʿ-r-b,56,1,2.639
Erf,uErf,ʿ-r-f,2,19,3.107
Erf,uErf,ʿ-r-f,3,3,0.862
Erf,uErf,ʿ-r-f,4,6,1.601
Erf,uErf,ʿ-r-f,5,1,0.357
Erf,uErf,ʿ-r-f,6,2,0.656
Erf,uErf,ʿ-r-f,7,6,1.807
Erf,uErf,ʿ-r-f,9,4,1.601
Erf,uErf,ʿ-r-f,10,1,0.546
Erf,uErf,ʿ-r-f,12,2,1.125
Erf,uErf,ʿ-r-f,16,1,0.542
Erf,uErf,ʿ-r-f,22,2,1.57
Erf,uErf,ʿ-r-f,23,1,0.952
Erf,uErf,ʿ-r-f,24,1,0.76
Erf,uErf,ʿ-r-f,27,1,0.869
Erf,uErf,ʿ-r-f,31,2,3.663
Erf,uErf,ʿ-r-f,33,3,2.331
Erf,uErf,ʿ-r-f,40,1,0.82
Erf,uErf,ʿ-r-f,47,4,7.421
Erf,uErf,ʿ-r-f,49,1,2.882
Erf,uErf,ʿ-r-f,55,1,2.849
Erf,uErf,ʿ-r-f,60,1,2.874
Erf,uErf,ʿ-r-f,65,3,10.453
Erf,uErf,ʿ-r-f,66,1,4.016
Erf,uErf,ʿ-r-f,67,1,3.003
Erf,uErf,ʿ-r-f,77,1,5.525
Erf,uErf,ʿ-r-f,83,1,5.917
Erj,uErj,ʿ-r-j,15,1,1.527
Erj,uErj,ʿ-r-j,24,1,0.76
Erj,uErj,ʿ-r-j,32,1,2.688
Erj,uErj,ʿ-r-j,34,1,1.133
Erj,uErj,ʿ-r-j,43,1,1.205
Erj,uErj,ʿ-r-j,48,1,1.786
Erj,uErj,ʿ-r-j,57,1,1.742
Erj,uErj,ʿ-r-j,70,2,9.217
Erjn,uErjn,ʿ-r-j-n,36,1,1.379
Erm,uErm,ʿ-r-m,34,1,1.133
Err,uErr,ʿ-r-r,22,1,0.785
Err,uErr,ʿ-r-r,48,1,1.786
Erw,uErw,ʿ-r-w,2,1,0.164
Erw,uErw,ʿ-r-w,11,1,0.522
Erw,uErw,ʿ-r-w,31,1,1.832
Ery,uEry,ʿ-r-y,20,1,0.749
Ery,uEry,ʿ-r-y,37,1,1.163
Ery,uEry,ʿ-r-y,68,1,3.333
EsEs,uEsuEs,ʿ-s-ʿ-s,81,1,9.615
Esl,uEsl,ʿ-s-l,47,1,1.855
Esr,uEsr,ʿ-s-r,2,2,0.327
Esr,uEsr,ʿ-s-r,9,1,0.4
Esr,uEsr,ʿ-s-r,18,1,0.633
Esr,uEsr,ʿ-s-r,25,1,1.12
Esr,uEsr,ʿ-s-r,54,1,2.924
Esr,uEsr,ʿ-s-r,65,2,6.969
Esr,uEsr,ʿ-s-r,74,1,3.922
Esr,uEsr,ʿ-s-r,92,1,14.085
Esr,uEsr,ʿ-s-r,94,2,74.074
Esy,uEsy,ʿ-s-y,2,3,0.491
Esy,uEsy,ʿ-s-y,4,3,0.801
Esy,uEsy,ʿ-s-y,5,1,0.357
Esy,uEsy,ʿ-s-y,7,2,0.602
Esy,uEsy,ʿ-s-y,9,2,0.801
Esy,uEsy,ʿ-s-y,12,2,1.125
Esy,uEsy,ʿ-s-y,17,3,1.928
Esy,uEsy,ʿ-s-y,18,2,1.267
Esy,uEsy,ʿ-s-y,19,1,1.041
Esy,uEsy,ʿ-s-y,27,1,0.869
Esy,uEsy,ʿ-s-y,28,3,2.098
Esy,uEsy,ʿ-s-y,47,1,1.855
Esy,uEsy,ʿ-s-y,49,2,5.764
Esy,uEsy,ʿ-s-y,60,1,2.874
Esy,uEsy,ʿ-s-y,66,2,8.032
Esy,uEsy,ʿ-s-y,68,1,3.333
Etb,uEtb,ʿ-t-b,16,1,0.542
Etb,uEtb,ʿ-t-b,30,1,1.224
Etb,uEtb,ʿ-t-b,41,2,2.519
Etb,uEtb,ʿ-t-b,45,1,2.049
Etd,uEtd,ʿ-t-d,4,4,1.068
Etd,uEtd,ʿ-t-d,12,1,0.563
Etd,uEtd,ʿ-t-d,17,1,0.643
Etd,uEtd,ʿ-t-d,18,2,1.267
Etd,uEtd,ʿ-t-d,25,2,2.24
Etd,uEtd,ʿ-t-d,33,1,0.777
Etd,uEtd,ʿ-t-d,48,1,1.786
Etd,uEtd,ʿ-t-d,50,2,5.362
Etd,uEtd,ʿ-t-d,67,1,3.003
Etd,uEtd,ʿ-t-d,76,1,4.115
Etl,uEtl,ʿ-t-l,44,1,2.89
Etl,uEtl,ʿ-t-l,68,1,3.333
Etq,uEtq,ʿ-t-q,22,2,1.57
Etw,uEtw,ʿ-t-w,7,2,0.602
Etw,uEtw,ʿ-t-w,19,2,2.081
Etw,uEtw,ʿ-t-w,25,2,2.24
Etw,uEtw,ʿ-t-w,51,1,2.778
Etw,uEtw,ʿ-t-w,65,1,3.484
Etw,uEtw,ʿ-t-w,67,1,3.003
Etw,uEtw,ʿ-t-w,69,1,3.876
Evr,uEvr,ʿ-th-r,5,1,0.357
Evr,uEvr,ʿ-th-r,18,1,0.633
Evw,uEvw,ʿ-th-w,2,1,0.164
Evw,uEvw,ʿ-th-w,7,1,0.301
Evw,uEvw,ʿ-th-w,11,1,0.522
Evw,uEvw,ʿ-th-w,26,1,0.759
Evw,uEvw,ʿ-th-w,29,1,1.025
Ew*,uEwdh,ʿ-w-dh,2,1,0.164
Ew*,uEwdh,ʿ-w-dh,3,1,0.287
Ew*,uEwdh,ʿ-w-dh,7,1,0.301
Ew*,uEwdh,ʿ-w-dh,11,1,0.522
Ew*,uEwdh,ʿ-w-dh,12,2,1.125
Ew*,uEwdh,ʿ-w-dh,16,1,0.542
Ew*,uEwdh,ʿ-w-dh,19,1,1.041
Ew*,uEwdh,ʿ-w-dh,23,2,1.905
Ew*,uEwdh,ʿ-w-dh,40,2,1.641
Ew*,uEwdh,ʿ-w-dh,41,1,1.259
Ew*,uEwdh,ʿ-w-dh,44,1,2.89
Ew*,uEwdh,ʿ-w-dh,72,1,3.509
Ew*,uEwdh,ʿ-w-dh,113,1,43.478
Ew*,uEwdh,ʿ-w-dh,114,1,50
Ewd,uEwd,ʿ-w-d,2,1,0.164
Ewd,uEwd,ʿ-w-d,5,2,0.713
Ewd,uEwd,ʿ-w-d,6,1,0.328
Ewd,uEwd,ʿ-w-d,7,6,1.807
Ewd,uEwd,ʿ-w-d,8,3,2.433
Ewd,uEwd,ʿ-w-d,9,1,0.4
Ewd,uEwd,ʿ-w-d,10,3,1.637
Ewd,uEwd,ʿ-w-d,11,4,2.087
Ewd,uEwd,ʿ-w-d,14,2,2.41
Ewd,uEwd,ʿ-w-d,17,4,2.571
Ewd,uEwd,ʿ-w-d,18,1,0.633
Ewd,uEwd,ʿ-w-d,20,2,1.498
Ewd,uEwd,ʿ-w-d,21,1,0.855
Ewd,uEwd,ʿ-w-d,22,2,1.57
Ewd,uEwd,ʿ-w-d,23,1,0.952
Ewd,uEwd,ʿ-w-d,24,1,0.76
Ewd,uEwd,ʿ-w-d,25,1,1.12
Ewd,uEwd,ʿ-w-d,26,1,0.759
Ewd,uEwd,ʿ-w-d,27,1,0.869
Ewd,uEwd,ʿ-w-d,28,1,0.699
Ewd,uEwd,ʿ-w-d,29,2,2.049
Ewd,uEwd,ʿ-w-d,30,2,2.448
Ewd,uEwd,ʿ-w-d,32,1,2.688
Ewd,uEwd,ʿ-w-d,34,1,1.133
Ewd,uEwd,ʿ-w-d,36,1,1.379
Ewd,uEwd,ʿ-w-d,38,1,1.364
Ewd,uEwd,ʿ-w-d,40,1,0.82
Ewd,uEwd,ʿ-w-d,41,2,2.519
Ewd,uEwd,ʿ-w-d,44,1,2.89
Ewd,uEwd,ʿ-w-d,46,1,1.555
Ewd,uEwd,ʿ-w-d,50,1,2.681
Ewd,uEwd,ʿ-w-d,51,1,2.778
Ewd,uEwd,ʿ-w-d,53,1,2.778
Ewd,uEwd,ʿ-w-d,54,1,2.924
Ewd,uEwd,ʿ-w-d,58,2,4.237
Ewd,uEwd,ʿ-w-d,69,2,7.752
Ewd,uEwd,ʿ-w-d,71,1,4.425
Ewd,uEwd,ʿ-w-d,85,1,9.174
Ewd,uEwd,ʿ-w-d,89,1,7.299
Ewj,uEwj,ʿ-w-j,3,1,0.287
Ewj,uEwj,ʿ-w-j,7,2,0.602
Ewj,uEwj,ʿ-w-j,11,1,0.522
Ewj,uEwj,ʿ-w-j,14,1,1.205
Ewj,uEwj,ʿ-w-j,18,1,0.633
Ewj,uEwj,ʿ-w-j,20,2,1.498
Ewj,uEwj,ʿ-w-j,39,1,0.853
Ewl,uEwl,ʿ-w-l,4,1,0.267
Ewm,uEwm,ʿ-w-m,2,2,0.327
Ewm,uEwm,ʿ-w-m,9,4,1.601
Ewm,uEwm,ʿ-w-m,12,1,0.563
Ewm,uEwm,ʿ-w-m,29,1,1.025
Ewm,uEwm,ʿ-w-m,31,1,1.832
Ewn,uEwn,ʿ-w-n,1,1,34.483
Ewn,uEwn,ʿ-w-n,2,3,0.491
Ewn,uEwn,ʿ-w-n,5,2,0.713
Ewn,uEwn,ʿ-w-n,7,1,0.301
Ewn,uEwn,ʿ-w-n,12,1,0.563
Ewn,uEwn,ʿ-w-n,18,1,0.633
Ewn,uEwn,ʿ-w-n,21,1,0.855
Ewn,uEwn,ʿ-w-n,25,1,1.12
Ewq,uEwq,ʿ-w-q,33,1,0.777
Ewr,uEwr,ʿ-w-r,24,2,1.52
Ewr,uEwr,ʿ-w-r,33,2,1.554
Ey$,uEysh,ʿ-y-sh,7,1,0.301
Ey$,uEysh,ʿ-y-sh,15,1,1.527
Ey$,uEysh,ʿ-y-sh,20,1,0.749
Ey$,uEysh,ʿ-y-sh,28,1,0.699
Ey$,uEysh,ʿ-y-sh,43,1,1.205
Ey$,uEysh,ʿ-y-sh,69,1,3.876
Ey$,uEysh,ʿ-y-sh,78,1,5.78
Ey$,uEysh,ʿ-y-sh,101,1,27.778
Eyb,uEyb,ʿ-y-b,18,1,0.633
Eyl,uEyl,ʿ-y-l,9,1,0.4
Eyl,uEyl,ʿ-y-l,93,1,25
Eyn,uEyn,ʿ-y-n,2,1,0.164
Eyn,uEyn,ʿ-y-n,3,1,0.287
Eyn,uEyn,ʿ-y-n,5,3,1.07
Eyn,uEyn,ʿ-y-n,7,4,1.205
Eyn,uEyn,ʿ-y-n,8,2,1.622
Eyn,uEyn,ʿ-y-n,9,1,0.4
Eyn,uEyn,ʿ-y-n,11,2,1.043
Eyn,uEyn,ʿ-y-n,12,1,0.563
Eyn,uEyn,ʿ-y-n,15,2,3.053
Eyn,uEyn,ʿ-y-n,18,3,1.9
Eyn,uEyn,ʿ-y-n,19,1,1.041
Eyn,uEyn,ʿ-y-n,20,3,2.247
Eyn,uEyn,ʿ-y-n,21,1,0.855
Eyn,uEyn,ʿ-y-n,23,2,1.905
Eyn,uEyn,ʿ-y-n,25,1,1.12
Eyn,uEyn,ʿ-y-n,26,3,2.276
Eyn,uEyn,ʿ-y-n,28,2,1.399
Eyn,uEyn,ʿ-y-n,32,1,2.688
Eyn,uEyn,ʿ-y-n,33,2,1.554
Eyn,uEyn,ʿ-y-n,34,1,1.133
Eyn,uEyn,ʿ-y-n,36,2,2.759
Eyn,uEyn,ʿ-y-n,37,2,2.326
Eyn,uEyn,ʿ-y-n,40,1,0.82
Eyn,uEyn,ʿ-y-n,43,1,1.205
Eyn,uEyn,ʿ-y-n,44,3,8.671
Eyn,uEyn,ʿ-y-n,51,1,2.778
Eyn,uEyn,ʿ-y-n,52,2,6.41
Eyn,uEyn,ʿ-y-n,54,3,8.772
Eyn,uEyn,ʿ-y-n,55,2,5.698
Eyn,uEyn,ʿ-y-n,56,2,5.277
Eyn,uEyn,ʿ-y-n,67,1,3.003
Eyn,uEyn,ʿ-y-n,76,2,8.23
Eyn,uEyn,ʿ-y-n,77,1,5.525
Eyn,uEyn,ʿ-y-n,83,1,5.917
Eyn,uEyn,ʿ-y-n,88,2,21.739
Eyn,uEyn,ʿ-y-n,90,1,12.195
Eyn,uEyn,ʿ-y-n,102,1,35.714
Eyr,uEyr,ʿ-y-r,12,3,1.688
Eyy,uEyy,ʿ-y-y,46,1,1.555
Eyy,uEyy,ʿ-y-y,50,1,2.681
Ezb,uEzb,ʿ-z-b,10,1,0.546
Ezb,uEzb,ʿ-z-b,34,1,1.133
Ezl,uEzl,ʿ-z-l,2,1,0.164
Ezl,uEzl,ʿ-z-l,4,2,0.534
Ezl,uEzl,ʿ-z-l,11,1,0.522
Ezl,uEzl,ʿ-z-l,18,1,0.633
Ezl,uEzl,ʿ-z-l,19,2,2.081
Ezl,uEzl,ʿ-z-l,26,1,0.759
Ezl,uEzl,ʿ-z-l,33,1,0.777
Ezl,uEzl,ʿ-z-l,44,1,2.89
Ezm,uEzm,ʿ-z-m,2,2,0.327
Ezm,uEzm,ʿ-z-m,3,2,0.575
Ezm,uEzm,ʿ-z-m,20,1,0.749
Ezm,uEzm,ʿ-z-m,31,1,1.832
Ezm,uEzm,ʿ-z-m,42,1,1.163
Ezm,uEzm,ʿ-z-m,46,1,1.555
Ezm,uEzm,ʿ-z-m,47,1,1.855
Ezr,uEzr,ʿ-z-r,5,1,0.357
Ezr,uEzr,ʿ-z-r,7,1,0.301
Ezr,uEzr,ʿ-z-r,48,1,1.786
Ezw,uEzw,ʿ-z-w,70,1,4.608
Ezz,uEzz,ʿ-z-z,2,7,1.145
Ezz,uEzz,ʿ-z-z,3,6,1.724
Ezz,uEzz,ʿ-z-z,4,5,1.334
Ezz,uEzz,ʿ-z-z,5,4,1.427
Ezz,uEzz,ʿ-z-z,6,1,0.328
Ezz,uEzz,ʿ-z-z,8,4,3.244
Ezz,uEzz,ʿ-z-z,9,3,1.201
Ezz,uEzz,ʿ-z-z,10,1,0.546
Ezz,uEzz,ʿ-z-z,11,3,1.565
Ezz,uEzz,ʿ-z-z,12,4,2.251
Ezz,uEzz,ʿ-z-z,14,4,4.819
Ezz,uEzz,ʿ-z-z,16,1,0.542
Ezz,uEzz,ʿ-z-z,18,1,0.633
Ezz,uEzz,ʿ-z-z,19,1,1.041
Ezz,uEzz,ʿ-z-z,22,2,1.57
Ezz,uEzz,ʿ-z-z,26,10,7.587
Ezz,uEzz,ʿ-z-z,27,3,2.606
Ezz,uEzz,ʿ-z-z,29,2,2.049
Ezz,uEzz,ʿ-z-z,30,2,2.448
Ezz,uEzz,ʿ-z-z,31,2,3.663
Ezz,uEzz,ʿ-z-z,32,1,2.688
Ezz,uEzz,ʿ-z-z,33,1,0.777
Ezz,uEzz,ʿ-z-z,34,2,2.265
Ezz,uEzz,ʿ-z-z,35,5,6.452
Ezz,uEzz,ʿ-z-z,36,3,4.138
Ezz,uEzz,ʿ-z-z,37,1,1.163
Ezz,uEzz,ʿ-z-z,38,5,6.821
Ezz,uEzz,ʿ-z-z,39,3,2.56
Ezz,uEzz,ʿ-z-z,40,3,2.461
Ezz,uEzz,ʿ-z-z,41,2,2.519
Ezz,uEzz,ʿ-z-z,42,2,2.326
Ezz,uEzz,ʿ-z-z,43,1,1.205
Ezz,uEzz,ʿ-z-z,44,2,5.78
Ezz,uEzz,ʿ-z-z,45,2,4.098
Ezz,uEzz,ʿ-z-z,46,1,1.555
Ezz,uEzz,ʿ-z-z,48,3,5.357
Ezz,uEzz,ʿ-z-z,54,1,2.924
Ezz,uEzz,ʿ-z-z,57,2,3.484
Ezz,uEzz,ʿ-z-z,58,1,2.119
Ezz,uEzz,ʿ-z-z,59,3,6.742
Ezz,uEzz,ʿ-z-z,60,1,2.874
Ezz,uEzz,ʿ-z-z,61,1,4.525
Ezz,uEzz,ʿ-z-z,62,2,11.429
Ezz,uEzz,ʿ-z-z,63,2,11.111
Ezz,uEzz,ʿ-z-z,64,1,4.149
Ezz,uEzz,ʿ-z-z,67,1,3.003
Ezz,uEzz,ʿ-z-z,85,1,9.174
H$r,uHshr,ḥ-sh-r,2,1,0.164
H$r,uHshr,ḥ-sh-r,3,2,0.575
H$r,uHshr,ḥ-sh-r,4,1,0.267
H$r,uHshr,ḥ-sh-r,5,1,0.357
H$r,uHshr,ḥ-sh-r,6,6,1.967
H$r,uHshr,ḥ-sh-r,7,1,0.301
H$r,uHshr,ḥ-sh-r,8,2,1.622
H$r,uHshr,ḥ-sh-r,10,2,1.091
H$r,uHshr,ḥ-sh-r,15,1,1.527
H$r,uHshr,ḥ-sh-r,17,1,0.643
H$r,uHshr,ḥ-sh-r,18,1,0.633
H$r,uHshr,ḥ-sh-r,19,2,2.081
H$r,uHshr,ḥ-sh-r,20,4,2.996
H$r,uHshr,ḥ-sh-r,23,1,0.952
H$r,uHshr,ḥ-sh-r,25,2,2.24
H$r,uHshr,ḥ-sh-r,26,2,1.517
H$r,uHshr,ḥ-sh-r,27,2,1.738
H$r,uHshr,ḥ-sh-r,34,1,1.133
H$r,uHshr,ḥ-sh-r,37,1,1.163
H$r,uHshr,ḥ-sh-r,38,1,1.364
H$r,uHshr,ḥ-sh-r,41,1,1.259
H$r,uHshr,ḥ-sh-r,46,1,1.555
H$r,uHshr,ḥ-sh-r,50,1,2.681
H$r,uHshr,ḥ-sh-r,58,1,2.119
H$r,uHshr,ḥ-sh-r,59,1,2.247
H$r,uHshr,ḥ-sh-r,67,1,3.003
H$r,uHshr,ḥ-sh-r,79,1,5.587
H$r,uHshr,ḥ-sh-r,81,1,9.615
H*r,uHdhr,ḥ-dh-r,2,3,0.491
H*r,uHdhr,ḥ-dh-r,3,2,0.575
H*r,uHdhr,ḥ-dh-r,4,3,0.801
H*r,uHdhr,ḥ-dh-r,5,3,1.07
H*r,uHdhr,ḥ-dh-r,9,3,1.201
H*r,uHdhr,ḥ-dh-r,17,1,0.643
H*r,uHdhr,ḥ-dh-r,24,1,0.76
H*r,uHdhr,ḥ-dh-r,26,1,0.759
H*r,uHdhr,ḥ-dh-r,28,1,0.699
H*r,uHdhr,ḥ-dh-r,39,1,0.853
H*r,uHdhr,ḥ-dh-r,63,1,5.556
H*r,uHdhr,ḥ-dh-r,64,1,4.149
HDD,uHuDuD,ḥ-ḍ-ḍ,69,1,3.876
HDD,uHuDuD,ḥ-ḍ-ḍ,89,1,7.299
HDD,uHuDuD,ḥ-ḍ-ḍ,107,1,40
HDr,uHuDr,ḥ-ḍ-r,2,4,0.654
HDr,uHuDr,ḥ-ḍ-r,3,1,0.287
HDr,uHuDr,ḥ-ḍ-r,4,3,0.801
HDr,uHuDr,ḥ-ḍ-r,5,1,0.357
HDr,uHuDr,ḥ-ḍ-r,7,1,0.301
HDr,uHuDr,ḥ-ḍ-r,18,1,0.633
HDr,uHuDr,ḥ-ḍ-r,19,1,1.041
HDr,uHuDr,ḥ-ḍ-r,23,1,0.952
HDr,uHuDr,ḥ-ḍ-r,28,1,0.699
HDr,uHuDr,ḥ-ḍ-r,30,1,1.224
HDr,uHuDr,ḥ-ḍ-r,34,1,1.133
HDr,uHuDr,ḥ-ḍ-r,36,3,4.138
HDr,uHuDr,ḥ-ḍ-r,37,3,3.488
HDr,uHuDr,ḥ-ḍ-r,46,1,1.555
HDr,uHuDr,ḥ-ḍ-r,54,1,2.924
HDr,uHuDr,ḥ-ḍ-r,81,1,9.615
HSHS,uHuSuHuS,ḥ-ṣ-ḥ-ṣ,12,1,0.563
HSb,uHuSb,ḥ-ṣ-b,17,1,0.643
HSb,uHuSb,ḥ-ṣ-b,21,1,0.855
HSb,uHuSb,ḥ-ṣ-b,29,1,1.025
HSb,uHuSb,ḥ-ṣ-b,54,1,2.924
HSb,uHuSb,ḥ-ṣ-b,67,1,3.003
HSd,uHuSd,ḥ-ṣ-d,6,1,0.328
HSd,uHuSd,ḥ-ṣ-d,10,1,0.546
HSd,uHuSd,ḥ-ṣ-d,11,1,0.522
HSd,uHuSd,ḥ-ṣ-d,12,1,0.563
HSd,uHuSd,ḥ-ṣ-d,21,1,0.855
HSd,uHuSd,ḥ-ṣ-d,50,1,2.681
HSl,uHuSl,ḥ-ṣ-l,100,1,25
HSn,uHuSn,ḥ-ṣ-n,4,6,1.601
HSn,uHuSn,ḥ-ṣ-n,5,3,1.07
HSn,uHuSn,ḥ-ṣ-n,12,1,0.563
HSn,uHuSn,ḥ-ṣ-n,21,2,1.711
HSn,uHuSn,ḥ-ṣ-n,24,3,2.28
HSn,uHuSn,ḥ-ṣ-n,59,2,4.494
HSn,uHuSn,ḥ-ṣ-n,66,1,4.016
HSr,uHuSr,ḥ-ṣ-r,2,2,0.327
HSr,uHuSr,ḥ-ṣ-r,3,1,0.287
HSr,uHuSr,ḥ-ṣ-r,4,1,0.267
HSr,uHuSr,ḥ-ṣ-r,9,1,0.4
HSr,uHuSr,ḥ-ṣ-r,17,1,0.643
HSy,uHuSy,ḥ-ṣ-y,14,1,1.205
HSy,uHuSy,ḥ-ṣ-y,16,1,0.542
HSy,uHuSy,ḥ-ṣ-y,18,2,1.267
HSy,uHuSy,ḥ-ṣ-y,19,1,1.041
HSy,uHuSy,ḥ-ṣ-y,36,1,1.379
HSy,uHuSy,ḥ-ṣ-y,58,1,2.119
HSy,uHuSy,ḥ-ṣ-y,65,1,3.484
HSy,uHuSy,ḥ-ṣ-y,72,1,3.509
HSy,uHuSy,ḥ-ṣ-y,73,1,5.025
HSy,uHuSy,ḥ-ṣ-y,78,1,5.78
HTT,uHuTuT,ḥ-ṭ-ṭ,2,1,0.164
HTT,uHuTuT,ḥ-ṭ-ṭ,7,1,0.301
HTb,uHuTb,ḥ-ṭ-b,72,1,3.509
HTb,uHuTb,ḥ-ṭ-b,111,1,43.478
HTm,uHuTm,ḥ-ṭ-m,27,1,0.869
HTm,uHuTm,ḥ-ṭ-m,39,1,0.853
HTm,uHuTm,ḥ-ṭ-m,56,1,2.639
HTm,uHuTm,ḥ-ṭ-m,57,1,1.742
HTm,uHuTm,ḥ-ṭ-m,104,2,60.606
HZZ,uHuZuZ,ḥ-ẓ-ẓ,3,1,0.287
HZZ,uHuZuZ,ḥ-ẓ-ẓ,4,2,0.534
HZZ,uHuZuZ,ḥ-ẓ-ẓ,5,2,0.713
HZZ,uHuZuZ,ḥ-ẓ-ẓ,28,1,0.699
HZZ,uHuZuZ,ḥ-ẓ-ẓ,41,1,1.259
HZr,uHuZr,ḥ-ẓ-r,17,1,0.643
HZr,uHuZr,ḥ-ẓ-r,54,1,2.924
HbT,uHbuT,ḥ-b-ṭ,2,1,0.164
HbT,uHbuT,ḥ-b-ṭ,3,1,0.287
HbT,uHbuT,ḥ-b-ṭ,5,2,0.713
HbT,uHbuT,ḥ-b-ṭ,6,1,0.328
HbT,uHbuT,ḥ-b-ṭ,7,1,0.301
HbT,uHbuT,ḥ-b-ṭ,9,2,0.801
HbT,uHbuT,ḥ-b-ṭ,11,1,0.522
HbT,uHbuT,ḥ-b-ṭ,18,1,0.633
HbT,uHbuT,ḥ-b-ṭ,33,1,0.777
HbT,uHbuT,ḥ-b-ṭ,39,1,0.853
HbT,uHbuT,ḥ-b-ṭ,47,3,5.566
HbT,uHbuT,ḥ-b-ṭ,49,1,2.882
Hbb,uHbb,ḥ-b-b,2,13,2.126
Hbb,uHbb,ḥ-b-b,3,16,4.596
Hbb,uHbb,ḥ-b-b,4,3,0.801
Hbb,uHbb,ḥ-b-b,5,8,2.853
Hbb,uHbb,ḥ-b-b,6,5,1.639
Hbb,uHbb,ḥ-b-b,7,3,0.904
Hbb,uHbb,ḥ-b-b,8,1,0.811
Hbb,uHbb,ḥ-b-b,9,6,2.402
Hbb,uHbb,ḥ-b-b,12,3,1.688
Hbb,uHbb,ḥ-b-b,14,1,1.205
Hbb,uHbb,ḥ-b-b,16,2,1.085
Hbb,uHbb,ḥ-b-b,20,1,0.749
Hbb,uHbb,ḥ-b-b,21,1,0.855
Hbb,uHbb,ḥ-b-b,22,1,0.785
Hbb,uHbb,ḥ-b-b,24,2,1.52
Hbb,uHbb,ḥ-b-b,28,3,2.098
Hbb,uHbb,ḥ-b-b,30,1,1.224
Hbb,uHbb,ḥ-b-b,31,2,3.663
Hbb,uHbb,ḥ-b-b,36,1,1.379
Hbb,uHbb,ḥ-b-b,38,2,2.729
Hbb,uHbb,ḥ-b-b,41,1,1.259
Hbb,uHbb,ḥ-b-b,42,1,1.163
Hbb,uHbb,ḥ-b-b,49,3,8.646
Hbb,uHbb,ḥ-b-b,50,1,2.681
Hbb,uHbb,ḥ-b-b,55,1,2.849
Hbb,uHbb,ḥ-b-b,57,1,1.742
Hbb,uHbb,ḥ-b-b,59,1,2.247
Hbb,uHbb,ḥ-b-b,60,1,2.874
Hbb,uHbb,ḥ-b-b,61,2,9.05
Hbb,uHbb,ḥ-b-b,75,1,6.098
Hbb,uHbb,ḥ-b-b,76,2,8.23
Hbb,uHbb,ḥ-b-b,78,1,5.78
Hbb,uHbb,ḥ-b-b,80,1,7.519
Hbb,uHbb,ḥ-b-b,89,2,14.599
Hbb,uHbb,ḥ-b-b,100,1,25
Hbk,uHbk,ḥ-b-k,51,1,2.778
Hbl,uHbl,ḥ-b-l,3,3,0.862
Hbl,uHbl,ḥ-b-l,20,1,0.749
Hbl,uHbl,ḥ-b-l,26,1,0.759
Hbl,uHbl,ḥ-b-l,50,1,2.681
Hbl,uHbl,ḥ-b-l,111,1,43.478
Hbr,uHbr,ḥ-b-r,5,2,0.713
Hbr,uHbr,ḥ-b-r,9,2,0.801
Hbr,uHbr,ḥ-b-r,30,1,1.224
Hbr,uHbr,ḥ-b-r,43,1,1.205
Hbs,uHbs,ḥ-b-s,5,1,0.357
Hbs,uHbs,ḥ-b-s,11,1,0.522
Hdb,uHdb,ḥ-d-b,21,1,0.855
Hdd,uHdd,ḥ-d-d,2,7,1.145
Hdd,uHdd,ḥ-d-d,4,2,0.534
Hdd,uHdd,ḥ-d-d,9,3,1.201
Hdd,uHdd,ḥ-d-d,17,1,0.643
Hdd,uHdd,ḥ-d-d,18,1,0.633
Hdd,uHdd,ḥ-d-d,22,1,0.785
Hdd,uHdd,ḥ-d-d,33,1,0.777
Hdd,uHdd,ḥ-d-d,34,1,1.133
Hdd,uHdd,ḥ-d-d,50,1,2.681
Hdd,uHdd,ḥ-d-d,57,1,1.742
Hdd,uHdd,ḥ-d-d,58,4,8.475
Hdd,uHdd,ḥ-d-d,65,2,6.969
Hdq,uHdq,ḥ-d-q,27,1,0.869
Hdq,uHdq,ḥ-d-q,78,1,5.78
Hdq,uHdq,ḥ-d-q,80,1,7.519
Hdv,uHdv,ḥ-d-th,2,1,0.164
Hdv,uHdv,ḥ-d-th,4,4,1.068
Hdv,uHdv,ḥ-d-th,6,1,0.328
Hdv,uHdv,ḥ-d-th,7,1,0.301
Hdv,uHdv,ḥ-d-th,12,4,2.251
Hdv,uHdv,ḥ-d-th,18,2,1.267
Hdv,uHdv,ḥ-d-th,20,2,1.498
Hdv,uHdv,ḥ-d-th,21,1,0.855
Hdv,uHdv,ḥ-d-th,23,1,0.952
Hdv,uHdv,ḥ-d-th,26,1,0.759
Hdv,uHdv,ḥ-d-th,31,1,1.832
Hdv,uHdv,ḥ-d-th,33,1,0.777
Hdv,uHdv,ḥ-d-th,34,1,1.133
Hdv,uHdv,ḥ-d-th,39,1,0.853
Hdv,uHdv,ḥ-d-th,45,1,2.049
Hdv,uHdv,ḥ-d-th,51,1,2.778
Hdv,uHdv,ḥ-d-th,52,1,3.205
Hdv,uHdv,ḥ-d-th,53,1,2.778
Hdv,uHdv,ḥ-d-th,56,1,2.639
Hdv,uHdv,ḥ-d-th,65,1,3.484
Hdv,uHdv,ḥ-d-th,66,1,4.016
Hdv,uHdv,ḥ-d-th,68,1,3.333
Hdv,uHdv,ḥ-d-th,77,1,5.525
Hdv,uHdv,ḥ-d-th,79,1,5.587
Hdv,uHdv,ḥ-d-th,85,1,9.174
Hdv,uHdv,ḥ-d-th,88,1,10.87
Hdv,uHdv,ḥ-d-th,93,1,25
Hdv,uHdv,ḥ-d-th,99,1,27.778
HfZ,uHfuZ,ḥ-f-ẓ,2,2,0.327
HfZ,uHfuZ,ḥ-f-ẓ,4,3,0.801
HfZ,uHfuZ,ḥ-f-ẓ,5,2,0.713
HfZ,uHfuZ,ḥ-f-ẓ,6,4,1.311
HfZ,uHfuZ,ḥ-f-ẓ,9,1,0.4
HfZ,uHfuZ,ḥ-f-ẓ,11,2,1.043
HfZ,uHfuZ,ḥ-f-ẓ,12,6,3.376
HfZ,uHfuZ,ḥ-f-ẓ,13,1,1.172
HfZ,uHfuZ,ḥ-f-ẓ,15,2,3.053
HfZ,uHfuZ,ḥ-f-ẓ,21,2,1.711
HfZ,uHfuZ,ḥ-f-ẓ,23,2,1.905
HfZ,uHfuZ,ḥ-f-ẓ,24,2,1.52
HfZ,uHfuZ,ḥ-f-ẓ,33,2,1.554
HfZ,uHfuZ,ḥ-f-ẓ,34,1,1.133
HfZ,uHfuZ,ḥ-f-ẓ,37,1,1.163
HfZ,uHfuZ,ḥ-f-ẓ,41,1,1.259
HfZ,uHfuZ,ḥ-f-ẓ,42,2,2.326
HfZ,uHfuZ,ḥ-f-ẓ,50,2,5.362
HfZ,uHfuZ,ḥ-f-ẓ,70,2,9.217
HfZ,uHfuZ,ḥ-f-ẓ,82,1,12.5
HfZ,uHfuZ,ḥ-f-ẓ,83,1,5.917
HfZ,uHfuZ,ḥ-f-ẓ,85,1,9.174
HfZ,uHfuZ,ḥ-f-ẓ,86,1,16.393
Hfd,uHfd,ḥ-f-d,16,1,0.542
Hff,uHff,ḥ-f-f,18,1,0.633
Hff,uHff,ḥ-f-f,39,1,0.853
Hfr,uHfr,ḥ-f-r,3,1,0.287
Hfr,uHfr,ḥ-f-r,79,1,5.587
Hfw,uHfw,ḥ-f-w,7,1,0.301
Hfw,uHfw,ḥ-f-w,19,1,1.041
Hfw,uHfw,ḥ-f-w,47,1,1.855
Hjb,uHjb,ḥ-j-b,7,1,0.301
Hjb,uHjb,ḥ-j-b,17,1,0.643
Hjb,uHjb,ḥ-j-b,19,1,1.041
Hjb,uHjb,ḥ-j-b,33,1,0.777
Hjb,uHjb,ḥ-j-b,38,1,1.364
Hjb,uHjb,ḥ-j-b,41,1,1.259
Hjb,uHjb,ḥ-j-b,42,1,1.163
Hjb,uHjb,ḥ-j-b,83,1,5.917
Hjj,uHjj,ḥ-j-j,2,12,1.962
Hjj,uHjj,ḥ-j-j,3,7,2.011
Hjj,uHjj,ḥ-j-j,4,1,0.267
Hjj,uHjj,ḥ-j-j,6,4,1.311
Hjj,uHjj,ḥ-j-j,9,2,0.801
Hjj,uHjj,ḥ-j-j,22,1,0.785
Hjj,uHjj,ḥ-j-j,28,1,0.699
Hjj,uHjj,ḥ-j-j,40,1,0.82
Hjj,uHjj,ḥ-j-j,42,3,3.488
Hjj,uHjj,ḥ-j-j,45,1,2.049
Hjr,uHjr,ḥ-j-r,2,4,0.654
Hjr,uHjr,ḥ-j-r,4,1,0.267
Hjr,uHjr,ḥ-j-r,6,1,0.328
Hjr,uHjr,ḥ-j-r,7,1,0.301
Hjr,uHjr,ḥ-j-r,8,1,0.811
Hjr,uHjr,ḥ-j-r,11,1,0.522
Hjr,uHjr,ḥ-j-r,15,2,3.053
Hjr,uHjr,ḥ-j-r,17,1,0.643
Hjr,uHjr,ḥ-j-r,25,4,4.479
Hjr,uHjr,ḥ-j-r,49,1,2.882
Hjr,uHjr,ḥ-j-r,51,1,2.778
Hjr,uHjr,ḥ-j-r,66,1,4.016
Hjr,uHjr,ḥ-j-r,89,1,7.299
Hjr,uHjr,ḥ-j-r,105,1,43.478
Hjz,uHjz,ḥ-j-z,27,1,0.869
Hjz,uHjz,ḥ-j-z,69,1,3.876
Hkm,uHkm,ḥ-k-m,2,16,2.616
Hkm,uHkm,ḥ-k-m,3,12,3.447
Hkm,uHkm,ḥ-k-m,4,22,5.871
Hkm,uHkm,ḥ-k-m,5,19,6.776
Hkm,uHkm,ḥ-k-m,6,10,3.279
Hkm,uHkm,ḥ-k-m,7,2,0.602
Hkm,uHkm,ḥ-k-m,8,5,4.055
Hkm,uHkm,ḥ-k-m,9,8,3.203
Hkm,uHkm,ḥ-k-m,10,4,2.182
Hkm,uHkm,ḥ-k-m,11,4,2.087
Hkm,uHkm,ḥ-k-m,12,8,4.502
Hkm,uHkm,ḥ-k-m,13,3,3.517
Hkm,uHkm,ḥ-k-m,14,1,1.205
Hkm,uHkm,ḥ-k-m,15,1,1.527
Hkm,uHkm,ḥ-k-m,16,4,2.169
Hkm,uHkm,ḥ-k-m,17,1,0.643
Hkm,uHkm,ḥ-k-m,18,1,0.633
Hkm,uHkm,ḥ-k-m,19,1,1.041
Hkm,uHkm,ḥ-k-m,21,5,4.277
Hkm,uHkm,ḥ-k-m,22,4,3.14
Hkm,uHkm,ḥ-k-m,24,6,4.559
Hkm,uHkm,ḥ-k-m,26,2,1.517
Hkm,uHkm,ḥ-k-m,27,3,2.606
Hkm,uHkm,ḥ-k-m,28,3,2.098
Hkm,uHkm,ḥ-k-m,29,3,3.074
Hkm,uHkm,ḥ-k-m,30,1,1.224
Hkm,uHkm,ḥ-k-m,31,4,7.326
Hkm,uHkm,ḥ-k-m,33,2,1.554
Hkm,uHkm,ḥ-k-m,34,2,2.265
Hkm,uHkm,ḥ-k-m,35,1,1.29
Hkm,uHkm,ḥ-k-m,36,1,1.379
Hkm,uHkm,ḥ-k-m,37,1,1.163
Hkm,uHkm,ḥ-k-m,38,3,4.093
Hkm,uHkm,ḥ-k-m,39,3,2.56
Hkm,uHkm,ḥ-k-m,40,3,2.461
Hkm,uHkm,ḥ-k-m,41,1,1.259
Hkm,uHkm,ḥ-k-m,42,3,3.488
Hkm,uHkm,ḥ-k-m,43,3,3.614
Hkm,uHkm,ḥ-k-m,44,1,2.89
Hkm,uHkm,ḥ-k-m,45,4,8.197
Hkm,uHkm,ḥ-k-m,46,1,1.555
Hkm,uHkm,ḥ-k-m,47,1,1.855
Hkm,uHkm,ḥ-k-m,48,3,5.357
Hkm,uHkm,ḥ-k-m,49,1,2.882
Hkm,uHkm,ḥ-k-m,51,1,2.778
Hkm,uHkm,ḥ-k-m,52,1,3.205
Hkm,uHkm,ḥ-k-m,54,1,2.924
Hkm,uHkm,ḥ-k-m,57,1,1.742
Hkm,uHkm,ḥ-k-m,59,2,4.494
Hkm,uHkm,ḥ-k-m,60,4,11.494
Hkm,uHkm,ḥ-k-m,61,1,4.525
Hkm,uHkm,ḥ-k-m,62,3,17.143
Hkm,uHkm,ḥ-k-m,64,1,4.149
Hkm,uHkm,ḥ-k-m,66,1,4.016
Hkm,uHkm,ḥ-k-m,68,3,10
Hkm,uHkm,ḥ-k-m,76,2,8.23
Hkm,uHkm,ḥ-k-m,95,2,58.824
Hlf,uHlf,ḥ-l-f,4,1,0.267
Hlf,uHlf,ḥ-l-f,5,1,0.357
Hlf,uHlf,ḥ-l-f,9,7,2.802
Hlf,uHlf,ḥ-l-f,58,3,6.356
Hlf,uHlf,ḥ-l-f,68,1,3.333
Hll,uHll,ḥ-l-l,2,7,1.145
Hll,uHll,ḥ-l-l,3,2,0.575
Hll,uHll,ḥ-l-l,4,4,1.068
Hll,uHll,ḥ-l-l,5,12,4.28
Hll,uHll,ḥ-l-l,7,1,0.301
Hll,uHll,ḥ-l-l,8,1,0.811
Hll,uHll,ḥ-l-l,9,2,0.801
Hll,uHll,ḥ-l-l,10,1,0.546
Hll,uHll,ḥ-l-l,11,1,0.522
Hll,uHll,ḥ-l-l,13,1,1.172
Hll,uHll,ḥ-l-l,14,1,1.205
Hll,uHll,ḥ-l-l,16,2,1.085
Hll,uHll,ḥ-l-l,20,4,2.996
Hll,uHll,ḥ-l-l,22,2,1.57
Hll,uHll,ḥ-l-l,33,2,1.554
Hll,uHll,ḥ-l-l,35,1,1.29
Hll,uHll,ḥ-l-l,39,1,0.853
Hll,uHll,ḥ-l-l,48,1,1.786
Hll,uHll,ḥ-l-l,60,2,5.747
Hll,uHll,ḥ-l-l,66,2,8.032
Hll,uHll,ḥ-l-l,90,1,12.195
Hlm,uHlm,ḥ-l-m,2,3,0.491
Hlm,uHlm,ḥ-l-m,3,1,0.287
Hlm,uHlm,ḥ-l-m,4,1,0.267
Hlm,uHlm,ḥ-l-m,5,1,0.357
Hlm,uHlm,ḥ-l-m,9,1,0.4
Hlm,uHlm,ḥ-l-m,11,2,1.043
Hlm,uHlm,ḥ-l-m,12,2,1.125
Hlm,uHlm,ḥ-l-m,17,1,0.643
Hlm,uHlm,ḥ-l-m,21,1,0.855
Hlm,uHlm,ḥ-l-m,22,1,0.785
Hlm,uHlm,ḥ-l-m,24,2,1.52
Hlm,uHlm,ḥ-l-m,33,1,0.777
Hlm,uHlm,ḥ-l-m,35,1,1.29
Hlm,uHlm,ḥ-l-m,37,1,1.163
Hlm,uHlm,ḥ-l-m,52,1,3.205
Hlm,uHlm,ḥ-l-m,64,1,4.149
Hlq,uHlq,ḥ-l-q,2,1,0.164
Hlq,uHlq,ḥ-l-q,48,1,1.786
Hlq,uHlq,ḥ-l-q,56,1,2.639
Hly,uHly,ḥ-l-y,7,1,0.301
Hly,uHly,ḥ-l-y,13,1,1.172
Hly,uHly,ḥ-l-y,16,1,0.542
Hly,uHly,ḥ-l-y,18,1,0.633
Hly,uHly,ḥ-l-y,22,1,0.785
Hly,uHly,ḥ-l-y,35,2,2.581
Hly,uHly,ḥ-l-y,43,1,1.205
Hly,uHly,ḥ-l-y,76,1,4.115
HmA,uHmuA,ḥ-m-a,15,3,4.58
HmA,uHmuA,ḥ-m-a,18,1,0.633
Hmd,uHmd,ḥ-m-d,1,1,34.483
Hmd,uHmd,ḥ-m-d,2,2,0.327
Hmd,uHmd,ḥ-m-d,3,1,0.287
Hmd,uHmd,ḥ-m-d,4,1,0.267
Hmd,uHmd,ḥ-m-d,6,2,0.656
Hmd,uHmd,ḥ-m-d,7,1,0.301
Hmd,uHmd,ḥ-m-d,9,1,0.4
Hmd,uHmd,ḥ-m-d,10,1,0.546
Hmd,uHmd,ḥ-m-d,11,1,0.522
Hmd,uHmd,ḥ-m-d,13,1,1.172
Hmd,uHmd,ḥ-m-d,14,3,3.614
Hmd,uHmd,ḥ-m-d,15,1,1.527
Hmd,uHmd,ḥ-m-d,16,1,0.542
Hmd,uHmd,ḥ-m-d,17,4,2.571
Hmd,uHmd,ḥ-m-d,18,1,0.633
Hmd,uHmd,ḥ-m-d,20,1,0.749
Hmd,uHmd,ḥ-m-d,22,2,1.57
Hmd,uHmd,ḥ-m-d,23,1,0.952
Hmd,uHmd,ḥ-m-d,25,1,1.12
Hmd,uHmd,ḥ-m-d,27,3,2.606
Hmd,uHmd,ḥ-m-d,28,1,0.699
Hmd,uHmd,ḥ-m-d,29,1,1.025
Hmd,uHmd,ḥ-m-d,30,1,1.224
Hmd,uHmd,ḥ-m-d,31,3,5.495
Hmd,uHmd,ḥ-m-d,32,1,2.688
Hmd,uHmd,ḥ-m-d,34,3,3.398
Hmd,uHmd,ḥ-m-d,35,3,3.871
Hmd,uHmd,ḥ-m-d,37,1,1.163
Hmd,uHmd,ḥ-m-d,39,4,3.413
Hmd,uHmd,ḥ-m-d,40,3,2.461
Hmd,uHmd,ḥ-m-d,41,1,1.259
Hmd,uHmd,ḥ-m-d,42,2,2.326
Hmd,uHmd,ḥ-m-d,45,1,2.049
Hmd,uHmd,ḥ-m-d,50,1,2.681
Hmd,uHmd,ḥ-m-d,52,1,3.205
Hmd,uHmd,ḥ-m-d,57,1,1.742
Hmd,uHmd,ḥ-m-d,60,1,2.874
Hmd,uHmd,ḥ-m-d,64,2,8.299
Hmd,uHmd,ḥ-m-d,85,1,9.174
Hmd,uHmd,ḥ-m-d,110,1,52.632
Hml,uHml,ḥ-m-l,2,4,0.654
Hml,uHml,ḥ-m-l,4,1,0.267
Hml,uHml,ḥ-m-l,6,3,0.984
Hml,uHml,ḥ-m-l,7,3,0.904
Hml,uHml,ḥ-m-l,9,2,0.801
Hml,uHml,ḥ-m-l,11,1,0.522
Hml,uHml,ḥ-m-l,12,2,1.125
Hml,uHml,ḥ-m-l,13,2,2.345
Hml,uHml,ḥ-m-l,16,2,1.085
Hml,uHml,ḥ-m-l,17,2,1.285
Hml,uHml,ḥ-m-l,19,3,3.122
Hml,uHml,ḥ-m-l,20,4,2.996
Hml,uHml,ḥ-m-l,22,2,1.57
Hml,uHml,ḥ-m-l,23,1,0.952
Hml,uHml,ḥ-m-l,24,2,1.52
Hml,uHml,ḥ-m-l,29,4,4.098
Hml,uHml,ḥ-m-l,31,1,1.832
Hml,uHml,ḥ-m-l,33,3,2.331
Hml,uHml,ḥ-m-l,35,3,3.871
Hml,uHml,ḥ-m-l,36,1,1.379
Hml,uHml,ḥ-m-l,40,2,1.641
Hml,uHml,ḥ-m-l,41,1,1.259
Hml,uHml,ḥ-m-l,46,2,3.11
Hml,uHml,ḥ-m-l,51,1,2.778
Hml,uHml,ḥ-m-l,54,1,2.924
Hml,uHml,ḥ-m-l,62,3,17.143
Hml,uHml,ḥ-m-l,65,4,13.937
Hml,uHml,ḥ-m-l,69,3,11.628
Hml,uHml,ḥ-m-l,111,1,43.478
Hmm,uHmm,ḥ-m-m,6,1,0.328
Hmm,uHmm,ḥ-m-m,10,1,0.546
Hmm,uHmm,ḥ-m-m,22,1,0.785
Hmm,uHmm,ḥ-m-m,26,1,0.759
Hmm,uHmm,ḥ-m-m,37,1,1.163
Hmm,uHmm,ḥ-m-m,38,1,1.364
Hmm,uHmm,ḥ-m-m,40,2,1.641
Hmm,uHmm,ḥ-m-m,41,1,1.259
Hmm,uHmm,ḥ-m-m,44,2,5.78
Hmm,uHmm,ḥ-m-m,47,1,1.855
Hmm,uHmm,ḥ-m-m,55,1,2.849
Hmm,uHmm,ḥ-m-m,56,4,10.554
Hmm,uHmm,ḥ-m-m,69,1,3.876
Hmm,uHmm,ḥ-m-m,70,2,9.217
Hmm,uHmm,ḥ-m-m,78,1,5.78
Hmr,uHmr,ḥ-m-r,2,1,0.164
Hmr,uHmr,ḥ-m-r,16,1,0.542
Hmr,uHmr,ḥ-m-r,31,1,1.832
Hmr,uHmr,ḥ-m-r,35,1,1.29
Hmr,uHmr,ḥ-m-r,62,1,5.714
Hmr,uHmr,ḥ-m-r,74,1,3.922
Hmy,uHmy,ḥ-m-y,5,1,0.357
Hmy,uHmy,ḥ-m-y,9,1,0.4
Hmy,uHmy,ḥ-m-y,48,2,3.571
Hmy,uHmy,ḥ-m-y,88,1,10.87
Hmy,uHmy,ḥ-m-y,101,1,27.778
Hn*,uHndh,ḥ-n-dh,11,1,0.522
Hnf,uHnf,ḥ-n-f,2,1,0.164
Hnf,uHnf,ḥ-n-f,3,2,0.575
Hnf,uHnf,ḥ-n-f,4,1,0.267
Hnf,uHnf,ḥ-n-f,6,2,0.656
Hnf,uHnf,ḥ-n-f,10,1,0.546
Hnf,uHnf,ḥ-n-f,16,2,1.085
Hnf,uHnf,ḥ-n-f,22,1,0.785
Hnf,uHnf,ḥ-n-f,30,1,1.224
Hnf,uHnf,ḥ-n-f,98,1,10.638
Hnjr,uHnjr,ḥ-n-j-r,33,1,0.777
Hnjr,uHnjr,ḥ-n-j-r,40,1,0.82
Hnk,uHnk,ḥ-n-k,17,1,0.643
Hnn,uHnn,ḥ-n-n,19,1,1.041
Hnv,uHnv,ḥ-n-th,38,1,1.364
Hnv,uHnv,ḥ-n-th,56,1,2.639
Hqb,uHqb,ḥ-q-b,18,1,0.633
Hqb,uHqb,ḥ-q-b,78,1,5.78
Hqf,uHqf,ḥ-q-f,46,1,1.555
Hqq,uHqq,ḥ-q-q,2,24,3.924
Hqq,uHqq,ḥ-q-q,3,12,3.447
Hqq,uHqq,ḥ-q-q,4,6,1.601
Hqq,uHqq,ḥ-q-q,5,10,3.566
Hqq,uHqq,ḥ-q-q,6,13,4.262
Hqq,uHqq,ḥ-q-q,7,15,4.518
Hqq,uHqq,ḥ-q-q,8,9,7.299
Hqq,uHqq,ḥ-q-q,9,7,2.802
Hqq,uHqq,ḥ-q-q,10,23,12.548
Hqq,uHqq,ḥ-q-q,11,4,2.087
Hqq,uHqq,ḥ-q-q,12,2,1.125
Hqq,uHqq,ḥ-q-q,13,4,4.689
Hqq,uHqq,ḥ-q-q,14,2,2.41
Hqq,uHqq,ḥ-q-q,15,4,6.107
Hqq,uHqq,ḥ-q-q,16,4,2.169
Hqq,uHqq,ḥ-q-q,17,6,3.856
Hqq,uHqq,ḥ-q-q,18,6,3.8
Hqq,uHqq,ḥ-q-q,19,1,1.041
Hqq,uHqq,ḥ-q-q,20,1,0.749
Hqq,uHqq,ḥ-q-q,21,5,4.277
Hqq,uHqq,ḥ-q-q,22,7,5.495
Hqq,uHqq,ḥ-q-q,23,7,6.667
Hqq,uHqq,ḥ-q-q,24,3,2.28
Hqq,uHqq,ḥ-q-q,25,3,3.359
Hqq,uHqq,ḥ-q-q,27,1,0.869
Hqq,uHqq,ḥ-q-q,28,7,4.895
Hqq,uHqq,ḥ-q-q,29,2,2.049
Hqq,uHqq,ḥ-q-q,30,4,4.896
Hqq,uHqq,ḥ-q-q,31,3,5.495
Hqq,uHqq,ḥ-q-q,32,2,5.376
Hqq,uHqq,ḥ-q-q,33,3,2.331
Hqq,uHqq,ḥ-q-q,34,6,6.795
Hqq,uHqq,ḥ-q-q,35,3,3.871
Hqq,uHqq,ḥ-q-q,36,2,2.759
Hqq,uHqq,ḥ-q-q,37,2,2.326
Hqq,uHqq,ḥ-q-q,38,6,8.186
Hqq,uHqq,ḥ-q-q,39,8,6.826
Hqq,uHqq,ḥ-q-q,40,8,6.563
Hqq,uHqq,ḥ-q-q,41,3,3.778
Hqq,uHqq,ḥ-q-q,42,5,5.814
Hqq,uHqq,ḥ-q-q,43,5,6.024
Hqq,uHqq,ḥ-q-q,44,1,2.89
Hqq,uHqq,ḥ-q-q,45,4,8.197
Hqq,uHqq,ḥ-q-q,46,7,10.886
Hqq,uHqq,ḥ-q-q,47,2,3.711
Hqq,uHqq,ḥ-q-q,48,3,5.357
Hqq,uHqq,ḥ-q-q,50,4,10.724
Hqq,uHqq,ḥ-q-q,51,2,5.556
Hqq,uHqq,ḥ-q-q,53,1,2.778
Hqq,uHqq,ḥ-q-q,56,1,2.639
Hqq,uHqq,ḥ-q-q,57,2,3.484
Hqq,uHqq,ḥ-q-q,60,1,2.874
Hqq,uHqq,ḥ-q-q,61,1,4.525
Hqq,uHqq,ḥ-q-q,64,1,4.149
Hqq,uHqq,ḥ-q-q,69,4,15.504
Hqq,uHqq,ḥ-q-q,70,1,4.608
Hqq,uHqq,ḥ-q-q,78,1,5.78
Hqq,uHqq,ḥ-q-q,84,2,18.692
Hqq,uHqq,ḥ-q-q,103,1,71.429
HrD,uHruD,ḥ-r-ḍ,4,1,0.267
HrD,uHruD,ḥ-r-ḍ,8,1,0.811
HrD,uHruD,ḥ-r-ḍ,12,1,0.563
HrS,uHruS,ḥ-r-ṣ,2,1,0.164
HrS,uHruS,ḥ-r-ṣ,4,1,0.267
HrS,uHruS,ḥ-r-ṣ,9,1,0.4
HrS,uHruS,ḥ-r-ṣ,12,1,0.563
HrS,uHruS,ḥ-r-ṣ,16,1,0.542
Hrb,uHrb,ḥ-r-b,2,1,0.164
Hrb,uHrb,ḥ-r-b,3,2,0.575
Hrb,uHrb,ḥ-r-b,5,2,0.713
Hrb,uHrb,ḥ-r-b,8,1,0.811
Hrb,uHrb,ḥ-r-b,9,1,0.4
Hrb,uHrb,ḥ-r-b,19,1,1.041
Hrb,uHrb,ḥ-r-b,34,1,1.133
Hrb,uHrb,ḥ-r-b,38,1,1.364
Hrb,uHrb,ḥ-r-b,47,1,1.855
Hrd,uHrd,ḥ-r-d,68,1,3.333
Hrf,uHrf,ḥ-r-f,2,1,0.164
Hrf,uHrf,ḥ-r-f,4,1,0.267
Hrf,uHrf,ḥ-r-f,5,2,0.713
Hrf,uHrf,ḥ-r-f,8,1,0.811
Hrf,uHrf,ḥ-r-f,22,1,0.785
Hrj,uHrj,ḥ-r-j,4,1,0.267
Hrj,uHrj,ḥ-r-j,5,1,0.357
Hrj,uHrj,ḥ-r-j,6,1,0.328
Hrj,uHrj,ḥ-r-j,7,1,0.301
Hrj,uHrj,ḥ-r-j,9,1,0.4
Hrj,uHrj,ḥ-r-j,22,1,0.785
Hrj,uHrj,ḥ-r-j,24,3,2.28
Hrj,uHrj,ḥ-r-j,33,3,2.331
Hrj,uHrj,ḥ-r-j,48,3,5.357
Hrk,uHrk,ḥ-r-k,75,1,6.098
Hrm,uHrm,ḥ-r-m,2,14,2.289
Hrm,uHrm,ḥ-r-m,3,2,0.575
Hrm,uHrm,ḥ-r-m,4,2,0.534
Hrm,uHrm,ḥ-r-m,5,13,4.636
Hrm,uHrm,ḥ-r-m,6,13,4.262
Hrm,uHrm,ḥ-r-m,7,4,1.205
Hrm,uHrm,ḥ-r-m,8,1,0.811
Hrm,uHrm,ḥ-r-m,9,10,4.003
Hrm,uHrm,ḥ-r-m,10,1,0.546
Hrm,uHrm,ḥ-r-m,14,1,1.205
Hrm,uHrm,ḥ-r-m,16,4,2.169
Hrm,uHrm,ḥ-r-m,17,2,1.285
Hrm,uHrm,ḥ-r-m,21,1,0.855
Hrm,uHrm,ḥ-r-m,22,2,1.57
Hrm,uHrm,ḥ-r-m,24,1,0.76
Hrm,uHrm,ḥ-r-m,25,1,1.12
Hrm,uHrm,ḥ-r-m,27,1,0.869
Hrm,uHrm,ḥ-r-m,28,2,1.399
Hrm,uHrm,ḥ-r-m,29,1,1.025
Hrm,uHrm,ḥ-r-m,48,2,3.571
Hrm,uHrm,ḥ-r-m,51,1,2.778
Hrm,uHrm,ḥ-r-m,56,1,2.639
Hrm,uHrm,ḥ-r-m,66,1,4.016
Hrm,uHrm,ḥ-r-m,68,1,3.333
Hrm,uHrm,ḥ-r-m,70,1,4.608
Hrq,uHrq,ḥ-r-q,2,1,0.164
Hrq,uHrq,ḥ-r-q,3,1,0.287
Hrq,uHrq,ḥ-r-q,8,1,0.811
Hrq,uHrq,ḥ-r-q,20,1,0.749
Hrq,uHrq,ḥ-r-q,21,1,0.855
Hrq,uHrq,ḥ-r-q,22,2,1.57
Hrq,uHrq,ḥ-r-q,29,1,1.025
Hrq,uHrq,ḥ-r-q,85,1,9.174
Hrr,uHrr,ḥ-r-r,2,2,0.327
Hrr,uHrr,ḥ-r-r,3,1,0.287
Hrr,uHrr,ḥ-r-r,4,3,0.801
Hrr,uHrr,ḥ-r-r,5,1,0.357
Hrr,uHrr,ḥ-r-r,9,2,0.801
Hrr,uHrr,ḥ-r-r,16,1,0.542
Hrr,uHrr,ḥ-r-r,22,1,0.785
Hrr,uHrr,ḥ-r-r,35,2,2.581
Hrr,uHrr,ḥ-r-r,58,1,2.119
Hrr,uHrr,ḥ-r-r,76,1,4.115
Hrs,uHrs,ḥ-r-s,72,1,3.509
Hrv,uHrv,ḥ-r-th,2,4,0.654
Hrv,uHrv,ḥ-r-th,3,2,0.575
Hrv,uHrv,ḥ-r-th,6,2,0.656
Hrv,uHrv,ḥ-r-th,21,1,0.855
Hrv,uHrv,ḥ-r-th,42,3,3.488
Hrv,uHrv,ḥ-r-th,56,1,2.639
Hrv,uHrv,ḥ-r-th,68,1,3.333
Hry,uHry,ḥ-r-y,72,1,3.509
Hsb,uHsb,ḥ-s-b,2,6,0.981
Hsb,uHsb,ḥ-s-b,3,12,3.447
Hsb,uHsb,ḥ-s-b,4,2,0.534
Hsb,uHsb,ḥ-s-b,5,3,1.07
Hsb,uHsb,ḥ-s-b,6,5,1.639
Hsb,uHsb,ḥ-s-b,7,1,0.301
Hsb,uHsb,ḥ-s-b,8,3,2.433
Hsb,uHsb,ḥ-s-b,9,4,1.601
Hsb,uHsb,ḥ-s-b,10,1,0.546
Hsb,uHsb,ḥ-s-b,13,4,4.689
Hsb,uHsb,ḥ-s-b,14,4,4.819
Hsb,uHsb,ḥ-s-b,17,2,1.285
Hsb,uHsb,ḥ-s-b,18,5,3.167
Hsb,uHsb,ḥ-s-b,21,2,1.711
Hsb,uHsb,ḥ-s-b,23,3,2.857
Hsb,uHsb,ḥ-s-b,24,7,5.319
Hsb,uHsb,ḥ-s-b,25,1,1.12
Hsb,uHsb,ḥ-s-b,26,1,0.759
Hsb,uHsb,ḥ-s-b,27,2,1.738
Hsb,uHsb,ḥ-s-b,29,2,2.049
Hsb,uHsb,ḥ-s-b,33,2,1.554
Hsb,uHsb,ḥ-s-b,38,4,5.457
Hsb,uHsb,ḥ-s-b,39,3,2.56
Hsb,uHsb,ḥ-s-b,40,3,2.461
Hsb,uHsb,ḥ-s-b,43,2,2.41
Hsb,uHsb,ḥ-s-b,45,1,2.049
Hsb,uHsb,ḥ-s-b,47,1,1.855
Hsb,uHsb,ḥ-s-b,55,1,2.849
Hsb,uHsb,ḥ-s-b,58,2,4.237
Hsb,uHsb,ḥ-s-b,59,2,4.494
Hsb,uHsb,ḥ-s-b,63,1,5.556
Hsb,uHsb,ḥ-s-b,65,4,13.937
Hsb,uHsb,ḥ-s-b,69,2,7.752
Hsb,uHsb,ḥ-s-b,75,2,12.195
Hsb,uHsb,ḥ-s-b,76,1,4.115
Hsb,uHsb,ḥ-s-b,78,2,11.561
Hsb,uHsb,ḥ-s-b,84,2,18.692
Hsb,uHsb,ḥ-s-b,88,1,10.87
Hsb,uHsb,ḥ-s-b,90,2,24.39
Hsb,uHsb,ḥ-s-b,104,1,30.303
Hsd,uHsd,ḥ-s-d,2,1,0.164
Hsd,uHsd,ḥ-s-d,4,1,0.267
Hsd,uHsd,ḥ-s-d,48,1,1.786
Hsd,uHsd,ḥ-s-d,113,2,86.957
Hsm,uHsm,ḥ-s-m,69,1,3.876
Hsn,uHsn,ḥ-s-n,2,13,2.126
Hsn,uHsn,ḥ-s-n,3,9,2.585
Hsn,uHsn,ḥ-s-n,4,13,3.469
Hsn,uHsn,ḥ-s-n,5,6,2.14
Hsn,uHsn,ḥ-s-n,6,5,1.639
Hsn,uHsn,ḥ-s-n,7,9,2.711
Hsn,uHsn,ḥ-s-n,8,1,0.811
Hsn,uHsn,ḥ-s-n,9,7,2.802
Hsn,uHsn,ḥ-s-n,10,2,1.091
Hsn,uHsn,ḥ-s-n,11,5,2.608
Hsn,uHsn,ḥ-s-n,12,8,4.502
Hsn,uHsn,ḥ-s-n,13,4,4.689
Hsn,uHsn,ḥ-s-n,16,13,7.05
Hsn,uHsn,ḥ-s-n,17,7,4.499
Hsn,uHsn,ḥ-s-n,18,7,4.433
Hsn,uHsn,ḥ-s-n,19,2,2.081
Hsn,uHsn,ḥ-s-n,20,2,1.498
Hsn,uHsn,ḥ-s-n,21,1,0.855
Hsn,uHsn,ḥ-s-n,22,2,1.57
Hsn,uHsn,ḥ-s-n,23,2,1.905
Hsn,uHsn,ḥ-s-n,24,1,0.76
Hsn,uHsn,ḥ-s-n,25,4,4.479
Hsn,uHsn,ḥ-s-n,27,3,2.606
Hsn,uHsn,ḥ-s-n,28,6,4.196
Hsn,uHsn,ḥ-s-n,29,4,4.098
Hsn,uHsn,ḥ-s-n,31,2,3.663
Hsn,uHsn,ḥ-s-n,32,1,2.688
Hsn,uHsn,ḥ-s-n,33,3,2.331
Hsn,uHsn,ḥ-s-n,35,1,1.29
Hsn,uHsn,ḥ-s-n,37,7,8.14
Hsn,uHsn,ḥ-s-n,38,3,4.093
Hsn,uHsn,ḥ-s-n,39,8,6.826
Hsn,uHsn,ḥ-s-n,40,1,0.82
Hsn,uHsn,ḥ-s-n,41,4,5.038
Hsn,uHsn,ḥ-s-n,42,2,2.326
Hsn,uHsn,ḥ-s-n,46,3,4.666
Hsn,uHsn,ḥ-s-n,48,1,1.786
Hsn,uHsn,ḥ-s-n,51,1,2.778
Hsn,uHsn,ḥ-s-n,53,2,5.556
Hsn,uHsn,ḥ-s-n,55,4,11.396
Hsn,uHsn,ḥ-s-n,57,3,5.226
Hsn,uHsn,ḥ-s-n,59,1,2.247
Hsn,uHsn,ḥ-s-n,60,2,5.747
Hsn,uHsn,ḥ-s-n,64,2,8.299
Hsn,uHsn,ḥ-s-n,65,1,3.484
Hsn,uHsn,ḥ-s-n,67,1,3.003
Hsn,uHsn,ḥ-s-n,73,1,5.025
Hsn,uHsn,ḥ-s-n,77,1,5.525
Hsn,uHsn,ḥ-s-n,92,2,28.169
Hsn,uHsn,ḥ-s-n,95,1,29.412
Hsr,uHsr,ḥ-s-r,2,1,0.164
Hsr,uHsr,ḥ-s-r,3,1,0.287
Hsr,uHsr,ḥ-s-r,6,1,0.328
Hsr,uHsr,ḥ-s-r,8,1,0.811
Hsr,uHsr,ḥ-s-r,17,1,0.643
Hsr,uHsr,ḥ-s-r,19,1,1.041
Hsr,uHsr,ḥ-s-r,21,1,0.855
Hsr,uHsr,ḥ-s-r,35,1,1.29
Hsr,uHsr,ḥ-s-r,36,1,1.379
Hsr,uHsr,ḥ-s-r,39,1,0.853
Hsr,uHsr,ḥ-s-r,67,1,3.003
Hsr,uHsr,ḥ-s-r,69,1,3.876
Hss,uHss,ḥ-s-s,3,2,0.575
Hss,uHss,ḥ-s-s,12,1,0.563
Hss,uHss,ḥ-s-s,19,1,1.041
Hss,uHss,ḥ-s-s,21,2,1.711
Htm,uHtm,ḥ-t-m,19,1,1.041
Hvv,uHvv,ḥ-th-th,7,1,0.301
Hw$,uHwsh,ḥ-w-sh,12,2,1.125
Hw*,uHwdh,ḥ-w-dh,4,1,0.267
Hw*,uHwdh,ḥ-w-dh,58,1,2.119
HwT,uHwuT,ḥ-w-ṭ,2,3,0.491
HwT,uHwuT,ḥ-w-ṭ,3,1,0.287
HwT,uHwuT,ḥ-w-ṭ,4,2,0.534
HwT,uHwuT,ḥ-w-ṭ,8,1,0.811
HwT,uHwuT,ḥ-w-ṭ,9,1,0.4
HwT,uHwuT,ḥ-w-ṭ,10,2,1.091
HwT,uHwuT,ḥ-w-ṭ,11,2,1.043
HwT,uHwuT,ḥ-w-ṭ,12,1,0.563
HwT,uHwuT,ḥ-w-ṭ,17,1,0.643
HwT,uHwuT,ḥ-w-ṭ,18,4,2.533
HwT,uHwuT,ḥ-w-ṭ,20,1,0.749
HwT,uHwuT,ḥ-w-ṭ,27,3,2.606
HwT,uHwuT,ḥ-w-ṭ,29,1,1.025
HwT,uHwuT,ḥ-w-ṭ,41,1,1.259
HwT,uHwuT,ḥ-w-ṭ,48,1,1.786
HwT,uHwuT,ḥ-w-ṭ,65,1,3.484
HwT,uHwuT,ḥ-w-ṭ,72,1,3.509
HwT,uHwuT,ḥ-w-ṭ,85,1,9.174
Hwb,uHwb,ḥ-w-b,4,1,0.267
Hwj,uHwj,ḥ-w-j,12,1,0.563
Hwj,uHwj,ḥ-w-j,40,1,0.82
Hwj,uHwj,ḥ-w-j,59,1,2.247
Hwl,uHwl,ḥ-w-l,2,3,0.491
Hwl,uHwl,ḥ-w-l,3,1,0.287
Hwl,uHwl,ḥ-w-l,4,1,0.267
Hwl,uHwl,ḥ-w-l,6,1,0.328
Hwl,uHwl,ḥ-w-l,8,1,0.811
Hwl,uHwl,ḥ-w-l,9,2,0.801
Hwl,uHwl,ḥ-w-l,11,1,0.522
Hwl,uHwl,ḥ-w-l,17,3,1.928
Hwl,uHwl,ḥ-w-l,18,1,0.633
Hwl,uHwl,ḥ-w-l,19,1,1.041
Hwl,uHwl,ḥ-w-l,26,2,1.517
Hwl,uHwl,ḥ-w-l,27,1,0.869
Hwl,uHwl,ḥ-w-l,29,1,1.025
Hwl,uHwl,ḥ-w-l,34,1,1.133
Hwl,uHwl,ḥ-w-l,35,1,1.29
Hwl,uHwl,ḥ-w-l,39,1,0.853
Hwl,uHwl,ḥ-w-l,40,1,0.82
Hwl,uHwl,ḥ-w-l,42,1,1.163
Hwl,uHwl,ḥ-w-l,46,1,1.555
Hwr,uHwr,ḥ-w-r,3,1,0.287
Hwr,uHwr,ḥ-w-r,5,2,0.713
Hwr,uHwr,ḥ-w-r,18,2,1.267
Hwr,uHwr,ḥ-w-r,44,1,2.89
Hwr,uHwr,ḥ-w-r,52,1,3.205
Hwr,uHwr,ḥ-w-r,55,1,2.849
Hwr,uHwr,ḥ-w-r,56,1,2.639
Hwr,uHwr,ḥ-w-r,58,1,2.119
Hwr,uHwr,ḥ-w-r,61,2,9.05
Hwr,uHwr,ḥ-w-r,84,1,9.346
Hwt,uHwt,ḥ-w-t,7,1,0.301
Hwt,uHwt,ḥ-w-t,18,2,1.267
Hwt,uHwt,ḥ-w-t,37,1,1.163
Hwt,uHwt,ḥ-w-t,68,1,3.333
Hwy,uHwy,ḥ-w-y,6,1,0.328
Hwy,uHwy,ḥ-w-y,87,1,13.889
Hwz,uHwz,ḥ-w-z,8,1,0.811
HyD,uHyuD,ḥ-y-ḍ,2,2,0.327
HyD,uHyuD,ḥ-y-ḍ,65,2,6.969
HyS,uHyuS,ḥ-y-ṣ,4,1,0.267
HyS,uHyuS,ḥ-y-ṣ,14,1,1.205
HyS,uHyuS,ḥ-y-ṣ,41,1,1.259
HyS,uHyuS,ḥ-y-ṣ,42,1,1.163
HyS,uHyuS,ḥ-y-ṣ,50,1,2.681
Hyd,uHyd,ḥ-y-d,50,1,2.681
Hyf,uHyf,ḥ-y-f,24,1,0.76
Hyn,uHyn,ḥ-y-n,2,2,0.327
Hyn,uHyn,ḥ-y-n,5,2,0.713
Hyn,uHyn,ḥ-y-n,7,1,0.301
Hyn,uHyn,ḥ-y-n,10,1,0.546
Hyn,uHyn,ḥ-y-n,11,1,0.522
Hyn,uHyn,ḥ-y-n,12,1,0.563
Hyn,uHyn,ḥ-y-n,14,1,1.205
Hyn,uHyn,ḥ-y-n,16,3,1.627
Hyn,uHyn,ḥ-y-n,21,2,1.711
Hyn,uHyn,ḥ-y-n,23,2,1.905
Hyn,uHyn,ḥ-y-n,24,1,0.76
Hyn,uHyn,ḥ-y-n,25,1,1.12
Hyn,uHyn,ḥ-y-n,26,1,0.759
Hyn,uHyn,ḥ-y-n,28,1,0.699
Hyn,uHyn,ḥ-y-n,30,3,3.672
Hyn,uHyn,ḥ-y-n,36,1,1.379
Hyn,uHyn,ḥ-y-n,37,3,3.488
Hyn,uHyn,ḥ-y-n,38,2,2.729
Hyn,uHyn,ḥ-y-n,39,2,1.706
Hyn,uHyn,ḥ-y-n,51,1,2.778
Hyn,uHyn,ḥ-y-n,52,1,3.205
Hyn,uHyn,ḥ-y-n,56,1,2.639
Hyn,uHyn,ḥ-y-n,76,1,4.115
Hyq,uHyq,ḥ-y-q,6,1,0.328
Hyq,uHyq,ḥ-y-q,11,1,0.522
Hyq,uHyq,ḥ-y-q,16,1,0.542
Hyq,uHyq,ḥ-y-q,21,1,0.855
Hyq,uHyq,ḥ-y-q,35,1,1.29
Hyq,uHyq,ḥ-y-q,39,1,0.853
Hyq,uHyq,ḥ-y-q,40,2,1.641
Hyq,uHyq,ḥ-y-q,45,1,2.049
Hyq,uHyq,ḥ-y-q,46,1,1.555
Hyr,uHyr,ḥ-y-r,6,1,0.328
Hyv,uHyv,ḥ-y-th,2,10,1.635
Hyv,uHyv,ḥ-y-th,4,2,0.534
Hyv,uHyv,ḥ-y-th,6,1,0.328
Hyv,uHyv,ḥ-y-th,7,4,1.205
Hyv,uHyv,ḥ-y-th,9,1,0.4
Hyv,uHyv,ḥ-y-th,12,2,1.125
Hyv,uHyv,ḥ-y-th,15,1,1.527
Hyv,uHyv,ḥ-y-th,16,2,1.085
Hyv,uHyv,ḥ-y-th,20,1,0.749
Hyv,uHyv,ḥ-y-th,38,1,1.364
Hyv,uHyv,ḥ-y-th,39,2,1.706
Hyv,uHyv,ḥ-y-th,59,1,2.247
Hyv,uHyv,ḥ-y-th,65,2,6.969
Hyv,uHyv,ḥ-y-th,68,1,3.333
Hyy,uHyy,ḥ-y-y,2,19,3.107
Hyy,uHyy,ḥ-y-y,3,9,2.585
Hyy,uHyy,ḥ-y-y,4,6,1.601
Hyy,uHyy,ḥ-y-y,5,2,0.713
Hyy,uHyy,ḥ-y-y,6,8,2.623
Hyy,uHyy,ḥ-y-y,7,7,2.108
Hyy,uHyy,ḥ-y-y,8,3,2.433
Hyy,uHyy,ḥ-y-y,9,4,1.601
Hyy,uHyy,ḥ-y-y,10,10,5.456
Hyy,uHyy,ḥ-y-y,11,1,0.522
Hyy,uHyy,ḥ-y-y,13,3,3.517
Hyy,uHyy,ḥ-y-y,14,4,4.819
Hyy,uHyy,ḥ-y-y,15,1,1.527
Hyy,uHyy,ḥ-y-y,16,5,2.711
Hyy,uHyy,ḥ-y-y,17,1,0.643
Hyy,uHyy,ḥ-y-y,18,4,2.533
Hyy,uHyy,ḥ-y-y,19,4,4.162
Hyy,uHyy,ḥ-y-y,20,6,4.494
Hyy,uHyy,ḥ-y-y,21,1,0.855
Hyy,uHyy,ḥ-y-y,22,3,2.355
Hyy,uHyy,ḥ-y-y,23,4,3.81
Hyy,uHyy,ḥ-y-y,24,2,1.52
Hyy,uHyy,ḥ-y-y,25,4,4.479
Hyy,uHyy,ḥ-y-y,26,1,0.759
Hyy,uHyy,ḥ-y-y,28,5,3.497
Hyy,uHyy,ḥ-y-y,29,4,4.098
Hyy,uHyy,ḥ-y-y,30,8,9.792
Hyy,uHyy,ḥ-y-y,31,1,1.832
Hyy,uHyy,ḥ-y-y,33,4,3.108
Hyy,uHyy,ḥ-y-y,35,3,3.871
Hyy,uHyy,ḥ-y-y,36,5,6.897
Hyy,uHyy,ḥ-y-y,39,1,0.853
Hyy,uHyy,ḥ-y-y,40,6,4.922
Hyy,uHyy,ḥ-y-y,41,4,5.038
Hyy,uHyy,ḥ-y-y,42,2,2.326
Hyy,uHyy,ḥ-y-y,43,2,2.41
Hyy,uHyy,ḥ-y-y,44,1,2.89
Hyy,uHyy,ḥ-y-y,45,6,12.295
Hyy,uHyy,ḥ-y-y,46,2,3.11
Hyy,uHyy,ḥ-y-y,47,1,1.855
Hyy,uHyy,ḥ-y-y,50,2,5.362
Hyy,uHyy,ḥ-y-y,53,2,5.556
Hyy,uHyy,ḥ-y-y,57,4,6.969
Hyy,uHyy,ḥ-y-y,58,2,4.237
Hyy,uHyy,ḥ-y-y,67,1,3.003
Hyy,uHyy,ḥ-y-y,75,1,6.098
Hyy,uHyy,ḥ-y-y,77,1,5.525
Hyy,uHyy,ḥ-y-y,79,1,5.587
Hyy,uHyy,ḥ-y-y,87,2,27.778
Hyy,uHyy,ḥ-y-y,89,1,7.299
Hzb,uHzb,ḥ-z-b,5,1,0.357
Hzb,uHzb,ḥ-z-b,11,1,0.522
Hzb,uHzb,ḥ-z-b,13,1,1.172
Hzb,uHzb,ḥ-z-b,18,1,0.633
Hzb,uHzb,ḥ-z-b,19,1,1.041
Hzb,uHzb,ḥ-z-b,23,1,0.952
Hzb,uHzb,ḥ-z-b,30,1,1.224
Hzb,uHzb,ḥ-z-b,33,3,2.331
Hzb,uHzb,ḥ-z-b,35,1,1.29
Hzb,uHzb,ḥ-z-b,38,2,2.729
Hzb,uHzb,ḥ-z-b,40,2,1.641
Hzb,uHzb,ḥ-z-b,43,1,1.205
Hzb,uHzb,ḥ-z-b,58,4,8.475
Hzn,uHzn,ḥ-z-n,2,6,0.981
Hzn,uHzn,ḥ-z-n,3,4,1.149
Hzn,uHzn,ḥ-z-n,5,2,0.713
Hzn,uHzn,ḥ-z-n,6,2,0.656
Hzn,uHzn,ḥ-z-n,7,2,0.602
Hzn,uHzn,ḥ-z-n,9,2,0.801
Hzn,uHzn,ḥ-z-n,10,2,1.091
Hzn,uHzn,ḥ-z-n,12,3,1.688
Hzn,uHzn,ḥ-z-n,15,1,1.527
Hzn,uHzn,ḥ-z-n,16,1,0.542
Hzn,uHzn,ḥ-z-n,19,1,1.041
Hzn,uHzn,ḥ-z-n,20,1,0.749
Hzn,uHzn,ḥ-z-n,21,1,0.855
Hzn,uHzn,ḥ-z-n,27,1,0.869
Hzn,uHzn,ḥ-z-n,28,3,2.098
Hzn,uHzn,ḥ-z-n,29,1,1.025
Hzn,uHzn,ḥ-z-n,31,1,1.832
Hzn,uHzn,ḥ-z-n,33,1,0.777
Hzn,uHzn,ḥ-z-n,35,1,1.29
Hzn,uHzn,ḥ-z-n,36,1,1.379
Hzn,uHzn,ḥ-z-n,39,1,0.853
Hzn,uHzn,ḥ-z-n,41,1,1.259
Hzn,uHzn,ḥ-z-n,43,1,1.205
Hzn,uHzn,ḥ-z-n,46,1,1.555
Hzn,uHzn,ḥ-z-n,58,1,2.119
SEd,uSuEd,ṣ-ʿ-d,3,1,0.287
SEd,uSuEd,ṣ-ʿ-d,4,1,0.267
SEd,uSuEd,ṣ-ʿ-d,5,1,0.357
SEd,uSuEd,ṣ-ʿ-d,6,1,0.328
SEd,uSuEd,ṣ-ʿ-d,18,2,1.267
SEd,uSuEd,ṣ-ʿ-d,35,1,1.29
SEd,uSuEd,ṣ-ʿ-d,72,1,3.509
SEd,uSuEd,ṣ-ʿ-d,74,1,3.922
SEq,uSuEq,ṣ-ʿ-q,2,2,0.327
SEq,uSuEq,ṣ-ʿ-q,4,1,0.267
SEq,uSuEq,ṣ-ʿ-q,7,1,0.301
SEq,uSuEq,ṣ-ʿ-q,13,1,1.172
SEq,uSuEq,ṣ-ʿ-q,39,1,0.853
SEq,uSuEq,ṣ-ʿ-q,41,3,3.778
SEq,uSuEq,ṣ-ʿ-q,51,1,2.778
SEq,uSuEq,ṣ-ʿ-q,52,1,3.205
SEr,uSuEr,ṣ-ʿ-r,31,1,1.832
SHb,uSuHb,ṣ-ḥ-b,2,7,1.145
SHb,uSuHb,ṣ-ḥ-b,3,1,0.287
SHb,uSuHb,ṣ-ḥ-b,4,2,0.534
SHb,uSuHb,ṣ-ḥ-b,5,3,1.07
SHb,uSuHb,ṣ-ḥ-b,6,2,0.656
SHb,uSuHb,ṣ-ḥ-b,7,10,3.012
SHb,uSuHb,ṣ-ḥ-b,9,3,1.201
SHb,uSuHb,ṣ-ḥ-b,10,2,1.091
SHb,uSuHb,ṣ-ḥ-b,11,1,0.522
SHb,uSuHb,ṣ-ḥ-b,12,2,1.125
SHb,uSuHb,ṣ-ḥ-b,13,1,1.172
SHb,uSuHb,ṣ-ḥ-b,15,2,3.053
SHb,uSuHb,ṣ-ḥ-b,18,4,2.533
SHb,uSuHb,ṣ-ḥ-b,20,1,0.749
SHb,uSuHb,ṣ-ḥ-b,21,1,0.855
SHb,uSuHb,ṣ-ḥ-b,22,2,1.57
SHb,uSuHb,ṣ-ḥ-b,25,2,2.24
SHb,uSuHb,ṣ-ḥ-b,26,2,1.517
SHb,uSuHb,ṣ-ḥ-b,29,1,1.025
SHb,uSuHb,ṣ-ḥ-b,31,1,1.832
SHb,uSuHb,ṣ-ḥ-b,34,1,1.133
SHb,uSuHb,ṣ-ḥ-b,35,1,1.29
SHb,uSuHb,ṣ-ḥ-b,36,2,2.759
SHb,uSuHb,ṣ-ḥ-b,38,1,1.364
SHb,uSuHb,ṣ-ḥ-b,39,1,0.853
SHb,uSuHb,ṣ-ḥ-b,40,2,1.641
SHb,uSuHb,ṣ-ḥ-b,46,2,3.11
SHb,uSuHb,ṣ-ḥ-b,50,2,5.362
SHb,uSuHb,ṣ-ḥ-b,51,1,2.778
SHb,uSuHb,ṣ-ḥ-b,53,1,2.778
SHb,uSuHb,ṣ-ḥ-b,54,1,2.924
SHb,uSuHb,ṣ-ḥ-b,56,11,29.024
SHb,uSuHb,ṣ-ḥ-b,57,1,1.742
SHb,uSuHb,ṣ-ḥ-b,58,1,2.119
SHb,uSuHb,ṣ-ḥ-b,59,3,6.742
SHb,uSuHb,ṣ-ḥ-b,60,1,2.874
SHb,uSuHb,ṣ-ḥ-b,64,1,4.149
SHb,uSuHb,ṣ-ḥ-b,67,2,6.006
SHb,uSuHb,ṣ-ḥ-b,68,2,6.667
SHb,uSuHb,ṣ-ḥ-b,70,1,4.608
SHb,uSuHb,ṣ-ḥ-b,72,1,3.509
SHb,uSuHb,ṣ-ḥ-b,74,2,7.843
SHb,uSuHb,ṣ-ḥ-b,80,1,7.519
SHb,uSuHb,ṣ-ḥ-b,81,1,9.615
SHb,uSuHb,ṣ-ḥ-b,85,1,9.174
SHb,uSuHb,ṣ-ḥ-b,90,2,24.39
SHb,uSuHb,ṣ-ḥ-b,105,1,43.478
SHf,uSuHf,ṣ-ḥ-f,20,1,0.749
SHf,uSuHf,ṣ-ḥ-f,43,1,1.205
SHf,uSuHf,ṣ-ḥ-f,53,1,2.778
SHf,uSuHf,ṣ-ḥ-f,74,1,3.922
SHf,uSuHf,ṣ-ḥ-f,80,1,7.519
SHf,uSuHf,ṣ-ḥ-f,81,1,9.615
SHf,uSuHf,ṣ-ḥ-f,87,2,27.778
SHf,uSuHf,ṣ-ḥ-f,98,1,10.638
SbA,uSbuA,ṣ-b-a,2,1,0.164
SbA,uSbuA,ṣ-b-a,5,1,0.357
SbA,uSbuA,ṣ-b-a,22,1,0.785
SbE,uSbuE,ṣ-b-ʿ,2,1,0.164
SbE,uSbuE,ṣ-b-ʿ,71,1,4.425
SbH,uSbuH,ṣ-b-ḥ,3,1,0.287
SbH,uSbuH,ṣ-b-ḥ,5,5,1.783
SbH,uSbuH,ṣ-b-ḥ,6,1,0.328
SbH,uSbuH,ṣ-b-ḥ,7,2,0.602
SbH,uSbuH,ṣ-b-ḥ,11,4,2.087
SbH,uSbuH,ṣ-b-ḥ,15,2,3.053
SbH,uSbuH,ṣ-b-ḥ,18,4,2.533
SbH,uSbuH,ṣ-b-ḥ,22,1,0.785
SbH,uSbuH,ṣ-b-ḥ,23,1,0.952
SbH,uSbuH,ṣ-b-ḥ,24,2,1.52
SbH,uSbuH,ṣ-b-ḥ,26,1,0.759
SbH,uSbuH,ṣ-b-ḥ,28,3,2.098
SbH,uSbuH,ṣ-b-ḥ,29,1,1.025
SbH,uSbuH,ṣ-b-ḥ,30,1,1.224
SbH,uSbuH,ṣ-b-ḥ,37,2,2.326
SbH,uSbuH,ṣ-b-ḥ,41,2,2.519
SbH,uSbuH,ṣ-b-ḥ,46,1,1.555
SbH,uSbuH,ṣ-b-ḥ,49,1,2.882
SbH,uSbuH,ṣ-b-ḥ,54,1,2.924
SbH,uSbuH,ṣ-b-ḥ,61,1,4.525
SbH,uSbuH,ṣ-b-ḥ,67,2,6.006
SbH,uSbuH,ṣ-b-ḥ,68,3,10
SbH,uSbuH,ṣ-b-ḥ,74,1,3.922
SbH,uSbuH,ṣ-b-ḥ,81,1,9.615
SbH,uSbuH,ṣ-b-ḥ,100,1,25
Sbb,uSbb,ṣ-b-b,22,1,0.785
Sbb,uSbb,ṣ-b-b,44,1,2.89
Sbb,uSbb,ṣ-b-b,80,2,15.038
Sbb,uSbb,ṣ-b-b,89,1,7.299
Sbg,uSbg,ṣ-b-gh,2,2,0.327
Sbg,uSbg,ṣ-b-gh,23,1,0.952
Sbr,uSbr,ṣ-b-r,2,9,1.472
Sbr,uSbr,ṣ-b-r,3,8,2.298
Sbr,uSbr,ṣ-b-r,4,1,0.267
Sbr,uSbr,ṣ-b-r,6,1,0.328
Sbr,uSbr,ṣ-b-r,7,4,1.205
Sbr,uSbr,ṣ-b-r,8,5,4.055
Sbr,uSbr,ṣ-b-r,10,1,0.546
Sbr,uSbr,ṣ-b-r,11,3,1.565
Sbr,uSbr,ṣ-b-r,12,3,1.688
Sbr,uSbr,ṣ-b-r,13,2,2.345
Sbr,uSbr,ṣ-b-r,14,3,3.614
Sbr,uSbr,ṣ-b-r,16,7,3.796
Sbr,uSbr,ṣ-b-r,18,8,5.066
Sbr,uSbr,ṣ-b-r,19,1,1.041
Sbr,uSbr,ṣ-b-r,20,2,1.498
Sbr,uSbr,ṣ-b-r,21,1,0.855
Sbr,uSbr,ṣ-b-r,22,1,0.785
Sbr,uSbr,ṣ-b-r,23,1,0.952
Sbr,uSbr,ṣ-b-r,25,3,3.359
Sbr,uSbr,ṣ-b-r,28,2,1.399
Sbr,uSbr,ṣ-b-r,29,1,1.025
Sbr,uSbr,ṣ-b-r,30,1,1.224
Sbr,uSbr,ṣ-b-r,31,2,3.663
Sbr,uSbr,ṣ-b-r,32,1,2.688
Sbr,uSbr,ṣ-b-r,33,2,1.554
Sbr,uSbr,ṣ-b-r,34,1,1.133
Sbr,uSbr,ṣ-b-r,37,1,1.163
Sbr,uSbr,ṣ-b-r,38,3,4.093
Sbr,uSbr,ṣ-b-r,39,1,0.853
Sbr,uSbr,ṣ-b-r,40,2,1.641
Sbr,uSbr,ṣ-b-r,41,2,2.519
Sbr,uSbr,ṣ-b-r,42,2,2.326
Sbr,uSbr,ṣ-b-r,46,2,3.11
Sbr,uSbr,ṣ-b-r,47,1,1.855
Sbr,uSbr,ṣ-b-r,49,1,2.882
Sbr,uSbr,ṣ-b-r,50,1,2.681
Sbr,uSbr,ṣ-b-r,52,3,9.615
Sbr,uSbr,ṣ-b-r,54,1,2.924
Sbr,uSbr,ṣ-b-r,68,1,3.333
Sbr,uSbr,ṣ-b-r,70,2,9.217
Sbr,uSbr,ṣ-b-r,73,1,5.025
Sbr,uSbr,ṣ-b-r,74,1,3.922
Sbr,uSbr,ṣ-b-r,76,2,8.23
Sbr,uSbr,ṣ-b-r,90,1,12.195
Sbr,uSbr,ṣ-b-r,103,1,71.429
Sbw,uSbw,ṣ-b-w,12,1,0.563
Sbw,uSbw,ṣ-b-w,19,2,2.081
SdE,uSduE,ṣ-d-ʿ,15,1,1.527
SdE,uSduE,ṣ-d-ʿ,30,1,1.224
SdE,uSduE,ṣ-d-ʿ,56,1,2.639
SdE,uSduE,ṣ-d-ʿ,59,1,2.247
SdE,uSduE,ṣ-d-ʿ,86,1,16.393
Sdd,uSdd,ṣ-d-d,2,1,0.164
Sdd,uSdd,ṣ-d-d,3,1,0.287
Sdd,uSdd,ṣ-d-d,4,5,1.334
Sdd,uSdd,ṣ-d-d,5,2,0.713
Sdd,uSdd,ṣ-d-d,7,2,0.602
Sdd,uSdd,ṣ-d-d,8,3,2.433
Sdd,uSdd,ṣ-d-d,9,2,0.801
Sdd,uSdd,ṣ-d-d,11,1,0.522
Sdd,uSdd,ṣ-d-d,13,1,1.172
Sdd,uSdd,ṣ-d-d,14,3,3.614
Sdd,uSdd,ṣ-d-d,16,2,1.085
Sdd,uSdd,ṣ-d-d,20,1,0.749
Sdd,uSdd,ṣ-d-d,22,1,0.785
Sdd,uSdd,ṣ-d-d,27,2,1.738
Sdd,uSdd,ṣ-d-d,28,1,0.699
Sdd,uSdd,ṣ-d-d,29,1,1.025
Sdd,uSdd,ṣ-d-d,34,2,2.265
Sdd,uSdd,ṣ-d-d,40,1,0.82
Sdd,uSdd,ṣ-d-d,43,3,3.614
Sdd,uSdd,ṣ-d-d,47,3,5.566
Sdd,uSdd,ṣ-d-d,48,1,1.786
Sdd,uSdd,ṣ-d-d,58,1,2.119
Sdd,uSdd,ṣ-d-d,63,2,11.111
Sdf,uSdf,ṣ-d-f,6,4,1.311
Sdf,uSdf,ṣ-d-f,18,1,0.633
Sdq,uSdq,ṣ-d-q,2,16,2.616
Sdq,uSdq,ṣ-d-q,3,10,2.873
Sdq,uSdq,ṣ-d-q,4,7,1.868
Sdq,uSdq,ṣ-d-q,5,8,2.853
Sdq,uSdq,ṣ-d-q,6,5,1.639
Sdq,uSdq,ṣ-d-q,7,3,0.904
Sdq,uSdq,ṣ-d-q,9,8,3.203
Sdq,uSdq,ṣ-d-q,10,5,2.728
Sdq,uSdq,ṣ-d-q,11,2,1.043
Sdq,uSdq,ṣ-d-q,12,9,5.065
Sdq,uSdq,ṣ-d-q,15,2,3.053
Sdq,uSdq,ṣ-d-q,17,2,1.285
Sdq,uSdq,ṣ-d-q,19,4,4.162
Sdq,uSdq,ṣ-d-q,21,2,1.711
Sdq,uSdq,ṣ-d-q,24,3,2.28
Sdq,uSdq,ṣ-d-q,26,5,3.794
Sdq,uSdq,ṣ-d-q,27,4,3.475
Sdq,uSdq,ṣ-d-q,28,2,1.399
Sdq,uSdq,ṣ-d-q,29,2,2.049
Sdq,uSdq,ṣ-d-q,32,1,2.688
Sdq,uSdq,ṣ-d-q,33,10,7.77
Sdq,uSdq,ṣ-d-q,34,2,2.265
Sdq,uSdq,ṣ-d-q,35,1,1.29
Sdq,uSdq,ṣ-d-q,36,2,2.759
Sdq,uSdq,ṣ-d-q,37,4,4.651
Sdq,uSdq,ṣ-d-q,39,4,3.413
Sdq,uSdq,ṣ-d-q,40,1,0.82
Sdq,uSdq,ṣ-d-q,44,1,2.89
Sdq,uSdq,ṣ-d-q,45,1,2.049
Sdq,uSdq,ṣ-d-q,46,5,7.776
Sdq,uSdq,ṣ-d-q,47,1,1.855
Sdq,uSdq,ṣ-d-q,48,1,1.786
Sdq,uSdq,ṣ-d-q,49,2,5.764
Sdq,uSdq,ṣ-d-q,51,1,2.778
Sdq,uSdq,ṣ-d-q,52,1,3.205
Sdq,uSdq,ṣ-d-q,54,1,2.924
Sdq,uSdq,ṣ-d-q,56,2,5.277
Sdq,uSdq,ṣ-d-q,57,3,5.226
Sdq,uSdq,ṣ-d-q,58,2,4.237
Sdq,uSdq,ṣ-d-q,59,1,2.247
Sdq,uSdq,ṣ-d-q,61,1,4.525
Sdq,uSdq,ṣ-d-q,62,1,5.714
Sdq,uSdq,ṣ-d-q,63,1,5.556
Sdq,uSdq,ṣ-d-q,66,1,4.016
Sdq,uSdq,ṣ-d-q,67,1,3.003
Sdq,uSdq,ṣ-d-q,68,1,3.333
Sdq,uSdq,ṣ-d-q,70,1,4.608
Sdq,uSdq,ṣ-d-q,75,1,6.098
Sdq,uSdq,ṣ-d-q,92,1,14.085
Sdr,uSdr,ṣ-d-r,3,5,1.436
Sdr,uSdr,ṣ-d-r,4,1,0.267
Sdr,uSdr,ṣ-d-r,5,1,0.357
Sdr,uSdr,ṣ-d-r,6,2,0.656
Sdr,uSdr,ṣ-d-r,7,2,0.602
Sdr,uSdr,ṣ-d-r,8,1,0.811
Sdr,uSdr,ṣ-d-r,9,1,0.4
Sdr,uSdr,ṣ-d-r,10,1,0.546
Sdr,uSdr,ṣ-d-r,11,3,1.565
Sdr,uSdr,ṣ-d-r,15,2,3.053
Sdr,uSdr,ṣ-d-r,16,1,0.542
Sdr,uSdr,ṣ-d-r,17,1,0.643
Sdr,uSdr,ṣ-d-r,20,1,0.749
Sdr,uSdr,ṣ-d-r,22,1,0.785
Sdr,uSdr,ṣ-d-r,26,1,0.759
Sdr,uSdr,ṣ-d-r,27,1,0.869
Sdr,uSdr,ṣ-d-r,28,2,1.399
Sdr,uSdr,ṣ-d-r,29,2,2.049
Sdr,uSdr,ṣ-d-r,31,1,1.832
Sdr,uSdr,ṣ-d-r,35,1,1.29
Sdr,uSdr,ṣ-d-r,39,2,1.706
Sdr,uSdr,ṣ-d-r,40,3,2.461
Sdr,uSdr,ṣ-d-r,42,1,1.163
Sdr,uSdr,ṣ-d-r,57,1,1.742
Sdr,uSdr,ṣ-d-r,59,2,4.494
Sdr,uSdr,ṣ-d-r,64,1,4.149
Sdr,uSdr,ṣ-d-r,67,1,3.003
Sdr,uSdr,ṣ-d-r,94,1,37.037
Sdr,uSdr,ṣ-d-r,99,1,27.778
Sdr,uSdr,ṣ-d-r,100,1,25
Sdr,uSdr,ṣ-d-r,114,1,50
Sdy,uSdy,ṣ-d-y,8,1,0.811
Sdy,uSdy,ṣ-d-y,80,1,7.519
SfH,uSfuH,ṣ-f-ḥ,2,1,0.164
SfH,uSfuH,ṣ-f-ḥ,5,1,0.357
SfH,uSfuH,ṣ-f-ḥ,15,2,3.053
SfH,uSfuH,ṣ-f-ḥ,24,1,0.76
SfH,uSfuH,ṣ-f-ḥ,43,2,2.41
SfH,uSfuH,ṣ-f-ḥ,64,1,4.149
SfSf,uSfuSf,ṣ-f-ṣ-f,20,1,0.749
Sfd,uSfd,ṣ-f-d,14,1,1.205
Sfd,uSfd,ṣ-f-d,38,1,1.364
Sff,uSff,ṣ-f-f,18,1,0.633
Sff,uSff,ṣ-f-f,20,1,0.749
Sff,uSff,ṣ-f-f,22,1,0.785
Sff,uSff,ṣ-f-f,24,1,0.76
Sff,uSff,ṣ-f-f,37,3,3.488
Sff,uSff,ṣ-f-f,52,1,3.205
Sff,uSff,ṣ-f-f,61,1,4.525
Sff,uSff,ṣ-f-f,67,1,3.003
Sff,uSff,ṣ-f-f,78,1,5.78
Sff,uSff,ṣ-f-f,88,1,10.87
Sff,uSff,ṣ-f-f,89,2,14.599
Sfn,uSfn,ṣ-f-n,38,1,1.364
Sfr,uSfr,ṣ-f-r,2,1,0.164
Sfr,uSfr,ṣ-f-r,30,1,1.224
Sfr,uSfr,ṣ-f-r,39,1,0.853
Sfr,uSfr,ṣ-f-r,57,1,1.742
Sfr,uSfr,ṣ-f-r,77,1,5.525
Sfw,uSfw,ṣ-f-w,2,4,0.654
Sfw,uSfw,ṣ-f-w,3,3,0.862
Sfw,uSfw,ṣ-f-w,7,1,0.301
Sfw,uSfw,ṣ-f-w,17,1,0.643
Sfw,uSfw,ṣ-f-w,22,1,0.785
Sfw,uSfw,ṣ-f-w,27,1,0.869
Sfw,uSfw,ṣ-f-w,35,1,1.29
Sfw,uSfw,ṣ-f-w,37,1,1.163
Sfw,uSfw,ṣ-f-w,38,1,1.364
Sfw,uSfw,ṣ-f-w,39,1,0.853
Sfw,uSfw,ṣ-f-w,43,1,1.205
Sfw,uSfw,ṣ-f-w,47,1,1.855
Sgr,uSgr,ṣ-gh-r,2,1,0.164
Sgr,uSgr,ṣ-gh-r,6,1,0.328
Sgr,uSgr,ṣ-gh-r,7,2,0.602
Sgr,uSgr,ṣ-gh-r,9,2,0.801
Sgr,uSgr,ṣ-gh-r,10,1,0.546
Sgr,uSgr,ṣ-gh-r,12,1,0.563
Sgr,uSgr,ṣ-gh-r,17,1,0.643
Sgr,uSgr,ṣ-gh-r,18,1,0.633
Sgr,uSgr,ṣ-gh-r,27,1,0.869
Sgr,uSgr,ṣ-gh-r,34,1,1.133
Sgr,uSgr,ṣ-gh-r,54,1,2.924
Sgw,uSgw,ṣ-gh-w,6,1,0.328
Sgw,uSgw,ṣ-gh-w,66,1,4.016
Shr,uShr,ṣ-h-r,22,1,0.785
Shr,uShr,ṣ-h-r,25,1,1.12
Skk,uSkk,ṣ-k-k,51,1,2.778
SlH,uSluH,ṣ-l-ḥ,2,12,1.962
SlH,uSluH,ṣ-l-ḥ,3,5,1.436
SlH,uSluH,ṣ-l-ḥ,4,14,3.736
SlH,uSluH,ṣ-l-ḥ,5,6,2.14
SlH,uSluH,ṣ-l-ḥ,6,3,0.984
SlH,uSluH,ṣ-l-ḥ,7,13,3.916
SlH,uSluH,ṣ-l-ḥ,8,1,0.811
SlH,uSluH,ṣ-l-ḥ,9,3,1.201
SlH,uSluH,ṣ-l-ḥ,10,3,1.637
SlH,uSluH,ṣ-l-ḥ,11,9,4.695
SlH,uSluH,ṣ-l-ḥ,12,2,1.125
SlH,uSluH,ṣ-l-ḥ,13,2,2.345
SlH,uSluH,ṣ-l-ḥ,14,1,1.205
SlH,uSluH,ṣ-l-ḥ,16,3,1.627
SlH,uSluH,ṣ-l-ḥ,17,2,1.285
SlH,uSluH,ṣ-l-ḥ,18,7,4.433
SlH,uSluH,ṣ-l-ḥ,19,3,3.122
SlH,uSluH,ṣ-l-ḥ,20,3,2.247
SlH,uSluH,ṣ-l-ḥ,21,6,5.133
SlH,uSluH,ṣ-l-ḥ,22,4,3.14
SlH,uSluH,ṣ-l-ḥ,23,2,1.905
SlH,uSluH,ṣ-l-ḥ,24,3,2.28
SlH,uSluH,ṣ-l-ḥ,25,2,2.24
SlH,uSluH,ṣ-l-ḥ,26,4,3.035
SlH,uSluH,ṣ-l-ḥ,27,4,3.475
SlH,uSluH,ṣ-l-ḥ,28,4,2.797
SlH,uSluH,ṣ-l-ḥ,29,5,5.123
SlH,uSluH,ṣ-l-ḥ,30,3,3.672
SlH,uSluH,ṣ-l-ḥ,31,1,1.832
SlH,uSluH,ṣ-l-ḥ,32,2,5.376
SlH,uSluH,ṣ-l-ḥ,33,2,1.554
SlH,uSluH,ṣ-l-ḥ,34,3,3.398
SlH,uSluH,ṣ-l-ḥ,35,3,3.871
SlH,uSluH,ṣ-l-ḥ,37,2,2.326
SlH,uSluH,ṣ-l-ḥ,38,2,2.729
SlH,uSluH,ṣ-l-ḥ,40,3,2.461
SlH,uSluH,ṣ-l-ḥ,41,3,3.778
SlH,uSluH,ṣ-l-ḥ,42,4,4.651
SlH,uSluH,ṣ-l-ḥ,45,3,6.148
SlH,uSluH,ṣ-l-ḥ,46,2,3.11
SlH,uSluH,ṣ-l-ḥ,47,4,7.421
SlH,uSluH,ṣ-l-ḥ,48,1,1.786
SlH,uSluH,ṣ-l-ḥ,49,3,8.646
SlH,uSluH,ṣ-l-ḥ,63,1,5.556
SlH,uSluH,ṣ-l-ḥ,64,1,4.149
SlH,uSluH,ṣ-l-ḥ,65,2,6.969
SlH,uSluH,ṣ-l-ḥ,66,2,8.032
SlH,uSluH,ṣ-l-ḥ,68,1,3.333
SlH,uSluH,ṣ-l-ḥ,72,1,3.509
SlH,uSluH,ṣ-l-ḥ,84,1,9.346
SlH,uSluH,ṣ-l-ḥ,85,1,9.174
SlH,uSluH,ṣ-l-ḥ,95,1,29.412
SlH,uSluH,ṣ-l-ḥ,98,1,10.638
SlH,uSluH,ṣ-l-ḥ,103,1,71.429
SlSl,uSluSl,ṣ-l-ṣ-l,15,3,4.58
SlSl,uSluSl,ṣ-l-ṣ-l,55,1,2.849
Slb,uSlb,ṣ-l-b,4,2,0.534
Slb,uSlb,ṣ-l-b,5,1,0.357
Slb,uSlb,ṣ-l-b,7,1,0.301
Slb,uSlb,ṣ-l-b,12,1,0.563
Slb,uSlb,ṣ-l-b,20,1,0.749
Slb,uSlb,ṣ-l-b,26,1,0.759
Slb,uSlb,ṣ-l-b,86,1,16.393
Sld,uSld,ṣ-l-d,2,1,0.164
Slw,uSlw,ṣ-l-w,2,12,1.962
Slw,uSlw,ṣ-l-w,3,1,0.287
Slw,uSlw,ṣ-l-w,4,11,2.936
Slw,uSlw,ṣ-l-w,5,6,2.14
Slw,uSlw,ṣ-l-w,6,3,0.984
Slw,uSlw,ṣ-l-w,7,1,0.301
Slw,uSlw,ṣ-l-w,8,2,1.622
Slw,uSlw,ṣ-l-w,9,9,3.603
Slw,uSlw,ṣ-l-w,10,1,0.546
Slw,uSlw,ṣ-l-w,11,2,1.043
Slw,uSlw,ṣ-l-w,13,1,1.172
Slw,uSlw,ṣ-l-w,14,3,3.614
Slw,uSlw,ṣ-l-w,17,2,1.285
Slw,uSlw,ṣ-l-w,19,3,3.122
Slw,uSlw,ṣ-l-w,20,2,1.498
Slw,uSlw,ṣ-l-w,21,1,0.855
Slw,uSlw,ṣ-l-w,22,4,3.14
Slw,uSlw,ṣ-l-w,23,2,1.905
Slw,uSlw,ṣ-l-w,24,5,3.799
Slw,uSlw,ṣ-l-w,27,1,0.869
Slw,uSlw,ṣ-l-w,29,2,2.049
Slw,uSlw,ṣ-l-w,30,1,1.224
Slw,uSlw,ṣ-l-w,31,2,3.663
Slw,uSlw,ṣ-l-w,33,4,3.108
Slw,uSlw,ṣ-l-w,35,2,2.581
Slw,uSlw,ṣ-l-w,42,1,1.163
Slw,uSlw,ṣ-l-w,58,1,2.119
Slw,uSlw,ṣ-l-w,62,2,11.429
Slw,uSlw,ṣ-l-w,70,3,13.825
Slw,uSlw,ṣ-l-w,73,1,5.025
Slw,uSlw,ṣ-l-w,74,1,3.922
Slw,uSlw,ṣ-l-w,75,1,6.098
Slw,uSlw,ṣ-l-w,87,1,13.889
Slw,uSlw,ṣ-l-w,96,1,13.889
Slw,uSlw,ṣ-l-w,98,1,10.638
Slw,uSlw,ṣ-l-w,107,2,80
Slw,uSlw,ṣ-l-w,108,1,100
Sly,uSly,ṣ-l-y,4,4,1.068
Sly,uSly,ṣ-l-y,14,1,1.205
Sly,uSly,ṣ-l-y,17,1,0.643
Sly,uSly,ṣ-l-y,19,1,1.041
Sly,uSly,ṣ-l-y,27,1,0.869
Sly,uSly,ṣ-l-y,28,1,0.699
Sly,uSly,ṣ-l-y,36,1,1.379
Sly,uSly,ṣ-l-y,37,1,1.163
Sly,uSly,ṣ-l-y,38,2,2.729
Sly,uSly,ṣ-l-y,52,1,3.205
Sly,uSly,ṣ-l-y,56,1,2.639
Sly,uSly,ṣ-l-y,58,1,2.119
Sly,uSly,ṣ-l-y,69,1,3.876
Sly,uSly,ṣ-l-y,74,1,3.922
Sly,uSly,ṣ-l-y,82,1,12.5
Sly,uSly,ṣ-l-y,83,1,5.917
Sly,uSly,ṣ-l-y,84,1,9.346
Sly,uSly,ṣ-l-y,87,1,13.889
Sly,uSly,ṣ-l-y,88,1,10.87
Sly,uSly,ṣ-l-y,92,1,14.085
Sly,uSly,ṣ-l-y,111,1,43.478
SmE,uSmuE,ṣ-m-ʿ,22,1,0.785
Smd,uSmd,ṣ-m-d,112,1,66.667
Smm,uSmm,ṣ-m-m,2,2,0.327
Smm,uSmm,ṣ-m-m,5,2,0.713
Smm,uSmm,ṣ-m-m,6,1,0.328
Smm,uSmm,ṣ-m-m,8,1,0.811
Smm,uSmm,ṣ-m-m,10,1,0.546
Smm,uSmm,ṣ-m-m,11,1,0.522
Smm,uSmm,ṣ-m-m,17,1,0.643
Smm,uSmm,ṣ-m-m,21,1,0.855
Smm,uSmm,ṣ-m-m,25,1,1.12
Smm,uSmm,ṣ-m-m,27,1,0.869
Smm,uSmm,ṣ-m-m,30,1,1.224
Smm,uSmm,ṣ-m-m,43,1,1.205
Smm,uSmm,ṣ-m-m,47,1,1.855
Smt,uSmt,ṣ-m-t,7,1,0.301
SnE,uSnuE,ṣ-n-ʿ,5,2,0.713
SnE,uSnuE,ṣ-n-ʿ,7,1,0.301
SnE,uSnuE,ṣ-n-ʿ,11,3,1.565
SnE,uSnuE,ṣ-n-ʿ,13,1,1.172
SnE,uSnuE,ṣ-n-ʿ,16,1,0.542
SnE,uSnuE,ṣ-n-ʿ,18,1,0.633
SnE,uSnuE,ṣ-n-ʿ,20,4,2.996
SnE,uSnuE,ṣ-n-ʿ,21,1,0.855
SnE,uSnuE,ṣ-n-ʿ,23,1,0.952
SnE,uSnuE,ṣ-n-ʿ,24,1,0.76
SnE,uSnuE,ṣ-n-ʿ,26,1,0.759
SnE,uSnuE,ṣ-n-ʿ,27,1,0.869
SnE,uSnuE,ṣ-n-ʿ,29,1,1.025
SnE,uSnuE,ṣ-n-ʿ,35,1,1.29
Snm,uSnm,ṣ-n-m,6,1,0.328
Snm,uSnm,ṣ-n-m,7,1,0.301
Snm,uSnm,ṣ-n-m,14,1,1.205
Snm,uSnm,ṣ-n-m,21,1,0.855
Snm,uSnm,ṣ-n-m,26,1,0.759
Snw,uSnw,ṣ-n-w,13,2,2.345
SrE,uSruE,ṣ-r-ʿ,69,1,3.876
SrH,uSruH,ṣ-r-ḥ,27,2,1.738
SrH,uSruH,ṣ-r-ḥ,28,1,0.699
SrH,uSruH,ṣ-r-ḥ,40,1,0.82
SrSr,uSruSr,ṣ-r-ṣ-r,41,1,1.259
SrSr,uSruSr,ṣ-r-ṣ-r,54,1,2.924
SrSr,uSruSr,ṣ-r-ṣ-r,69,1,3.876
SrT,uSruT,ṣ-r-ṭ,1,2,68.966
SrT,uSruT,ṣ-r-ṭ,2,2,0.327
SrT,uSruT,ṣ-r-ṭ,3,2,0.575
SrT,uSruT,ṣ-r-ṭ,4,2,0.534
SrT,uSruT,ṣ-r-ṭ,5,1,0.357
SrT,uSruT,ṣ-r-ṭ,6,5,1.639
SrT,uSruT,ṣ-r-ṭ,7,2,0.602
SrT,uSruT,ṣ-r-ṭ,10,1,0.546
SrT,uSruT,ṣ-r-ṭ,11,1,0.522
SrT,uSruT,ṣ-r-ṭ,14,1,1.205
SrT,uSruT,ṣ-r-ṭ,15,1,1.527
SrT,uSruT,ṣ-r-ṭ,16,2,1.085
SrT,uSruT,ṣ-r-ṭ,19,2,2.081
SrT,uSruT,ṣ-r-ṭ,20,1,0.749
SrT,uSruT,ṣ-r-ṭ,22,2,1.57
SrT,uSruT,ṣ-r-ṭ,23,2,1.905
SrT,uSruT,ṣ-r-ṭ,24,1,0.76
SrT,uSruT,ṣ-r-ṭ,34,1,1.133
SrT,uSruT,ṣ-r-ṭ,36,3,4.138
SrT,uSruT,ṣ-r-ṭ,37,2,2.326
SrT,uSruT,ṣ-r-ṭ,38,1,1.364
SrT,uSruT,ṣ-r-ṭ,42,2,2.326
SrT,uSruT,ṣ-r-ṭ,43,3,3.614
SrT,uSruT,ṣ-r-ṭ,48,2,3.571
SrT,uSruT,ṣ-r-ṭ,67,1,3.003
Srf,uSrf,ṣ-r-f,2,1,0.164
Srf,uSrf,ṣ-r-f,3,1,0.287
Srf,uSrf,ṣ-r-f,6,4,1.311
Srf,uSrf,ṣ-r-f,7,3,0.904
Srf,uSrf,ṣ-r-f,9,2,0.801
Srf,uSrf,ṣ-r-f,10,1,0.546
Srf,uSrf,ṣ-r-f,11,1,0.522
Srf,uSrf,ṣ-r-f,12,3,1.688
Srf,uSrf,ṣ-r-f,17,2,1.285
Srf,uSrf,ṣ-r-f,18,2,1.267
Srf,uSrf,ṣ-r-f,20,1,0.749
Srf,uSrf,ṣ-r-f,24,1,0.76
Srf,uSrf,ṣ-r-f,25,3,3.359
Srf,uSrf,ṣ-r-f,39,1,0.853
Srf,uSrf,ṣ-r-f,40,1,0.82
Srf,uSrf,ṣ-r-f,45,1,2.049
Srf,uSrf,ṣ-r-f,46,2,3.11
Srm,uSrm,ṣ-r-m,68,3,10
Srr,uSrr,ṣ-r-r,3,2,0.575
Srr,uSrr,ṣ-r-r,45,1,2.049
Srr,uSrr,ṣ-r-r,51,1,2.778
Srr,uSrr,ṣ-r-r,56,1,2.639
Srr,uSrr,ṣ-r-r,71,1,4.425
Srx,uSrx,ṣ-r-kh,14,2,2.41
Srx,uSrx,ṣ-r-kh,28,1,0.699
Srx,uSrx,ṣ-r-kh,35,1,1.29
Srx,uSrx,ṣ-r-kh,36,1,1.379
SwE,uSwuE,ṣ-w-ʿ,12,1,0.563
Swb,uSwb,ṣ-w-b,2,8,1.308
Swb,uSwb,ṣ-w-b,3,9,2.585
Swb,uSwb,ṣ-w-b,4,9,2.402
Swb,uSwb,ṣ-w-b,5,4,1.427
Swb,uSwb,ṣ-w-b,6,1,0.328
Swb,uSwb,ṣ-w-b,7,3,0.904
Swb,uSwb,ṣ-w-b,8,1,0.811
Swb,uSwb,ṣ-w-b,9,7,2.802
Swb,uSwb,ṣ-w-b,10,1,0.546
Swb,uSwb,ṣ-w-b,11,4,2.087
Swb,uSwb,ṣ-w-b,12,1,0.563
Swb,uSwb,ṣ-w-b,13,2,2.345
Swb,uSwb,ṣ-w-b,16,1,0.542
Swb,uSwb,ṣ-w-b,22,3,2.355
Swb,uSwb,ṣ-w-b,24,3,2.28
Swb,uSwb,ṣ-w-b,28,2,1.399
Swb,uSwb,ṣ-w-b,30,2,2.448
Swb,uSwb,ṣ-w-b,31,1,1.832
Swb,uSwb,ṣ-w-b,38,1,1.364
Swb,uSwb,ṣ-w-b,39,2,1.706
Swb,uSwb,ṣ-w-b,40,1,0.82
Swb,uSwb,ṣ-w-b,42,4,4.651
Swb,uSwb,ṣ-w-b,48,1,1.786
Swb,uSwb,ṣ-w-b,49,1,2.882
Swb,uSwb,ṣ-w-b,57,2,3.484
Swb,uSwb,ṣ-w-b,64,2,8.299
Swb,uSwb,ṣ-w-b,78,1,5.78
Swf,uSwf,ṣ-w-f,16,1,0.542
Swm,uSwm,ṣ-w-m,2,7,1.145
Swm,uSwm,ṣ-w-m,4,1,0.267
Swm,uSwm,ṣ-w-m,5,2,0.713
Swm,uSwm,ṣ-w-m,19,1,1.041
Swm,uSwm,ṣ-w-m,33,2,1.554
Swm,uSwm,ṣ-w-m,58,1,2.119
Swr,uSwr,ṣ-w-r,2,1,0.164
Swr,uSwr,ṣ-w-r,3,1,0.287
Swr,uSwr,ṣ-w-r,6,1,0.328
Swr,uSwr,ṣ-w-r,7,1,0.301
Swr,uSwr,ṣ-w-r,18,1,0.633
Swr,uSwr,ṣ-w-r,20,1,0.749
Swr,uSwr,ṣ-w-r,23,1,0.952
Swr,uSwr,ṣ-w-r,27,1,0.869
Swr,uSwr,ṣ-w-r,36,1,1.379
Swr,uSwr,ṣ-w-r,39,1,0.853
Swr,uSwr,ṣ-w-r,40,2,1.641
Swr,uSwr,ṣ-w-r,50,1,2.681
Swr,uSwr,ṣ-w-r,59,1,2.247
Swr,uSwr,ṣ-w-r,64,2,8.299
Swr,uSwr,ṣ-w-r,69,1,3.876
Swr,uSwr,ṣ-w-r,78,1,5.78
Swr,uSwr,ṣ-w-r,82,1,12.5
Swt,uSwt,ṣ-w-t,17,1,0.643
Swt,uSwt,ṣ-w-t,20,1,0.749
Swt,uSwt,ṣ-w-t,31,3,5.495
Swt,uSwt,ṣ-w-t,49,3,8.646
Sxr,uSxr,ṣ-kh-r,18,1,0.633
Sxr,uSxr,ṣ-kh-r,31,1,1.832
Sxr,uSxr,ṣ-kh-r,89,1,7.299
Sxx,uSxx,ṣ-kh-kh,80,1,7.519
SyH,uSyuH,ṣ-y-ḥ,11,2,1.043
SyH,uSyuH,ṣ-y-ḥ,15,2,3.053
SyH,uSyuH,ṣ-y-ḥ,23,1,0.952
SyH,uSyuH,ṣ-y-ḥ,29,1,1.025
SyH,uSyuH,ṣ-y-ḥ,36,3,4.138
SyH,uSyuH,ṣ-y-ḥ,38,1,1.364
SyH,uSyuH,ṣ-y-ḥ,50,1,2.681
SyH,uSyuH,ṣ-y-ḥ,54,1,2.924
SyH,uSyuH,ṣ-y-ḥ,63,1,5.556
SyS,uSyuS,ṣ-y-ṣ,33,1,0.777
Syd,uSyd,ṣ-y-d,5,6,2.14
Syf,uSyf,ṣ-y-f,106,1,58.824
Syr,uSyr,ṣ-y-r,2,2,0.327
Syr,uSyr,ṣ-y-r,3,2,0.575
Syr,uSyr,ṣ-y-r,4,2,0.534
Syr,uSyr,ṣ-y-r,5,1,0.357
Syr,uSyr,ṣ-y-r,8,1,0.811
Syr,uSyr,ṣ-y-r,9,1,0.4
Syr,uSyr,ṣ-y-r,14,1,1.205
Syr,uSyr,ṣ-y-r,22,2,1.57
Syr,uSyr,ṣ-y-r,24,2,1.52
Syr,uSyr,ṣ-y-r,25,1,1.12
Syr,uSyr,ṣ-y-r,31,1,1.832
Syr,uSyr,ṣ-y-r,35,1,1.29
Syr,uSyr,ṣ-y-r,40,1,0.82
Syr,uSyr,ṣ-y-r,42,2,2.326
Syr,uSyr,ṣ-y-r,48,1,1.786
Syr,uSyr,ṣ-y-r,50,1,2.681
Syr,uSyr,ṣ-y-r,57,1,1.742
Syr,uSyr,ṣ-y-r,58,1,2.119
Syr,uSyr,ṣ-y-r,60,1,2.874
Syr,uSyr,ṣ-y-r,64,2,8.299
Syr,uSyr,ṣ-y-r,66,1,4.016
Syr,uSyr,ṣ-y-r,67,1,3.003
TEm,uTuEm,ṭ-ʿ-m,2,4,0.654
TEm,uTuEm,ṭ-ʿ-m,3,1,0.287
TEm,uTuEm,ṭ-ʿ-m,5,8,2.853
TEm,uTuEm,ṭ-ʿ-m,6,5,1.639
TEm,uTuEm,ṭ-ʿ-m,12,1,0.563
TEm,uTuEm,ṭ-ʿ-m,18,2,1.267
TEm,uTuEm,ṭ-ʿ-m,21,1,0.855
TEm,uTuEm,ṭ-ʿ-m,22,2,1.57
TEm,uTuEm,ṭ-ʿ-m,25,2,2.24
TEm,uTuEm,ṭ-ʿ-m,26,1,0.759
TEm,uTuEm,ṭ-ʿ-m,33,2,1.554
TEm,uTuEm,ṭ-ʿ-m,36,2,2.759
TEm,uTuEm,ṭ-ʿ-m,44,1,2.89
TEm,uTuEm,ṭ-ʿ-m,47,1,1.855
TEm,uTuEm,ṭ-ʿ-m,51,1,2.778
TEm,uTuEm,ṭ-ʿ-m,58,1,2.119
TEm,uTuEm,ṭ-ʿ-m,69,2,7.752
TEm,uTuEm,ṭ-ʿ-m,73,1,5.025
TEm,uTuEm,ṭ-ʿ-m,74,1,3.922
TEm,uTuEm,ṭ-ʿ-m,76,3,12.346
TEm,uTuEm,ṭ-ʿ-m,80,1,7.519
TEm,uTuEm,ṭ-ʿ-m,88,1,10.87
TEm,uTuEm,ṭ-ʿ-m,89,1,7.299
TEm,uTuEm,ṭ-ʿ-m,90,1,12.195
TEm,uTuEm,ṭ-ʿ-m,106,1,58.824
TEm,uTuEm,ṭ-ʿ-m,107,1,40
TEn,uTuEn,ṭ-ʿ-n,4,1,0.267
TEn,uTuEn,ṭ-ʿ-n,9,1,0.4
THw,uTuHw,ṭ-ḥ-w,91,1,18.519
TbE,uTbuE,ṭ-b-ʿ,4,1,0.267
TbE,uTbuE,ṭ-b-ʿ,7,2,0.602
TbE,uTbuE,ṭ-b-ʿ,9,2,0.801
TbE,uTbuE,ṭ-b-ʿ,10,1,0.546
TbE,uTbuE,ṭ-b-ʿ,16,1,0.542
TbE,uTbuE,ṭ-b-ʿ,30,1,1.224
TbE,uTbuE,ṭ-b-ʿ,40,1,0.82
TbE,uTbuE,ṭ-b-ʿ,47,1,1.855
TbE,uTbuE,ṭ-b-ʿ,63,1,5.556
Tbq,uTbq,ṭ-b-q,67,1,3.003
Tbq,uTbq,ṭ-b-q,71,1,4.425
Tbq,uTbq,ṭ-b-q,84,2,18.692
TfA,uTfuA,ṭ-f-a,5,1,0.357
TfA,uTfuA,ṭ-f-a,9,1,0.4
TfA,uTfuA,ṭ-f-a,61,1,4.525
Tff,uTff,ṭ-f-f,83,1,5.917
Tfl,uTfl,ṭ-f-l,22,1,0.785
Tfl,uTfl,ṭ-f-l,24,2,1.52
Tfl,uTfl,ṭ-f-l,40,1,0.82
Tfq,uTfq,ṭ-f-q,7,1,0.301
Tfq,uTfq,ṭ-f-q,20,1,0.749
Tfq,uTfq,ṭ-f-q,38,1,1.364
Tgy,uTgy,ṭ-gh-y,2,3,0.491
Tgy,uTgy,ṭ-gh-y,4,3,0.801
Tgy,uTgy,ṭ-gh-y,5,3,1.07
Tgy,uTgy,ṭ-gh-y,6,1,0.328
Tgy,uTgy,ṭ-gh-y,7,1,0.301
Tgy,uTgy,ṭ-gh-y,10,1,0.546
Tgy,uTgy,ṭ-gh-y,11,1,0.522
Tgy,uTgy,ṭ-gh-y,16,1,0.542
Tgy,uTgy,ṭ-gh-y,17,1,0.643
Tgy,uTgy,ṭ-gh-y,18,1,0.633
Tgy,uTgy,ṭ-gh-y,20,4,2.996
Tgy,uTgy,ṭ-gh-y,23,1,0.952
Tgy,uTgy,ṭ-gh-y,37,1,1.163
Tgy,uTgy,ṭ-gh-y,38,1,1.364
Tgy,uTgy,ṭ-gh-y,39,1,0.853
Tgy,uTgy,ṭ-gh-y,50,1,2.681
Tgy,uTgy,ṭ-gh-y,51,1,2.778
Tgy,uTgy,ṭ-gh-y,52,1,3.205
Tgy,uTgy,ṭ-gh-y,53,2,5.556
Tgy,uTgy,ṭ-gh-y,55,1,2.849
Tgy,uTgy,ṭ-gh-y,68,1,3.333
Tgy,uTgy,ṭ-gh-y,69,2,7.752
Tgy,uTgy,ṭ-gh-y,78,1,5.78
Tgy,uTgy,ṭ-gh-y,79,2,11.173
Tgy,uTgy,ṭ-gh-y,89,1,7.299
Tgy,uTgy,ṭ-gh-y,91,1,18.519
Tgy,uTgy,ṭ-gh-y,96,1,13.889
Thr,uThr,ṭ-h-r,2,6,0.981
Thr,uThr,ṭ-h-r,3,3,0.862
Thr,uThr,ṭ-h-r,4,1,0.267
Thr,uThr,ṭ-h-r,5,3,1.07
Thr,uThr,ṭ-h-r,7,1,0.301
Thr,uThr,ṭ-h-r,8,1,0.811
Thr,uThr,ṭ-h-r,9,3,1.201
Thr,uThr,ṭ-h-r,11,1,0.522
Thr,uThr,ṭ-h-r,22,1,0.785
Thr,uThr,ṭ-h-r,25,1,1.12
Thr,uThr,ṭ-h-r,27,1,0.869
Thr,uThr,ṭ-h-r,33,3,2.331
Thr,uThr,ṭ-h-r,56,1,2.639
Thr,uThr,ṭ-h-r,58,1,2.119
Thr,uThr,ṭ-h-r,74,1,3.922
Thr,uThr,ṭ-h-r,76,1,4.115
Thr,uThr,ṭ-h-r,80,1,7.519
Thr,uThr,ṭ-h-r,98,1,10.638
TlE,uTluE,ṭ-l-ʿ,3,1,0.287
TlE,uTluE,ṭ-l-ʿ,5,1,0.357
TlE,uTluE,ṭ-l-ʿ,6,1,0.328
TlE,uTluE,ṭ-l-ʿ,18,4,2.533
TlE,uTluE,ṭ-l-ʿ,19,1,1.041
TlE,uTluE,ṭ-l-ʿ,20,1,0.749
TlE,uTluE,ṭ-l-ʿ,26,1,0.759
TlE,uTluE,ṭ-l-ʿ,28,1,0.699
TlE,uTluE,ṭ-l-ʿ,37,3,3.488
TlE,uTluE,ṭ-l-ʿ,40,1,0.82
TlE,uTluE,ṭ-l-ʿ,50,2,5.362
TlE,uTluE,ṭ-l-ʿ,97,1,33.333
TlE,uTluE,ṭ-l-ʿ,104,1,30.303
TlH,uTluH,ṭ-l-ḥ,56,1,2.639
Tlb,uTlb,ṭ-l-b,7,1,0.301
Tlb,uTlb,ṭ-l-b,18,1,0.633
Tlb,uTlb,ṭ-l-b,22,2,1.57
Tll,uTll,ṭ-l-l,2,1,0.164
Tlq,uTlq,ṭ-l-q,2,10,1.635
Tlq,uTlq,ṭ-l-q,18,3,1.9
Tlq,uTlq,ṭ-l-q,26,1,0.759
Tlq,uTlq,ṭ-l-q,33,1,0.777
Tlq,uTlq,ṭ-l-q,38,1,1.364
Tlq,uTlq,ṭ-l-q,48,1,1.786
Tlq,uTlq,ṭ-l-q,65,2,6.969
Tlq,uTlq,ṭ-l-q,66,1,4.016
Tlq,uTlq,ṭ-l-q,68,1,3.333
Tlq,uTlq,ṭ-l-q,77,2,11.05
TmE,uTmuE,ṭ-m-ʿ,2,1,0.164
TmE,uTmuE,ṭ-m-ʿ,5,1,0.357
TmE,uTmuE,ṭ-m-ʿ,7,2,0.602
TmE,uTmuE,ṭ-m-ʿ,13,1,1.172
TmE,uTmuE,ṭ-m-ʿ,26,2,1.517
TmE,uTmuE,ṭ-m-ʿ,30,1,1.224
TmE,uTmuE,ṭ-m-ʿ,32,1,2.688
TmE,uTmuE,ṭ-m-ʿ,33,1,0.777
TmE,uTmuE,ṭ-m-ʿ,70,1,4.608
TmE,uTmuE,ṭ-m-ʿ,74,1,3.922
Tmm,uTmm,ṭ-m-m,79,1,5.587
Tmn,uTmn,ṭ-m-n,2,1,0.164
Tmn,uTmn,ṭ-m-n,3,1,0.287
Tmn,uTmn,ṭ-m-n,4,1,0.267
Tmn,uTmn,ṭ-m-n,5,1,0.357
Tmn,uTmn,ṭ-m-n,8,1,0.811
Tmn,uTmn,ṭ-m-n,10,1,0.546
Tmn,uTmn,ṭ-m-n,13,2,2.345
Tmn,uTmn,ṭ-m-n,16,2,1.085
Tmn,uTmn,ṭ-m-n,17,1,0.643
Tmn,uTmn,ṭ-m-n,22,1,0.785
Tmn,uTmn,ṭ-m-n,89,1,7.299
Tms,uTms,ṭ-m-s,4,1,0.267
Tms,uTms,ṭ-m-s,10,1,0.546
Tms,uTms,ṭ-m-s,36,1,1.379
Tms,uTms,ṭ-m-s,54,1,2.924
Tms,uTms,ṭ-m-s,77,1,5.525
Tmv,uTmv,ṭ-m-th,55,2,5.698
TrH,uTruH,ṭ-r-ḥ,12,1,0.563
Trd,uTrd,ṭ-r-d,6,2,0.656
Trd,uTrd,ṭ-r-d,11,2,1.043
Trd,uTrd,ṭ-r-d,26,1,0.759
Trf,uTrf,ṭ-r-f,3,1,0.287
Trf,uTrf,ṭ-r-f,11,1,0.522
Trf,uTrf,ṭ-r-f,13,1,1.172
Trf,uTrf,ṭ-r-f,14,1,1.205
Trf,uTrf,ṭ-r-f,20,1,0.749
Trf,uTrf,ṭ-r-f,21,1,0.855
Trf,uTrf,ṭ-r-f,27,1,0.869
Trf,uTrf,ṭ-r-f,37,1,1.163
Trf,uTrf,ṭ-r-f,38,1,1.364
Trf,uTrf,ṭ-r-f,42,1,1.163
Trf,uTrf,ṭ-r-f,55,1,2.849
Trq,uTrq,ṭ-r-q,4,2,0.534
Trq,uTrq,ṭ-r-q,20,3,2.247
Trq,uTrq,ṭ-r-q,23,1,0.952
Trq,uTrq,ṭ-r-q,46,1,1.555
Trq,uTrq,ṭ-r-q,72,2,7.018
Trq,uTrq,ṭ-r-q,86,2,32.787
Trw,uTrw,ṭ-r-w,16,1,0.542
Trw,uTrw,ṭ-r-w,35,1,1.29
TwE,uTwuE,ṭ-w-ʿ,2,6,0.981
TwE,uTwuE,ṭ-w-ʿ,3,8,2.298
TwE,uTwuE,ṭ-w-ʿ,4,13,3.469
TwE,uTwuE,ṭ-w-ʿ,5,5,1.783
TwE,uTwuE,ṭ-w-ʿ,6,3,0.984
TwE,uTwuE,ṭ-w-ʿ,7,2,0.602
TwE,uTwuE,ṭ-w-ʿ,8,4,3.244
TwE,uTwuE,ṭ-w-ʿ,9,4,1.601
TwE,uTwuE,ṭ-w-ʿ,10,1,0.546
TwE,uTwuE,ṭ-w-ʿ,11,3,1.565
TwE,uTwuE,ṭ-w-ʿ,13,1,1.172
TwE,uTwuE,ṭ-w-ʿ,16,1,0.542
TwE,uTwuE,ṭ-w-ʿ,17,2,1.285
TwE,uTwuE,ṭ-w-ʿ,18,10,6.333
TwE,uTwuE,ṭ-w-ʿ,20,1,0.749
TwE,uTwuE,ṭ-w-ʿ,21,2,1.711
TwE,uTwuE,ṭ-w-ʿ,23,1,0.952
TwE,uTwuE,ṭ-w-ʿ,24,8,6.079
TwE,uTwuE,ṭ-w-ʿ,25,3,3.359
TwE,uTwuE,ṭ-w-ʿ,26,10,7.587
TwE,uTwuE,ṭ-w-ʿ,29,1,1.025
TwE,uTwuE,ṭ-w-ʿ,31,1,1.832
TwE,uTwuE,ṭ-w-ʿ,33,7,5.439
TwE,uTwuE,ṭ-w-ʿ,36,3,4.138
TwE,uTwuE,ṭ-w-ʿ,40,1,0.82
TwE,uTwuE,ṭ-w-ʿ,41,2,2.519
TwE,uTwuE,ṭ-w-ʿ,43,2,2.41
TwE,uTwuE,ṭ-w-ʿ,47,4,7.421
TwE,uTwuE,ṭ-w-ʿ,48,2,3.571
TwE,uTwuE,ṭ-w-ʿ,49,2,5.764
TwE,uTwuE,ṭ-w-ʿ,51,1,2.778
TwE,uTwuE,ṭ-w-ʿ,55,1,2.849
TwE,uTwuE,ṭ-w-ʿ,58,2,4.237
TwE,uTwuE,ṭ-w-ʿ,59,1,2.247
TwE,uTwuE,ṭ-w-ʿ,64,4,16.598
TwE,uTwuE,ṭ-w-ʿ,68,3,10
TwE,uTwuE,ṭ-w-ʿ,71,1,4.425
TwE,uTwuE,ṭ-w-ʿ,76,1,4.115
TwE,uTwuE,ṭ-w-ʿ,81,1,9.615
TwE,uTwuE,ṭ-w-ʿ,96,1,13.889
Twd,uTwd,ṭ-w-d,26,1,0.759
Twf,uTwf,ṭ-w-f,2,2,0.327
Twf,uTwf,ṭ-w-f,3,5,1.436
Twf,uTwf,ṭ-w-f,4,4,1.068
Twf,uTwf,ṭ-w-f,6,1,0.328
Twf,uTwf,ṭ-w-f,7,4,1.205
Twf,uTwf,ṭ-w-f,8,1,0.811
Twf,uTwf,ṭ-w-f,9,4,1.601
Twf,uTwf,ṭ-w-f,22,2,1.57
Twf,uTwf,ṭ-w-f,24,2,1.52
Twf,uTwf,ṭ-w-f,28,1,0.699
Twf,uTwf,ṭ-w-f,29,1,1.025
Twf,uTwf,ṭ-w-f,33,1,0.777
Twf,uTwf,ṭ-w-f,37,1,1.163
Twf,uTwf,ṭ-w-f,43,1,1.205
Twf,uTwf,ṭ-w-f,49,1,2.882
Twf,uTwf,ṭ-w-f,52,1,3.205
Twf,uTwf,ṭ-w-f,55,1,2.849
Twf,uTwf,ṭ-w-f,56,1,2.639
Twf,uTwf,ṭ-w-f,61,2,9.05
Twf,uTwf,ṭ-w-f,68,2,6.667
Twf,uTwf,ṭ-w-f,73,1,5.025
Twf,uTwf,ṭ-w-f,76,2,8.23
Twl,uTwl,ṭ-w-l,4,1,0.267
Twl,uTwl,ṭ-w-l,9,1,0.4
Twl,uTwl,ṭ-w-l,17,1,0.643
Twl,uTwl,ṭ-w-l,20,1,0.749
Twl,uTwl,ṭ-w-l,21,1,0.855
Twl,uTwl,ṭ-w-l,28,1,0.699
Twl,uTwl,ṭ-w-l,40,1,0.82
Twl,uTwl,ṭ-w-l,57,1,1.742
Twl,uTwl,ṭ-w-l,73,1,5.025
Twl,uTwl,ṭ-w-l,76,1,4.115
Twq,uTwq,ṭ-w-q,2,3,0.491
Twq,uTwq,ṭ-w-q,3,1,0.287
Twr,uTwr,ṭ-w-r,2,2,0.327
Twr,uTwr,ṭ-w-r,4,1,0.267
Twr,uTwr,ṭ-w-r,19,1,1.041
Twr,uTwr,ṭ-w-r,20,1,0.749
Twr,uTwr,ṭ-w-r,23,1,0.952
Twr,uTwr,ṭ-w-r,28,2,1.399
Twr,uTwr,ṭ-w-r,52,1,3.205
Twr,uTwr,ṭ-w-r,71,1,4.425
Twr,uTwr,ṭ-w-r,95,1,29.412
Twy,uTwy,ṭ-w-y,20,1,0.749
Twy,uTwy,ṭ-w-y,21,2,1.711
Twy,uTwy,ṭ-w-y,39,1,0.853
Twy,uTwy,ṭ-w-y,79,1,5.587
Tyb,uTyb,ṭ-y-b,2,4,0.654
Tyb,uTyb,ṭ-y-b,3,2,0.575
Tyb,uTyb,ṭ-y-b,4,5,1.334
Tyb,uTyb,ṭ-y-b,5,6,2.14
Tyb,uTyb,ṭ-y-b,7,4,1.205
Tyb,uTyb,ṭ-y-b,8,3,2.433
Tyb,uTyb,ṭ-y-b,9,1,0.4
Tyb,uTyb,ṭ-y-b,10,2,1.091
Tyb,uTyb,ṭ-y-b,13,1,1.172
Tyb,uTyb,ṭ-y-b,14,2,2.41
Tyb,uTyb,ṭ-y-b,16,4,2.169
Tyb,uTyb,ṭ-y-b,17,1,0.643
Tyb,uTyb,ṭ-y-b,20,1,0.749
Tyb,uTyb,ṭ-y-b,22,1,0.785
Tyb,uTyb,ṭ-y-b,23,1,0.952
Tyb,uTyb,ṭ-y-b,24,5,3.799
Tyb,uTyb,ṭ-y-b,34,1,1.133
Tyb,uTyb,ṭ-y-b,35,1,1.29
Tyb,uTyb,ṭ-y-b,39,1,0.853
Tyb,uTyb,ṭ-y-b,40,1,0.82
Tyb,uTyb,ṭ-y-b,45,1,2.049
Tyb,uTyb,ṭ-y-b,46,1,1.555
Tyb,uTyb,ṭ-y-b,61,1,4.525
Tyn,uTyn,ṭ-y-n,3,1,0.287
Tyn,uTyn,ṭ-y-n,5,1,0.357
Tyn,uTyn,ṭ-y-n,6,1,0.328
Tyn,uTyn,ṭ-y-n,7,1,0.301
Tyn,uTyn,ṭ-y-n,17,1,0.643
Tyn,uTyn,ṭ-y-n,23,1,0.952
Tyn,uTyn,ṭ-y-n,28,1,0.699
Tyn,uTyn,ṭ-y-n,32,1,2.688
Tyn,uTyn,ṭ-y-n,37,1,1.163
Tyn,uTyn,ṭ-y-n,38,2,2.729
Tyn,uTyn,ṭ-y-n,51,1,2.778
Tyr,uTyr,ṭ-y-r,2,1,0.164
Tyr,uTyr,ṭ-y-r,3,2,0.575
Tyr,uTyr,ṭ-y-r,5,2,0.713
Tyr,uTyr,ṭ-y-r,6,2,0.656
Tyr,uTyr,ṭ-y-r,7,2,0.602
Tyr,uTyr,ṭ-y-r,12,2,1.125
Tyr,uTyr,ṭ-y-r,16,1,0.542
Tyr,uTyr,ṭ-y-r,17,1,0.643
Tyr,uTyr,ṭ-y-r,21,1,0.855
Tyr,uTyr,ṭ-y-r,22,1,0.785
Tyr,uTyr,ṭ-y-r,24,1,0.76
Tyr,uTyr,ṭ-y-r,27,5,4.344
Tyr,uTyr,ṭ-y-r,34,1,1.133
Tyr,uTyr,ṭ-y-r,36,2,2.759
Tyr,uTyr,ṭ-y-r,38,1,1.364
Tyr,uTyr,ṭ-y-r,56,1,2.639
Tyr,uTyr,ṭ-y-r,67,1,3.003
Tyr,uTyr,ṭ-y-r,76,1,4.115
Tyr,uTyr,ṭ-y-r,105,1,43.478
ZEn,uZuEn,ẓ-ʿ-n,16,1,0.542
Zfr,uZfr,ẓ-f-r,6,1,0.328
Zfr,uZfr,ẓ-f-r,48,1,1.786
Zhr,uZhr,ẓ-h-r,2,3,0.491
Zhr,uZhr,ẓ-h-r,3,1,0.287
Zhr,uZhr,ẓ-h-r,6,6,1.967
Zhr,uZhr,ẓ-h-r,7,2,0.602
Zhr,uZhr,ẓ-h-r,9,5,2.002
Zhr,uZhr,ẓ-h-r,11,1,0.522
Zhr,uZhr,ẓ-h-r,13,1,1.172
Zhr,uZhr,ẓ-h-r,17,1,0.643
Zhr,uZhr,ẓ-h-r,18,3,1.9
Zhr,uZhr,ẓ-h-r,21,1,0.855
Zhr,uZhr,ẓ-h-r,24,3,2.28
Zhr,uZhr,ẓ-h-r,25,1,1.12
Zhr,uZhr,ẓ-h-r,28,3,2.098
Zhr,uZhr,ẓ-h-r,30,3,3.672
Zhr,uZhr,ẓ-h-r,31,1,1.832
Zhr,uZhr,ẓ-h-r,33,2,1.554
Zhr,uZhr,ẓ-h-r,34,2,2.265
Zhr,uZhr,ẓ-h-r,35,1,1.29
Zhr,uZhr,ẓ-h-r,40,2,1.641
Zhr,uZhr,ẓ-h-r,42,1,1.163
Zhr,uZhr,ẓ-h-r,43,2,2.41
Zhr,uZhr,ẓ-h-r,48,1,1.786
Zhr,uZhr,ẓ-h-r,57,2,3.484
Zhr,uZhr,ẓ-h-r,58,2,4.237
Zhr,uZhr,ẓ-h-r,60,1,2.874
Zhr,uZhr,ẓ-h-r,61,2,9.05
Zhr,uZhr,ẓ-h-r,66,3,12.048
Zhr,uZhr,ẓ-h-r,72,1,3.509
Zhr,uZhr,ẓ-h-r,84,1,9.346
Zhr,uZhr,ẓ-h-r,94,1,37.037
Zll,uZll,ẓ-l-l,2,2,0.327
Zll,uZll,ẓ-l-l,4,2,0.534
Zll,uZll,ẓ-l-l,7,2,0.602
Zll,uZll,ẓ-l-l,13,2,2.345
Zll,uZll,ẓ-l-l,15,1,1.527
Zll,uZll,ẓ-l-l,16,3,1.627
Zll,uZll,ẓ-l-l,20,1,0.749
Zll,uZll,ẓ-l-l,25,1,1.12
Zll,uZll,ẓ-l-l,26,3,2.276
Zll,uZll,ẓ-l-l,28,1,0.699
Zll,uZll,ẓ-l-l,30,1,1.224
Zll,uZll,ẓ-l-l,31,1,1.832
Zll,uZll,ẓ-l-l,35,1,1.29
Zll,uZll,ẓ-l-l,36,1,1.379
Zll,uZll,ẓ-l-l,39,2,1.706
Zll,uZll,ẓ-l-l,42,1,1.163
Zll,uZll,ẓ-l-l,43,1,1.205
Zll,uZll,ẓ-l-l,56,3,7.916
Zll,uZll,ẓ-l-l,76,1,4.115
Zll,uZll,ẓ-l-l,77,3,16.575
Zlm,uZlm,ẓ-l-m,2,31,5.069
Zlm,uZlm,ẓ-l-m,3,15,4.309
Zlm,uZlm,ẓ-l-m,4,14,3.736
Zlm,uZlm,ẓ-l-m,5,7,2.496
Zlm,uZlm,ẓ-l-m,6,24,7.869
Zlm,uZlm,ẓ-l-m,7,17,5.12
Zlm,uZlm,ẓ-l-m,8,4,3.244
Zlm,uZlm,ẓ-l-m,9,7,2.802
Zlm,uZlm,ẓ-l-m,10,12,6.547
Zlm,uZlm,ẓ-l-m,11,14,7.303
Zlm,uZlm,ẓ-l-m,12,3,1.688
Zlm,uZlm,ẓ-l-m,13,2,2.345
Zlm,uZlm,ẓ-l-m,14,9,10.843
Zlm,uZlm,ẓ-l-m,15,1,1.527
Zlm,uZlm,ẓ-l-m,16,10,5.423
Zlm,uZlm,ẓ-l-m,17,6,3.856
Zlm,uZlm,ẓ-l-m,18,9,5.7
Zlm,uZlm,ẓ-l-m,19,3,3.122
Zlm,uZlm,ẓ-l-m,20,2,1.498
Zlm,uZlm,ẓ-l-m,21,11,9.41
Zlm,uZlm,ẓ-l-m,22,7,5.495
Zlm,uZlm,ẓ-l-m,23,6,5.714
Zlm,uZlm,ẓ-l-m,24,3,2.28
Zlm,uZlm,ẓ-l-m,25,5,5.599
Zlm,uZlm,ẓ-l-m,26,4,3.035
Zlm,uZlm,ẓ-l-m,27,6,5.213
Zlm,uZlm,ẓ-l-m,28,7,4.895
Zlm,uZlm,ẓ-l-m,29,7,7.172
Zlm,uZlm,ẓ-l-m,30,4,4.896
Zlm,uZlm,ẓ-l-m,31,2,3.663
Zlm,uZlm,ẓ-l-m,32,1,2.688
Zlm,uZlm,ẓ-l-m,33,2,1.554
Zlm,uZlm,ẓ-l-m,34,3,3.398
Zlm,uZlm,ẓ-l-m,35,4,5.161
Zlm,uZlm,ẓ-l-m,36,2,2.759
Zlm,uZlm,ẓ-l-m,37,3,3.488
Zlm,uZlm,ẓ-l-m,38,1,1.364
Zlm,uZlm,ẓ-l-m,39,6,5.119
Zlm,uZlm,ẓ-l-m,40,4,3.281
Zlm,uZlm,ẓ-l-m,41,1,1.259
Zlm,uZlm,ẓ-l-m,42,8,9.302
Zlm,uZlm,ẓ-l-m,43,4,4.819
Zlm,uZlm,ẓ-l-m,45,2,4.098
Zlm,uZlm,ẓ-l-m,46,3,4.666
Zlm,uZlm,ẓ-l-m,49,1,2.882
Zlm,uZlm,ẓ-l-m,50,1,2.681
Zlm,uZlm,ẓ-l-m,51,1,2.778
Zlm,uZlm,ẓ-l-m,52,1,3.205
Zlm,uZlm,ẓ-l-m,53,1,2.778
Zlm,uZlm,ẓ-l-m,57,1,1.742
Zlm,uZlm,ẓ-l-m,59,1,2.247
Zlm,uZlm,ẓ-l-m,60,1,2.874
Zlm,uZlm,ẓ-l-m,61,2,9.05
Zlm,uZlm,ẓ-l-m,62,2,11.429
Zlm,uZlm,ẓ-l-m,65,2,6.969
Zlm,uZlm,ẓ-l-m,66,1,4.016
Zlm,uZlm,ẓ-l-m,68,1,3.333
Zlm,uZlm,ẓ-l-m,71,2,8.85
Zlm,uZlm,ẓ-l-m,76,1,4.115
ZmA,uZmuA,ẓ-m-a,9,1,0.4
ZmA,uZmuA,ẓ-m-a,20,1,0.749
ZmA,uZmuA,ẓ-m-a,24,1,0.76
Znn,uZnn,ẓ-n-n,2,4,0.654
Znn,uZnn,ẓ-n-n,3,2,0.575
Znn,uZnn,ẓ-n-n,4,1,0.267
Znn,uZnn,ẓ-n-n,6,2,0.656
Znn,uZnn,ẓ-n-n,7,2,0.602
Znn,uZnn,ẓ-n-n,9,1,0.4
Znn,uZnn,ẓ-n-n,10,6,3.273
Znn,uZnn,ẓ-n-n,11,1,0.522
Znn,uZnn,ẓ-n-n,12,2,1.125
Znn,uZnn,ẓ-n-n,17,3,1.928
Znn,uZnn,ẓ-n-n,18,3,1.9
Znn,uZnn,ẓ-n-n,21,1,0.855
Znn,uZnn,ẓ-n-n,22,1,0.785
Znn,uZnn,ẓ-n-n,24,1,0.76
Znn,uZnn,ẓ-n-n,26,1,0.759
Znn,uZnn,ẓ-n-n,28,2,1.399
Znn,uZnn,ẓ-n-n,33,2,1.554
Znn,uZnn,ẓ-n-n,34,1,1.133
Znn,uZnn,ẓ-n-n,37,1,1.163
Znn,uZnn,ẓ-n-n,38,2,2.729
Znn,uZnn,ẓ-n-n,40,1,0.82
Znn,uZnn,ẓ-n-n,41,5,6.297
Znn,uZnn,ẓ-n-n,45,3,6.148
Znn,uZnn,ẓ-n-n,48,5,8.929
Znn,uZnn,ẓ-n-n,49,2,5.764
Znn,uZnn,ẓ-n-n,53,3,8.333
Znn,uZnn,ẓ-n-n,59,2,4.494
Znn,uZnn,ẓ-n-n,69,1,3.876
Znn,uZnn,ẓ-n-n,72,4,14.035
Znn,uZnn,ẓ-n-n,75,2,12.195
Znn,uZnn,ẓ-n-n,83,1,5.917
Znn,uZnn,ẓ-n-n,84,1,9.346
b$r,bshr,b-sh-r,2,8,1.308
b$r,bshr,b-sh-r,3,8,2.298
b$r,bshr,b-sh-r,4,2,0.534
b$r,bshr,b-sh-r,5,3,1.07
b$r,bshr,b-sh-r,6,2,0.656
b$r,bshr,b-sh-r,7,2,0.602
b$r,bshr,b-sh-r,8,1,0.811
b$r,bshr,b-sh-r,9,6,2.402
b$r,bshr,b-sh-r,10,3,1.637
b$r,bshr,b-sh-r,11,5,2.608
b$r,bshr,b-sh-r,12,3,1.688
b$r,bshr,b-sh-r,14,2,2.41
b$r,bshr,b-sh-r,15,7,10.687
b$r,bshr,b-sh-r,16,5,2.711
b$r,bshr,b-sh-r,17,4,2.571
b$r,bshr,b-sh-r,18,3,1.9
b$r,bshr,b-sh-r,19,5,5.203
b$r,bshr,b-sh-r,21,2,1.711
b$r,bshr,b-sh-r,22,2,1.57
b$r,bshr,b-sh-r,23,4,3.81
b$r,bshr,b-sh-r,25,4,4.479
b$r,bshr,b-sh-r,26,2,1.517
b$r,bshr,b-sh-r,27,2,1.738
b$r,bshr,b-sh-r,29,1,1.025
b$r,bshr,b-sh-r,30,3,3.672
b$r,bshr,b-sh-r,31,1,1.832
b$r,bshr,b-sh-r,33,2,1.554
b$r,bshr,b-sh-r,34,1,1.133
b$r,bshr,b-sh-r,35,1,1.29
b$r,bshr,b-sh-r,36,2,2.759
b$r,bshr,b-sh-r,37,2,2.326
b$r,bshr,b-sh-r,38,1,1.364
b$r,bshr,b-sh-r,39,3,2.56
b$r,bshr,b-sh-r,41,3,3.778
b$r,bshr,b-sh-r,42,2,2.326
b$r,bshr,b-sh-r,43,1,1.205
b$r,bshr,b-sh-r,45,1,2.049
b$r,bshr,b-sh-r,46,1,1.555
b$r,bshr,b-sh-r,48,1,1.786
b$r,bshr,b-sh-r,51,1,2.778
b$r,bshr,b-sh-r,54,1,2.924
b$r,bshr,b-sh-r,57,1,1.742
b$r,bshr,b-sh-r,61,2,9.05
b$r,bshr,b-sh-r,64,1,4.149
b$r,bshr,b-sh-r,74,4,15.686
b$r,bshr,b-sh-r,80,1,7.519
b$r,bshr,b-sh-r,84,1,9.346
b*r,bdhr,b-dh-r,17,3,1.928
bAr,buAr,b-a-r,22,1,0.785
bAs,buAs,b-a-s,2,8,1.308
bAs,buAs,b-a-s,3,5,1.436
bAs,buAs,b-a-s,4,2,0.534
bAs,buAs,b-a-s,5,4,1.427
bAs,buAs,b-a-s,6,5,1.639
bAs,buAs,b-a-s,7,7,2.108
bAs,buAs,b-a-s,8,1,0.811
bAs,buAs,b-a-s,9,1,0.4
bAs,buAs,b-a-s,11,3,1.565
bAs,buAs,b-a-s,12,2,1.125
bAs,buAs,b-a-s,13,1,1.172
bAs,buAs,b-a-s,14,1,1.205
bAs,buAs,b-a-s,16,2,1.085
bAs,buAs,b-a-s,17,1,0.643
bAs,buAs,b-a-s,18,3,1.9
bAs,buAs,b-a-s,21,2,1.711
bAs,buAs,b-a-s,22,4,3.14
bAs,buAs,b-a-s,24,1,0.76
bAs,buAs,b-a-s,27,1,0.869
bAs,buAs,b-a-s,33,1,0.777
bAs,buAs,b-a-s,38,2,2.729
bAs,buAs,b-a-s,39,1,0.853
bAs,buAs,b-a-s,40,4,3.281
bAs,buAs,b-a-s,43,1,1.205
bAs,buAs,b-a-s,48,1,1.786
bAs,buAs,b-a-s,49,1,2.882
bAs,buAs,b-a-s,57,2,3.484
bAs,buAs,b-a-s,58,1,2.119
bAs,buAs,b-a-s,59,1,2.247
bAs,buAs,b-a-s,62,1,5.714
bAs,buAs,b-a-s,64,1,4.149
bAs,buAs,b-a-s,66,1,4.016
bAs,buAs,b-a-s,67,1,3.003
bDE,buDuE,b-ḍ-ʿ,12,6,3.376
bDE,buDuE,b-ḍ-ʿ,30,1,1.224
bED,buEuD,b-ʿ-ḍ,2,18,2.943
bED,buEuD,b-ʿ-ḍ,3,8,2.298
bED,buEuD,b-ʿ-ḍ,4,11,2.936
bED,buEuD,b-ʿ-ḍ,5,4,1.427
bED,buEuD,b-ʿ-ḍ,6,14,4.59
bED,buEuD,b-ʿ-ḍ,7,2,0.602
bED,buEuD,b-ʿ-ḍ,8,8,6.488
bED,buEuD,b-ʿ-ḍ,9,6,2.402
bED,buEuD,b-ʿ-ḍ,10,1,0.546
bED,buEuD,b-ʿ-ḍ,11,2,1.043
bED,buEuD,b-ʿ-ḍ,12,1,0.563
bED,buEuD,b-ʿ-ḍ,13,4,4.689
bED,buEuD,b-ʿ-ḍ,16,2,1.085
bED,buEuD,b-ʿ-ḍ,17,6,3.856
bED,buEuD,b-ʿ-ḍ,18,3,1.9
bED,buEuD,b-ʿ-ḍ,20,2,1.498
bED,buEuD,b-ʿ-ḍ,22,2,1.57
bED,buEuD,b-ʿ-ḍ,23,5,4.762
bED,buEuD,b-ʿ-ḍ,24,7,5.319
bED,buEuD,b-ʿ-ḍ,25,2,2.24
bED,buEuD,b-ʿ-ḍ,26,1,0.759
bED,buEuD,b-ʿ-ḍ,27,1,0.869
bED,buEuD,b-ʿ-ḍ,29,4,4.098
bED,buEuD,b-ʿ-ḍ,30,1,1.224
bED,buEuD,b-ʿ-ḍ,33,2,1.554
bED,buEuD,b-ʿ-ḍ,34,4,4.53
bED,buEuD,b-ʿ-ḍ,35,2,2.581
bED,buEuD,b-ʿ-ḍ,37,4,4.651
bED,buEuD,b-ʿ-ḍ,38,4,5.457
bED,buEuD,b-ʿ-ḍ,40,2,1.641
bED,buEuD,b-ʿ-ḍ,43,7,8.434
bED,buEuD,b-ʿ-ḍ,45,2,4.098
bED,buEuD,b-ʿ-ḍ,47,3,5.566
bED,buEuD,b-ʿ-ḍ,49,5,14.409
bED,buEuD,b-ʿ-ḍ,52,2,6.41
bED,buEuD,b-ʿ-ḍ,66,3,12.048
bED,buEuD,b-ʿ-ḍ,68,2,6.667
bED,buEuD,b-ʿ-ḍ,69,1,3.876
bEd,buEd,b-ʿ-d,2,27,4.415
bEd,buEd,b-ʿ-d,3,18,5.171
bEd,buEd,b-ʿ-d,4,13,3.469
bEd,buEd,b-ʿ-d,5,9,3.21
bEd,buEd,b-ʿ-d,6,5,1.639
bEd,buEd,b-ʿ-d,7,15,4.518
bEd,buEd,b-ʿ-d,8,2,1.622
bEd,buEd,b-ʿ-d,9,9,3.603
bEd,buEd,b-ʿ-d,10,6,3.273
bEd,buEd,b-ʿ-d,11,9,4.695
bEd,buEd,b-ʿ-d,12,6,3.376
bEd,buEd,b-ʿ-d,13,2,2.345
bEd,buEd,b-ʿ-d,14,4,4.819
bEd,buEd,b-ʿ-d,16,11,5.965
bEd,buEd,b-ʿ-d,17,2,1.285
bEd,buEd,b-ʿ-d,18,1,0.633
bEd,buEd,b-ʿ-d,19,1,1.041
bEd,buEd,b-ʿ-d,20,1,0.749
bEd,buEd,b-ʿ-d,21,5,4.277
bEd,buEd,b-ʿ-d,22,3,2.355
bEd,buEd,b-ʿ-d,23,5,4.762
bEd,buEd,b-ʿ-d,24,7,5.319
bEd,buEd,b-ʿ-d,25,2,2.24
bEd,buEd,b-ʿ-d,26,2,1.517
bEd,buEd,b-ʿ-d,27,2,1.738
bEd,buEd,b-ʿ-d,28,3,2.098
bEd,buEd,b-ʿ-d,29,1,1.025
bEd,buEd,b-ʿ-d,30,8,9.792
bEd,buEd,b-ʿ-d,31,1,1.832
bEd,buEd,b-ʿ-d,33,2,1.554
bEd,buEd,b-ʿ-d,34,5,5.663
bEd,buEd,b-ʿ-d,35,3,3.871
bEd,buEd,b-ʿ-d,36,1,1.379
bEd,buEd,b-ʿ-d,38,2,2.729
bEd,buEd,b-ʿ-d,39,1,0.853
bEd,buEd,b-ʿ-d,40,3,2.461
bEd,buEd,b-ʿ-d,41,3,3.778
bEd,buEd,b-ʿ-d,42,7,8.14
bEd,buEd,b-ʿ-d,43,1,1.205
bEd,buEd,b-ʿ-d,45,4,8.197
bEd,buEd,b-ʿ-d,46,1,1.555
bEd,buEd,b-ʿ-d,47,3,5.566
bEd,buEd,b-ʿ-d,48,1,1.786
bEd,buEd,b-ʿ-d,49,1,2.882
bEd,buEd,b-ʿ-d,50,3,8.043
bEd,buEd,b-ʿ-d,53,1,2.778
bEd,buEd,b-ʿ-d,57,2,3.484
bEd,buEd,b-ʿ-d,59,1,2.247
bEd,buEd,b-ʿ-d,61,1,4.525
bEd,buEd,b-ʿ-d,65,2,6.969
bEd,buEd,b-ʿ-d,66,1,4.016
bEd,buEd,b-ʿ-d,68,1,3.333
bEd,buEd,b-ʿ-d,70,1,4.608
bEd,buEd,b-ʿ-d,77,1,5.525
bEd,buEd,b-ʿ-d,79,1,5.587
bEd,buEd,b-ʿ-d,95,1,29.412
bEd,buEd,b-ʿ-d,98,1,10.638
bEl,buEl,b-ʿ-l,2,1,0.164
bEl,buEl,b-ʿ-l,4,1,0.267
bEl,buEl,b-ʿ-l,11,1,0.522
bEl,buEl,b-ʿ-l,24,3,2.28
bEl,buEl,b-ʿ-l,37,1,1.163
bEr,buEr,b-ʿ-r,12,2,1.125
bEv,buEv,b-ʿ-th,2,6,0.981
bEv,buEv,b-ʿ-th,3,1,0.287
bEv,buEv,b-ʿ-th,4,1,0.267
bEv,buEv,b-ʿ-th,5,2,0.713
bEv,buEv,b-ʿ-th,6,4,1.311
bEv,buEv,b-ʿ-th,7,3,0.904
bEv,buEv,b-ʿ-th,9,1,0.4
bEv,buEv,b-ʿ-th,10,2,1.091
bEv,buEv,b-ʿ-th,11,1,0.522
bEv,buEv,b-ʿ-th,15,1,1.527
bEv,buEv,b-ʿ-th,16,5,2.711
bEv,buEv,b-ʿ-th,17,6,3.856
bEv,buEv,b-ʿ-th,18,3,1.9
bEv,buEv,b-ʿ-th,19,2,2.081
bEv,buEv,b-ʿ-th,22,2,1.57
bEv,buEv,b-ʿ-th,23,4,3.81
bEv,buEv,b-ʿ-th,25,2,2.24
bEv,buEv,b-ʿ-th,26,2,1.517
bEv,buEv,b-ʿ-th,27,1,0.869
bEv,buEv,b-ʿ-th,28,1,0.699
bEv,buEv,b-ʿ-th,30,2,2.448
bEv,buEv,b-ʿ-th,31,1,1.832
bEv,buEv,b-ʿ-th,36,1,1.379
bEv,buEv,b-ʿ-th,37,2,2.326
bEv,buEv,b-ʿ-th,38,1,1.364
bEv,buEv,b-ʿ-th,40,1,0.82
bEv,buEv,b-ʿ-th,56,1,2.639
bEv,buEv,b-ʿ-th,58,2,4.237
bEv,buEv,b-ʿ-th,62,1,5.714
bEv,buEv,b-ʿ-th,64,2,8.299
bEv,buEv,b-ʿ-th,72,1,3.509
bEv,buEv,b-ʿ-th,83,1,5.917
bEv,buEv,b-ʿ-th,91,1,18.519
bEvr,buEvr,b-ʿ-th-r,82,1,12.5
bEvr,buEvr,b-ʿ-th-r,100,1,25
bHr,buHr,b-ḥ-r,2,2,0.327
bHr,buHr,b-ḥ-r,5,2,0.713
bHr,buHr,b-ḥ-r,6,3,0.984
bHr,buHr,b-ḥ-r,7,2,0.602
bHr,buHr,b-ḥ-r,10,2,1.091
bHr,buHr,b-ḥ-r,14,1,1.205
bHr,buHr,b-ḥ-r,16,1,0.542
bHr,buHr,b-ḥ-r,17,3,1.928
bHr,buHr,b-ḥ-r,18,6,3.8
bHr,buHr,b-ḥ-r,20,1,0.749
bHr,buHr,b-ḥ-r,22,1,0.785
bHr,buHr,b-ḥ-r,24,1,0.76
bHr,buHr,b-ḥ-r,25,1,1.12
bHr,buHr,b-ḥ-r,26,1,0.759
bHr,buHr,b-ḥ-r,27,2,1.738
bHr,buHr,b-ḥ-r,30,1,1.224
bHr,buHr,b-ḥ-r,31,3,5.495
bHr,buHr,b-ḥ-r,35,1,1.29
bHr,buHr,b-ḥ-r,42,1,1.163
bHr,buHr,b-ḥ-r,44,1,2.89
bHr,buHr,b-ḥ-r,45,1,2.049
bHr,buHr,b-ḥ-r,52,1,3.205
bHr,buHr,b-ḥ-r,55,2,5.698
bHr,buHr,b-ḥ-r,81,1,9.615
bHr,buHr,b-ḥ-r,82,1,12.5
bHv,buHv,b-ḥ-th,5,1,0.357
bSl,buSl,b-ṣ-l,2,1,0.164
bSr,buSr,b-ṣ-r,2,9,1.472
bSr,buSr,b-ṣ-r,3,5,1.436
bSr,buSr,b-ṣ-r,4,2,0.534
bSr,buSr,b-ṣ-r,5,1,0.357
bSr,buSr,b-ṣ-r,6,7,2.295
bSr,buSr,b-ṣ-r,7,6,1.807
bSr,buSr,b-ṣ-r,8,2,1.622
bSr,buSr,b-ṣ-r,10,3,1.637
bSr,buSr,b-ṣ-r,11,3,1.565
bSr,buSr,b-ṣ-r,12,3,1.688
bSr,buSr,b-ṣ-r,13,1,1.172
bSr,buSr,b-ṣ-r,14,1,1.205
bSr,buSr,b-ṣ-r,15,1,1.527
bSr,buSr,b-ṣ-r,16,3,1.627
bSr,buSr,b-ṣ-r,17,8,5.141
bSr,buSr,b-ṣ-r,18,1,0.633
bSr,buSr,b-ṣ-r,19,2,2.081
bSr,buSr,b-ṣ-r,20,4,2.996
bSr,buSr,b-ṣ-r,21,2,1.711
bSr,buSr,b-ṣ-r,22,3,2.355
bSr,buSr,b-ṣ-r,23,1,0.952
bSr,buSr,b-ṣ-r,24,5,3.799
bSr,buSr,b-ṣ-r,25,1,1.12
bSr,buSr,b-ṣ-r,27,3,2.606
bSr,buSr,b-ṣ-r,28,3,2.098
bSr,buSr,b-ṣ-r,29,1,1.025
bSr,buSr,b-ṣ-r,31,1,1.832
bSr,buSr,b-ṣ-r,32,3,8.065
bSr,buSr,b-ṣ-r,33,2,1.554
bSr,buSr,b-ṣ-r,34,1,1.133
bSr,buSr,b-ṣ-r,35,3,3.871
bSr,buSr,b-ṣ-r,36,2,2.759
bSr,buSr,b-ṣ-r,37,4,4.651
bSr,buSr,b-ṣ-r,38,2,2.729
bSr,buSr,b-ṣ-r,40,5,4.102
bSr,buSr,b-ṣ-r,41,3,3.778
bSr,buSr,b-ṣ-r,42,2,2.326
bSr,buSr,b-ṣ-r,43,1,1.205
bSr,buSr,b-ṣ-r,45,2,4.098
bSr,buSr,b-ṣ-r,46,2,3.11
bSr,buSr,b-ṣ-r,47,1,1.855
bSr,buSr,b-ṣ-r,48,1,1.786
bSr,buSr,b-ṣ-r,49,1,2.882
bSr,buSr,b-ṣ-r,50,2,5.362
bSr,buSr,b-ṣ-r,51,1,2.778
bSr,buSr,b-ṣ-r,52,1,3.205
bSr,buSr,b-ṣ-r,53,1,2.778
bSr,buSr,b-ṣ-r,54,2,5.848
bSr,buSr,b-ṣ-r,56,1,2.639
bSr,buSr,b-ṣ-r,57,1,1.742
bSr,buSr,b-ṣ-r,58,1,2.119
bSr,buSr,b-ṣ-r,59,1,2.247
bSr,buSr,b-ṣ-r,60,1,2.874
bSr,buSr,b-ṣ-r,64,1,4.149
bSr,buSr,b-ṣ-r,67,5,15.015
bSr,buSr,b-ṣ-r,68,4,13.333
bSr,buSr,b-ṣ-r,69,2,7.752
bSr,buSr,b-ṣ-r,70,2,9.217
bSr,buSr,b-ṣ-r,75,2,12.195
bSr,buSr,b-ṣ-r,76,1,4.115
bSr,buSr,b-ṣ-r,79,1,5.587
bSr,buSr,b-ṣ-r,84,1,9.346
bT$,buTsh,b-ṭ-sh,7,1,0.301
bT$,buTsh,b-ṭ-sh,26,2,1.517
bT$,buTsh,b-ṭ-sh,28,1,0.699
bT$,buTsh,b-ṭ-sh,43,1,1.205
bT$,buTsh,b-ṭ-sh,44,2,5.78
bT$,buTsh,b-ṭ-sh,50,1,2.681
bT$,buTsh,b-ṭ-sh,54,1,2.924
bT$,buTsh,b-ṭ-sh,85,1,9.174
bTA,buTuA,b-ṭ-a,4,1,0.267
bTl,buTl,b-ṭ-l,2,3,0.491
bTl,buTl,b-ṭ-l,3,2,0.575
bTl,buTl,b-ṭ-l,4,2,0.534
bTl,buTl,b-ṭ-l,7,3,0.904
bTl,buTl,b-ṭ-l,8,2,1.622
bTl,buTl,b-ṭ-l,9,1,0.4
bTl,buTl,b-ṭ-l,10,1,0.546
bTl,buTl,b-ṭ-l,11,1,0.522
bTl,buTl,b-ṭ-l,13,1,1.172
bTl,buTl,b-ṭ-l,16,1,0.542
bTl,buTl,b-ṭ-l,17,2,1.285
bTl,buTl,b-ṭ-l,18,1,0.633
bTl,buTl,b-ṭ-l,21,1,0.855
bTl,buTl,b-ṭ-l,22,1,0.785
bTl,buTl,b-ṭ-l,29,3,3.074
bTl,buTl,b-ṭ-l,30,1,1.224
bTl,buTl,b-ṭ-l,31,1,1.832
bTl,buTl,b-ṭ-l,34,1,1.133
bTl,buTl,b-ṭ-l,38,1,1.364
bTl,buTl,b-ṭ-l,40,2,1.641
bTl,buTl,b-ṭ-l,41,1,1.259
bTl,buTl,b-ṭ-l,42,1,1.163
bTl,buTl,b-ṭ-l,45,1,2.049
bTl,buTl,b-ṭ-l,47,2,3.711
bTn,buTn,b-ṭ-n,2,1,0.164
bTn,buTn,b-ṭ-n,3,2,0.575
bTn,buTn,b-ṭ-n,4,1,0.267
bTn,buTn,b-ṭ-n,6,3,0.984
bTn,buTn,b-ṭ-n,7,1,0.301
bTn,buTn,b-ṭ-n,16,3,1.627
bTn,buTn,b-ṭ-n,22,1,0.785
bTn,buTn,b-ṭ-n,23,1,0.952
bTn,buTn,b-ṭ-n,24,1,0.76
bTn,buTn,b-ṭ-n,31,1,1.832
bTn,buTn,b-ṭ-n,37,2,2.326
bTn,buTn,b-ṭ-n,39,1,0.853
bTn,buTn,b-ṭ-n,44,1,2.89
bTn,buTn,b-ṭ-n,48,1,1.786
bTn,buTn,b-ṭ-n,53,1,2.778
bTn,buTn,b-ṭ-n,55,1,2.849
bTn,buTn,b-ṭ-n,56,1,2.639
bTn,buTn,b-ṭ-n,57,2,3.484
bTr,buTr,b-ṭ-r,8,1,0.811
bTr,buTr,b-ṭ-r,28,1,0.699
bdA,bduA,b-d-a,7,1,0.301
bdA,bduA,b-d-a,9,1,0.4
bdA,bduA,b-d-a,10,3,1.637
bdA,bduA,b-d-a,12,1,0.563
bdA,bduA,b-d-a,21,1,0.855
bdA,bduA,b-d-a,27,1,0.869
bdA,bduA,b-d-a,29,2,2.049
bdA,bduA,b-d-a,30,2,2.448
bdA,bduA,b-d-a,32,1,2.688
bdA,bduA,b-d-a,34,1,1.133
bdA,bduA,b-d-a,85,1,9.174
bdE,bduE,b-d-ʿ,2,1,0.164
bdE,bduE,b-d-ʿ,6,1,0.328
bdE,bduE,b-d-ʿ,46,1,1.555
bdE,bduE,b-d-ʿ,57,1,1.742
bdl,bdl,b-d-l,2,6,0.981
bdl,bdl,b-d-l,4,3,0.801
bdl,bdl,b-d-l,6,2,0.656
bdl,bdl,b-d-l,7,2,0.602
bdl,bdl,b-d-l,9,1,0.4
bdl,bdl,b-d-l,10,3,1.637
bdl,bdl,b-d-l,14,2,2.41
bdl,bdl,b-d-l,16,1,0.542
bdl,bdl,b-d-l,18,3,1.9
bdl,bdl,b-d-l,24,1,0.76
bdl,bdl,b-d-l,25,1,1.12
bdl,bdl,b-d-l,27,1,0.869
bdl,bdl,b-d-l,30,1,1.224
bdl,bdl,b-d-l,33,4,3.108
bdl,bdl,b-d-l,34,1,1.133
bdl,bdl,b-d-l,35,1,1.29
bdl,bdl,b-d-l,40,1,0.82
bdl,bdl,b-d-l,47,1,1.855
bdl,bdl,b-d-l,48,2,3.571
bdl,bdl,b-d-l,50,1,2.681
bdl,bdl,b-d-l,56,1,2.639
bdl,bdl,b-d-l,66,1,4.016
bdl,bdl,b-d-l,68,1,3.333
bdl,bdl,b-d-l,70,1,4.608
bdl,bdl,b-d-l,76,2,8.23
bdn,bdn,b-d-n,10,1,0.546
bdn,bdn,b-d-n,22,1,0.785
bdr,bdr,b-d-r,4,1,0.267
bdw,bdw,b-d-w,2,3,0.491
bdw,bdw,b-d-w,3,3,0.862
bdw,bdw,b-d-w,4,1,0.267
bdw,bdw,b-d-w,5,3,1.07
bdw,bdw,b-d-w,6,2,0.656
bdw,bdw,b-d-w,7,2,0.602
bdw,bdw,b-d-w,11,1,0.522
bdw,bdw,b-d-w,12,3,1.688
bdw,bdw,b-d-w,20,1,0.749
bdw,bdw,b-d-w,22,1,0.785
bdw,bdw,b-d-w,24,3,2.28
bdw,bdw,b-d-w,28,1,0.699
bdw,bdw,b-d-w,33,3,2.331
bdw,bdw,b-d-w,39,2,1.706
bdw,bdw,b-d-w,45,1,2.049
bdw,bdw,b-d-w,60,1,2.874
bgD,bguD,b-gh-ḍ,3,1,0.287
bgD,bguD,b-gh-ḍ,5,3,1.07
bgD,bguD,b-gh-ḍ,60,1,2.874
bgl,bgl,b-gh-l,16,1,0.542
bgt,bgt,b-gh-t,6,3,0.984
bgt,bgt,b-gh-t,7,2,0.602
bgt,bgt,b-gh-t,12,1,0.563
bgt,bgt,b-gh-t,21,1,0.855
bgt,bgt,b-gh-t,22,1,0.785
bgt,bgt,b-gh-t,26,1,0.759
bgt,bgt,b-gh-t,29,1,1.025
bgt,bgt,b-gh-t,39,1,0.853
bgt,bgt,b-gh-t,43,1,1.205
bgt,bgt,b-gh-t,47,1,1.855
bgy,bgy,b-gh-y,2,8,1.308
bgy,bgy,b-gh-y,3,6,1.724
bgy,bgy,b-gh-y,4,6,1.601
bgy,bgy,b-gh-y,5,3,1.07
bgy,bgy,b-gh-y,6,5,1.639
bgy,bgy,b-gh-y,7,4,1.205
bgy,bgy,b-gh-y,9,2,0.801
bgy,bgy,b-gh-y,10,3,1.637
bgy,bgy,b-gh-y,11,1,0.522
bgy,bgy,b-gh-y,12,1,0.563
bgy,bgy,b-gh-y,13,2,2.345
bgy,bgy,b-gh-y,14,1,1.205
bgy,bgy,b-gh-y,16,3,1.627
bgy,bgy,b-gh-y,17,6,3.856
bgy,bgy,b-gh-y,18,2,1.267
bgy,bgy,b-gh-y,19,3,3.122
bgy,bgy,b-gh-y,22,1,0.785
bgy,bgy,b-gh-y,23,1,0.952
bgy,bgy,b-gh-y,24,3,2.28
bgy,bgy,b-gh-y,25,1,1.12
bgy,bgy,b-gh-y,26,1,0.759
bgy,bgy,b-gh-y,28,5,3.497
bgy,bgy,b-gh-y,29,1,1.025
bgy,bgy,b-gh-y,30,2,2.448
bgy,bgy,b-gh-y,33,1,0.777
bgy,bgy,b-gh-y,35,1,1.29
bgy,bgy,b-gh-y,36,2,2.759
bgy,bgy,b-gh-y,38,3,4.093
bgy,bgy,b-gh-y,42,4,4.651
bgy,bgy,b-gh-y,45,2,4.098
bgy,bgy,b-gh-y,48,1,1.786
bgy,bgy,b-gh-y,49,2,5.764
bgy,bgy,b-gh-y,55,1,2.849
bgy,bgy,b-gh-y,57,1,1.742
bgy,bgy,b-gh-y,59,1,2.247
bgy,bgy,b-gh-y,60,1,2.874
bgy,bgy,b-gh-y,62,1,5.714
bgy,bgy,b-gh-y,66,1,4.016
bgy,bgy,b-gh-y,70,1,4.608
bgy,bgy,b-gh-y,73,1,5.025
bgy,bgy,b-gh-y,92,1,14.085
bhj,bhj,b-h-j,22,1,0.785
bhj,bhj,b-h-j,27,1,0.869
bhj,bhj,b-h-j,50,1,2.681
bhl,bhl,b-h-l,3,1,0.287
bhm,bhm,b-h-m,5,1,0.357
bhm,bhm,b-h-m,22,2,1.57
bht,bht,b-h-t,2,1,0.164
bht,bht,b-h-t,4,3,0.801
bht,bht,b-h-t,21,1,0.855
bht,bht,b-h-t,24,1,0.76
bht,bht,b-h-t,33,1,0.777
bht,bht,b-h-t,60,1,2.874
bjs,bjs,b-j-s,7,1,0.301
bkm,bkm,b-k-m,2,2,0.327
bkm,bkm,b-k-m,6,1,0.328
bkm,bkm,b-k-m,8,1,0.811
bkm,bkm,b-k-m,16,1,0.542
bkm,bkm,b-k-m,17,1,0.643
bkr,bkr,b-k-r,2,1,0.164
bkr,bkr,b-k-r,3,1,0.287
bkr,bkr,b-k-r,19,2,2.081
bkr,bkr,b-k-r,25,1,1.12
bkr,bkr,b-k-r,33,1,0.777
bkr,bkr,b-k-r,40,1,0.82
bkr,bkr,b-k-r,48,1,1.786
bkr,bkr,b-k-r,54,1,2.924
bkr,bkr,b-k-r,56,1,2.639
bkr,bkr,b-k-r,66,1,4.016
bkr,bkr,b-k-r,76,1,4.115
bky,bky,b-k-y,9,1,0.4
bky,bky,b-k-y,12,1,0.563
bky,bky,b-k-y,17,1,0.643
bky,bky,b-k-y,19,1,1.041
bky,bky,b-k-y,44,1,2.89
bky,bky,b-k-y,53,2,5.556
blE,bluE,b-l-ʿ,11,1,0.522
bld,bld,b-l-d,2,1,0.164
bld,bld,b-l-d,3,1,0.287
bld,bld,b-l-d,7,2,0.602
bld,bld,b-l-d,14,1,1.205
bld,bld,b-l-d,16,1,0.542
bld,bld,b-l-d,25,1,1.12
bld,bld,b-l-d,27,1,0.869
bld,bld,b-l-d,34,1,1.133
bld,bld,b-l-d,35,1,1.29
bld,bld,b-l-d,40,1,0.82
bld,bld,b-l-d,43,1,1.205
bld,bld,b-l-d,50,2,5.362
bld,bld,b-l-d,89,2,14.599
bld,bld,b-l-d,90,2,24.39
bld,bld,b-l-d,95,1,29.412
blg,blg,b-l-gh,2,5,0.818
blg,blg,b-l-gh,3,2,0.575
blg,blg,b-l-gh,4,2,0.534
blg,blg,b-l-gh,5,5,1.783
blg,blg,b-l-gh,6,4,1.311
blg,blg,b-l-gh,7,5,1.506
blg,blg,b-l-gh,9,1,0.4
blg,blg,b-l-gh,11,1,0.522
blg,blg,b-l-gh,12,1,0.563
blg,blg,b-l-gh,13,3,3.517
blg,blg,b-l-gh,14,1,1.205
blg,blg,b-l-gh,16,3,1.627
blg,blg,b-l-gh,17,3,1.928
blg,blg,b-l-gh,18,7,4.433
blg,blg,b-l-gh,19,1,1.041
blg,blg,b-l-gh,21,1,0.855
blg,blg,b-l-gh,22,1,0.785
blg,blg,b-l-gh,24,3,2.28
blg,blg,b-l-gh,28,1,0.699
blg,blg,b-l-gh,29,1,1.025
blg,blg,b-l-gh,33,2,1.554
blg,blg,b-l-gh,34,1,1.133
blg,blg,b-l-gh,36,1,1.379
blg,blg,b-l-gh,37,1,1.163
blg,blg,b-l-gh,40,5,4.102
blg,blg,b-l-gh,42,1,1.163
blg,blg,b-l-gh,46,4,6.221
blg,blg,b-l-gh,48,1,1.786
blg,blg,b-l-gh,53,1,2.778
blg,blg,b-l-gh,54,1,2.924
blg,blg,b-l-gh,56,1,2.639
blg,blg,b-l-gh,64,1,4.149
blg,blg,b-l-gh,65,2,6.969
blg,blg,b-l-gh,68,1,3.333
blg,blg,b-l-gh,72,2,7.018
blg,blg,b-l-gh,75,1,6.098
bls,bls,b-l-s,6,1,0.328
bls,bls,b-l-s,23,1,0.952
bls,bls,b-l-s,30,2,2.448
bls,bls,b-l-s,43,1,1.205
blw,blw,b-l-w,2,4,0.654
blw,blw,b-l-w,3,3,0.862
blw,blw,b-l-w,4,1,0.267
blw,blw,b-l-w,5,2,0.713
blw,blw,b-l-w,6,1,0.328
blw,blw,b-l-w,7,3,0.904
blw,blw,b-l-w,8,2,1.622
blw,blw,b-l-w,10,1,0.546
blw,blw,b-l-w,11,1,0.522
blw,blw,b-l-w,14,1,1.205
blw,blw,b-l-w,16,1,0.542
blw,blw,b-l-w,18,1,0.633
blw,blw,b-l-w,20,1,0.749
blw,blw,b-l-w,21,1,0.855
blw,blw,b-l-w,23,1,0.952
blw,blw,b-l-w,27,1,0.869
blw,blw,b-l-w,33,1,0.777
blw,blw,b-l-w,37,1,1.163
blw,blw,b-l-w,44,1,2.89
blw,blw,b-l-w,47,3,5.566
blw,blw,b-l-w,67,1,3.003
blw,blw,b-l-w,68,2,6.667
blw,blw,b-l-w,76,1,4.115
blw,blw,b-l-w,86,1,16.393
blw,blw,b-l-w,89,2,14.599
bnn,bnn,b-n-n,8,1,0.811
bnn,bnn,b-n-n,75,1,6.098
bny,bny,b-n-y,2,17,2.78
bny,bny,b-n-y,3,6,1.724
bny,bny,b-n-y,4,8,2.135
bny,bny,b-n-y,5,18,6.419
bny,bny,b-n-y,6,3,0.984
bny,bny,b-n-y,7,12,3.614
bny,bny,b-n-y,8,1,0.811
bny,bny,b-n-y,9,9,3.603
bny,bny,b-n-y,10,3,1.637
bny,bny,b-n-y,11,5,2.608
bny,bny,b-n-y,12,4,2.251
bny,bny,b-n-y,14,2,2.41
bny,bny,b-n-y,15,1,1.527
bny,bny,b-n-y,16,3,1.627
bny,bny,b-n-y,17,8,5.141
bny,bny,b-n-y,18,3,1.9
bny,bny,b-n-y,19,1,1.041
bny,bny,b-n-y,20,4,2.996
bny,bny,b-n-y,21,1,0.855
bny,bny,b-n-y,23,2,1.905
bny,bny,b-n-y,24,4,3.04
bny,bny,b-n-y,26,7,5.311
bny,bny,b-n-y,27,1,0.869
bny,bny,b-n-y,28,2,1.399
bny,bny,b-n-y,30,1,1.224
bny,bny,b-n-y,31,4,7.326
bny,bny,b-n-y,32,1,2.688
bny,bny,b-n-y,33,10,7.77
bny,bny,b-n-y,36,1,1.379
bny,bny,b-n-y,37,7,8.14
bny,bny,b-n-y,38,1,1.364
bny,bny,b-n-y,39,1,0.853
bny,bny,b-n-y,40,4,3.281
bny,bny,b-n-y,43,4,4.819
bny,bny,b-n-y,44,1,2.89
bny,bny,b-n-y,45,1,2.049
bny,bny,b-n-y,46,1,1.555
bny,bny,b-n-y,50,1,2.681
bny,bny,b-n-y,51,1,2.778
bny,bny,b-n-y,52,2,6.41
bny,bny,b-n-y,57,1,1.742
bny,bny,b-n-y,58,1,2.119
bny,bny,b-n-y,59,1,2.247
bny,bny,b-n-y,61,5,22.624
bny,bny,b-n-y,66,2,8.032
bny,bny,b-n-y,68,1,3.333
bny,bny,b-n-y,70,1,4.608
bny,bny,b-n-y,71,1,4.425
bny,bny,b-n-y,74,1,3.922
bny,bny,b-n-y,78,1,5.78
bny,bny,b-n-y,79,1,5.587
bny,bny,b-n-y,80,1,7.519
bny,bny,b-n-y,91,1,18.519
bqE,bquE,b-q-ʿ,28,1,0.699
bql,bql,b-q-l,2,1,0.164
bqr,bqr,b-q-r,2,5,0.818
bqr,bqr,b-q-r,6,2,0.656
bqr,bqr,b-q-r,12,2,1.125
bqy,bqy,b-q-y,2,2,0.327
bqy,bqy,b-q-y,11,2,1.043
bqy,bqy,b-q-y,16,1,0.542
bqy,bqy,b-q-y,18,1,0.633
bqy,bqy,b-q-y,19,1,1.041
bqy,bqy,b-q-y,20,4,2.996
bqy,bqy,b-q-y,26,1,0.759
bqy,bqy,b-q-y,28,1,0.699
bqy,bqy,b-q-y,37,1,1.163
bqy,bqy,b-q-y,42,1,1.163
bqy,bqy,b-q-y,43,1,1.205
bqy,bqy,b-q-y,53,1,2.778
bqy,bqy,b-q-y,55,1,2.849
bqy,bqy,b-q-y,69,1,3.876
bqy,bqy,b-q-y,74,1,3.922
bqy,bqy,b-q-y,87,1,13.889
brA,bruA,b-r-a,2,5,0.818
brA,bruA,b-r-a,3,1,0.287
brA,bruA,b-r-a,4,1,0.267
brA,bruA,b-r-a,5,1,0.357
brA,bruA,b-r-a,6,2,0.656
brA,bruA,b-r-a,8,1,0.811
brA,bruA,b-r-a,9,3,1.201
brA,bruA,b-r-a,10,2,1.091
brA,bruA,b-r-a,11,2,1.043
brA,bruA,b-r-a,12,1,0.563
brA,bruA,b-r-a,24,1,0.76
brA,bruA,b-r-a,26,1,0.759
brA,bruA,b-r-a,28,1,0.699
brA,bruA,b-r-a,33,1,0.777
brA,bruA,b-r-a,43,1,1.205
brA,bruA,b-r-a,54,1,2.924
brA,bruA,b-r-a,57,1,1.742
brA,bruA,b-r-a,59,2,4.494
brA,bruA,b-r-a,60,1,2.874
brA,bruA,b-r-a,98,2,21.277
brH,bruH,b-r-ḥ,12,1,0.563
brH,bruH,b-r-ḥ,18,1,0.633
brH,bruH,b-r-ḥ,20,1,0.749
brS,bruS,b-r-ṣ,3,1,0.287
brS,bruS,b-r-ṣ,5,1,0.357
brd,brd,b-r-d,21,1,0.855
brd,brd,b-r-d,24,1,0.76
brd,brd,b-r-d,38,1,1.364
brd,brd,b-r-d,56,1,2.639
brd,brd,b-r-d,78,1,5.78
brhn,brhn,b-r-h-n,2,1,0.164
brhn,brhn,b-r-h-n,4,1,0.267
brhn,brhn,b-r-h-n,12,1,0.563
brhn,brhn,b-r-h-n,21,1,0.855
brhn,brhn,b-r-h-n,23,1,0.952
brhn,brhn,b-r-h-n,27,1,0.869
brhn,brhn,b-r-h-n,28,2,1.399
brj,brj,b-r-j,4,1,0.267
brj,brj,b-r-j,15,1,1.527
brj,brj,b-r-j,24,1,0.76
brj,brj,b-r-j,25,1,1.12
brj,brj,b-r-j,33,2,1.554
brj,brj,b-r-j,85,1,9.174
brk,brk,b-r-k,3,1,0.287
brk,brk,b-r-k,6,2,0.656
brk,brk,b-r-k,7,3,0.904
brk,brk,b-r-k,11,2,1.043
brk,brk,b-r-k,17,1,0.643
brk,brk,b-r-k,19,1,1.041
brk,brk,b-r-k,21,3,2.566
brk,brk,b-r-k,23,2,1.905
brk,brk,b-r-k,24,2,1.52
brk,brk,b-r-k,25,3,3.359
brk,brk,b-r-k,27,1,0.869
brk,brk,b-r-k,28,1,0.699
brk,brk,b-r-k,34,1,1.133
brk,brk,b-r-k,37,1,1.163
brk,brk,b-r-k,38,1,1.364
brk,brk,b-r-k,40,1,0.82
brk,brk,b-r-k,41,1,1.259
brk,brk,b-r-k,43,1,1.205
brk,brk,b-r-k,44,1,2.89
brk,brk,b-r-k,50,1,2.681
brk,brk,b-r-k,55,1,2.849
brk,brk,b-r-k,67,1,3.003
brm,brm,b-r-m,43,2,2.41
brq,brq,b-r-q,2,2,0.327
brq,brq,b-r-q,13,1,1.172
brq,brq,b-r-q,24,1,0.76
brq,brq,b-r-q,30,1,1.224
brq,brq,b-r-q,75,1,6.098
brr,brr,b-r-r,2,6,0.981
brr,brr,b-r-r,3,3,0.862
brr,brr,b-r-r,5,2,0.713
brr,brr,b-r-r,6,3,0.984
brr,brr,b-r-r,10,1,0.546
brr,brr,b-r-r,17,3,1.928
brr,brr,b-r-r,19,2,2.081
brr,brr,b-r-r,27,1,0.869
brr,brr,b-r-r,29,1,1.025
brr,brr,b-r-r,30,1,1.224
brr,brr,b-r-r,31,1,1.832
brr,brr,b-r-r,52,1,3.205
brr,brr,b-r-r,58,1,2.119
brr,brr,b-r-r,60,1,2.874
brr,brr,b-r-r,76,1,4.115
brr,brr,b-r-r,80,1,7.519
brr,brr,b-r-r,82,1,12.5
brr,brr,b-r-r,83,2,11.834
brz,brz,b-r-z,2,1,0.164
brz,brz,b-r-z,3,1,0.287
brz,brz,b-r-z,4,1,0.267
brz,brz,b-r-z,14,2,2.41
brz,brz,b-r-z,18,1,0.633
brz,brz,b-r-z,26,1,0.759
brz,brz,b-r-z,40,1,0.82
brz,brz,b-r-z,79,1,5.587
bsT,bsuT,b-s-ṭ,2,2,0.327
bsT,bsuT,b-s-ṭ,5,4,1.427
bsT,bsuT,b-s-ṭ,6,1,0.328
bsT,bsuT,b-s-ṭ,7,1,0.301
bsT,bsuT,b-s-ṭ,13,2,2.345
bsT,bsuT,b-s-ṭ,17,3,1.928
bsT,bsuT,b-s-ṭ,18,1,0.633
bsT,bsuT,b-s-ṭ,28,1,0.699
bsT,bsuT,b-s-ṭ,29,1,1.025
bsT,bsuT,b-s-ṭ,30,2,2.448
bsT,bsuT,b-s-ṭ,34,2,2.265
bsT,bsuT,b-s-ṭ,39,1,0.853
bsT,bsuT,b-s-ṭ,42,2,2.326
bsT,bsuT,b-s-ṭ,60,1,2.874
bsT,bsuT,b-s-ṭ,71,1,4.425
bsl,bsl,b-s-l,6,2,0.656
bsm,bsm,b-s-m,27,1,0.869
bsq,bsq,b-s-q,50,1,2.681
bsr,bsr,b-s-r,74,1,3.922
bsr,bsr,b-s-r,75,1,6.098
bss,bss,b-s-s,56,2,5.277
btk,btk,b-t-k,4,1,0.267
btl,btl,b-t-l,73,2,10.05
btr,btr,b-t-r,108,1,100
bvv,bvv,b-th-th,2,1,0.164
bvv,bvv,b-th-th,4,1,0.267
bvv,bvv,b-th-th,12,1,0.563
bvv,bvv,b-th-th,31,1,1.832
bvv,bvv,b-th-th,42,1,1.163
bvv,bvv,b-th-th,45,1,2.049
bvv,bvv,b-th-th,56,1,2.639
bvv,bvv,b-th-th,88,1,10.87
bvv,bvv,b-th-th,101,1,27.778
bwA,bwuA,b-w-a,2,2,0.327
bwA,bwuA,b-w-a,3,3,0.862
bwA,bwuA,b-w-a,5,1,0.357
bwA,bwuA,b-w-a,7,1,0.301
bwA,bwuA,b-w-a,8,1,0.811
bwA,bwuA,b-w-a,10,3,1.637
bwA,bwuA,b-w-a,12,1,0.563
bwA,bwuA,b-w-a,16,1,0.542
bwA,bwuA,b-w-a,22,1,0.785
bwA,bwuA,b-w-a,29,1,1.025
bwA,bwuA,b-w-a,39,1,0.853
bwA,bwuA,b-w-a,59,1,2.247
bwb,bwb,b-w-b,2,2,0.327
bwb,bwb,b-w-b,4,1,0.267
bwb,bwb,b-w-b,5,1,0.357
bwb,bwb,b-w-b,6,1,0.328
bwb,bwb,b-w-b,7,2,0.602
bwb,bwb,b-w-b,12,5,2.814
bwb,bwb,b-w-b,13,1,1.172
bwb,bwb,b-w-b,15,3,4.58
bwb,bwb,b-w-b,16,1,0.542
bwb,bwb,b-w-b,23,1,0.952
bwb,bwb,b-w-b,38,1,1.364
bwb,bwb,b-w-b,39,3,2.56
bwb,bwb,b-w-b,40,1,0.82
bwb,bwb,b-w-b,43,1,1.205
bwb,bwb,b-w-b,54,1,2.924
bwb,bwb,b-w-b,57,1,1.742
bwb,bwb,b-w-b,78,1,5.78
bwl,bwl,b-w-l,12,1,0.563
bwl,bwl,b-w-l,20,1,0.749
bwl,bwl,b-w-l,47,2,3.711
bwr,bwr,b-w-r,14,1,1.205
bwr,bwr,b-w-r,25,1,1.12
bwr,bwr,b-w-r,35,2,2.581
bwr,bwr,b-w-r,48,1,1.786
bxE,bxuE,b-kh-ʿ,18,1,0.633
bxE,bxuE,b-kh-ʿ,26,1,0.759
bxl,bxl,b-kh-l,3,2,0.575
bxl,bxl,b-kh-l,4,2,0.534
bxl,bxl,b-kh-l,9,1,0.4
bxl,bxl,b-kh-l,47,4,7.421
bxl,bxl,b-kh-l,57,2,3.484
bxl,bxl,b-kh-l,92,1,14.085
bxs,bxs,b-kh-s,2,1,0.164
bxs,bxs,b-kh-s,7,1,0.301
bxs,bxs,b-kh-s,11,2,1.043
bxs,bxs,b-kh-s,12,1,0.563
bxs,bxs,b-kh-s,26,1,0.759
bxs,bxs,b-kh-s,72,1,3.509
byD,byuD,b-y-ḍ,2,1,0.164
byD,byuD,b-y-ḍ,3,2,0.575
byD,byuD,b-y-ḍ,7,1,0.301
byD,byuD,b-y-ḍ,12,1,0.563
byD,byuD,b-y-ḍ,20,1,0.749
byD,byuD,b-y-ḍ,26,1,0.759
byD,byuD,b-y-ḍ,27,1,0.869
byD,byuD,b-y-ḍ,28,1,0.699
byD,byuD,b-y-ḍ,35,1,1.29
byD,byuD,b-y-ḍ,37,2,2.326
byE,byuE,b-y-ʿ,2,4,0.654
byE,byuE,b-y-ʿ,9,2,0.801
byE,byuE,b-y-ʿ,14,1,1.205
byE,byuE,b-y-ʿ,22,1,0.785
byE,byuE,b-y-ʿ,24,1,0.76
byE,byuE,b-y-ʿ,48,3,5.357
byE,byuE,b-y-ʿ,60,2,5.747
byE,byuE,b-y-ʿ,62,1,5.714
byd,byd,b-y-d,18,1,0.633
byn,byn,b-y-n,2,46,7.521
byn,byn,b-y-n,3,22,6.32
byn,byn,b-y-n,4,37,9.875
byn,byn,b-y-n,5,24,8.559
byn,byn,b-y-n,6,16,5.246
byn,byn,b-y-n,7,15,4.518
byn,byn,b-y-n,8,10,8.11
byn,byn,b-y-n,9,6,2.402
byn,byn,b-y-n,10,15,8.183
byn,byn,b-y-n,11,11,5.738
byn,byn,b-y-n,12,7,3.939
byn,byn,b-y-n,13,3,3.517
byn,byn,b-y-n,14,4,4.819
byn,byn,b-y-n,15,5,7.634
byn,byn,b-y-n,16,14,7.592
byn,byn,b-y-n,17,8,5.141
byn,byn,b-y-n,18,14,8.866
byn,byn,b-y-n,19,6,6.243
byn,byn,b-y-n,20,9,6.742
byn,byn,b-y-n,21,4,3.422
byn,byn,b-y-n,22,9,7.064
byn,byn,b-y-n,23,3,2.857
byn,byn,b-y-n,24,14,10.638
byn,byn,b-y-n,25,6,6.719
byn,byn,b-y-n,26,10,7.587
byn,byn,b-y-n,27,9,7.819
byn,byn,b-y-n,28,7,4.895
byn,byn,b-y-n,29,9,9.221
byn,byn,b-y-n,30,4,4.896
byn,byn,b-y-n,31,1,1.832
byn,byn,b-y-n,32,2,5.376
byn,byn,b-y-n,33,3,2.331
byn,byn,b-y-n,34,16,18.12
byn,byn,b-y-n,35,3,3.871
byn,byn,b-y-n,36,9,12.414
byn,byn,b-y-n,37,8,9.302
byn,byn,b-y-n,38,7,9.55
byn,byn,b-y-n,39,6,5.119
byn,byn,b-y-n,40,8,6.563
byn,byn,b-y-n,41,9,11.335
byn,byn,b-y-n,42,8,9.302
byn,byn,b-y-n,43,14,16.867
byn,byn,b-y-n,44,7,20.231
byn,byn,b-y-n,45,5,10.246
byn,byn,b-y-n,46,9,13.997
byn,byn,b-y-n,47,3,5.566
byn,byn,b-y-n,48,2,3.571
byn,byn,b-y-n,49,5,14.409
byn,byn,b-y-n,50,1,2.681
byn,byn,b-y-n,51,3,8.333
byn,byn,b-y-n,52,1,3.205
byn,byn,b-y-n,54,2,5.848
byn,byn,b-y-n,55,4,11.396
byn,byn,b-y-n,56,1,2.639
byn,byn,b-y-n,57,6,10.453
byn,byn,b-y-n,58,3,6.356
byn,byn,b-y-n,59,2,4.494
byn,byn,b-y-n,60,7,20.115
byn,byn,b-y-n,61,3,13.575
byn,byn,b-y-n,62,1,5.714
byn,byn,b-y-n,64,2,8.299
byn,byn,b-y-n,65,4,13.937
byn,byn,b-y-n,66,1,4.016
byn,byn,b-y-n,67,2,6.006
byn,byn,b-y-n,71,1,4.425
byn,byn,b-y-n,72,1,3.509
byn,byn,b-y-n,75,1,6.098
byn,byn,b-y-n,78,1,5.78
byn,byn,b-y-n,81,1,9.615
byn,byn,b-y-n,86,1,16.393
byn,byn,b-y-n,98,2,21.277
byt,byt,b-y-t,2,6,0.981
byt,byt,b-y-t,3,4,1.149
byt,byt,b-y-t,4,5,1.334
byt,byt,b-y-t,5,2,0.713
byt,byt,b-y-t,7,3,0.904
byt,byt,b-y-t,8,2,1.622
byt,byt,b-y-t,10,3,1.637
byt,byt,b-y-t,11,1,0.522
byt,byt,b-y-t,12,1,0.563
byt,byt,b-y-t,14,1,1.205
byt,byt,b-y-t,15,1,1.527
byt,byt,b-y-t,16,3,1.627
byt,byt,b-y-t,17,1,0.643
byt,byt,b-y-t,22,4,3.14
byt,byt,b-y-t,24,14,10.638
byt,byt,b-y-t,25,1,1.12
byt,byt,b-y-t,26,1,0.759
byt,byt,b-y-t,27,2,1.738
byt,byt,b-y-t,28,1,0.699
byt,byt,b-y-t,29,3,3.074
byt,byt,b-y-t,33,5,3.885
byt,byt,b-y-t,43,2,2.41
byt,byt,b-y-t,51,1,2.778
byt,byt,b-y-t,52,1,3.205
byt,byt,b-y-t,59,1,2.247
byt,byt,b-y-t,65,1,3.484
byt,byt,b-y-t,66,1,4.016
byt,byt,b-y-t,71,1,4.425
byt,byt,b-y-t,106,1,58.824
bzg,bzg,b-z-gh,6,2,0.656
dAb,duAb,d-a-b,3,1,0.287
dAb,duAb,d-a-b,8,2,1.622
dAb,duAb,d-a-b,12,1,0.563
dAb,duAb,d-a-b,14,1,1.205
dAb,duAb,d-a-b,40,1,0.82
dEE,duEuE,d-ʿ-ʿ,52,2,6.41
dEE,duEuE,d-ʿ-ʿ,107,1,40
dEw,duEw,d-ʿ-w,2,13,2.126
dEw,duEw,d-ʿ-w,3,6,1.724
dEw,duEw,d-ʿ-w,4,2,0.534
dEw,duEw,d-ʿ-w,6,9,2.951
dEw,duEw,d-ʿ-w,7,15,4.518
dEw,duEw,d-ʿ-w,8,1,0.811
dEw,duEw,d-ʿ-w,10,10,5.456
dEw,duEw,d-ʿ-w,11,3,1.565
dEw,duEw,d-ʿ-w,12,2,1.125
dEw,duEw,d-ʿ-w,13,4,4.689
dEw,duEw,d-ʿ-w,14,6,7.229
dEw,duEw,d-ʿ-w,16,3,1.627
dEw,duEw,d-ʿ-w,17,10,6.427
dEw,duEw,d-ʿ-w,18,4,2.533
dEw,duEw,d-ʿ-w,19,5,5.203
dEw,duEw,d-ʿ-w,20,1,0.749
dEw,duEw,d-ʿ-w,21,3,2.566
dEw,duEw,d-ʿ-w,22,5,3.925
dEw,duEw,d-ʿ-w,23,2,1.905
dEw,duEw,d-ʿ-w,24,4,3.04
dEw,duEw,d-ʿ-w,25,5,5.599
dEw,duEw,d-ʿ-w,26,2,1.517
dEw,duEw,d-ʿ-w,27,2,1.738
dEw,duEw,d-ʿ-w,28,6,4.196
dEw,duEw,d-ʿ-w,29,2,2.049
dEw,duEw,d-ʿ-w,30,4,4.896
dEw,duEw,d-ʿ-w,31,3,5.495
dEw,duEw,d-ʿ-w,32,1,2.688
dEw,duEw,d-ʿ-w,33,5,3.885
dEw,duEw,d-ʿ-w,34,1,1.133
dEw,duEw,d-ʿ-w,35,6,7.742
dEw,duEw,d-ʿ-w,36,1,1.379
dEw,duEw,d-ʿ-w,37,1,1.163
dEw,duEw,d-ʿ-w,38,1,1.364
dEw,duEw,d-ʿ-w,39,4,3.413
dEw,duEw,d-ʿ-w,40,18,14.766
dEw,duEw,d-ʿ-w,41,6,7.557
dEw,duEw,d-ʿ-w,42,2,2.326
dEw,duEw,d-ʿ-w,43,2,2.41
dEw,duEw,d-ʿ-w,44,2,5.78
dEw,duEw,d-ʿ-w,45,1,2.049
dEw,duEw,d-ʿ-w,46,5,7.776
dEw,duEw,d-ʿ-w,47,2,3.711
dEw,duEw,d-ʿ-w,48,1,1.786
dEw,duEw,d-ʿ-w,52,1,3.205
dEw,duEw,d-ʿ-w,54,4,11.696
dEw,duEw,d-ʿ-w,57,1,1.742
dEw,duEw,d-ʿ-w,61,1,4.525
dEw,duEw,d-ʿ-w,67,1,3.003
dEw,duEw,d-ʿ-w,68,2,6.667
dEw,duEw,d-ʿ-w,70,1,4.608
dEw,duEw,d-ʿ-w,71,4,17.699
dEw,duEw,d-ʿ-w,72,3,10.526
dEw,duEw,d-ʿ-w,84,1,9.346
dEw,duEw,d-ʿ-w,96,2,27.778
dHD,duHuD,d-ḥ-ḍ,18,1,0.633
dHD,duHuD,d-ḥ-ḍ,37,1,1.163
dHD,duHuD,d-ḥ-ḍ,40,1,0.82
dHD,duHuD,d-ḥ-ḍ,42,1,1.163
dHr,duHr,d-ḥ-r,7,1,0.301
dHr,duHr,d-ḥ-r,17,2,1.285
dHr,duHr,d-ḥ-r,37,1,1.163
dHw,duHw,d-ḥ-w,79,1,5.587
dbb,dbb,d-b-b,2,1,0.164
dbb,dbb,d-b-b,6,1,0.328
dbb,dbb,d-b-b,8,2,1.622
dbb,dbb,d-b-b,11,2,1.043
dbb,dbb,d-b-b,16,2,1.085
dbb,dbb,d-b-b,22,1,0.785
dbb,dbb,d-b-b,24,1,0.76
dbb,dbb,d-b-b,27,1,0.869
dbb,dbb,d-b-b,29,1,1.025
dbb,dbb,d-b-b,31,1,1.832
dbb,dbb,d-b-b,34,1,1.133
dbb,dbb,d-b-b,35,2,2.581
dbb,dbb,d-b-b,42,1,1.163
dbb,dbb,d-b-b,45,1,2.049
dbr,dbr,d-b-r,3,1,0.287
dbr,dbr,d-b-r,4,2,0.534
dbr,dbr,d-b-r,5,1,0.357
dbr,dbr,d-b-r,6,1,0.328
dbr,dbr,d-b-r,7,1,0.301
dbr,dbr,d-b-r,8,4,3.244
dbr,dbr,d-b-r,9,1,0.4
dbr,dbr,d-b-r,10,2,1.091
dbr,dbr,d-b-r,12,3,1.688
dbr,dbr,d-b-r,13,1,1.172
dbr,dbr,d-b-r,15,2,3.053
dbr,dbr,d-b-r,17,1,0.643
dbr,dbr,d-b-r,21,1,0.855
dbr,dbr,d-b-r,23,1,0.952
dbr,dbr,d-b-r,27,2,1.738
dbr,dbr,d-b-r,28,1,0.699
dbr,dbr,d-b-r,30,1,1.224
dbr,dbr,d-b-r,32,1,2.688
dbr,dbr,d-b-r,33,1,0.777
dbr,dbr,d-b-r,37,1,1.163
dbr,dbr,d-b-r,38,1,1.364
dbr,dbr,d-b-r,40,1,0.82
dbr,dbr,d-b-r,47,3,5.566
dbr,dbr,d-b-r,48,1,1.786
dbr,dbr,d-b-r,50,1,2.681
dbr,dbr,d-b-r,52,1,3.205
dbr,dbr,d-b-r,54,1,2.924
dbr,dbr,d-b-r,59,1,2.247
dbr,dbr,d-b-r,70,1,4.608
dbr,dbr,d-b-r,74,2,7.843
dbr,dbr,d-b-r,79,2,11.173
dfA,dfuA,d-f-a,16,1,0.542
dfE,dfuE,d-f-ʿ,2,1,0.164
dfE,dfuE,d-f-ʿ,3,1,0.287
dfE,dfuE,d-f-ʿ,4,2,0.534
dfE,dfuE,d-f-ʿ,22,2,1.57
dfE,dfuE,d-f-ʿ,23,1,0.952
dfE,dfuE,d-f-ʿ,41,1,1.259
dfE,dfuE,d-f-ʿ,52,1,3.205
dfE,dfuE,d-f-ʿ,70,1,4.608
dfq,dfq,d-f-q,86,1,16.393
dhm,dhm,d-h-m,55,1,2.849
dhn,dhn,d-h-n,23,1,0.952
dhn,dhn,d-h-n,55,1,2.849
dhn,dhn,d-h-n,56,1,2.639
dhn,dhn,d-h-n,68,2,6.667
dhq,dhq,d-h-q,78,1,5.78
dhr,dhr,d-h-r,45,1,2.049
dhr,dhr,d-h-r,76,1,4.115
dhy,dhy,d-h-y,54,1,2.924
dkk,dkk,d-k-k,7,1,0.301
dkk,dkk,d-k-k,18,1,0.633
dkk,dkk,d-k-k,69,2,7.752
dkk,dkk,d-k-k,89,3,21.898
dlk,dlk,d-l-k,17,1,0.643
dll,dll,d-l-l,7,1,0.301
dll,dll,d-l-l,20,2,1.498
dll,dll,d-l-l,25,1,1.12
dll,dll,d-l-l,28,1,0.699
dll,dll,d-l-l,34,2,2.265
dll,dll,d-l-l,61,1,4.525
dlw,dlw,d-l-w,2,1,0.164
dlw,dlw,d-l-w,12,2,1.125
dlw,dlw,d-l-w,53,1,2.778
dmE,dmuE,d-m-ʿ,5,1,0.357
dmE,dmuE,d-m-ʿ,9,1,0.4
dmdm,dmdm,d-m-d-m,91,1,18.519
dmg,dmg,d-m-gh,21,1,0.855
dmr,dmr,d-m-r,7,1,0.301
dmr,dmr,d-m-r,17,2,1.285
dmr,dmr,d-m-r,25,2,2.24
dmr,dmr,d-m-r,26,1,0.759
dmr,dmr,d-m-r,27,1,0.869
dmr,dmr,d-m-r,37,1,1.163
dmr,dmr,d-m-r,46,1,1.555
dmr,dmr,d-m-r,47,1,1.855
dmw,dmw,d-m-w,2,3,0.491
dmw,dmw,d-m-w,5,1,0.357
dmw,dmw,d-m-w,6,1,0.328
dmw,dmw,d-m-w,7,1,0.301
dmw,dmw,d-m-w,12,1,0.563
dmw,dmw,d-m-w,16,2,1.085
dmw,dmw,d-m-w,22,1,0.785
dnr,dnr,d-n-r,3,1,0.287
dnw,dnw,d-n-w,2,12,1.962
dnw,dnw,d-n-w,3,9,2.585
dnw,dnw,d-n-w,4,7,1.868
dnw,dnw,d-n-w,5,3,1.07
dnw,dnw,d-n-w,6,5,1.639
dnw,dnw,d-n-w,7,5,1.506
dnw,dnw,d-n-w,8,2,1.622
dnw,dnw,d-n-w,9,6,2.402
dnw,dnw,d-n-w,10,7,3.819
dnw,dnw,d-n-w,11,2,1.043
dnw,dnw,d-n-w,12,1,0.563
dnw,dnw,d-n-w,13,3,3.517
dnw,dnw,d-n-w,14,2,2.41
dnw,dnw,d-n-w,16,4,2.169
dnw,dnw,d-n-w,18,4,2.533
dnw,dnw,d-n-w,20,2,1.498
dnw,dnw,d-n-w,22,3,2.355
dnw,dnw,d-n-w,23,2,1.905
dnw,dnw,d-n-w,24,4,3.04
dnw,dnw,d-n-w,28,5,3.497
dnw,dnw,d-n-w,29,3,3.074
dnw,dnw,d-n-w,30,2,2.448
dnw,dnw,d-n-w,31,2,3.663
dnw,dnw,d-n-w,32,1,2.688
dnw,dnw,d-n-w,33,5,3.885
dnw,dnw,d-n-w,35,1,1.29
dnw,dnw,d-n-w,37,1,1.163
dnw,dnw,d-n-w,39,2,1.706
dnw,dnw,d-n-w,40,3,2.461
dnw,dnw,d-n-w,41,3,3.778
dnw,dnw,d-n-w,42,2,2.326
dnw,dnw,d-n-w,43,2,2.41
dnw,dnw,d-n-w,45,2,4.098
dnw,dnw,d-n-w,46,1,1.555
dnw,dnw,d-n-w,47,1,1.855
dnw,dnw,d-n-w,53,3,8.333
dnw,dnw,d-n-w,55,1,2.849
dnw,dnw,d-n-w,57,2,3.484
dnw,dnw,d-n-w,58,1,2.119
dnw,dnw,d-n-w,59,1,2.247
dnw,dnw,d-n-w,67,1,3.003
dnw,dnw,d-n-w,69,1,3.876
dnw,dnw,d-n-w,73,1,5.025
dnw,dnw,d-n-w,76,1,4.115
dnw,dnw,d-n-w,79,1,5.587
dnw,dnw,d-n-w,87,1,13.889
drA,druA,d-r-a,2,1,0.164
drA,druA,d-r-a,3,1,0.287
drA,druA,d-r-a,13,1,1.172
drA,druA,d-r-a,24,1,0.76
drA,druA,d-r-a,28,1,0.699
drhm,drhm,d-r-h-m,12,1,0.563
drj,drj,d-r-j,2,2,0.327
drj,drj,d-r-j,3,1,0.287
drj,drj,d-r-j,4,2,0.534
drj,drj,d-r-j,6,3,0.984
drj,drj,d-r-j,7,1,0.301
drj,drj,d-r-j,8,1,0.811
drj,drj,d-r-j,9,1,0.4
drj,drj,d-r-j,12,1,0.563
drj,drj,d-r-j,17,1,0.643
drj,drj,d-r-j,20,1,0.749
drj,drj,d-r-j,40,1,0.82
drj,drj,d-r-j,43,1,1.205
drj,drj,d-r-j,46,1,1.555
drj,drj,d-r-j,57,1,1.742
drj,drj,d-r-j,58,1,2.119
drj,drj,d-r-j,68,1,3.333
drk,drk,d-r-k,4,3,0.801
drk,drk,d-r-k,6,2,0.656
drk,drk,d-r-k,7,1,0.301
drk,drk,d-r-k,10,1,0.546
drk,drk,d-r-k,20,1,0.749
drk,drk,d-r-k,26,1,0.759
drk,drk,d-r-k,27,1,0.869
drk,drk,d-r-k,36,1,1.379
drk,drk,d-r-k,68,1,3.333
drr,drr,d-r-r,6,1,0.328
drr,drr,d-r-r,11,1,0.522
drr,drr,d-r-r,24,1,0.76
drr,drr,d-r-r,71,1,4.425
drs,drs,d-r-s,3,1,0.287
drs,drs,d-r-s,6,2,0.656
drs,drs,d-r-s,7,1,0.301
drs,drs,d-r-s,34,1,1.133
drs,drs,d-r-s,68,1,3.333
dry,dry,d-r-y,4,1,0.267
dry,dry,d-r-y,10,1,0.546
dry,dry,d-r-y,21,2,1.711
dry,dry,d-r-y,31,2,3.663
dry,dry,d-r-y,33,1,0.777
dry,dry,d-r-y,42,2,2.326
dry,dry,d-r-y,45,1,2.049
dry,dry,d-r-y,46,1,1.555
dry,dry,d-r-y,65,1,3.484
dry,dry,d-r-y,69,2,7.752
dry,dry,d-r-y,72,2,7.018
dry,dry,d-r-y,74,1,3.922
dry,dry,d-r-y,77,1,5.525
dry,dry,d-r-y,80,1,7.519
dry,dry,d-r-y,82,2,25
dry,dry,d-r-y,83,2,11.834
dry,dry,d-r-y,86,1,16.393
dry,dry,d-r-y,90,1,12.195
dry,dry,d-r-y,97,1,33.333
dry,dry,d-r-y,101,2,55.556
dry,dry,d-r-y,104,1,30.303
dsr,dsr,d-s-r,54,1,2.924
dss,dss,d-s-s,16,1,0.542
dsw,dsw,d-s-w,91,1,18.519
dvr,dvr,d-th-r,74,1,3.922
dwl,dwl,d-w-l,3,1,0.287
dwl,dwl,d-w-l,59,1,2.247
dwm,dwm,d-w-m,3,1,0.287
dwm,dwm,d-w-m,5,3,1.07
dwm,dwm,d-w-m,11,2,1.043
dwm,dwm,d-w-m,13,1,1.172
dwm,dwm,d-w-m,19,1,1.041
dwm,dwm,d-w-m,70,1,4.608
dwn,dwn,d-w-n,2,4,0.654
dwn,dwn,d-w-n,3,4,1.149
dwn,dwn,d-w-n,4,8,2.135
dwn,dwn,d-w-n,5,2,0.713
dwn,dwn,d-w-n,6,5,1.639
dwn,dwn,d-w-n,7,8,2.41
dwn,dwn,d-w-n,8,1,0.811
dwn,dwn,d-w-n,9,3,1.201
dwn,dwn,d-w-n,10,6,3.273
dwn,dwn,d-w-n,11,5,2.608
dwn,dwn,d-w-n,12,1,0.563
dwn,dwn,d-w-n,13,3,3.517
dwn,dwn,d-w-n,16,5,2.711
dwn,dwn,d-w-n,17,3,1.928
dwn,dwn,d-w-n,18,10,6.333
dwn,dwn,d-w-n,19,4,4.162
dwn,dwn,d-w-n,21,7,5.988
dwn,dwn,d-w-n,22,4,3.14
dwn,dwn,d-w-n,23,1,0.952
dwn,dwn,d-w-n,25,4,4.479
dwn,dwn,d-w-n,26,1,0.759
dwn,dwn,d-w-n,27,3,2.606
dwn,dwn,d-w-n,28,2,1.399
dwn,dwn,d-w-n,29,6,6.148
dwn,dwn,d-w-n,31,2,3.663
dwn,dwn,d-w-n,32,2,5.376
dwn,dwn,d-w-n,33,2,1.554
dwn,dwn,d-w-n,34,2,2.265
dwn,dwn,d-w-n,35,2,2.581
dwn,dwn,d-w-n,36,2,2.759
dwn,dwn,d-w-n,37,2,2.326
dwn,dwn,d-w-n,39,6,5.119
dwn,dwn,d-w-n,40,3,2.461
dwn,dwn,d-w-n,42,4,4.651
dwn,dwn,d-w-n,43,2,2.41
dwn,dwn,d-w-n,45,1,2.049
dwn,dwn,d-w-n,46,4,6.221
dwn,dwn,d-w-n,48,1,1.786
dwn,dwn,d-w-n,52,1,3.205
dwn,dwn,d-w-n,53,1,2.778
dwn,dwn,d-w-n,55,1,2.849
dwn,dwn,d-w-n,60,1,2.874
dwn,dwn,d-w-n,62,1,5.714
dwn,dwn,d-w-n,67,1,3.003
dwn,dwn,d-w-n,71,1,4.425
dwn,dwn,d-w-n,72,2,7.018
dwr,dwr,d-w-r,2,6,0.981
dwr,dwr,d-w-r,3,1,0.287
dwr,dwr,d-w-r,4,1,0.267
dwr,dwr,d-w-r,5,1,0.357
dwr,dwr,d-w-r,6,3,0.984
dwr,dwr,d-w-r,7,4,1.205
dwr,dwr,d-w-r,8,1,0.811
dwr,dwr,d-w-r,9,2,0.801
dwr,dwr,d-w-r,10,1,0.546
dwr,dwr,d-w-r,11,3,1.565
dwr,dwr,d-w-r,12,1,0.563
dwr,dwr,d-w-r,13,5,5.862
dwr,dwr,d-w-r,14,1,1.205
dwr,dwr,d-w-r,16,2,1.085
dwr,dwr,d-w-r,17,1,0.643
dwr,dwr,d-w-r,22,1,0.785
dwr,dwr,d-w-r,28,4,2.797
dwr,dwr,d-w-r,29,2,2.049
dwr,dwr,d-w-r,33,3,2.331
dwr,dwr,d-w-r,35,1,1.29
dwr,dwr,d-w-r,38,1,1.364
dwr,dwr,d-w-r,40,2,1.641
dwr,dwr,d-w-r,41,1,1.259
dwr,dwr,d-w-r,48,1,1.786
dwr,dwr,d-w-r,59,3,6.742
dwr,dwr,d-w-r,60,2,5.747
dwr,dwr,d-w-r,71,1,4.425
dxl,dxl,d-kh-l,2,6,0.981
dxl,dxl,d-kh-l,3,6,1.724
dxl,dxl,d-kh-l,4,12,3.203
dxl,dxl,d-kh-l,5,10,3.566
dxl,dxl,d-kh-l,7,7,2.108
dxl,dxl,d-kh-l,9,2,0.801
dxl,dxl,d-kh-l,12,9,5.065
dxl,dxl,d-kh-l,13,2,2.345
dxl,dxl,d-kh-l,14,1,1.205
dxl,dxl,d-kh-l,15,2,3.053
dxl,dxl,d-kh-l,16,5,2.711
dxl,dxl,d-kh-l,17,4,2.571
dxl,dxl,d-kh-l,18,2,1.267
dxl,dxl,d-kh-l,19,1,1.041
dxl,dxl,d-kh-l,21,2,1.711
dxl,dxl,d-kh-l,22,4,3.14
dxl,dxl,d-kh-l,24,4,3.04
dxl,dxl,d-kh-l,27,5,4.344
dxl,dxl,d-kh-l,28,1,0.699
dxl,dxl,d-kh-l,29,1,1.025
dxl,dxl,d-kh-l,33,3,2.331
dxl,dxl,d-kh-l,35,1,1.29
dxl,dxl,d-kh-l,36,1,1.379
dxl,dxl,d-kh-l,38,1,1.364
dxl,dxl,d-kh-l,39,2,1.706
dxl,dxl,d-kh-l,40,5,4.102
dxl,dxl,d-kh-l,42,1,1.163
dxl,dxl,d-kh-l,43,1,1.205
dxl,dxl,d-kh-l,45,1,2.049
dxl,dxl,d-kh-l,47,2,3.711
dxl,dxl,d-kh-l,48,4,7.143
dxl,dxl,d-kh-l,49,1,2.882
dxl,dxl,d-kh-l,50,1,2.681
dxl,dxl,d-kh-l,51,1,2.778
dxl,dxl,d-kh-l,58,1,2.119
dxl,dxl,d-kh-l,61,1,4.525
dxl,dxl,d-kh-l,64,1,4.149
dxl,dxl,d-kh-l,65,1,3.484
dxl,dxl,d-kh-l,66,3,12.048
dxl,dxl,d-kh-l,68,1,3.333
dxl,dxl,d-kh-l,70,1,4.608
dxl,dxl,d-kh-l,71,2,8.85
dxl,dxl,d-kh-l,76,1,4.115
dxl,dxl,d-kh-l,89,2,14.599
dxl,dxl,d-kh-l,110,1,52.632
dxn,dxn,d-kh-n,41,1,1.259
dxn,dxn,d-kh-n,44,1,2.89
dxr,dxr,d-kh-r,16,1,0.542
dxr,dxr,d-kh-r,27,1,0.869
dxr,dxr,d-kh-r,37,1,1.163
dxr,dxr,d-kh-r,40,1,0.82
dyn,dyn,d-y-n,1,1,34.483
dyn,dyn,d-y-n,2,7,1.145
dyn,dyn,d-y-n,3,5,1.436
dyn,dyn,d-y-n,4,8,2.135
dyn,dyn,d-y-n,5,6,2.14
dyn,dyn,d-y-n,6,4,1.311
dyn,dyn,d-y-n,7,2,0.602
dyn,dyn,d-y-n,8,3,2.433
dyn,dyn,d-y-n,9,8,3.203
dyn,dyn,d-y-n,10,3,1.637
dyn,dyn,d-y-n,12,2,1.125
dyn,dyn,d-y-n,15,1,1.527
dyn,dyn,d-y-n,16,1,0.542
dyn,dyn,d-y-n,22,1,0.785
dyn,dyn,d-y-n,24,3,2.28
dyn,dyn,d-y-n,26,1,0.759
dyn,dyn,d-y-n,29,1,1.025
dyn,dyn,d-y-n,30,4,4.896
dyn,dyn,d-y-n,31,1,1.832
dyn,dyn,d-y-n,33,1,0.777
dyn,dyn,d-y-n,37,2,2.326
dyn,dyn,d-y-n,38,1,1.364
dyn,dyn,d-y-n,39,4,3.413
dyn,dyn,d-y-n,40,3,2.461
dyn,dyn,d-y-n,42,3,3.488
dyn,dyn,d-y-n,48,2,3.571
dyn,dyn,d-y-n,49,1,2.882
dyn,dyn,d-y-n,51,2,5.556
dyn,dyn,d-y-n,56,2,5.277
dyn,dyn,d-y-n,60,2,5.747
dyn,dyn,d-y-n,61,2,9.05
dyn,dyn,d-y-n,70,1,4.608
dyn,dyn,d-y-n,74,1,3.922
dyn,dyn,d-y-n,82,4,50
dyn,dyn,d-y-n,83,1,5.917
dyn,dyn,d-y-n,95,1,29.412
dyn,dyn,d-y-n,98,2,21.277
dyn,dyn,d-y-n,107,1,40
dyn,dyn,d-y-n,109,2,76.923
dyn,dyn,d-y-n,110,1,52.632
f$l,fshl,f-sh-l,3,2,0.575
f$l,fshl,f-sh-l,8,2,1.622
fAd,fuAd,f-a-d,6,2,0.656
fAd,fuAd,f-a-d,11,1,0.522
fAd,fuAd,f-a-d,14,2,2.41
fAd,fuAd,f-a-d,16,1,0.542
fAd,fuAd,f-a-d,17,1,0.643
fAd,fuAd,f-a-d,23,1,0.952
fAd,fuAd,f-a-d,25,1,1.12
fAd,fuAd,f-a-d,28,1,0.699
fAd,fuAd,f-a-d,32,1,2.688
fAd,fuAd,f-a-d,46,2,3.11
fAd,fuAd,f-a-d,53,1,2.778
fAd,fuAd,f-a-d,67,1,3.003
fAd,fuAd,f-a-d,104,1,30.303
fAy,fuAy,f-a-y,2,2,0.327
fAy,fuAy,f-a-y,3,2,0.575
fAy,fuAy,f-a-y,4,1,0.267
fAy,fuAy,f-a-y,8,4,3.244
fAy,fuAy,f-a-y,18,1,0.633
fAy,fuAy,f-a-y,28,1,0.699
fDD,fuDuD,f-ḍ-ḍ,3,2,0.575
fDD,fuDuD,f-ḍ-ḍ,9,1,0.4
fDD,fuDuD,f-ḍ-ḍ,43,1,1.205
fDD,fuDuD,f-ḍ-ḍ,62,1,5.714
fDD,fuDuD,f-ḍ-ḍ,63,1,5.556
fDD,fuDuD,f-ḍ-ḍ,76,3,12.346
fDH,fuDuH,f-ḍ-ḥ,15,1,1.527
fDl,fuDl,f-ḍ-l,2,11,1.799
fDl,fuDl,f-ḍ-l,3,8,2.298
fDl,fuDl,f-ḍ-l,4,14,3.736
fDl,fuDl,f-ḍ-l,5,2,0.713
fDl,fuDl,f-ḍ-l,6,1,0.328
fDl,fuDl,f-ḍ-l,7,2,0.602
fDl,fuDl,f-ḍ-l,8,1,0.811
fDl,fuDl,f-ḍ-l,9,5,2.002
fDl,fuDl,f-ḍ-l,10,3,1.637
fDl,fuDl,f-ḍ-l,11,3,1.565
fDl,fuDl,f-ḍ-l,12,1,0.563
fDl,fuDl,f-ḍ-l,13,1,1.172
fDl,fuDl,f-ḍ-l,16,3,1.627
fDl,fuDl,f-ḍ-l,17,8,5.141
fDl,fuDl,f-ḍ-l,23,1,0.952
fDl,fuDl,f-ḍ-l,24,8,6.079
fDl,fuDl,f-ḍ-l,27,4,3.475
fDl,fuDl,f-ḍ-l,28,1,0.699
fDl,fuDl,f-ḍ-l,30,3,3.672
fDl,fuDl,f-ḍ-l,33,1,0.777
fDl,fuDl,f-ḍ-l,34,1,1.133
fDl,fuDl,f-ḍ-l,35,4,5.161
fDl,fuDl,f-ḍ-l,40,1,0.82
fDl,fuDl,f-ḍ-l,42,2,2.326
fDl,fuDl,f-ḍ-l,44,1,2.89
fDl,fuDl,f-ḍ-l,45,2,4.098
fDl,fuDl,f-ḍ-l,48,1,1.786
fDl,fuDl,f-ḍ-l,49,1,2.882
fDl,fuDl,f-ḍ-l,57,5,8.711
fDl,fuDl,f-ḍ-l,59,1,2.247
fDl,fuDl,f-ḍ-l,62,3,17.143
fDl,fuDl,f-ḍ-l,73,1,5.025
fDw,fuDw,f-ḍ-w,4,1,0.267
fEl,fuEl,f-ʿ-l,2,13,2.126
fEl,fuEl,f-ʿ-l,3,6,1.724
fEl,fuEl,f-ʿ-l,4,7,1.868
fEl,fuEl,f-ʿ-l,5,3,1.07
fEl,fuEl,f-ʿ-l,6,3,0.984
fEl,fuEl,f-ʿ-l,7,3,0.904
fEl,fuEl,f-ʿ-l,8,3,2.433
fEl,fuEl,f-ʿ-l,10,3,1.637
fEl,fuEl,f-ʿ-l,11,3,1.565
fEl,fuEl,f-ʿ-l,12,4,2.251
fEl,fuEl,f-ʿ-l,14,2,2.41
fEl,fuEl,f-ʿ-l,15,1,1.527
fEl,fuEl,f-ʿ-l,16,4,2.169
fEl,fuEl,f-ʿ-l,17,2,1.285
fEl,fuEl,f-ʿ-l,18,2,1.267
fEl,fuEl,f-ʿ-l,21,9,7.699
fEl,fuEl,f-ʿ-l,22,3,2.355
fEl,fuEl,f-ʿ-l,23,1,0.952
fEl,fuEl,f-ʿ-l,24,1,0.76
fEl,fuEl,f-ʿ-l,25,1,1.12
fEl,fuEl,f-ʿ-l,26,6,4.552
fEl,fuEl,f-ʿ-l,27,2,1.738
fEl,fuEl,f-ʿ-l,30,1,1.224
fEl,fuEl,f-ʿ-l,33,2,1.554
fEl,fuEl,f-ʿ-l,34,1,1.133
fEl,fuEl,f-ʿ-l,37,2,2.326
fEl,fuEl,f-ʿ-l,39,1,0.853
fEl,fuEl,f-ʿ-l,42,1,1.163
fEl,fuEl,f-ʿ-l,46,1,1.555
fEl,fuEl,f-ʿ-l,49,1,2.882
fEl,fuEl,f-ʿ-l,54,1,2.924
fEl,fuEl,f-ʿ-l,58,1,2.119
fEl,fuEl,f-ʿ-l,60,1,2.874
fEl,fuEl,f-ʿ-l,61,2,9.05
fEl,fuEl,f-ʿ-l,63,1,5.556
fEl,fuEl,f-ʿ-l,66,1,4.016
fEl,fuEl,f-ʿ-l,73,1,5.025
fEl,fuEl,f-ʿ-l,75,1,6.098
fEl,fuEl,f-ʿ-l,77,1,5.525
fEl,fuEl,f-ʿ-l,82,1,12.5
fEl,fuEl,f-ʿ-l,83,1,5.917
fEl,fuEl,f-ʿ-l,85,2,18.349
fEl,fuEl,f-ʿ-l,89,1,7.299
fEl,fuEl,f-ʿ-l,105,1,43.478
fH$,fuHsh,f-ḥ-sh,2,2,0.327
fH$,fuHsh,f-ḥ-sh,3,1,0.287
fH$,fuHsh,f-ḥ-sh,4,4,1.068
fH$,fuHsh,f-ḥ-sh,6,1,0.328
fH$,fuHsh,f-ḥ-sh,7,4,1.205
fH$,fuHsh,f-ḥ-sh,12,1,0.563
fH$,fuHsh,f-ḥ-sh,16,1,0.542
fH$,fuHsh,f-ḥ-sh,17,1,0.643
fH$,fuHsh,f-ḥ-sh,24,2,1.52
fH$,fuHsh,f-ḥ-sh,27,1,0.869
fH$,fuHsh,f-ḥ-sh,29,2,2.049
fH$,fuHsh,f-ḥ-sh,33,1,0.777
fH$,fuHsh,f-ḥ-sh,42,1,1.163
fH$,fuHsh,f-ḥ-sh,53,1,2.778
fH$,fuHsh,f-ḥ-sh,65,1,3.484
fSH,fuSuH,f-ṣ-ḥ,28,1,0.699
fSl,fuSl,f-ṣ-l,2,2,0.327
fSl,fuSl,f-ṣ-l,6,8,2.623
fSl,fuSl,f-ṣ-l,7,5,1.506
fSl,fuSl,f-ṣ-l,9,1,0.4
fSl,fuSl,f-ṣ-l,10,3,1.637
fSl,fuSl,f-ṣ-l,11,1,0.522
fSl,fuSl,f-ṣ-l,12,2,1.125
fSl,fuSl,f-ṣ-l,13,1,1.172
fSl,fuSl,f-ṣ-l,17,2,1.285
fSl,fuSl,f-ṣ-l,22,1,0.785
fSl,fuSl,f-ṣ-l,30,1,1.224
fSl,fuSl,f-ṣ-l,31,1,1.832
fSl,fuSl,f-ṣ-l,32,1,2.688
fSl,fuSl,f-ṣ-l,37,1,1.163
fSl,fuSl,f-ṣ-l,38,1,1.364
fSl,fuSl,f-ṣ-l,41,2,2.519
fSl,fuSl,f-ṣ-l,42,1,1.163
fSl,fuSl,f-ṣ-l,44,1,2.89
fSl,fuSl,f-ṣ-l,46,1,1.555
fSl,fuSl,f-ṣ-l,60,1,2.874
fSl,fuSl,f-ṣ-l,70,1,4.608
fSl,fuSl,f-ṣ-l,77,3,16.575
fSl,fuSl,f-ṣ-l,78,1,5.78
fSl,fuSl,f-ṣ-l,86,1,16.393
fSm,fuSm,f-ṣ-m,2,1,0.164
fTr,fuTr,f-ṭ-r,6,2,0.656
fTr,fuTr,f-ṭ-r,11,1,0.522
fTr,fuTr,f-ṭ-r,12,1,0.563
fTr,fuTr,f-ṭ-r,14,1,1.205
fTr,fuTr,f-ṭ-r,17,1,0.643
fTr,fuTr,f-ṭ-r,19,1,1.041
fTr,fuTr,f-ṭ-r,20,1,0.749
fTr,fuTr,f-ṭ-r,21,1,0.855
fTr,fuTr,f-ṭ-r,30,2,2.448
fTr,fuTr,f-ṭ-r,35,1,1.29
fTr,fuTr,f-ṭ-r,36,1,1.379
fTr,fuTr,f-ṭ-r,39,1,0.853
fTr,fuTr,f-ṭ-r,42,2,2.326
fTr,fuTr,f-ṭ-r,43,1,1.205
fTr,fuTr,f-ṭ-r,67,1,3.003
fTr,fuTr,f-ṭ-r,73,1,5.025
fTr,fuTr,f-ṭ-r,82,1,12.5
fZZ,fuZuZ,f-ẓ-ẓ,3,1,0.287
fdy,fdy,f-d-y,2,4,0.654
fdy,fdy,f-d-y,3,1,0.287
fdy,fdy,f-d-y,5,1,0.357
fdy,fdy,f-d-y,10,1,0.546
fdy,fdy,f-d-y,13,1,1.172
fdy,fdy,f-d-y,37,1,1.163
fdy,fdy,f-d-y,39,1,0.853
fdy,fdy,f-d-y,47,1,1.855
fdy,fdy,f-d-y,57,1,1.742
fdy,fdy,f-d-y,70,1,4.608
fhm,fhm,f-h-m,21,1,0.855
fjj,fjj,f-j-j,21,1,0.855
fjj,fjj,f-j-j,22,1,0.785
fjj,fjj,f-j-j,71,1,4.425
fjr,fjr,f-j-r,2,3,0.491
fjr,fjr,f-j-r,17,5,3.213
fjr,fjr,f-j-r,18,1,0.633
fjr,fjr,f-j-r,24,1,0.76
fjr,fjr,f-j-r,36,1,1.379
fjr,fjr,f-j-r,38,1,1.364
fjr,fjr,f-j-r,54,1,2.924
fjr,fjr,f-j-r,71,1,4.425
fjr,fjr,f-j-r,75,1,6.098
fjr,fjr,f-j-r,76,2,8.23
fjr,fjr,f-j-r,80,1,7.519
fjr,fjr,f-j-r,82,2,25
fjr,fjr,f-j-r,83,1,5.917
fjr,fjr,f-j-r,89,1,7.299
fjr,fjr,f-j-r,91,1,18.519
fjr,fjr,f-j-r,97,1,33.333
fjw,fjw,f-j-w,18,1,0.633
fkh,fkh,f-k-h,23,1,0.952
fkh,fkh,f-k-h,36,2,2.759
fkh,fkh,f-k-h,37,1,1.163
fkh,fkh,f-k-h,38,1,1.364
fkh,fkh,f-k-h,43,1,1.205
fkh,fkh,f-k-h,44,2,5.78
fkh,fkh,f-k-h,52,2,6.41
fkh,fkh,f-k-h,55,3,8.547
fkh,fkh,f-k-h,56,3,7.916
fkh,fkh,f-k-h,77,1,5.525
fkh,fkh,f-k-h,80,1,7.519
fkh,fkh,f-k-h,83,1,5.917
fkk,fkk,f-k-k,90,1,12.195
fkk,fkk,f-k-k,98,1,10.638
fkr,fkr,f-k-r,2,2,0.327
fkr,fkr,f-k-r,3,1,0.287
fkr,fkr,f-k-r,6,1,0.328
fkr,fkr,f-k-r,7,2,0.602
fkr,fkr,f-k-r,10,1,0.546
fkr,fkr,f-k-r,13,1,1.172
fkr,fkr,f-k-r,16,3,1.627
fkr,fkr,f-k-r,30,2,2.448
fkr,fkr,f-k-r,34,1,1.133
fkr,fkr,f-k-r,39,1,0.853
fkr,fkr,f-k-r,45,1,2.049
fkr,fkr,f-k-r,59,1,2.247
fkr,fkr,f-k-r,74,1,3.922
flH,fluH,f-l-ḥ,2,2,0.327
flH,fluH,f-l-ḥ,3,3,0.862
flH,fluH,f-l-ḥ,5,3,1.07
flH,fluH,f-l-ḥ,6,2,0.656
flH,fluH,f-l-ḥ,7,3,0.904
flH,fluH,f-l-ḥ,8,1,0.811
flH,fluH,f-l-ḥ,9,1,0.4
flH,fluH,f-l-ḥ,10,3,1.637
flH,fluH,f-l-ḥ,12,1,0.563
flH,fluH,f-l-ḥ,16,1,0.542
flH,fluH,f-l-ḥ,18,1,0.633
flH,fluH,f-l-ḥ,20,2,1.498
flH,fluH,f-l-ḥ,22,1,0.785
flH,fluH,f-l-ḥ,23,3,2.857
flH,fluH,f-l-ḥ,24,2,1.52
flH,fluH,f-l-ḥ,28,3,2.098
flH,fluH,f-l-ḥ,30,1,1.224
flH,fluH,f-l-ḥ,31,1,1.832
flH,fluH,f-l-ḥ,58,1,2.119
flH,fluH,f-l-ḥ,59,1,2.247
flH,fluH,f-l-ḥ,62,1,5.714
flH,fluH,f-l-ḥ,64,1,4.149
flH,fluH,f-l-ḥ,87,1,13.889
flH,fluH,f-l-ḥ,91,1,18.519
flk,flk,f-l-k,2,1,0.164
flk,flk,f-l-k,7,1,0.301
flk,flk,f-l-k,10,2,1.091
flk,flk,f-l-k,11,2,1.043
flk,flk,f-l-k,14,1,1.205
flk,flk,f-l-k,16,1,0.542
flk,flk,f-l-k,17,1,0.643
flk,flk,f-l-k,21,1,0.855
flk,flk,f-l-k,22,1,0.785
flk,flk,f-l-k,23,3,2.857
flk,flk,f-l-k,26,1,0.759
flk,flk,f-l-k,29,1,1.025
flk,flk,f-l-k,30,1,1.224
flk,flk,f-l-k,31,1,1.832
flk,flk,f-l-k,35,1,1.29
flk,flk,f-l-k,36,2,2.759
flk,flk,f-l-k,37,1,1.163
flk,flk,f-l-k,40,1,0.82
flk,flk,f-l-k,43,1,1.205
flk,flk,f-l-k,45,1,2.049
fln,fln,f-l-n,25,1,1.12
flq,flq,f-l-q,6,2,0.656
flq,flq,f-l-q,26,1,0.759
flq,flq,f-l-q,113,1,43.478
fnd,fnd,f-n-d,12,1,0.563
fnn,fnn,f-n-n,55,1,2.849
fny,fny,f-n-y,55,1,2.849
fqE,fquE,f-q-ʿ,2,1,0.164
fqd,fqd,f-q-d,12,2,1.125
fqd,fqd,f-q-d,27,1,0.869
fqh,fqh,f-q-h,4,1,0.267
fqh,fqh,f-q-h,6,3,0.984
fqh,fqh,f-q-h,7,1,0.301
fqh,fqh,f-q-h,8,1,0.811
fqh,fqh,f-q-h,9,4,1.601
fqh,fqh,f-q-h,11,1,0.522
fqh,fqh,f-q-h,17,2,1.285
fqh,fqh,f-q-h,18,2,1.267
fqh,fqh,f-q-h,20,1,0.749
fqh,fqh,f-q-h,48,1,1.786
fqh,fqh,f-q-h,59,1,2.247
fqh,fqh,f-q-h,63,2,11.111
fqr,fqr,f-q-r,2,3,0.491
fqr,fqr,f-q-r,3,1,0.287
fqr,fqr,f-q-r,4,2,0.534
fqr,fqr,f-q-r,9,1,0.4
fqr,fqr,f-q-r,22,1,0.785
fqr,fqr,f-q-r,24,1,0.76
fqr,fqr,f-q-r,28,1,0.699
fqr,fqr,f-q-r,35,1,1.29
fqr,fqr,f-q-r,47,1,1.855
fqr,fqr,f-q-r,59,1,2.247
fqr,fqr,f-q-r,75,1,6.098
fr$,frsh,f-r-sh,2,1,0.164
fr$,frsh,f-r-sh,6,1,0.328
fr$,frsh,f-r-sh,51,1,2.778
fr$,frsh,f-r-sh,55,1,2.849
fr$,frsh,f-r-sh,56,1,2.639
fr$,frsh,f-r-sh,101,1,27.778
frD,fruD,f-r-ḍ,2,7,1.145
frD,fruD,f-r-ḍ,4,5,1.334
frD,fruD,f-r-ḍ,9,1,0.4
frD,fruD,f-r-ḍ,24,1,0.76
frD,fruD,f-r-ḍ,28,1,0.699
frD,fruD,f-r-ḍ,33,2,1.554
frD,fruD,f-r-ḍ,66,1,4.016
frE,fruE,f-r-ʿ,14,1,1.205
frH,fruH,f-r-ḥ,3,3,0.862
frH,fruH,f-r-ḥ,6,1,0.328
frH,fruH,f-r-ḥ,9,2,0.801
frH,fruH,f-r-ḥ,10,2,1.091
frH,fruH,f-r-ḥ,11,1,0.522
frH,fruH,f-r-ḥ,13,2,2.345
frH,fruH,f-r-ḥ,23,1,0.952
frH,fruH,f-r-ḥ,27,1,0.869
frH,fruH,f-r-ḥ,28,2,1.399
frH,fruH,f-r-ḥ,30,3,3.672
frH,fruH,f-r-ḥ,40,2,1.641
frH,fruH,f-r-ḥ,42,1,1.163
frH,fruH,f-r-ḥ,57,1,1.742
frT,fruT,f-r-ṭ,6,3,0.984
frT,fruT,f-r-ṭ,12,1,0.563
frT,fruT,f-r-ṭ,16,1,0.542
frT,fruT,f-r-ṭ,18,1,0.633
frT,fruT,f-r-ṭ,20,1,0.749
frT,fruT,f-r-ṭ,39,1,0.853
frd,frd,f-r-d,6,1,0.328
frd,frd,f-r-d,19,2,2.081
frd,frd,f-r-d,21,1,0.855
frd,frd,f-r-d,34,1,1.133
frg,frg,f-r-gh,2,1,0.164
frg,frg,f-r-gh,7,1,0.301
frg,frg,f-r-gh,18,1,0.633
frg,frg,f-r-gh,28,1,0.699
frg,frg,f-r-gh,55,1,2.849
frg,frg,f-r-gh,94,1,37.037
frh,frh,f-r-h,26,1,0.759
frj,frj,f-r-j,21,1,0.855
frj,frj,f-r-j,23,1,0.952
frj,frj,f-r-j,24,2,1.52
frj,frj,f-r-j,33,1,0.777
frj,frj,f-r-j,50,1,2.681
frj,frj,f-r-j,66,1,4.016
frj,frj,f-r-j,70,1,4.608
frj,frj,f-r-j,77,1,5.525
frq,frq,f-r-q,2,14,2.289
frq,frq,f-r-q,3,7,2.011
frq,frq,f-r-q,4,4,1.068
frq,frq,f-r-q,5,3,1.07
frq,frq,f-r-q,6,3,0.984
frq,frq,f-r-q,7,2,0.602
frq,frq,f-r-q,8,3,2.433
frq,frq,f-r-q,9,4,1.601
frq,frq,f-r-q,11,1,0.522
frq,frq,f-r-q,12,2,1.125
frq,frq,f-r-q,16,1,0.542
frq,frq,f-r-q,17,1,0.643
frq,frq,f-r-q,18,1,0.633
frq,frq,f-r-q,19,1,1.041
frq,frq,f-r-q,20,1,0.749
frq,frq,f-r-q,21,1,0.855
frq,frq,f-r-q,23,1,0.952
frq,frq,f-r-q,24,2,1.52
frq,frq,f-r-q,25,1,1.12
frq,frq,f-r-q,26,1,0.759
frq,frq,f-r-q,27,1,0.869
frq,frq,f-r-q,30,3,3.672
frq,frq,f-r-q,33,3,2.331
frq,frq,f-r-q,34,1,1.133
frq,frq,f-r-q,42,4,4.651
frq,frq,f-r-q,44,1,2.89
frq,frq,f-r-q,65,1,3.484
frq,frq,f-r-q,75,1,6.098
frq,frq,f-r-q,77,2,11.05
frq,frq,f-r-q,98,1,10.638
frr,frr,f-r-r,18,1,0.633
frr,frr,f-r-r,26,1,0.759
frr,frr,f-r-r,33,3,2.331
frr,frr,f-r-r,51,1,2.778
frr,frr,f-r-r,62,1,5.714
frr,frr,f-r-r,71,1,4.425
frr,frr,f-r-r,74,1,3.922
frr,frr,f-r-r,75,1,6.098
frr,frr,f-r-r,80,1,7.519
frt,frt,f-r-t,25,1,1.12
frt,frt,f-r-t,35,1,1.29
frt,frt,f-r-t,77,1,5.525
frv,frv,f-r-th,16,1,0.542
fry,fry,f-r-y,3,2,0.575
fry,fry,f-r-y,4,2,0.534
fry,fry,f-r-y,5,1,0.357
fry,fry,f-r-y,6,9,2.951
fry,fry,f-r-y,7,4,1.205
fry,fry,f-r-y,10,7,3.819
fry,fry,f-r-y,11,7,3.652
fry,fry,f-r-y,12,1,0.563
fry,fry,f-r-y,16,6,3.254
fry,fry,f-r-y,17,1,0.643
fry,fry,f-r-y,18,1,0.633
fry,fry,f-r-y,19,1,1.041
fry,fry,f-r-y,20,2,1.498
fry,fry,f-r-y,21,1,0.855
fry,fry,f-r-y,23,1,0.952
fry,fry,f-r-y,25,1,1.12
fry,fry,f-r-y,28,2,1.399
fry,fry,f-r-y,29,2,2.049
fry,fry,f-r-y,32,1,2.688
fry,fry,f-r-y,34,2,2.265
fry,fry,f-r-y,42,1,1.163
fry,fry,f-r-y,46,3,4.666
fry,fry,f-r-y,60,1,2.874
fry,fry,f-r-y,61,1,4.525
fsH,fsuH,f-s-ḥ,58,3,6.356
fsd,fsd,f-s-d,2,9,1.472
fsd,fsd,f-s-d,3,1,0.287
fsd,fsd,f-s-d,5,4,1.427
fsd,fsd,f-s-d,7,7,2.108
fsd,fsd,f-s-d,8,1,0.811
fsd,fsd,f-s-d,10,3,1.637
fsd,fsd,f-s-d,11,2,1.043
fsd,fsd,f-s-d,12,1,0.563
fsd,fsd,f-s-d,13,1,1.172
fsd,fsd,f-s-d,16,1,0.542
fsd,fsd,f-s-d,17,1,0.643
fsd,fsd,f-s-d,18,1,0.633
fsd,fsd,f-s-d,21,1,0.855
fsd,fsd,f-s-d,23,1,0.952
fsd,fsd,f-s-d,26,2,1.517
fsd,fsd,f-s-d,27,3,2.606
fsd,fsd,f-s-d,28,4,2.797
fsd,fsd,f-s-d,29,2,2.049
fsd,fsd,f-s-d,30,1,1.224
fsd,fsd,f-s-d,38,1,1.364
fsd,fsd,f-s-d,40,1,0.82
fsd,fsd,f-s-d,47,1,1.855
fsd,fsd,f-s-d,89,1,7.299
fsq,fsq,f-s-q,2,5,0.818
fsq,fsq,f-s-q,3,2,0.575
fsq,fsq,f-s-q,5,8,2.853
fsq,fsq,f-s-q,6,3,0.984
fsq,fsq,f-s-q,7,4,1.205
fsq,fsq,f-s-q,9,7,2.802
fsq,fsq,f-s-q,10,1,0.546
fsq,fsq,f-s-q,17,1,0.643
fsq,fsq,f-s-q,18,1,0.633
fsq,fsq,f-s-q,21,1,0.855
fsq,fsq,f-s-q,24,2,1.52
fsq,fsq,f-s-q,27,1,0.869
fsq,fsq,f-s-q,28,1,0.699
fsq,fsq,f-s-q,29,1,1.025
fsq,fsq,f-s-q,32,2,5.376
fsq,fsq,f-s-q,43,1,1.205
fsq,fsq,f-s-q,46,2,3.11
fsq,fsq,f-s-q,49,3,8.646
fsq,fsq,f-s-q,51,1,2.778
fsq,fsq,f-s-q,57,3,5.226
fsq,fsq,f-s-q,59,2,4.494
fsq,fsq,f-s-q,61,1,4.525
fsq,fsq,f-s-q,63,1,5.556
fsr,fsr,f-s-r,25,1,1.12
ftA,ftuA,f-t-a,12,1,0.563
ftH,ftuH,f-t-ḥ,2,2,0.327
ftH,ftuH,f-t-ḥ,4,1,0.267
ftH,ftuH,f-t-ḥ,5,1,0.357
ftH,ftuH,f-t-ḥ,6,2,0.656
ftH,ftuH,f-t-ḥ,7,4,1.205
ftH,ftuH,f-t-ḥ,8,2,1.622
ftH,ftuH,f-t-ḥ,12,1,0.563
ftH,ftuH,f-t-ḥ,14,1,1.205
ftH,ftuH,f-t-ḥ,15,1,1.527
ftH,ftuH,f-t-ḥ,21,1,0.855
ftH,ftuH,f-t-ḥ,23,1,0.952
ftH,ftuH,f-t-ḥ,24,1,0.76
ftH,ftuH,f-t-ḥ,26,2,1.517
ftH,ftuH,f-t-ḥ,28,1,0.699
ftH,ftuH,f-t-ḥ,32,2,5.376
ftH,ftuH,f-t-ḥ,34,2,2.265
ftH,ftuH,f-t-ḥ,35,1,1.29
ftH,ftuH,f-t-ḥ,38,1,1.364
ftH,ftuH,f-t-ḥ,39,2,1.706
ftH,ftuH,f-t-ḥ,48,4,7.143
ftH,ftuH,f-t-ḥ,54,1,2.924
ftH,ftuH,f-t-ḥ,57,1,1.742
ftH,ftuH,f-t-ḥ,61,1,4.525
ftH,ftuH,f-t-ḥ,78,1,5.78
ftH,ftuH,f-t-ḥ,110,1,52.632
ftl,ftl,f-t-l,4,2,0.534
ftl,ftl,f-t-l,17,1,0.643
ftn,ftn,f-t-n,2,4,0.654
ftn,ftn,f-t-n,3,1,0.287
ftn,ftn,f-t-n,4,2,0.534
ftn,ftn,f-t-n,5,3,1.07
ftn,ftn,f-t-n,6,2,0.656
ftn,ftn,f-t-n,7,2,0.602
ftn,ftn,f-t-n,8,4,3.244
ftn,ftn,f-t-n,9,5,2.002
ftn,ftn,f-t-n,10,2,1.091
ftn,ftn,f-t-n,16,1,0.542
ftn,ftn,f-t-n,17,2,1.285
ftn,ftn,f-t-n,20,5,3.745
ftn,ftn,f-t-n,21,2,1.711
ftn,ftn,f-t-n,22,2,1.57
ftn,ftn,f-t-n,24,1,0.76
ftn,ftn,f-t-n,25,1,1.12
ftn,ftn,f-t-n,27,1,0.869
ftn,ftn,f-t-n,29,3,3.074
ftn,ftn,f-t-n,33,1,0.777
ftn,ftn,f-t-n,37,2,2.326
ftn,ftn,f-t-n,38,2,2.729
ftn,ftn,f-t-n,39,1,0.853
ftn,ftn,f-t-n,44,1,2.89
ftn,ftn,f-t-n,51,2,5.556
ftn,ftn,f-t-n,54,1,2.924
ftn,ftn,f-t-n,57,1,1.742
ftn,ftn,f-t-n,60,1,2.874
ftn,ftn,f-t-n,64,1,4.149
ftn,ftn,f-t-n,68,1,3.333
ftn,ftn,f-t-n,72,1,3.509
ftn,ftn,f-t-n,74,1,3.922
ftn,ftn,f-t-n,85,1,9.174
ftq,ftq,f-t-q,21,1,0.855
ftr,ftr,f-t-r,5,1,0.357
ftr,ftr,f-t-r,21,1,0.855
ftr,ftr,f-t-r,43,1,1.205
fty,fty,f-t-y,4,5,1.334
fty,fty,f-t-y,12,6,3.376
fty,fty,f-t-y,18,5,3.167
fty,fty,f-t-y,21,1,0.855
fty,fty,f-t-y,24,1,0.76
fty,fty,f-t-y,27,1,0.869
fty,fty,f-t-y,37,2,2.326
fwD,fwuD,f-w-ḍ,40,1,0.82
fwh,fwh,f-w-h,3,2,0.575
fwh,fwh,f-w-h,5,1,0.357
fwh,fwh,f-w-h,9,3,1.201
fwh,fwh,f-w-h,13,1,1.172
fwh,fwh,f-w-h,14,1,1.205
fwh,fwh,f-w-h,18,1,0.633
fwh,fwh,f-w-h,24,1,0.76
fwh,fwh,f-w-h,33,1,0.777
fwh,fwh,f-w-h,36,1,1.379
fwh,fwh,f-w-h,61,1,4.525
fwj,fwj,f-w-j,27,1,0.869
fwj,fwj,f-w-j,38,1,1.364
fwj,fwj,f-w-j,67,1,3.003
fwj,fwj,f-w-j,78,1,5.78
fwj,fwj,f-w-j,110,1,52.632
fwm,fwm,f-w-m,2,1,0.164
fwq,fwq,f-w-q,2,4,0.654
fwq,fwq,f-w-q,3,1,0.287
fwq,fwq,f-w-q,4,2,0.534
fwq,fwq,f-w-q,5,1,0.357
fwq,fwq,f-w-q,6,4,1.311
fwq,fwq,f-w-q,7,4,1.205
fwq,fwq,f-w-q,8,1,0.811
fwq,fwq,f-w-q,12,2,1.125
fwq,fwq,f-w-q,14,1,1.205
fwq,fwq,f-w-q,16,3,1.627
fwq,fwq,f-w-q,22,1,0.785
fwq,fwq,f-w-q,23,1,0.952
fwq,fwq,f-w-q,24,3,2.28
fwq,fwq,f-w-q,29,1,1.025
fwq,fwq,f-w-q,33,1,0.777
fwq,fwq,f-w-q,38,1,1.364
fwq,fwq,f-w-q,39,2,1.706
fwq,fwq,f-w-q,41,1,1.259
fwq,fwq,f-w-q,42,1,1.163
fwq,fwq,f-w-q,43,1,1.205
fwq,fwq,f-w-q,44,1,2.89
fwq,fwq,f-w-q,48,1,1.786
fwq,fwq,f-w-q,49,1,2.882
fwq,fwq,f-w-q,50,1,2.681
fwq,fwq,f-w-q,67,1,3.003
fwq,fwq,f-w-q,69,1,3.876
fwq,fwq,f-w-q,78,1,5.78
fwr,fwr,f-w-r,3,1,0.287
fwr,fwr,f-w-r,11,1,0.522
fwr,fwr,f-w-r,23,1,0.952
fwr,fwr,f-w-r,67,1,3.003
fwt,fwt,f-w-t,3,1,0.287
fwt,fwt,f-w-t,34,1,1.133
fwt,fwt,f-w-t,57,1,1.742
fwt,fwt,f-w-t,60,1,2.874
fwt,fwt,f-w-t,67,1,3.003
fwz,fwz,f-w-z,3,2,0.575
fwz,fwz,f-w-z,4,3,0.801
fwz,fwz,f-w-z,5,1,0.357
fwz,fwz,f-w-z,6,1,0.328
fwz,fwz,f-w-z,9,5,2.002
fwz,fwz,f-w-z,10,1,0.546
fwz,fwz,f-w-z,23,1,0.952
fwz,fwz,f-w-z,24,1,0.76
fwz,fwz,f-w-z,33,2,1.554
fwz,fwz,f-w-z,37,1,1.163
fwz,fwz,f-w-z,39,1,0.853
fwz,fwz,f-w-z,40,1,0.82
fwz,fwz,f-w-z,44,1,2.89
fwz,fwz,f-w-z,45,1,2.049
fwz,fwz,f-w-z,48,1,1.786
fwz,fwz,f-w-z,57,1,1.742
fwz,fwz,f-w-z,59,1,2.247
fwz,fwz,f-w-z,61,1,4.525
fwz,fwz,f-w-z,64,1,4.149
fwz,fwz,f-w-z,78,1,5.78
fwz,fwz,f-w-z,85,1,9.174
fxr,fxr,f-kh-r,4,1,0.267
fxr,fxr,f-kh-r,11,1,0.522
fxr,fxr,f-kh-r,31,1,1.832
fxr,fxr,f-kh-r,55,1,2.849
fxr,fxr,f-kh-r,57,2,3.484
fyA,fyuA,f-y-a,2,1,0.164
fyA,fyuA,f-y-a,16,1,0.542
fyA,fyuA,f-y-a,33,1,0.777
fyA,fyuA,f-y-a,49,2,5.764
fyA,fyuA,f-y-a,59,2,4.494
fyD,fyuD,f-y-ḍ,2,3,0.491
fyD,fyuD,f-y-ḍ,5,1,0.357
fyD,fyuD,f-y-ḍ,7,1,0.301
fyD,fyuD,f-y-ḍ,9,1,0.4
fyD,fyuD,f-y-ḍ,10,1,0.546
fyD,fyuD,f-y-ḍ,24,1,0.76
fyD,fyuD,f-y-ḍ,46,1,1.555
fyl,fyl,f-y-l,105,1,43.478
fzE,fzuE,f-z-ʿ,21,1,0.855
fzE,fzuE,f-z-ʿ,27,2,1.738
fzE,fzuE,f-z-ʿ,34,2,2.265
fzE,fzuE,f-z-ʿ,38,1,1.364
fzz,fzz,f-z-z,17,3,1.928
g$w,gshw,gh-sh-w,2,1,0.164
g$w,gshw,gh-sh-w,3,1,0.287
g$w,gshw,gh-sh-w,7,3,0.904
g$w,gshw,gh-sh-w,8,1,0.811
g$w,gshw,gh-sh-w,10,1,0.546
g$w,gshw,gh-sh-w,11,1,0.522
g$w,gshw,gh-sh-w,12,1,0.563
g$w,gshw,gh-sh-w,13,1,1.172
g$w,gshw,gh-sh-w,14,1,1.205
g$w,gshw,gh-sh-w,20,2,1.498
g$w,gshw,gh-sh-w,24,1,0.76
g$w,gshw,gh-sh-w,29,1,1.025
g$w,gshw,gh-sh-w,31,1,1.832
g$w,gshw,gh-sh-w,33,1,0.777
g$w,gshw,gh-sh-w,36,1,1.379
g$w,gshw,gh-sh-w,44,1,2.89
g$w,gshw,gh-sh-w,45,1,2.049
g$w,gshw,gh-sh-w,47,1,1.855
g$w,gshw,gh-sh-w,53,4,11.111
g$w,gshw,gh-sh-w,71,1,4.425
g$w,gshw,gh-sh-w,88,1,10.87
g$w,gshw,gh-sh-w,91,1,18.519
g$w,gshw,gh-sh-w,92,1,14.085
gDD,guDuD,gh-ḍ-ḍ,24,2,1.52
gDD,guDuD,gh-ḍ-ḍ,31,1,1.832
gDD,guDuD,gh-ḍ-ḍ,49,1,2.882
gDb,guDb,gh-ḍ-b,1,1,34.483
gDb,guDb,gh-ḍ-b,2,3,0.491
gDb,guDb,gh-ḍ-b,3,1,0.287
gDb,guDb,gh-ḍ-b,4,1,0.267
gDb,guDb,gh-ḍ-b,5,1,0.357
gDb,guDb,gh-ḍ-b,7,4,1.205
gDb,guDb,gh-ḍ-b,8,1,0.811
gDb,guDb,gh-ḍ-b,16,1,0.542
gDb,guDb,gh-ḍ-b,20,4,2.996
gDb,guDb,gh-ḍ-b,21,1,0.855
gDb,guDb,gh-ḍ-b,24,1,0.76
gDb,guDb,gh-ḍ-b,42,2,2.326
gDb,guDb,gh-ḍ-b,48,1,1.786
gDb,guDb,gh-ḍ-b,58,1,2.119
gDb,guDb,gh-ḍ-b,60,1,2.874
gSS,guSuS,gh-ṣ-ṣ,73,1,5.025
gSb,guSb,gh-ṣ-b,18,1,0.633
gT$,guTsh,gh-ṭ-sh,79,1,5.587
gTw,guTw,gh-ṭ-w,18,1,0.633
gTw,guTw,gh-ṭ-w,50,1,2.681
gbn,gbn,gh-b-n,64,1,4.149
gbr,gbr,gh-b-r,7,1,0.301
gbr,gbr,gh-b-r,15,1,1.527
gbr,gbr,gh-b-r,26,1,0.759
gbr,gbr,gh-b-r,27,1,0.869
gbr,gbr,gh-b-r,29,2,2.049
gbr,gbr,gh-b-r,37,1,1.163
gbr,gbr,gh-b-r,80,1,7.519
gdq,gdq,gh-d-q,72,1,3.509
gdr,gdr,gh-d-r,18,2,1.267
gdw,gdw,gh-d-w,3,1,0.287
gdw,gdw,gh-d-w,6,1,0.328
gdw,gdw,gh-d-w,7,1,0.301
gdw,gdw,gh-d-w,12,1,0.563
gdw,gdw,gh-d-w,13,1,1.172
gdw,gdw,gh-d-w,18,3,1.9
gdw,gdw,gh-d-w,24,1,0.76
gdw,gdw,gh-d-w,31,1,1.832
gdw,gdw,gh-d-w,34,1,1.133
gdw,gdw,gh-d-w,40,1,0.82
gdw,gdw,gh-d-w,54,1,2.924
gdw,gdw,gh-d-w,59,1,2.247
gdw,gdw,gh-d-w,68,2,6.667
gfl,gfl,gh-f-l,2,5,0.818
gfl,gfl,gh-f-l,3,1,0.287
gfl,gfl,gh-f-l,4,1,0.267
gfl,gfl,gh-f-l,6,3,0.984
gfl,gfl,gh-f-l,7,5,1.506
gfl,gfl,gh-f-l,10,3,1.637
gfl,gfl,gh-f-l,11,1,0.522
gfl,gfl,gh-f-l,12,2,1.125
gfl,gfl,gh-f-l,14,1,1.205
gfl,gfl,gh-f-l,16,1,0.542
gfl,gfl,gh-f-l,18,1,0.633
gfl,gfl,gh-f-l,19,1,1.041
gfl,gfl,gh-f-l,21,2,1.711
gfl,gfl,gh-f-l,23,1,0.952
gfl,gfl,gh-f-l,24,1,0.76
gfl,gfl,gh-f-l,27,1,0.869
gfl,gfl,gh-f-l,28,1,0.699
gfl,gfl,gh-f-l,30,1,1.224
gfl,gfl,gh-f-l,36,1,1.379
gfl,gfl,gh-f-l,46,1,1.555
gfl,gfl,gh-f-l,50,1,2.681
gfr,gfr,gh-f-r,2,17,2.78
gfr,gfr,gh-f-r,3,16,4.596
gfr,gfr,gh-f-r,4,21,5.604
gfr,gfr,gh-f-r,5,11,3.923
gfr,gfr,gh-f-r,6,3,0.984
gfr,gfr,gh-f-r,7,9,2.711
gfr,gfr,gh-f-r,8,8,6.488
gfr,gfr,gh-f-r,9,11,4.404
gfr,gfr,gh-f-r,10,1,0.546
gfr,gfr,gh-f-r,11,7,3.652
gfr,gfr,gh-f-r,12,6,3.376
gfr,gfr,gh-f-r,13,1,1.172
gfr,gfr,gh-f-r,14,3,3.614
gfr,gfr,gh-f-r,15,1,1.527
gfr,gfr,gh-f-r,16,4,2.169
gfr,gfr,gh-f-r,17,2,1.285
gfr,gfr,gh-f-r,18,2,1.267
gfr,gfr,gh-f-r,19,1,1.041
gfr,gfr,gh-f-r,20,2,1.498
gfr,gfr,gh-f-r,22,2,1.57
gfr,gfr,gh-f-r,23,2,1.905
gfr,gfr,gh-f-r,24,7,5.319
gfr,gfr,gh-f-r,25,2,2.24
gfr,gfr,gh-f-r,26,3,2.276
gfr,gfr,gh-f-r,27,2,1.738
gfr,gfr,gh-f-r,28,3,2.098
gfr,gfr,gh-f-r,33,7,5.439
gfr,gfr,gh-f-r,34,3,3.398
gfr,gfr,gh-f-r,35,5,6.452
gfr,gfr,gh-f-r,36,2,2.759
gfr,gfr,gh-f-r,38,4,5.457
gfr,gfr,gh-f-r,39,3,2.56
gfr,gfr,gh-f-r,40,5,4.102
gfr,gfr,gh-f-r,41,3,3.778
gfr,gfr,gh-f-r,42,5,5.814
gfr,gfr,gh-f-r,45,1,2.049
gfr,gfr,gh-f-r,46,2,3.11
gfr,gfr,gh-f-r,47,3,5.566
gfr,gfr,gh-f-r,48,5,8.929
gfr,gfr,gh-f-r,49,3,8.646
gfr,gfr,gh-f-r,51,1,2.778
gfr,gfr,gh-f-r,53,1,2.778
gfr,gfr,gh-f-r,57,4,6.969
gfr,gfr,gh-f-r,58,2,4.237
gfr,gfr,gh-f-r,59,1,2.247
gfr,gfr,gh-f-r,60,5,14.368
gfr,gfr,gh-f-r,61,1,4.525
gfr,gfr,gh-f-r,63,4,22.222
gfr,gfr,gh-f-r,64,3,12.448
gfr,gfr,gh-f-r,66,2,8.032
gfr,gfr,gh-f-r,67,2,6.006
gfr,gfr,gh-f-r,71,5,22.124
gfr,gfr,gh-f-r,73,2,10.05
gfr,gfr,gh-f-r,74,1,3.922
gfr,gfr,gh-f-r,85,1,9.174
gfr,gfr,gh-f-r,110,1,52.632
glZ,gluZ,gh-l-ẓ,3,1,0.287
glZ,gluZ,gh-l-ẓ,4,2,0.534
glZ,gluZ,gh-l-ẓ,9,2,0.801
glZ,gluZ,gh-l-ẓ,11,1,0.522
glZ,gluZ,gh-l-ẓ,14,1,1.205
glZ,gluZ,gh-l-ẓ,31,1,1.832
glZ,gluZ,gh-l-ẓ,33,1,0.777
glZ,gluZ,gh-l-ẓ,41,1,1.259
glZ,gluZ,gh-l-ẓ,48,1,1.786
glZ,gluZ,gh-l-ẓ,66,2,8.032
glb,glb,gh-l-b,2,1,0.164
glb,glb,gh-l-b,3,2,0.575
glb,glb,gh-l-b,4,1,0.267
glb,glb,gh-l-b,5,2,0.713
glb,glb,gh-l-b,7,2,0.602
glb,glb,gh-l-b,8,6,4.866
glb,glb,gh-l-b,12,1,0.563
glb,glb,gh-l-b,18,1,0.633
glb,glb,gh-l-b,21,1,0.855
glb,glb,gh-l-b,23,1,0.952
glb,glb,gh-l-b,26,3,2.276
glb,glb,gh-l-b,28,1,0.699
glb,glb,gh-l-b,30,3,3.672
glb,glb,gh-l-b,37,2,2.326
glb,glb,gh-l-b,41,1,1.259
glb,glb,gh-l-b,54,1,2.924
glb,glb,gh-l-b,58,1,2.119
glb,glb,gh-l-b,80,1,7.519
glf,glf,gh-l-f,2,1,0.164
glf,glf,gh-l-f,4,1,0.267
gll,gll,gh-l-l,3,3,0.862
gll,gll,gh-l-l,5,2,0.713
gll,gll,gh-l-l,7,2,0.602
gll,gll,gh-l-l,13,1,1.172
gll,gll,gh-l-l,15,1,1.527
gll,gll,gh-l-l,17,1,0.643
gll,gll,gh-l-l,34,1,1.133
gll,gll,gh-l-l,36,1,1.379
gll,gll,gh-l-l,40,1,0.82
gll,gll,gh-l-l,59,1,2.247
gll,gll,gh-l-l,69,1,3.876
gll,gll,gh-l-l,76,1,4.115
glm,glm,gh-l-m,3,1,0.287
glm,glm,gh-l-m,12,1,0.563
glm,glm,gh-l-m,15,1,1.527
glm,glm,gh-l-m,18,3,1.9
glm,glm,gh-l-m,19,4,4.162
glm,glm,gh-l-m,37,1,1.163
glm,glm,gh-l-m,51,1,2.778
glm,glm,gh-l-m,52,1,3.205
glq,glq,gh-l-q,12,1,0.563
glw,glw,gh-l-w,4,1,0.267
glw,glw,gh-l-w,5,1,0.357
gly,gly,gh-l-y,44,2,5.78
gmD,gmuD,gh-m-ḍ,2,1,0.164
gmm,gmm,gh-m-m,2,2,0.327
gmm,gmm,gh-m-m,3,3,0.862
gmm,gmm,gh-m-m,7,1,0.301
gmm,gmm,gh-m-m,10,1,0.546
gmm,gmm,gh-m-m,20,1,0.749
gmm,gmm,gh-m-m,21,1,0.855
gmm,gmm,gh-m-m,22,1,0.785
gmm,gmm,gh-m-m,25,1,1.12
gmr,gmr,gh-m-r,6,1,0.328
gmr,gmr,gh-m-r,23,2,1.905
gmr,gmr,gh-m-r,51,1,2.778
gmz,gmz,gh-m-z,83,1,5.917
gnm,gnm,gh-n-m,4,1,0.267
gnm,gnm,gh-n-m,6,1,0.328
gnm,gnm,gh-n-m,8,2,1.622
gnm,gnm,gh-n-m,20,1,0.749
gnm,gnm,gh-n-m,21,1,0.855
gnm,gnm,gh-n-m,48,3,5.357
gny,gny,gh-n-y,2,3,0.491
gny,gny,gh-n-y,3,4,1.149
gny,gny,gh-n-y,4,4,1.068
gny,gny,gh-n-y,6,1,0.328
gny,gny,gh-n-y,7,2,0.602
gny,gny,gh-n-y,8,1,0.811
gny,gny,gh-n-y,9,4,1.601
gny,gny,gh-n-y,10,4,2.182
gny,gny,gh-n-y,11,3,1.565
gny,gny,gh-n-y,12,2,1.125
gny,gny,gh-n-y,14,2,2.41
gny,gny,gh-n-y,15,1,1.527
gny,gny,gh-n-y,19,1,1.041
gny,gny,gh-n-y,22,1,0.785
gny,gny,gh-n-y,24,2,1.52
gny,gny,gh-n-y,26,1,0.759
gny,gny,gh-n-y,27,1,0.869
gny,gny,gh-n-y,29,1,1.025
gny,gny,gh-n-y,31,2,3.663
gny,gny,gh-n-y,35,1,1.29
gny,gny,gh-n-y,36,1,1.379
gny,gny,gh-n-y,39,2,1.706
gny,gny,gh-n-y,40,2,1.641
gny,gny,gh-n-y,44,1,2.89
gny,gny,gh-n-y,45,2,4.098
gny,gny,gh-n-y,46,1,1.555
gny,gny,gh-n-y,47,1,1.855
gny,gny,gh-n-y,52,1,3.205
gny,gny,gh-n-y,53,3,8.333
gny,gny,gh-n-y,54,1,2.924
gny,gny,gh-n-y,57,1,1.742
gny,gny,gh-n-y,58,1,2.119
gny,gny,gh-n-y,59,1,2.247
gny,gny,gh-n-y,60,1,2.874
gny,gny,gh-n-y,64,2,8.299
gny,gny,gh-n-y,66,1,4.016
gny,gny,gh-n-y,69,1,3.876
gny,gny,gh-n-y,77,1,5.525
gny,gny,gh-n-y,80,2,15.038
gny,gny,gh-n-y,88,1,10.87
gny,gny,gh-n-y,92,2,28.169
gny,gny,gh-n-y,93,1,25
gny,gny,gh-n-y,96,1,13.889
gny,gny,gh-n-y,111,1,43.478
grb,grb,gh-r-b,2,4,0.654
grb,grb,gh-r-b,5,2,0.713
grb,grb,gh-r-b,7,1,0.301
grb,grb,gh-r-b,18,3,1.9
grb,grb,gh-r-b,20,1,0.749
grb,grb,gh-r-b,24,1,0.76
grb,grb,gh-r-b,26,1,0.759
grb,grb,gh-r-b,28,1,0.699
grb,grb,gh-r-b,35,1,1.29
grb,grb,gh-r-b,50,1,2.681
grb,grb,gh-r-b,55,1,2.849
grb,grb,gh-r-b,70,1,4.608
grb,grb,gh-r-b,73,1,5.025
grf,grf,gh-r-f,2,2,0.327
grf,grf,gh-r-f,25,1,1.12
grf,grf,gh-r-f,29,1,1.025
grf,grf,gh-r-f,34,1,1.133
grf,grf,gh-r-f,39,2,1.706
grm,grm,gh-r-m,9,2,0.801
grm,grm,gh-r-m,25,1,1.12
grm,grm,gh-r-m,52,1,3.205
grm,grm,gh-r-m,56,1,2.639
grm,grm,gh-r-m,68,1,3.333
grq,grq,gh-r-q,2,1,0.164
grq,grq,gh-r-q,7,2,0.602
grq,grq,gh-r-q,8,1,0.811
grq,grq,gh-r-q,10,2,1.091
grq,grq,gh-r-q,11,2,1.043
grq,grq,gh-r-q,17,2,1.285
grq,grq,gh-r-q,18,1,0.633
grq,grq,gh-r-q,21,1,0.855
grq,grq,gh-r-q,23,1,0.952
grq,grq,gh-r-q,25,1,1.12
grq,grq,gh-r-q,26,2,1.517
grq,grq,gh-r-q,29,1,1.025
grq,grq,gh-r-q,36,1,1.379
grq,grq,gh-r-q,37,1,1.163
grq,grq,gh-r-q,43,1,1.205
grq,grq,gh-r-q,44,1,2.89
grq,grq,gh-r-q,71,1,4.425
grq,grq,gh-r-q,79,1,5.587
grr,grr,gh-r-r,3,3,0.862
grr,grr,gh-r-r,4,1,0.267
grr,grr,gh-r-r,6,3,0.984
grr,grr,gh-r-r,7,2,0.602
grr,grr,gh-r-r,8,1,0.811
grr,grr,gh-r-r,17,1,0.643
grr,grr,gh-r-r,31,3,5.495
grr,grr,gh-r-r,33,1,0.777
grr,grr,gh-r-r,35,4,5.161
grr,grr,gh-r-r,40,1,0.82
grr,grr,gh-r-r,45,1,2.049
grr,grr,gh-r-r,57,4,6.969
grr,grr,gh-r-r,67,1,3.003
grr,grr,gh-r-r,82,1,12.5
grw,grw,gh-r-w,5,1,0.357
grw,grw,gh-r-w,33,1,0.777
gsl,gsl,gh-s-l,4,1,0.267
gsl,gsl,gh-s-l,5,1,0.357
gsl,gsl,gh-s-l,38,1,1.364
gsl,gsl,gh-s-l,69,1,3.876
gsq,gsq,gh-s-q,17,1,0.643
gsq,gsq,gh-s-q,38,1,1.364
gsq,gsq,gh-s-q,78,1,5.78
gsq,gsq,gh-s-q,113,1,43.478
gvw,gvw,gh-th-w,23,1,0.952
gvw,gvw,gh-th-w,87,1,13.889
gwS,gwuS,gh-w-ṣ,21,1,0.855
gwS,gwuS,gh-w-ṣ,38,1,1.364
gwT,gwuT,gh-w-ṭ,4,1,0.267
gwT,gwuT,gh-w-ṭ,5,1,0.357
gwl,gwl,gh-w-l,37,1,1.163
gwr,gwr,gh-w-r,9,2,0.801
gwr,gwr,gh-w-r,18,1,0.633
gwr,gwr,gh-w-r,67,1,3.003
gwv,gwv,gh-w-th,8,1,0.811
gwv,gwv,gh-w-th,18,2,1.267
gwv,gwv,gh-w-th,28,1,0.699
gwv,gwv,gh-w-th,46,1,1.555
gwy,gwy,gh-w-y,2,1,0.164
gwy,gwy,gh-w-y,7,4,1.205
gwy,gwy,gh-w-y,11,1,0.522
gwy,gwy,gh-w-y,15,3,4.58
gwy,gwy,gh-w-y,19,1,1.041
gwy,gwy,gh-w-y,20,1,0.749
gwy,gwy,gh-w-y,26,3,2.276
gwy,gwy,gh-w-y,28,4,2.797
gwy,gwy,gh-w-y,37,2,2.326
gwy,gwy,gh-w-y,38,1,1.364
gwy,gwy,gh-w-y,53,1,2.778
gyD,gyuD,gh-y-ḍ,11,1,0.522
gyD,gyuD,gh-y-ḍ,13,1,1.172
gyZ,gyuZ,gh-y-ẓ,3,3,0.862
gyZ,gyuZ,gh-y-ẓ,9,2,0.801
gyZ,gyuZ,gh-y-ẓ,22,1,0.785
gyZ,gyuZ,gh-y-ẓ,25,1,1.12
gyZ,gyuZ,gh-y-ẓ,26,1,0.759
gyZ,gyuZ,gh-y-ẓ,33,1,0.777
gyZ,gyuZ,gh-y-ẓ,48,1,1.786
gyZ,gyuZ,gh-y-ẓ,67,1,3.003
gyb,gyb,gh-y-b,2,2,0.327
gyb,gyb,gh-y-b,3,2,0.575
gyb,gyb,gh-y-b,4,1,0.267
gyb,gyb,gh-y-b,5,3,1.07
gyb,gyb,gh-y-b,6,3,0.984
gyb,gyb,gh-y-b,7,2,0.602
gyb,gyb,gh-y-b,9,3,1.201
gyb,gyb,gh-y-b,10,1,0.546
gyb,gyb,gh-y-b,11,3,1.565
gyb,gyb,gh-y-b,12,5,2.814
gyb,gyb,gh-y-b,13,1,1.172
gyb,gyb,gh-y-b,16,1,0.542
gyb,gyb,gh-y-b,18,2,1.267
gyb,gyb,gh-y-b,19,2,2.081
gyb,gyb,gh-y-b,21,1,0.855
gyb,gyb,gh-y-b,23,1,0.952
gyb,gyb,gh-y-b,27,3,2.606
gyb,gyb,gh-y-b,32,1,2.688
gyb,gyb,gh-y-b,34,4,4.53
gyb,gyb,gh-y-b,35,2,2.581
gyb,gyb,gh-y-b,36,1,1.379
gyb,gyb,gh-y-b,39,1,0.853
gyb,gyb,gh-y-b,49,2,5.764
gyb,gyb,gh-y-b,50,1,2.681
gyb,gyb,gh-y-b,52,1,3.205
gyb,gyb,gh-y-b,53,1,2.778
gyb,gyb,gh-y-b,57,1,1.742
gyb,gyb,gh-y-b,59,1,2.247
gyb,gyb,gh-y-b,62,1,5.714
gyb,gyb,gh-y-b,64,1,4.149
gyb,gyb,gh-y-b,67,1,3.003
gyb,gyb,gh-y-b,68,1,3.333
gyb,gyb,gh-y-b,72,2,7.018
gyb,gyb,gh-y-b,81,1,9.615
gyb,gyb,gh-y-b,82,1,12.5
gyr,gyr,gh-y-r,1,1,34.483
gyr,gyr,gh-y-r,2,7,1.145
gyr,gyr,gh-y-r,3,8,2.298
gyr,gyr,gh-y-r,4,12,3.203
gyr,gyr,gh-y-r,5,7,2.496
gyr,gyr,gh-y-r,6,17,5.574
gyr,gyr,gh-y-r,7,9,2.711
gyr,gyr,gh-y-r,8,3,2.433
gyr,gyr,gh-y-r,9,3,1.201
gyr,gyr,gh-y-r,10,2,1.091
gyr,gyr,gh-y-r,11,11,5.738
gyr,gyr,gh-y-r,13,4,4.689
gyr,gyr,gh-y-r,14,2,2.41
gyr,gyr,gh-y-r,16,5,2.711
gyr,gyr,gh-y-r,17,1,0.643
gyr,gyr,gh-y-r,18,1,0.633
gyr,gyr,gh-y-r,20,1,0.749
gyr,gyr,gh-y-r,22,5,3.925
gyr,gyr,gh-y-r,23,3,2.857
gyr,gyr,gh-y-r,24,5,3.799
gyr,gyr,gh-y-r,26,1,0.759
gyr,gyr,gh-y-r,27,2,1.738
gyr,gyr,gh-y-r,28,6,4.196
gyr,gyr,gh-y-r,30,2,2.448
gyr,gyr,gh-y-r,31,3,5.495
gyr,gyr,gh-y-r,33,2,1.554
gyr,gyr,gh-y-r,35,2,2.581
gyr,gyr,gh-y-r,38,1,1.364
gyr,gyr,gh-y-r,39,3,2.56
gyr,gyr,gh-y-r,40,4,3.281
gyr,gyr,gh-y-r,41,2,2.519
gyr,gyr,gh-y-r,42,1,1.163
gyr,gyr,gh-y-r,43,1,1.205
gyr,gyr,gh-y-r,46,1,1.555
gyr,gyr,gh-y-r,47,3,5.566
gyr,gyr,gh-y-r,48,1,1.786
gyr,gyr,gh-y-r,50,1,2.681
gyr,gyr,gh-y-r,51,1,2.778
gyr,gyr,gh-y-r,52,2,6.41
gyr,gyr,gh-y-r,56,1,2.639
gyr,gyr,gh-y-r,68,1,3.333
gyr,gyr,gh-y-r,70,2,9.217
gyr,gyr,gh-y-r,74,1,3.922
gyr,gyr,gh-y-r,84,1,9.346
gyr,gyr,gh-y-r,95,1,29.412
gyr,gyr,gh-y-r,100,1,25
gyv,gyv,gh-y-th,12,1,0.563
gyv,gyv,gh-y-th,31,1,1.832
gyv,gyv,gh-y-th,42,1,1.163
gyv,gyv,gh-y-th,57,1,1.742
gzl,gzl,gh-z-l,16,1,0.542
gzw,gzw,gh-z-w,3,1,0.287
h$$,hshsh,h-sh-sh,20,1,0.749
h$m,hshm,h-sh-m,18,1,0.633
h$m,hshm,h-sh-m,54,1,2.924
hAt,huAt,h-a-t,2,1,0.164
hAt,huAt,h-a-t,21,1,0.855
hAt,huAt,h-a-t,27,1,0.869
hAt,huAt,h-a-t,28,1,0.699
hDm,huDm,h-ḍ-m,20,1,0.749
hDm,huDm,h-ḍ-m,26,1,0.759
hTE,huTuE,h-ṭ-ʿ,14,1,1.205
hTE,huTuE,h-ṭ-ʿ,54,1,2.924
hTE,huTuE,h-ṭ-ʿ,70,1,4.608
hbT,hbuT,h-b-ṭ,2,4,0.654
hbT,hbuT,h-b-ṭ,7,2,0.602
hbT,hbuT,h-b-ṭ,11,1,0.522
hbT,hbuT,h-b-ṭ,20,1,0.749
hbw,hbw,h-b-w,25,1,1.12
hbw,hbw,h-b-w,56,1,2.639
hdd,hdd,h-d-d,19,1,1.041
hdhd,hdhd,h-d-h-d,27,1,0.869
hdm,hdm,h-d-m,22,1,0.785
hdy,hdy,h-d-y,1,1,34.483
hdy,hdy,h-d-y,2,34,5.559
hdy,hdy,h-d-y,3,11,3.16
hdy,hdy,h-d-y,4,9,2.402
hdy,hdy,h-d-y,5,13,4.636
hdy,hdy,h-d-y,6,27,8.852
hdy,hdy,h-d-y,7,19,5.723
hdy,hdy,h-d-y,9,8,3.203
hdy,hdy,h-d-y,10,12,6.547
hdy,hdy,h-d-y,12,2,1.125
hdy,hdy,h-d-y,13,4,4.689
hdy,hdy,h-d-y,14,4,4.819
hdy,hdy,h-d-y,16,14,7.592
hdy,hdy,h-d-y,17,8,5.141
hdy,hdy,h-d-y,18,7,4.433
hdy,hdy,h-d-y,19,4,4.162
hdy,hdy,h-d-y,20,10,7.491
hdy,hdy,h-d-y,21,2,1.711
hdy,hdy,h-d-y,22,8,6.279
hdy,hdy,h-d-y,23,1,0.952
hdy,hdy,h-d-y,24,3,2.28
hdy,hdy,h-d-y,25,1,1.12
hdy,hdy,h-d-y,26,2,1.517
hdy,hdy,h-d-y,27,11,9.557
hdy,hdy,h-d-y,28,12,8.392
hdy,hdy,h-d-y,29,1,1.025
hdy,hdy,h-d-y,30,2,2.448
hdy,hdy,h-d-y,31,3,5.495
hdy,hdy,h-d-y,32,5,13.441
hdy,hdy,h-d-y,33,1,0.777
hdy,hdy,h-d-y,34,4,4.53
hdy,hdy,h-d-y,35,2,2.581
hdy,hdy,h-d-y,36,1,1.379
hdy,hdy,h-d-y,37,3,3.488
hdy,hdy,h-d-y,38,1,1.364
hdy,hdy,h-d-y,39,9,7.679
hdy,hdy,h-d-y,40,6,4.922
hdy,hdy,h-d-y,41,3,3.778
hdy,hdy,h-d-y,42,3,3.488
hdy,hdy,h-d-y,43,7,8.434
hdy,hdy,h-d-y,45,3,6.148
hdy,hdy,h-d-y,46,3,4.666
hdy,hdy,h-d-y,47,5,9.276
hdy,hdy,h-d-y,48,4,7.143
hdy,hdy,h-d-y,49,1,2.882
hdy,hdy,h-d-y,53,2,5.556
hdy,hdy,h-d-y,57,1,1.742
hdy,hdy,h-d-y,61,3,13.575
hdy,hdy,h-d-y,62,1,5.714
hdy,hdy,h-d-y,63,1,5.556
hdy,hdy,h-d-y,64,2,8.299
hdy,hdy,h-d-y,67,1,3.003
hdy,hdy,h-d-y,68,1,3.333
hdy,hdy,h-d-y,72,2,7.018
hdy,hdy,h-d-y,74,1,3.922
hdy,hdy,h-d-y,76,1,4.115
hdy,hdy,h-d-y,79,1,5.587
hdy,hdy,h-d-y,87,1,13.889
hdy,hdy,h-d-y,90,1,12.195
hdy,hdy,h-d-y,92,1,14.085
hdy,hdy,h-d-y,93,1,25
hdy,hdy,h-d-y,96,1,13.889
hjE,hjuE,h-j-ʿ,51,1,2.778
hjd,hjd,h-j-d,17,1,0.643
hjr,hjr,h-j-r,2,1,0.164
hjr,hjr,h-j-r,3,1,0.287
hjr,hjr,h-j-r,4,5,1.334
hjr,hjr,h-j-r,8,5,4.055
hjr,hjr,h-j-r,9,3,1.201
hjr,hjr,h-j-r,16,2,1.085
hjr,hjr,h-j-r,19,1,1.041
hjr,hjr,h-j-r,22,1,0.785
hjr,hjr,h-j-r,23,1,0.952
hjr,hjr,h-j-r,24,1,0.76
hjr,hjr,h-j-r,25,1,1.12
hjr,hjr,h-j-r,29,1,1.025
hjr,hjr,h-j-r,33,2,1.554
hjr,hjr,h-j-r,59,2,4.494
hjr,hjr,h-j-r,60,1,2.874
hjr,hjr,h-j-r,73,2,10.05
hjr,hjr,h-j-r,74,1,3.922
hlE,hluE,h-l-ʿ,70,1,4.608
hlk,hlk,h-l-k,2,2,0.327
hlk,hlk,h-l-k,3,1,0.287
hlk,hlk,h-l-k,4,1,0.267
hlk,hlk,h-l-k,5,1,0.357
hlk,hlk,h-l-k,6,5,1.639
hlk,hlk,h-l-k,7,6,1.807
hlk,hlk,h-l-k,8,3,2.433
hlk,hlk,h-l-k,9,1,0.4
hlk,hlk,h-l-k,10,1,0.546
hlk,hlk,h-l-k,11,1,0.522
hlk,hlk,h-l-k,12,1,0.563
hlk,hlk,h-l-k,14,1,1.205
hlk,hlk,h-l-k,15,1,1.527
hlk,hlk,h-l-k,17,3,1.928
hlk,hlk,h-l-k,18,2,1.267
hlk,hlk,h-l-k,19,2,2.081
hlk,hlk,h-l-k,20,2,1.498
hlk,hlk,h-l-k,21,3,2.566
hlk,hlk,h-l-k,22,1,0.785
hlk,hlk,h-l-k,23,1,0.952
hlk,hlk,h-l-k,26,2,1.517
hlk,hlk,h-l-k,27,1,0.869
hlk,hlk,h-l-k,28,6,4.196
hlk,hlk,h-l-k,29,1,1.025
hlk,hlk,h-l-k,32,1,2.688
hlk,hlk,h-l-k,36,1,1.379
hlk,hlk,h-l-k,38,1,1.364
hlk,hlk,h-l-k,40,1,0.82
hlk,hlk,h-l-k,43,1,1.205
hlk,hlk,h-l-k,44,1,2.89
hlk,hlk,h-l-k,45,1,2.049
hlk,hlk,h-l-k,46,2,3.11
hlk,hlk,h-l-k,47,1,1.855
hlk,hlk,h-l-k,50,1,2.681
hlk,hlk,h-l-k,53,1,2.778
hlk,hlk,h-l-k,54,1,2.924
hlk,hlk,h-l-k,67,1,3.003
hlk,hlk,h-l-k,69,3,11.628
hlk,hlk,h-l-k,77,1,5.525
hlk,hlk,h-l-k,90,1,12.195
hll,hll,h-l-l,2,2,0.327
hll,hll,h-l-l,5,1,0.357
hll,hll,h-l-l,6,1,0.328
hll,hll,h-l-l,16,1,0.542
hmd,hmd,h-m-d,22,1,0.785
hmm,hmm,h-m-m,3,2,0.575
hmm,hmm,h-m-m,4,1,0.267
hmm,hmm,h-m-m,5,1,0.357
hmm,hmm,h-m-m,9,2,0.801
hmm,hmm,h-m-m,12,2,1.125
hmm,hmm,h-m-m,40,1,0.82
hmn,hmn,h-m-n,5,1,0.357
hmn,hmn,h-m-n,59,1,2.247
hmr,hmr,h-m-r,54,1,2.924
hms,hms,h-m-s,20,1,0.749
hmz,hmz,h-m-z,23,1,0.952
hmz,hmz,h-m-z,68,1,3.333
hmz,hmz,h-m-z,104,1,30.303
hnA,hnuA,h-n-a,4,1,0.267
hnA,hnuA,h-n-a,52,1,3.205
hnA,hnuA,h-n-a,69,1,3.876
hnA,hnuA,h-n-a,77,1,5.525
hrE,hruE,h-r-ʿ,11,1,0.522
hrE,hruE,h-r-ʿ,37,1,1.163
hrb,hrb,h-r-b,72,1,3.509
hwd,hwd,h-w-d,2,4,0.654
hwd,hwd,h-w-d,4,2,0.534
hwd,hwd,h-w-d,5,3,1.07
hwd,hwd,h-w-d,6,1,0.328
hwd,hwd,h-w-d,7,2,0.602
hwd,hwd,h-w-d,11,5,2.608
hwd,hwd,h-w-d,16,1,0.542
hwd,hwd,h-w-d,22,1,0.785
hwd,hwd,h-w-d,26,1,0.759
hwd,hwd,h-w-d,62,1,5.714
hwn,hwn,h-w-n,2,1,0.164
hwn,hwn,h-w-n,3,1,0.287
hwn,hwn,h-w-n,4,4,1.068
hwn,hwn,h-w-n,6,1,0.328
hwn,hwn,h-w-n,16,1,0.542
hwn,hwn,h-w-n,19,2,2.081
hwn,hwn,h-w-n,22,2,1.57
hwn,hwn,h-w-n,24,1,0.76
hwn,hwn,h-w-n,25,2,2.24
hwn,hwn,h-w-n,30,1,1.224
hwn,hwn,h-w-n,31,1,1.832
hwn,hwn,h-w-n,33,1,0.777
hwn,hwn,h-w-n,34,1,1.133
hwn,hwn,h-w-n,41,1,1.259
hwn,hwn,h-w-n,44,1,2.89
hwn,hwn,h-w-n,45,1,2.049
hwn,hwn,h-w-n,46,1,1.555
hwn,hwn,h-w-n,58,2,4.237
hwn,hwn,h-w-n,89,1,7.299
hwr,hwr,h-w-r,9,2,0.801
hwy,hwy,h-w-y,2,3,0.491
hwy,hwy,h-w-y,4,1,0.267
hwy,hwy,h-w-y,5,4,1.427
hwy,hwy,h-w-y,6,4,1.311
hwy,hwy,h-w-y,7,1,0.301
hwy,hwy,h-w-y,13,1,1.172
hwy,hwy,h-w-y,14,2,2.41
hwy,hwy,h-w-y,18,1,0.633
hwy,hwy,h-w-y,20,2,1.498
hwy,hwy,h-w-y,22,1,0.785
hwy,hwy,h-w-y,23,1,0.952
hwy,hwy,h-w-y,25,1,1.12
hwy,hwy,h-w-y,28,2,1.399
hwy,hwy,h-w-y,30,1,1.224
hwy,hwy,h-w-y,38,1,1.364
hwy,hwy,h-w-y,42,1,1.163
hwy,hwy,h-w-y,45,2,4.098
hwy,hwy,h-w-y,47,2,3.711
hwy,hwy,h-w-y,53,4,11.111
hwy,hwy,h-w-y,54,1,2.924
hwy,hwy,h-w-y,79,1,5.587
hwy,hwy,h-w-y,101,1,27.778
hyA,hyuA,h-y-a,3,1,0.287
hyA,hyuA,h-y-a,5,1,0.357
hyA,hyuA,h-y-a,18,2,1.267
hyj,hyj,h-y-j,39,1,0.853
hyj,hyj,h-y-j,57,1,1.742
hyl,hyl,h-y-l,73,1,5.025
hym,hym,h-y-m,26,1,0.759
hym,hym,h-y-m,56,1,2.639
hyt,hyt,h-y-t,12,1,0.563
hzA,hzuA,h-z-a,2,4,0.654
hzA,hzuA,h-z-a,4,1,0.267
hzA,hzuA,h-z-a,5,2,0.713
hzA,hzuA,h-z-a,6,3,0.984
hzA,hzuA,h-z-a,9,2,0.801
hzA,hzuA,h-z-a,11,1,0.522
hzA,hzuA,h-z-a,13,1,1.172
hzA,hzuA,h-z-a,15,2,3.053
hzA,hzuA,h-z-a,16,1,0.542
hzA,hzuA,h-z-a,18,2,1.267
hzA,hzuA,h-z-a,21,3,2.566
hzA,hzuA,h-z-a,25,1,1.12
hzA,hzuA,h-z-a,26,1,0.759
hzA,hzuA,h-z-a,30,1,1.224
hzA,hzuA,h-z-a,31,1,1.832
hzA,hzuA,h-z-a,36,1,1.379
hzA,hzuA,h-z-a,39,1,0.853
hzA,hzuA,h-z-a,40,1,0.82
hzA,hzuA,h-z-a,43,1,1.205
hzA,hzuA,h-z-a,45,3,6.148
hzA,hzuA,h-z-a,46,1,1.555
hzl,hzl,h-z-l,86,1,16.393
hzm,hzm,h-z-m,2,1,0.164
hzm,hzm,h-z-m,38,1,1.364
hzm,hzm,h-z-m,54,1,2.924
hzz,hzz,h-z-z,19,1,1.041
hzz,hzz,h-z-z,22,1,0.785
hzz,hzz,h-z-z,27,1,0.869
hzz,hzz,h-z-z,28,1,0.699
hzz,hzz,h-z-z,41,1,1.259
j**,jdhdh,j-dh-dh,11,1,0.522
j**,jdhdh,j-dh-dh,21,1,0.855
j*E,jdhuE,j-dh-ʿ,19,2,2.081
j*E,jdhuE,j-dh-ʿ,20,1,0.749
j*w,jdhw,j-dh-w,28,1,0.699
jAr,juAr,j-a-r,16,1,0.542
jAr,juAr,j-a-r,23,2,1.905
jEl,juEl,j-ʿ-l,2,15,2.453
jEl,juEl,j-ʿ-l,3,6,1.724
jEl,juEl,j-ʿ-l,4,10,2.669
jEl,juEl,j-ʿ-l,5,9,3.21
jEl,juEl,j-ʿ-l,6,19,6.23
jEl,juEl,j-ʿ-l,7,10,3.012
jEl,juEl,j-ʿ-l,8,4,3.244
jEl,juEl,j-ʿ-l,9,2,0.801
jEl,juEl,j-ʿ-l,10,9,4.91
jEl,juEl,j-ʿ-l,11,2,1.043
jEl,juEl,j-ʿ-l,12,5,2.814
jEl,juEl,j-ʿ-l,13,5,5.862
jEl,juEl,j-ʿ-l,14,4,4.819
jEl,juEl,j-ʿ-l,15,5,7.634
jEl,juEl,j-ʿ-l,16,14,7.592
jEl,juEl,j-ʿ-l,17,15,9.64
jEl,juEl,j-ʿ-l,18,15,9.5
jEl,juEl,j-ʿ-l,19,11,11.446
jEl,juEl,j-ʿ-l,20,3,2.247
jEl,juEl,j-ʿ-l,21,12,10.265
jEl,juEl,j-ʿ-l,22,6,4.71
jEl,juEl,j-ʿ-l,23,5,4.762
jEl,juEl,j-ʿ-l,24,3,2.28
jEl,juEl,j-ʿ-l,25,17,19.037
jEl,juEl,j-ʿ-l,26,4,3.035
jEl,juEl,j-ʿ-l,27,7,6.082
jEl,juEl,j-ʿ-l,28,11,7.692
jEl,juEl,j-ʿ-l,29,4,4.098
jEl,juEl,j-ʿ-l,30,4,4.896
jEl,juEl,j-ʿ-l,32,4,10.753
jEl,juEl,j-ʿ-l,33,3,2.331
jEl,juEl,j-ʿ-l,34,4,4.53
jEl,juEl,j-ʿ-l,35,3,3.871
jEl,juEl,j-ʿ-l,36,5,6.897
jEl,juEl,j-ʿ-l,37,4,4.651
jEl,juEl,j-ʿ-l,38,4,5.457
jEl,juEl,j-ʿ-l,39,3,2.56
jEl,juEl,j-ʿ-l,40,3,2.461
jEl,juEl,j-ʿ-l,41,4,5.038
jEl,juEl,j-ʿ-l,42,4,4.651
jEl,juEl,j-ʿ-l,43,12,14.458
jEl,juEl,j-ʿ-l,45,3,6.148
jEl,juEl,j-ʿ-l,46,1,1.555
jEl,juEl,j-ʿ-l,48,2,3.571
jEl,juEl,j-ʿ-l,49,1,2.882
jEl,juEl,j-ʿ-l,50,1,2.681
jEl,juEl,j-ʿ-l,51,2,5.556
jEl,juEl,j-ʿ-l,56,5,13.193
jEl,juEl,j-ʿ-l,57,4,6.969
jEl,juEl,j-ʿ-l,59,1,2.247
jEl,juEl,j-ʿ-l,60,2,5.747
jEl,juEl,j-ʿ-l,65,4,13.937
jEl,juEl,j-ʿ-l,67,3,9.009
jEl,juEl,j-ʿ-l,68,2,6.667
jEl,juEl,j-ʿ-l,69,1,3.876
jEl,juEl,j-ʿ-l,71,6,26.549
jEl,juEl,j-ʿ-l,72,1,3.509
jEl,juEl,j-ʿ-l,73,1,5.025
jEl,juEl,j-ʿ-l,74,3,11.765
jEl,juEl,j-ʿ-l,75,1,6.098
jEl,juEl,j-ʿ-l,76,1,4.115
jEl,juEl,j-ʿ-l,77,3,16.575
jEl,juEl,j-ʿ-l,78,5,28.902
jEl,juEl,j-ʿ-l,87,1,13.889
jEl,juEl,j-ʿ-l,90,1,12.195
jEl,juEl,j-ʿ-l,105,2,86.957
jHd,juHd,j-ḥ-d,6,1,0.328
jHd,juHd,j-ḥ-d,7,1,0.301
jHd,juHd,j-ḥ-d,11,1,0.522
jHd,juHd,j-ḥ-d,16,1,0.542
jHd,juHd,j-ḥ-d,27,1,0.869
jHd,juHd,j-ḥ-d,29,2,2.049
jHd,juHd,j-ḥ-d,31,1,1.832
jHd,juHd,j-ḥ-d,40,1,0.82
jHd,juHd,j-ḥ-d,41,2,2.519
jHd,juHd,j-ḥ-d,46,1,1.555
jHm,juHm,j-ḥ-m,2,1,0.164
jHm,juHm,j-ḥ-m,5,2,0.713
jHm,juHm,j-ḥ-m,9,1,0.4
jHm,juHm,j-ḥ-m,22,1,0.785
jHm,juHm,j-ḥ-m,26,1,0.759
jHm,juHm,j-ḥ-m,37,6,6.977
jHm,juHm,j-ḥ-m,40,1,0.82
jHm,juHm,j-ḥ-m,44,2,5.78
jHm,juHm,j-ḥ-m,52,1,3.205
jHm,juHm,j-ḥ-m,56,1,2.639
jHm,juHm,j-ḥ-m,57,1,1.742
jHm,juHm,j-ḥ-m,69,1,3.876
jHm,juHm,j-ḥ-m,73,1,5.025
jHm,juHm,j-ḥ-m,79,2,11.173
jHm,juHm,j-ḥ-m,81,1,9.615
jHm,juHm,j-ḥ-m,82,1,12.5
jHm,juHm,j-ḥ-m,83,1,5.917
jHm,juHm,j-ḥ-m,102,1,35.714
jbb,jbb,j-b-b,12,2,1.125
jbh,jbh,j-b-h,9,1,0.4
jbl,jbl,j-b-l,2,1,0.164
jbl,jbl,j-b-l,7,4,1.205
jbl,jbl,j-b-l,11,2,1.043
jbl,jbl,j-b-l,13,1,1.172
jbl,jbl,j-b-l,14,1,1.205
jbl,jbl,j-b-l,15,1,1.527
jbl,jbl,j-b-l,16,2,1.085
jbl,jbl,j-b-l,17,1,0.643
jbl,jbl,j-b-l,18,1,0.633
jbl,jbl,j-b-l,19,1,1.041
jbl,jbl,j-b-l,20,1,0.749
jbl,jbl,j-b-l,21,1,0.855
jbl,jbl,j-b-l,22,1,0.785
jbl,jbl,j-b-l,24,1,0.76
jbl,jbl,j-b-l,26,2,1.517
jbl,jbl,j-b-l,27,1,0.869
jbl,jbl,j-b-l,33,1,0.777
jbl,jbl,j-b-l,34,1,1.133
jbl,jbl,j-b-l,35,1,1.29
jbl,jbl,j-b-l,36,1,1.379
jbl,jbl,j-b-l,38,1,1.364
jbl,jbl,j-b-l,52,1,3.205
jbl,jbl,j-b-l,56,1,2.639
jbl,jbl,j-b-l,59,1,2.247
jbl,jbl,j-b-l,69,1,3.876
jbl,jbl,j-b-l,70,1,4.608
jbl,jbl,j-b-l,73,2,10.05
jbl,jbl,j-b-l,77,1,5.525
jbl,jbl,j-b-l,78,2,11.561
jbl,jbl,j-b-l,79,1,5.587
jbl,jbl,j-b-l,81,1,9.615
jbl,jbl,j-b-l,88,1,10.87
jbl,jbl,j-b-l,101,1,27.778
jbn,jbn,j-b-n,37,1,1.163
jbr,jbr,j-b-r,5,1,0.357
jbr,jbr,j-b-r,11,1,0.522
jbr,jbr,j-b-r,14,1,1.205
jbr,jbr,j-b-r,19,2,2.081
jbr,jbr,j-b-r,26,1,0.759
jbr,jbr,j-b-r,28,1,0.699
jbr,jbr,j-b-r,40,1,0.82
jbr,jbr,j-b-r,50,1,2.681
jbr,jbr,j-b-r,59,1,2.247
jbt,jbt,j-b-t,4,1,0.267
jby,jby,j-b-y,3,1,0.287
jby,jby,j-b-y,6,1,0.328
jby,jby,j-b-y,7,1,0.301
jby,jby,j-b-y,12,1,0.563
jby,jby,j-b-y,16,1,0.542
jby,jby,j-b-y,19,1,1.041
jby,jby,j-b-y,20,1,0.749
jby,jby,j-b-y,22,1,0.785
jby,jby,j-b-y,28,1,0.699
jby,jby,j-b-y,34,1,1.133
jby,jby,j-b-y,42,1,1.163
jby,jby,j-b-y,68,1,3.333
jdd,jdd,j-d-d,13,1,1.172
jdd,jdd,j-d-d,14,1,1.205
jdd,jdd,j-d-d,17,2,1.285
jdd,jdd,j-d-d,32,1,2.688
jdd,jdd,j-d-d,34,1,1.133
jdd,jdd,j-d-d,35,2,2.581
jdd,jdd,j-d-d,50,1,2.681
jdd,jdd,j-d-d,72,1,3.509
jdl,jdl,j-d-l,2,1,0.164
jdl,jdl,j-d-l,4,3,0.801
jdl,jdl,j-d-l,6,2,0.656
jdl,jdl,j-d-l,7,1,0.301
jdl,jdl,j-d-l,8,1,0.811
jdl,jdl,j-d-l,11,3,1.565
jdl,jdl,j-d-l,13,1,1.172
jdl,jdl,j-d-l,16,2,1.085
jdl,jdl,j-d-l,18,2,1.267
jdl,jdl,j-d-l,22,3,2.355
jdl,jdl,j-d-l,29,1,1.025
jdl,jdl,j-d-l,31,1,1.832
jdl,jdl,j-d-l,40,5,4.102
jdl,jdl,j-d-l,42,1,1.163
jdl,jdl,j-d-l,43,1,1.205
jdl,jdl,j-d-l,58,1,2.119
jdr,jdr,j-d-r,9,1,0.4
jdr,jdr,j-d-r,18,2,1.267
jdr,jdr,j-d-r,59,1,2.247
jdv,jdv,j-d-th,36,1,1.379
jdv,jdv,j-d-th,54,1,2.924
jdv,jdv,j-d-th,70,1,4.608
jfA,jfuA,j-f-a,13,1,1.172
jfn,jfn,j-f-n,34,1,1.133
jfw,jfw,j-f-w,32,1,2.688
jhd,jhd,j-h-d,2,1,0.164
jhd,jhd,j-h-d,3,1,0.287
jhd,jhd,j-h-d,4,3,0.801
jhd,jhd,j-h-d,5,3,1.07
jhd,jhd,j-h-d,6,1,0.328
jhd,jhd,j-h-d,8,3,2.433
jhd,jhd,j-h-d,9,11,4.404
jhd,jhd,j-h-d,16,2,1.085
jhd,jhd,j-h-d,22,2,1.57
jhd,jhd,j-h-d,24,1,0.76
jhd,jhd,j-h-d,25,2,2.24
jhd,jhd,j-h-d,29,4,4.098
jhd,jhd,j-h-d,31,1,1.832
jhd,jhd,j-h-d,35,1,1.29
jhd,jhd,j-h-d,47,1,1.855
jhd,jhd,j-h-d,49,1,2.882
jhd,jhd,j-h-d,60,1,2.874
jhd,jhd,j-h-d,61,1,4.525
jhd,jhd,j-h-d,66,1,4.016
jhl,jhl,j-h-l,2,2,0.327
jhl,jhl,j-h-l,3,1,0.287
jhl,jhl,j-h-l,4,1,0.267
jhl,jhl,j-h-l,5,1,0.357
jhl,jhl,j-h-l,6,3,0.984
jhl,jhl,j-h-l,7,2,0.602
jhl,jhl,j-h-l,11,2,1.043
jhl,jhl,j-h-l,12,2,1.125
jhl,jhl,j-h-l,16,1,0.542
jhl,jhl,j-h-l,25,1,1.12
jhl,jhl,j-h-l,27,1,0.869
jhl,jhl,j-h-l,28,1,0.699
jhl,jhl,j-h-l,33,2,1.554
jhl,jhl,j-h-l,39,1,0.853
jhl,jhl,j-h-l,46,1,1.555
jhl,jhl,j-h-l,48,1,1.786
jhl,jhl,j-h-l,49,1,2.882
jhr,jhr,j-h-r,2,1,0.164
jhr,jhr,j-h-r,4,2,0.534
jhr,jhr,j-h-r,6,2,0.656
jhr,jhr,j-h-r,7,1,0.301
jhr,jhr,j-h-r,13,1,1.172
jhr,jhr,j-h-r,16,1,0.542
jhr,jhr,j-h-r,17,1,0.643
jhr,jhr,j-h-r,20,1,0.749
jhr,jhr,j-h-r,21,1,0.855
jhr,jhr,j-h-r,49,2,5.764
jhr,jhr,j-h-r,67,1,3.003
jhr,jhr,j-h-r,71,1,4.425
jhr,jhr,j-h-r,87,1,13.889
jhz,jhz,j-h-z,12,4,2.251
jlb,jlb,j-l-b,17,1,0.643
jlb,jlb,j-l-b,33,1,0.777
jld,jld,j-l-d,4,2,0.534
jld,jld,j-l-d,16,1,0.542
jld,jld,j-l-d,22,1,0.785
jld,jld,j-l-d,24,4,3.04
jld,jld,j-l-d,39,2,1.706
jld,jld,j-l-d,41,3,3.778
jll,jll,j-l-l,55,2,5.698
jls,jls,j-l-s,58,1,2.119
jlw,jlw,j-l-w,7,2,0.602
jlw,jlw,j-l-w,59,1,2.247
jlw,jlw,j-l-w,91,1,18.519
jlw,jlw,j-l-w,92,1,14.085
jmE,jmuE,j-m-ʿ,2,5,0.818
jmE,jmuE,j-m-ʿ,3,8,2.298
jmE,jmuE,j-m-ʿ,4,7,1.868
jmE,jmuE,j-m-ʿ,5,7,2.496
jmE,jmuE,j-m-ʿ,6,5,1.639
jmE,jmuE,j-m-ʿ,7,5,1.506
jmE,jmuE,j-m-ʿ,8,3,2.433
jmE,jmuE,j-m-ʿ,10,6,3.273
jmE,jmuE,j-m-ʿ,11,3,1.565
jmE,jmuE,j-m-ʿ,12,4,2.251
jmE,jmuE,j-m-ʿ,13,4,4.689
jmE,jmuE,j-m-ʿ,14,2,2.41
jmE,jmuE,j-m-ʿ,15,5,7.634
jmE,jmuE,j-m-ʿ,16,1,0.542
jmE,jmuE,j-m-ʿ,17,2,1.285
jmE,jmuE,j-m-ʿ,18,4,2.533
jmE,jmuE,j-m-ʿ,20,3,2.247
jmE,jmuE,j-m-ʿ,21,1,0.855
jmE,jmuE,j-m-ʿ,22,1,0.785
jmE,jmuE,j-m-ʿ,24,3,2.28
jmE,jmuE,j-m-ʿ,26,8,6.07
jmE,jmuE,j-m-ʿ,27,1,0.869
jmE,jmuE,j-m-ʿ,28,1,0.699
jmE,jmuE,j-m-ʿ,32,1,2.688
jmE,jmuE,j-m-ʿ,34,2,2.265
jmE,jmuE,j-m-ʿ,35,1,1.29
jmE,jmuE,j-m-ʿ,36,2,2.759
jmE,jmuE,j-m-ʿ,37,1,1.163
jmE,jmuE,j-m-ʿ,38,3,4.093
jmE,jmuE,j-m-ʿ,39,4,3.413
jmE,jmuE,j-m-ʿ,42,3,3.488
jmE,jmuE,j-m-ʿ,43,2,2.41
jmE,jmuE,j-m-ʿ,44,1,2.89
jmE,jmuE,j-m-ʿ,45,2,4.098
jmE,jmuE,j-m-ʿ,54,2,5.848
jmE,jmuE,j-m-ʿ,56,1,2.639
jmE,jmuE,j-m-ʿ,58,2,4.237
jmE,jmuE,j-m-ʿ,59,2,4.494
jmE,jmuE,j-m-ʿ,62,1,5.714
jmE,jmuE,j-m-ʿ,64,2,8.299
jmE,jmuE,j-m-ʿ,70,2,9.217
jmE,jmuE,j-m-ʿ,75,3,18.293
jmE,jmuE,j-m-ʿ,77,1,5.525
jmE,jmuE,j-m-ʿ,100,1,25
jmE,jmuE,j-m-ʿ,104,1,30.303
jmH,jmuH,j-m-ḥ,9,1,0.4
jmd,jmd,j-m-d,27,1,0.869
jml,jml,j-m-l,7,1,0.301
jml,jml,j-m-l,12,2,1.125
jml,jml,j-m-l,15,1,1.527
jml,jml,j-m-l,16,1,0.542
jml,jml,j-m-l,25,1,1.12
jml,jml,j-m-l,33,2,1.554
jml,jml,j-m-l,70,1,4.608
jml,jml,j-m-l,73,1,5.025
jml,jml,j-m-l,77,1,5.525
jmm,jmm,j-m-m,89,1,7.299
jnH,jnuH,j-n-ḥ,2,11,1.799
jnH,jnuH,j-n-ḥ,4,5,1.334
jnH,jnuH,j-n-ḥ,5,1,0.357
jnH,jnuH,j-n-ḥ,6,1,0.328
jnH,jnuH,j-n-ḥ,8,2,1.622
jnH,jnuH,j-n-ḥ,15,1,1.527
jnH,jnuH,j-n-ḥ,17,1,0.643
jnH,jnuH,j-n-ḥ,20,1,0.749
jnH,jnuH,j-n-ḥ,24,4,3.04
jnH,jnuH,j-n-ḥ,26,1,0.759
jnH,jnuH,j-n-ḥ,28,1,0.699
jnH,jnuH,j-n-ḥ,33,3,2.331
jnH,jnuH,j-n-ḥ,35,1,1.29
jnH,jnuH,j-n-ḥ,60,1,2.874
jnb,jnb,j-n-b,3,1,0.287
jnb,jnb,j-n-b,4,5,1.334
jnb,jnb,j-n-b,5,2,0.713
jnb,jnb,j-n-b,9,1,0.4
jnb,jnb,j-n-b,10,1,0.546
jnb,jnb,j-n-b,14,1,1.205
jnb,jnb,j-n-b,16,1,0.542
jnb,jnb,j-n-b,17,2,1.285
jnb,jnb,j-n-b,19,1,1.041
jnb,jnb,j-n-b,20,1,0.749
jnb,jnb,j-n-b,22,3,2.355
jnb,jnb,j-n-b,28,4,2.797
jnb,jnb,j-n-b,32,1,2.688
jnb,jnb,j-n-b,37,1,1.163
jnb,jnb,j-n-b,39,2,1.706
jnb,jnb,j-n-b,41,1,1.259
jnb,jnb,j-n-b,42,1,1.163
jnb,jnb,j-n-b,49,1,2.882
jnb,jnb,j-n-b,53,1,2.778
jnb,jnb,j-n-b,87,1,13.889
jnb,jnb,j-n-b,92,1,14.085
jnd,jnd,j-n-d,2,3,0.491
jnd,jnd,j-n-d,9,2,0.801
jnd,jnd,j-n-d,10,1,0.546
jnd,jnd,j-n-d,19,1,1.041
jnd,jnd,j-n-d,20,1,0.749
jnd,jnd,j-n-d,26,1,0.759
jnd,jnd,j-n-d,27,3,2.606
jnd,jnd,j-n-d,28,4,2.797
jnd,jnd,j-n-d,33,2,1.554
jnd,jnd,j-n-d,36,2,2.759
jnd,jnd,j-n-d,37,1,1.163
jnd,jnd,j-n-d,38,1,1.364
jnd,jnd,j-n-d,44,1,2.89
jnd,jnd,j-n-d,48,2,3.571
jnd,jnd,j-n-d,51,1,2.778
jnd,jnd,j-n-d,67,1,3.003
jnd,jnd,j-n-d,74,1,3.922
jnd,jnd,j-n-d,85,1,9.174
jnf,jnf,j-n-f,2,1,0.164
jnf,jnf,j-n-f,5,1,0.357
jnn,jnn,j-n-n,2,8,1.308
jnn,jnn,j-n-n,3,7,2.011
jnn,jnn,j-n-n,4,4,1.068
jnn,jnn,j-n-n,5,5,1.783
jnn,jnn,j-n-n,6,7,2.295
jnn,jnn,j-n-n,7,13,3.916
jnn,jnn,j-n-n,9,6,2.402
jnn,jnn,j-n-n,10,2,1.091
jnn,jnn,j-n-n,11,3,1.565
jnn,jnn,j-n-n,13,3,3.517
jnn,jnn,j-n-n,14,1,1.205
jnn,jnn,j-n-n,15,3,4.58
jnn,jnn,j-n-n,16,2,1.085
jnn,jnn,j-n-n,17,2,1.285
jnn,jnn,j-n-n,18,8,5.066
jnn,jnn,j-n-n,19,3,3.122
jnn,jnn,j-n-n,20,3,2.247
jnn,jnn,j-n-n,22,3,2.355
jnn,jnn,j-n-n,23,3,2.857
jnn,jnn,j-n-n,25,4,4.479
jnn,jnn,j-n-n,26,6,4.552
jnn,jnn,j-n-n,27,3,2.606
jnn,jnn,j-n-n,28,1,0.699
jnn,jnn,j-n-n,29,1,1.025
jnn,jnn,j-n-n,31,1,1.832
jnn,jnn,j-n-n,32,2,5.376
jnn,jnn,j-n-n,34,8,9.06
jnn,jnn,j-n-n,35,1,1.29
jnn,jnn,j-n-n,36,3,4.138
jnn,jnn,j-n-n,37,4,4.651
jnn,jnn,j-n-n,38,1,1.364
jnn,jnn,j-n-n,39,2,1.706
jnn,jnn,j-n-n,40,2,1.641
jnn,jnn,j-n-n,41,3,3.778
jnn,jnn,j-n-n,42,2,2.326
jnn,jnn,j-n-n,43,2,2.41
jnn,jnn,j-n-n,44,3,8.671
jnn,jnn,j-n-n,46,4,6.221
jnn,jnn,j-n-n,47,3,5.566
jnn,jnn,j-n-n,48,2,3.571
jnn,jnn,j-n-n,50,2,5.362
jnn,jnn,j-n-n,51,4,11.111
jnn,jnn,j-n-n,52,2,6.41
jnn,jnn,j-n-n,53,2,5.556
jnn,jnn,j-n-n,54,2,5.848
jnn,jnn,j-n-n,55,8,22.792
jnn,jnn,j-n-n,56,2,5.277
jnn,jnn,j-n-n,57,2,3.484
jnn,jnn,j-n-n,58,2,4.237
jnn,jnn,j-n-n,59,2,4.494
jnn,jnn,j-n-n,61,2,9.05
jnn,jnn,j-n-n,63,1,5.556
jnn,jnn,j-n-n,64,1,4.149
jnn,jnn,j-n-n,65,1,3.484
jnn,jnn,j-n-n,66,2,8.032
jnn,jnn,j-n-n,68,4,13.333
jnn,jnn,j-n-n,69,1,3.876
jnn,jnn,j-n-n,70,2,9.217
jnn,jnn,j-n-n,71,1,4.425
jnn,jnn,j-n-n,72,3,10.526
jnn,jnn,j-n-n,74,1,3.922
jnn,jnn,j-n-n,76,1,4.115
jnn,jnn,j-n-n,78,1,5.78
jnn,jnn,j-n-n,79,1,5.587
jnn,jnn,j-n-n,81,2,19.231
jnn,jnn,j-n-n,85,1,9.174
jnn,jnn,j-n-n,88,1,10.87
jnn,jnn,j-n-n,89,1,7.299
jnn,jnn,j-n-n,98,1,10.638
jnn,jnn,j-n-n,114,1,50
jny,jny,j-n-y,19,1,1.041
jny,jny,j-n-y,55,1,2.849
jrE,jruE,j-r-ʿ,14,1,1.205
jrH,jruH,j-r-ḥ,5,2,0.713
jrH,jruH,j-r-ḥ,6,1,0.328
jrH,jruH,j-r-ḥ,45,1,2.049
jrd,jrd,j-r-d,7,1,0.301
jrd,jrd,j-r-d,54,1,2.924
jrf,jrf,j-r-f,9,1,0.4
jrm,jrm,j-r-m,5,2,0.713
jrm,jrm,j-r-m,6,4,1.311
jrm,jrm,j-r-m,7,3,0.904
jrm,jrm,j-r-m,8,1,0.811
jrm,jrm,j-r-m,9,1,0.4
jrm,jrm,j-r-m,10,5,2.728
jrm,jrm,j-r-m,11,6,3.13
jrm,jrm,j-r-m,12,1,0.563
jrm,jrm,j-r-m,14,1,1.205
jrm,jrm,j-r-m,15,2,3.053
jrm,jrm,j-r-m,16,3,1.627
jrm,jrm,j-r-m,18,2,1.267
jrm,jrm,j-r-m,19,1,1.041
jrm,jrm,j-r-m,20,2,1.498
jrm,jrm,j-r-m,25,2,2.24
jrm,jrm,j-r-m,26,2,1.517
jrm,jrm,j-r-m,27,1,0.869
jrm,jrm,j-r-m,28,2,1.399
jrm,jrm,j-r-m,30,3,3.672
jrm,jrm,j-r-m,32,2,5.376
jrm,jrm,j-r-m,34,2,2.265
jrm,jrm,j-r-m,36,1,1.379
jrm,jrm,j-r-m,37,1,1.163
jrm,jrm,j-r-m,40,1,0.82
jrm,jrm,j-r-m,43,1,1.205
jrm,jrm,j-r-m,44,2,5.78
jrm,jrm,j-r-m,45,1,2.049
jrm,jrm,j-r-m,46,1,1.555
jrm,jrm,j-r-m,51,1,2.778
jrm,jrm,j-r-m,54,1,2.924
jrm,jrm,j-r-m,55,2,5.698
jrm,jrm,j-r-m,68,1,3.333
jrm,jrm,j-r-m,70,1,4.608
jrm,jrm,j-r-m,74,1,3.922
jrm,jrm,j-r-m,77,2,11.05
jrm,jrm,j-r-m,83,1,5.917
jrr,jrr,j-r-r,7,1,0.301
jry,jry,j-r-y,2,3,0.491
jry,jry,j-r-y,3,4,1.149
jry,jry,j-r-y,4,3,0.801
jry,jry,j-r-y,5,3,1.07
jry,jry,j-r-y,6,1,0.328
jry,jry,j-r-y,7,1,0.301
jry,jry,j-r-y,9,3,1.201
jry,jry,j-r-y,10,2,1.091
jry,jry,j-r-y,11,2,1.043
jry,jry,j-r-y,13,2,2.345
jry,jry,j-r-y,14,2,2.41
jry,jry,j-r-y,16,1,0.542
jry,jry,j-r-y,18,1,0.633
jry,jry,j-r-y,20,1,0.749
jry,jry,j-r-y,21,1,0.855
jry,jry,j-r-y,22,3,2.355
jry,jry,j-r-y,25,1,1.12
jry,jry,j-r-y,29,1,1.025
jry,jry,j-r-y,30,1,1.224
jry,jry,j-r-y,31,2,3.663
jry,jry,j-r-y,35,1,1.29
jry,jry,j-r-y,36,1,1.379
jry,jry,j-r-y,38,1,1.364
jry,jry,j-r-y,39,2,1.706
jry,jry,j-r-y,42,1,1.163
jry,jry,j-r-y,43,1,1.205
jry,jry,j-r-y,45,1,2.049
jry,jry,j-r-y,47,1,1.855
jry,jry,j-r-y,48,2,3.571
jry,jry,j-r-y,51,1,2.778
jry,jry,j-r-y,54,1,2.924
jry,jry,j-r-y,55,2,5.698
jry,jry,j-r-y,57,1,1.742
jry,jry,j-r-y,58,1,2.119
jry,jry,j-r-y,61,1,4.525
jry,jry,j-r-y,64,1,4.149
jry,jry,j-r-y,65,1,3.484
jry,jry,j-r-y,66,1,4.016
jry,jry,j-r-y,69,1,3.876
jry,jry,j-r-y,81,1,9.615
jry,jry,j-r-y,85,1,9.174
jry,jry,j-r-y,88,1,10.87
jry,jry,j-r-y,98,1,10.638
jrz,jrz,j-r-z,18,1,0.633
jrz,jrz,j-r-z,32,1,2.688
jsd,jsd,j-s-d,7,1,0.301
jsd,jsd,j-s-d,20,1,0.749
jsd,jsd,j-s-d,21,1,0.855
jsd,jsd,j-s-d,38,1,1.364
jsm,jsm,j-s-m,2,1,0.164
jsm,jsm,j-s-m,63,1,5.556
jss,jss,j-s-s,49,1,2.882
jvm,jvm,j-th-m,7,2,0.602
jvm,jvm,j-th-m,11,2,1.043
jvm,jvm,j-th-m,29,1,1.025
jvv,jvv,j-th-th,14,1,1.205
jvw,jvw,j-th-w,19,2,2.081
jvw,jvw,j-th-w,45,1,2.049
jwE,jwuE,j-w-ʿ,2,1,0.164
jwE,jwuE,j-w-ʿ,16,1,0.542
jwE,jwuE,j-w-ʿ,20,1,0.749
jwE,jwuE,j-w-ʿ,88,1,10.87
jwE,jwuE,j-w-ʿ,106,1,58.824
jwb,jwb,j-w-b,2,2,0.327
jwb,jwb,j-w-b,3,2,0.575
jwb,jwb,j-w-b,5,1,0.357
jwb,jwb,j-w-b,6,1,0.328
jwb,jwb,j-w-b,7,2,0.602
jwb,jwb,j-w-b,8,2,1.622
jwb,jwb,j-w-b,10,1,0.546
jwb,jwb,j-w-b,11,2,1.043
jwb,jwb,j-w-b,12,1,0.563
jwb,jwb,j-w-b,13,3,3.517
jwb,jwb,j-w-b,14,2,2.41
jwb,jwb,j-w-b,17,1,0.643
jwb,jwb,j-w-b,18,1,0.633
jwb,jwb,j-w-b,21,4,3.422
jwb,jwb,j-w-b,27,2,1.738
jwb,jwb,j-w-b,28,3,2.098
jwb,jwb,j-w-b,29,2,2.049
jwb,jwb,j-w-b,35,1,1.29
jwb,jwb,j-w-b,37,1,1.163
jwb,jwb,j-w-b,40,1,0.82
jwb,jwb,j-w-b,42,4,4.651
jwb,jwb,j-w-b,46,3,4.666
jwb,jwb,j-w-b,89,1,7.299
jwd,jwd,j-w-d,38,1,1.364
jwf,jwf,j-w-f,33,1,0.777
jwr,jwr,j-w-r,4,2,0.534
jwr,jwr,j-w-r,8,1,0.811
jwr,jwr,j-w-r,9,2,0.801
jwr,jwr,j-w-r,13,1,1.172
jwr,jwr,j-w-r,16,1,0.542
jwr,jwr,j-w-r,23,2,1.905
jwr,jwr,j-w-r,33,1,0.777
jwr,jwr,j-w-r,46,1,1.555
jwr,jwr,j-w-r,67,1,3.003
jwr,jwr,j-w-r,72,1,3.509
jws,jws,j-w-s,17,1,0.643
jww,jww,j-w-w,16,1,0.542
jwz,jwz,j-w-z,2,1,0.164
jwz,jwz,j-w-z,7,1,0.301
jwz,jwz,j-w-z,10,1,0.546
jwz,jwz,j-w-z,18,1,0.633
jwz,jwz,j-w-z,46,1,1.555
jyA,jyuA,j-y-a,2,13,2.126
jyA,jyuA,j-y-a,3,9,2.585
jyA,jyuA,j-y-a,4,10,2.669
jyA,jyuA,j-y-a,5,13,4.636
jyA,jyuA,j-y-a,6,16,5.246
jyA,jyuA,j-y-a,7,21,6.325
jyA,jyuA,j-y-a,8,1,0.811
jyA,jyuA,j-y-a,9,3,1.201
jyA,jyuA,j-y-a,10,16,8.729
jyA,jyuA,j-y-a,11,15,7.825
jyA,jyuA,j-y-a,12,11,6.19
jyA,jyuA,j-y-a,13,1,1.172
jyA,jyuA,j-y-a,14,1,1.205
jyA,jyuA,j-y-a,15,3,4.58
jyA,jyuA,j-y-a,16,3,1.627
jyA,jyuA,j-y-a,17,7,4.499
jyA,jyuA,j-y-a,18,6,3.8
jyA,jyuA,j-y-a,19,4,4.162
jyA,jyuA,j-y-a,20,4,2.996
jyA,jyuA,j-y-a,21,1,0.855
jyA,jyuA,j-y-a,23,5,4.762
jyA,jyuA,j-y-a,24,3,2.28
jyA,jyuA,j-y-a,25,3,3.359
jyA,jyuA,j-y-a,26,3,2.276
jyA,jyuA,j-y-a,27,8,6.95
jyA,jyuA,j-y-a,28,9,6.294
jyA,jyuA,j-y-a,29,6,6.148
jyA,jyuA,j-y-a,30,3,3.672
jyA,jyuA,j-y-a,33,3,2.331
jyA,jyuA,j-y-a,34,3,3.398
jyA,jyuA,j-y-a,35,5,6.452
jyA,jyuA,j-y-a,36,2,2.759
jyA,jyuA,j-y-a,37,2,2.326
jyA,jyuA,j-y-a,38,1,1.364
jyA,jyuA,j-y-a,39,6,5.119
jyA,jyuA,j-y-a,40,8,6.563
jyA,jyuA,j-y-a,41,3,3.778
jyA,jyuA,j-y-a,42,1,1.163
jyA,jyuA,j-y-a,43,9,10.843
jyA,jyuA,j-y-a,44,2,5.78
jyA,jyuA,j-y-a,45,1,2.049
jyA,jyuA,j-y-a,46,2,3.11
jyA,jyuA,j-y-a,47,2,3.711
jyA,jyuA,j-y-a,49,1,2.882
jyA,jyuA,j-y-a,50,5,13.405
jyA,jyuA,j-y-a,51,1,2.778
jyA,jyuA,j-y-a,53,1,2.778
jyA,jyuA,j-y-a,54,2,5.848
jyA,jyuA,j-y-a,57,1,1.742
jyA,jyuA,j-y-a,58,1,2.119
jyA,jyuA,j-y-a,59,1,2.247
jyA,jyuA,j-y-a,60,3,8.621
jyA,jyuA,j-y-a,61,1,4.525
jyA,jyuA,j-y-a,63,2,11.111
jyA,jyuA,j-y-a,67,1,3.003
jyA,jyuA,j-y-a,69,1,3.876
jyA,jyuA,j-y-a,71,1,4.425
jyA,jyuA,j-y-a,79,1,5.587
jyA,jyuA,j-y-a,80,3,22.556
jyA,jyuA,j-y-a,89,2,14.599
jyA,jyuA,j-y-a,98,1,10.638
jyA,jyuA,j-y-a,110,1,52.632
jyb,jyb,j-y-b,24,1,0.76
jyb,jyb,j-y-b,27,1,0.869
jyb,jyb,j-y-b,28,1,0.699
jyd,jyd,j-y-d,111,1,43.478
jzA,jzuA,j-z-a,2,1,0.164
jzA,jzuA,j-z-a,15,1,1.527
jzA,jzuA,j-z-a,43,1,1.205
jzE,jzuE,j-z-ʿ,14,1,1.205
jzE,jzuE,j-z-ʿ,70,1,4.608
jzy,jzy,j-z-y,2,4,0.654
jzy,jzy,j-z-y,3,4,1.149
jzy,jzy,j-z-y,4,2,0.534
jzy,jzy,j-z-y,5,5,1.783
jzy,jzy,j-z-y,6,8,2.623
jzy,jzy,j-z-y,7,5,1.506
jzy,jzy,j-z-y,9,5,2.002
jzy,jzy,j-z-y,10,4,2.182
jzy,jzy,j-z-y,12,7,3.939
jzy,jzy,j-z-y,14,1,1.205
jzy,jzy,j-z-y,16,3,1.627
jzy,jzy,j-z-y,17,3,1.928
jzy,jzy,j-z-y,18,2,1.267
jzy,jzy,j-z-y,20,3,2.247
jzy,jzy,j-z-y,21,2,1.711
jzy,jzy,j-z-y,23,1,0.952
jzy,jzy,j-z-y,24,1,0.76
jzy,jzy,j-z-y,25,2,2.24
jzy,jzy,j-z-y,27,1,0.869
jzy,jzy,j-z-y,28,3,2.098
jzy,jzy,j-z-y,29,1,1.025
jzy,jzy,j-z-y,30,1,1.224
jzy,jzy,j-z-y,31,2,3.663
jzy,jzy,j-z-y,32,1,2.688
jzy,jzy,j-z-y,33,1,0.777
jzy,jzy,j-z-y,34,5,5.663
jzy,jzy,j-z-y,35,1,1.29
jzy,jzy,j-z-y,36,1,1.379
jzy,jzy,j-z-y,37,6,6.977
jzy,jzy,j-z-y,39,2,1.706
jzy,jzy,j-z-y,40,2,1.641
jzy,jzy,j-z-y,41,3,3.778
jzy,jzy,j-z-y,42,1,1.163
jzy,jzy,j-z-y,45,3,6.148
jzy,jzy,j-z-y,46,3,4.666
jzy,jzy,j-z-y,52,1,3.205
jzy,jzy,j-z-y,53,4,11.111
jzy,jzy,j-z-y,54,2,5.848
jzy,jzy,j-z-y,55,1,2.849
jzy,jzy,j-z-y,56,1,2.639
jzy,jzy,j-z-y,59,1,2.247
jzy,jzy,j-z-y,66,1,4.016
jzy,jzy,j-z-y,76,3,12.346
jzy,jzy,j-z-y,77,1,5.525
jzy,jzy,j-z-y,78,2,11.561
jzy,jzy,j-z-y,92,1,14.085
jzy,jzy,j-z-y,98,1,10.638
k$T,kshuT,k-sh-ṭ,81,1,9.615
k$f,kshf,k-sh-f,6,2,0.656
k$f,kshf,k-sh-f,7,2,0.602
k$f,kshf,k-sh-f,10,3,1.637
k$f,kshf,k-sh-f,16,1,0.542
k$f,kshf,k-sh-f,17,1,0.643
k$f,kshf,k-sh-f,21,1,0.855
k$f,kshf,k-sh-f,23,1,0.952
k$f,kshf,k-sh-f,27,2,1.738
k$f,kshf,k-sh-f,39,1,0.853
k$f,kshf,k-sh-f,43,1,1.205
k$f,kshf,k-sh-f,44,2,5.78
k$f,kshf,k-sh-f,50,1,2.681
k$f,kshf,k-sh-f,53,1,2.778
k$f,kshf,k-sh-f,68,1,3.333
k*b,kdhb,k-dh-b,2,3,0.491
k*b,kdhb,k-dh-b,3,8,2.298
k*b,kdhb,k-dh-b,4,1,0.267
k*b,kdhb,k-dh-b,5,6,2.14
k*b,kdhb,k-dh-b,6,21,6.885
k*b,kdhb,k-dh-b,7,19,5.723
k*b,kdhb,k-dh-b,8,1,0.811
k*b,kdhb,k-dh-b,9,5,2.002
k*b,kdhb,k-dh-b,10,12,6.547
k*b,kdhb,k-dh-b,11,5,2.608
k*b,kdhb,k-dh-b,12,5,2.814
k*b,kdhb,k-dh-b,15,1,1.527
k*b,kdhb,k-dh-b,16,10,5.423
k*b,kdhb,k-dh-b,17,1,0.643
k*b,kdhb,k-dh-b,18,2,1.267
k*b,kdhb,k-dh-b,20,3,2.247
k*b,kdhb,k-dh-b,21,1,0.855
k*b,kdhb,k-dh-b,22,4,3.14
k*b,kdhb,k-dh-b,23,8,7.619
k*b,kdhb,k-dh-b,24,3,2.28
k*b,kdhb,k-dh-b,25,6,6.719
k*b,kdhb,k-dh-b,26,12,9.105
k*b,kdhb,k-dh-b,27,3,2.606
k*b,kdhb,k-dh-b,28,2,1.399
k*b,kdhb,k-dh-b,29,7,7.172
k*b,kdhb,k-dh-b,30,2,2.448
k*b,kdhb,k-dh-b,32,1,2.688
k*b,kdhb,k-dh-b,34,4,4.53
k*b,kdhb,k-dh-b,35,4,5.161
k*b,kdhb,k-dh-b,36,2,2.759
k*b,kdhb,k-dh-b,37,3,3.488
k*b,kdhb,k-dh-b,38,3,4.093
k*b,kdhb,k-dh-b,39,6,5.119
k*b,kdhb,k-dh-b,40,7,5.742
k*b,kdhb,k-dh-b,42,1,1.163
k*b,kdhb,k-dh-b,43,1,1.205
k*b,kdhb,k-dh-b,50,3,8.043
k*b,kdhb,k-dh-b,52,2,6.41
k*b,kdhb,k-dh-b,53,1,2.778
k*b,kdhb,k-dh-b,54,9,26.316
k*b,kdhb,k-dh-b,55,32,91.168
k*b,kdhb,k-dh-b,56,4,10.554
k*b,kdhb,k-dh-b,57,1,1.742
k*b,kdhb,k-dh-b,58,2,4.237
k*b,kdhb,k-dh-b,59,1,2.247
k*b,kdhb,k-dh-b,61,1,4.525
k*b,kdhb,k-dh-b,62,1,5.714
k*b,kdhb,k-dh-b,63,1,5.556
k*b,kdhb,k-dh-b,64,1,4.149
k*b,kdhb,k-dh-b,67,2,6.006
k*b,kdhb,k-dh-b,68,2,6.667
k*b,kdhb,k-dh-b,69,2,7.752
k*b,kdhb,k-dh-b,72,1,3.509
k*b,kdhb,k-dh-b,73,1,5.025
k*b,kdhb,k-dh-b,74,1,3.922
k*b,kdhb,k-dh-b,75,1,6.098
k*b,kdhb,k-dh-b,77,11,60.773
k*b,kdhb,k-dh-b,78,3,17.341
k*b,kdhb,k-dh-b,79,1,5.587
k*b,kdhb,k-dh-b,82,1,12.5
k*b,kdhb,k-dh-b,83,4,23.669
k*b,kdhb,k-dh-b,84,1,9.346
k*b,kdhb,k-dh-b,85,1,9.174
k*b,kdhb,k-dh-b,91,2,37.037
k*b,kdhb,k-dh-b,92,2,28.169
k*b,kdhb,k-dh-b,95,1,29.412
k*b,kdhb,k-dh-b,96,2,27.778
k*b,kdhb,k-dh-b,107,1,40
kAs,kuAs,k-a-s,37,1,1.163
kAs,kuAs,k-a-s,52,1,3.205
kAs,kuAs,k-a-s,56,1,2.639
kAs,kuAs,k-a-s,76,2,8.23
kAs,kuAs,k-a-s,78,1,5.78
kEb,kuEb,k-ʿ-b,5,3,1.07
kEb,kuEb,k-ʿ-b,78,1,5.78
kZm,kuZm,k-ẓ-m,3,1,0.287
kZm,kuZm,k-ẓ-m,12,1,0.563
kZm,kuZm,k-ẓ-m,16,1,0.542
kZm,kuZm,k-ẓ-m,40,1,0.82
kZm,kuZm,k-ẓ-m,43,1,1.205
kZm,kuZm,k-ẓ-m,68,1,3.333
kbb,kbb,k-b-b,27,1,0.869
kbb,kbb,k-b-b,67,1,3.003
kbd,kbd,k-b-d,90,1,12.195
kbkb,kbkb,k-b-k-b,26,1,0.759
kbr,kbr,k-b-r,2,12,1.962
kbr,kbr,k-b-r,3,2,0.575
kbr,kbr,k-b-r,4,7,1.868
kbr,kbr,k-b-r,5,1,0.357
kbr,kbr,k-b-r,6,5,1.639
kbr,kbr,k-b-r,7,10,3.012
kbr,kbr,k-b-r,8,1,0.811
kbr,kbr,k-b-r,9,3,1.201
kbr,kbr,k-b-r,10,4,2.182
kbr,kbr,k-b-r,11,2,1.043
kbr,kbr,k-b-r,12,3,1.688
kbr,kbr,k-b-r,13,1,1.172
kbr,kbr,k-b-r,14,2,2.41
kbr,kbr,k-b-r,15,1,1.527
kbr,kbr,k-b-r,16,5,2.711
kbr,kbr,k-b-r,17,12,7.712
kbr,kbr,k-b-r,18,2,1.267
kbr,kbr,k-b-r,19,1,1.041
kbr,kbr,k-b-r,20,2,1.498
kbr,kbr,k-b-r,21,4,3.422
kbr,kbr,k-b-r,22,2,1.57
kbr,kbr,k-b-r,23,2,1.905
kbr,kbr,k-b-r,24,1,0.76
kbr,kbr,k-b-r,25,4,4.479
kbr,kbr,k-b-r,26,1,0.759
kbr,kbr,k-b-r,28,2,1.399
kbr,kbr,k-b-r,29,2,2.049
kbr,kbr,k-b-r,31,2,3.663
kbr,kbr,k-b-r,32,2,5.376
kbr,kbr,k-b-r,33,3,2.331
kbr,kbr,k-b-r,34,5,5.663
kbr,kbr,k-b-r,35,3,3.871
kbr,kbr,k-b-r,37,1,1.163
kbr,kbr,k-b-r,38,2,2.729
kbr,kbr,k-b-r,39,4,3.413
kbr,kbr,k-b-r,40,11,9.024
kbr,kbr,k-b-r,41,2,2.519
kbr,kbr,k-b-r,42,3,3.488
kbr,kbr,k-b-r,43,1,1.205
kbr,kbr,k-b-r,44,1,2.89
kbr,kbr,k-b-r,45,3,6.148
kbr,kbr,k-b-r,46,2,3.11
kbr,kbr,k-b-r,53,2,5.556
kbr,kbr,k-b-r,54,1,2.924
kbr,kbr,k-b-r,57,1,1.742
kbr,kbr,k-b-r,59,1,2.247
kbr,kbr,k-b-r,61,1,4.525
kbr,kbr,k-b-r,63,1,5.556
kbr,kbr,k-b-r,67,2,6.006
kbr,kbr,k-b-r,68,1,3.333
kbr,kbr,k-b-r,71,3,13.274
kbr,kbr,k-b-r,74,3,11.765
kbr,kbr,k-b-r,76,1,4.115
kbr,kbr,k-b-r,79,2,11.173
kbr,kbr,k-b-r,85,1,9.174
kbr,kbr,k-b-r,87,1,13.889
kbr,kbr,k-b-r,88,1,10.87
kbt,kbt,k-b-t,3,1,0.287
kbt,kbt,k-b-t,58,2,4.237
kdH,kduH,k-d-ḥ,84,2,18.692
kdr,kdr,k-d-r,81,1,9.615
kdy,kdy,k-d-y,53,1,2.778
kfA,kfuA,k-f-a,112,1,66.667
kff,kff,k-f-f,2,1,0.164
kff,kff,k-f-f,4,3,0.801
kff,kff,k-f-f,5,2,0.713
kff,kff,k-f-f,9,3,1.201
kff,kff,k-f-f,13,1,1.172
kff,kff,k-f-f,18,1,0.633
kff,kff,k-f-f,21,1,0.855
kff,kff,k-f-f,34,1,1.133
kff,kff,k-f-f,48,2,3.571
kfl,kfl,k-f-l,3,2,0.575
kfl,kfl,k-f-l,4,1,0.267
kfl,kfl,k-f-l,16,1,0.542
kfl,kfl,k-f-l,20,1,0.749
kfl,kfl,k-f-l,21,1,0.855
kfl,kfl,k-f-l,28,1,0.699
kfl,kfl,k-f-l,38,2,2.729
kfl,kfl,k-f-l,57,1,1.742
kfr,kfr,k-f-r,2,47,7.685
kfr,kfr,k-f-r,3,43,12.353
kfr,kfr,k-f-r,4,38,10.141
kfr,kfr,k-f-r,5,31,11.056
kfr,kfr,k-f-r,6,9,2.951
kfr,kfr,k-f-r,7,8,2.41
kfr,kfr,k-f-r,8,17,13.788
kfr,kfr,k-f-r,9,31,12.41
kfr,kfr,k-f-r,10,5,2.728
kfr,kfr,k-f-r,11,8,4.173
kfr,kfr,k-f-r,12,2,1.125
kfr,kfr,k-f-r,13,11,12.896
kfr,kfr,k-f-r,14,9,10.843
kfr,kfr,k-f-r,15,1,1.527
kfr,kfr,k-f-r,16,11,5.965
kfr,kfr,k-f-r,17,7,4.499
kfr,kfr,k-f-r,18,9,5.7
kfr,kfr,k-f-r,19,5,5.203
kfr,kfr,k-f-r,21,6,5.133
kfr,kfr,k-f-r,22,9,7.064
kfr,kfr,k-f-r,23,3,2.857
kfr,kfr,k-f-r,24,3,2.28
kfr,kfr,k-f-r,25,6,6.719
kfr,kfr,k-f-r,26,1,0.759
kfr,kfr,k-f-r,27,4,3.475
kfr,kfr,k-f-r,28,4,2.797
kfr,kfr,k-f-r,29,10,10.246
kfr,kfr,k-f-r,30,9,11.016
kfr,kfr,k-f-r,31,4,7.326
kfr,kfr,k-f-r,32,2,5.376
kfr,kfr,k-f-r,33,5,3.885
kfr,kfr,k-f-r,34,10,11.325
kfr,kfr,k-f-r,35,11,14.194
kfr,kfr,k-f-r,36,3,4.138
kfr,kfr,k-f-r,37,1,1.163
kfr,kfr,k-f-r,38,5,6.821
kfr,kfr,k-f-r,39,10,8.532
kfr,kfr,k-f-r,40,13,10.664
kfr,kfr,k-f-r,41,9,11.335
kfr,kfr,k-f-r,42,2,2.326
kfr,kfr,k-f-r,43,4,4.819
kfr,kfr,k-f-r,45,2,4.098
kfr,kfr,k-f-r,46,8,12.442
kfr,kfr,k-f-r,47,11,20.408
kfr,kfr,k-f-r,48,8,14.286
kfr,kfr,k-f-r,49,1,2.882
kfr,kfr,k-f-r,50,2,5.362
kfr,kfr,k-f-r,51,1,2.778
kfr,kfr,k-f-r,52,1,3.205
kfr,kfr,k-f-r,54,3,8.772
kfr,kfr,k-f-r,57,3,5.226
kfr,kfr,k-f-r,58,2,4.237
kfr,kfr,k-f-r,59,4,8.989
kfr,kfr,k-f-r,60,8,22.989
kfr,kfr,k-f-r,61,2,9.05
kfr,kfr,k-f-r,63,1,5.556
kfr,kfr,k-f-r,64,6,24.896
kfr,kfr,k-f-r,65,1,3.484
kfr,kfr,k-f-r,66,4,16.064
kfr,kfr,k-f-r,67,4,12.012
kfr,kfr,k-f-r,68,1,3.333
kfr,kfr,k-f-r,69,1,3.876
kfr,kfr,k-f-r,70,2,9.217
kfr,kfr,k-f-r,71,2,8.85
kfr,kfr,k-f-r,73,1,5.025
kfr,kfr,k-f-r,74,3,11.765
kfr,kfr,k-f-r,76,4,16.461
kfr,kfr,k-f-r,78,1,5.78
kfr,kfr,k-f-r,80,2,15.038
kfr,kfr,k-f-r,83,2,11.834
kfr,kfr,k-f-r,84,1,9.346
kfr,kfr,k-f-r,85,1,9.174
kfr,kfr,k-f-r,86,1,16.393
kfr,kfr,k-f-r,88,1,10.87
kfr,kfr,k-f-r,90,1,12.195
kfr,kfr,k-f-r,98,2,21.277
kfr,kfr,k-f-r,109,1,38.462
kft,kft,k-f-t,77,1,5.525
kfy,kfy,k-f-y,2,1,0.164
kfy,kfy,k-f-y,3,1,0.287
kfy,kfy,k-f-y,4,11,2.936
kfy,kfy,k-f-y,10,1,0.546
kfy,kfy,k-f-y,13,1,1.172
kfy,kfy,k-f-y,15,1,1.527
kfy,kfy,k-f-y,17,4,2.571
kfy,kfy,k-f-y,21,1,0.855
kfy,kfy,k-f-y,25,2,2.24
kfy,kfy,k-f-y,29,2,2.049
kfy,kfy,k-f-y,33,4,3.108
kfy,kfy,k-f-y,39,1,0.853
kfy,kfy,k-f-y,41,1,1.259
kfy,kfy,k-f-y,46,1,1.555
kfy,kfy,k-f-y,48,1,1.786
khf,khf,k-h-f,18,6,3.8
khl,khl,k-h-l,3,1,0.287
khl,khl,k-h-l,5,1,0.357
khn,khn,k-h-n,52,1,3.205
khn,khn,k-h-n,69,1,3.876
klA,kluA,k-l-a,21,1,0.855
klH,kluH,k-l-ḥ,23,1,0.952
klb,klb,k-l-b,5,1,0.357
klb,klb,k-l-b,7,1,0.301
klb,klb,k-l-b,18,4,2.533
klf,klf,k-l-f,2,2,0.327
klf,klf,k-l-f,4,1,0.267
klf,klf,k-l-f,6,1,0.328
klf,klf,k-l-f,7,1,0.301
klf,klf,k-l-f,23,1,0.952
klf,klf,k-l-f,38,1,1.364
klf,klf,k-l-f,65,1,3.484
kll,kll,k-l-l,2,25,4.088
kll,kll,k-l-l,3,13,3.735
kll,kll,k-l-l,4,18,4.804
kll,kll,k-l-l,5,9,3.21
kll,kll,k-l-l,6,24,7.869
kll,kll,k-l-l,7,15,4.518
kll,kll,k-l-l,8,6,4.866
kll,kll,k-l-l,9,6,2.402
kll,kll,k-l-l,10,8,4.364
kll,kll,k-l-l,11,11,5.738
kll,kll,k-l-l,12,3,1.688
kll,kll,k-l-l,13,10,11.723
kll,kll,k-l-l,14,6,7.229
kll,kll,k-l-l,15,4,6.107
kll,kll,k-l-l,16,11,5.965
kll,kll,k-l-l,17,10,6.427
kll,kll,k-l-l,18,4,2.533
kll,kll,k-l-l,19,4,4.162
kll,kll,k-l-l,20,5,3.745
kll,kll,k-l-l,21,10,8.554
kll,kll,k-l-l,22,12,9.419
kll,kll,k-l-l,23,5,4.762
kll,kll,k-l-l,24,7,5.319
kll,kll,k-l-l,25,5,5.599
kll,kll,k-l-l,26,6,4.552
kll,kll,k-l-l,27,6,5.213
kll,kll,k-l-l,28,4,2.797
kll,kll,k-l-l,29,4,4.098
kll,kll,k-l-l,30,4,4.896
kll,kll,k-l-l,31,6,10.989
kll,kll,k-l-l,32,3,8.065
kll,kll,k-l-l,33,6,4.662
kll,kll,k-l-l,34,6,6.795
kll,kll,k-l-l,35,4,5.161
kll,kll,k-l-l,36,6,8.276
kll,kll,k-l-l,37,2,2.326
kll,kll,k-l-l,38,5,6.821
kll,kll,k-l-l,39,5,4.266
kll,kll,k-l-l,40,7,5.742
kll,kll,k-l-l,41,5,6.297
kll,kll,k-l-l,42,3,3.488
kll,kll,k-l-l,43,2,2.41
kll,kll,k-l-l,44,2,5.78
kll,kll,k-l-l,45,4,8.197
kll,kll,k-l-l,46,3,4.666
kll,kll,k-l-l,47,1,1.855
kll,kll,k-l-l,48,3,5.357
kll,kll,k-l-l,49,1,2.882
kll,kll,k-l-l,50,6,16.086
kll,kll,k-l-l,51,1,2.778
kll,kll,k-l-l,52,1,3.205
kll,kll,k-l-l,54,6,17.544
kll,kll,k-l-l,55,3,8.547
kll,kll,k-l-l,57,4,6.969
kll,kll,k-l-l,58,2,4.237
kll,kll,k-l-l,59,1,2.247
kll,kll,k-l-l,61,1,4.525
kll,kll,k-l-l,63,1,5.556
kll,kll,k-l-l,64,2,8.299
kll,kll,k-l-l,65,3,10.453
kll,kll,k-l-l,66,1,4.016
kll,kll,k-l-l,67,3,9.009
kll,kll,k-l-l,68,1,3.333
kll,kll,k-l-l,70,1,4.608
kll,kll,k-l-l,71,1,4.425
kll,kll,k-l-l,72,1,3.509
kll,kll,k-l-l,74,2,7.843
kll,kll,k-l-l,78,1,5.78
kll,kll,k-l-l,80,1,7.519
kll,kll,k-l-l,83,1,5.917
kll,kll,k-l-l,85,1,9.174
kll,kll,k-l-l,86,1,16.393
kll,kll,k-l-l,97,1,33.333
kll,kll,k-l-l,104,1,30.303
klm,klm,k-l-m,2,6,0.981
klm,klm,k-l-m,3,6,1.724
klm,klm,k-l-m,4,4,1.068
klm,klm,k-l-m,5,3,1.07
klm,klm,k-l-m,6,4,1.311
klm,klm,k-l-m,7,5,1.506
klm,klm,k-l-m,8,1,0.811
klm,klm,k-l-m,9,4,1.601
klm,klm,k-l-m,10,5,2.728
klm,klm,k-l-m,11,3,1.565
klm,klm,k-l-m,12,1,0.563
klm,klm,k-l-m,13,1,1.172
klm,klm,k-l-m,14,2,2.41
klm,klm,k-l-m,18,4,2.533
klm,klm,k-l-m,19,3,3.122
klm,klm,k-l-m,20,1,0.749
klm,klm,k-l-m,23,2,1.905
klm,klm,k-l-m,24,1,0.76
klm,klm,k-l-m,27,1,0.869
klm,klm,k-l-m,30,1,1.224
klm,klm,k-l-m,31,1,1.832
klm,klm,k-l-m,35,1,1.29
klm,klm,k-l-m,36,1,1.379
klm,klm,k-l-m,37,1,1.163
klm,klm,k-l-m,39,2,1.706
klm,klm,k-l-m,40,1,0.82
klm,klm,k-l-m,41,1,1.259
klm,klm,k-l-m,42,4,4.651
klm,klm,k-l-m,43,1,1.205
klm,klm,k-l-m,48,2,3.571
klm,klm,k-l-m,66,1,4.016
klm,klm,k-l-m,78,1,5.78
klw,klw,k-l-w,17,1,0.643
klw,klw,k-l-w,18,1,0.633
kmh,kmh,k-m-h,3,1,0.287
kmh,kmh,k-m-h,5,1,0.357
kml,kml,k-m-l,2,3,0.491
kml,kml,k-m-l,5,1,0.357
kml,kml,k-m-l,16,1,0.542
kmm,kmm,k-m-m,41,1,1.259
kmm,kmm,k-m-m,55,1,2.849
knd,knd,k-n-d,100,1,25
knn,knn,k-n-n,2,1,0.164
knn,knn,k-n-n,6,1,0.328
knn,knn,k-n-n,16,1,0.542
knn,knn,k-n-n,17,1,0.643
knn,knn,k-n-n,18,1,0.633
knn,knn,k-n-n,27,1,0.869
knn,knn,k-n-n,28,1,0.699
knn,knn,k-n-n,37,1,1.163
knn,knn,k-n-n,41,1,1.259
knn,knn,k-n-n,52,1,3.205
knn,knn,k-n-n,56,2,5.277
kns,kns,k-n-s,81,1,9.615
knz,knz,k-n-z,9,3,1.201
knz,knz,k-n-z,11,1,0.522
knz,knz,k-n-z,18,2,1.267
knz,knz,k-n-z,25,1,1.12
knz,knz,k-n-z,26,1,0.759
knz,knz,k-n-z,28,1,0.699
krb,krb,k-r-b,6,1,0.328
krb,krb,k-r-b,21,1,0.855
krb,krb,k-r-b,37,2,2.326
krh,krh,k-r-h,2,3,0.491
krh,krh,k-r-h,3,1,0.287
krh,krh,k-r-h,4,3,0.801
krh,krh,k-r-h,7,1,0.301
krh,krh,k-r-h,8,2,1.622
krh,krh,k-r-h,9,7,2.802
krh,krh,k-r-h,10,2,1.091
krh,krh,k-r-h,11,1,0.522
krh,krh,k-r-h,13,1,1.172
krh,krh,k-r-h,16,2,1.085
krh,krh,k-r-h,17,1,0.643
krh,krh,k-r-h,20,1,0.749
krh,krh,k-r-h,23,1,0.952
krh,krh,k-r-h,24,3,2.28
krh,krh,k-r-h,40,1,0.82
krh,krh,k-r-h,41,1,1.259
krh,krh,k-r-h,43,1,1.205
krh,krh,k-r-h,46,2,3.11
krh,krh,k-r-h,47,3,5.566
krh,krh,k-r-h,49,2,5.764
krh,krh,k-r-h,61,2,9.05
krm,krm,k-r-m,4,1,0.267
krm,krm,k-r-m,8,2,1.622
krm,krm,k-r-m,12,2,1.125
krm,krm,k-r-m,17,3,1.928
krm,krm,k-r-m,21,1,0.855
krm,krm,k-r-m,22,2,1.57
krm,krm,k-r-m,23,1,0.952
krm,krm,k-r-m,24,1,0.76
krm,krm,k-r-m,25,1,1.12
krm,krm,k-r-m,26,2,1.517
krm,krm,k-r-m,27,2,1.738
krm,krm,k-r-m,31,1,1.832
krm,krm,k-r-m,33,2,1.554
krm,krm,k-r-m,34,1,1.133
krm,krm,k-r-m,36,2,2.759
krm,krm,k-r-m,37,1,1.163
krm,krm,k-r-m,44,3,8.671
krm,krm,k-r-m,49,1,2.882
krm,krm,k-r-m,51,1,2.778
krm,krm,k-r-m,55,2,5.698
krm,krm,k-r-m,56,2,5.277
krm,krm,k-r-m,57,2,3.484
krm,krm,k-r-m,69,1,3.876
krm,krm,k-r-m,70,1,4.608
krm,krm,k-r-m,80,2,15.038
krm,krm,k-r-m,81,1,9.615
krm,krm,k-r-m,82,2,25
krm,krm,k-r-m,89,3,21.898
krm,krm,k-r-m,96,1,13.889
krr,krr,k-r-r,2,1,0.164
krr,krr,k-r-r,17,1,0.643
krr,krr,k-r-r,26,1,0.759
krr,krr,k-r-r,39,1,0.853
krr,krr,k-r-r,67,1,3.003
krr,krr,k-r-r,79,1,5.587
krs,krs,k-r-s,2,1,0.164
krs,krs,k-r-s,38,1,1.364
ksb,ksb,k-s-b,2,13,2.126
ksb,ksb,k-s-b,3,3,0.862
ksb,ksb,k-s-b,4,6,1.601
ksb,ksb,k-s-b,5,1,0.357
ksb,ksb,k-s-b,6,7,2.295
ksb,ksb,k-s-b,7,2,0.602
ksb,ksb,k-s-b,9,2,0.801
ksb,ksb,k-s-b,10,3,1.637
ksb,ksb,k-s-b,13,2,2.345
ksb,ksb,k-s-b,14,2,2.41
ksb,ksb,k-s-b,15,1,1.527
ksb,ksb,k-s-b,18,1,0.633
ksb,ksb,k-s-b,24,1,0.76
ksb,ksb,k-s-b,30,1,1.224
ksb,ksb,k-s-b,31,1,1.832
ksb,ksb,k-s-b,33,1,0.777
ksb,ksb,k-s-b,35,1,1.29
ksb,ksb,k-s-b,36,1,1.379
ksb,ksb,k-s-b,39,5,4.266
ksb,ksb,k-s-b,40,2,1.641
ksb,ksb,k-s-b,41,1,1.259
ksb,ksb,k-s-b,42,3,3.488
ksb,ksb,k-s-b,45,3,6.148
ksb,ksb,k-s-b,52,1,3.205
ksb,ksb,k-s-b,74,1,3.922
ksb,ksb,k-s-b,83,1,5.917
ksb,ksb,k-s-b,111,1,43.478
ksd,ksd,k-s-d,9,1,0.4
ksf,ksf,k-s-f,17,1,0.643
ksf,ksf,k-s-f,26,1,0.759
ksf,ksf,k-s-f,30,1,1.224
ksf,ksf,k-s-f,34,1,1.133
ksf,ksf,k-s-f,52,1,3.205
ksl,ksl,k-s-l,4,1,0.267
ksl,ksl,k-s-l,9,1,0.4
ksw,ksw,k-s-w,2,2,0.327
ksw,ksw,k-s-w,4,1,0.267
ksw,ksw,k-s-w,5,1,0.357
ksw,ksw,k-s-w,23,1,0.952
ktb,ktb,k-t-b,2,48,7.848
ktb,ktb,k-t-b,3,36,10.342
ktb,ktb,k-t-b,4,24,6.405
ktb,ktb,k-t-b,5,19,6.776
ktb,ktb,k-t-b,6,15,4.918
ktb,ktb,k-t-b,7,11,3.313
ktb,ktb,k-t-b,8,2,1.622
ktb,ktb,k-t-b,9,5,2.002
ktb,ktb,k-t-b,10,5,2.728
ktb,ktb,k-t-b,11,4,2.087
ktb,ktb,k-t-b,12,1,0.563
ktb,ktb,k-t-b,13,5,5.862
ktb,ktb,k-t-b,14,1,1.205
ktb,ktb,k-t-b,15,2,3.053
ktb,ktb,k-t-b,16,2,1.085
ktb,ktb,k-t-b,17,8,5.141
ktb,ktb,k-t-b,18,4,2.533
ktb,ktb,k-t-b,19,8,8.325
ktb,ktb,k-t-b,20,1,0.749
ktb,ktb,k-t-b,21,4,3.422
ktb,ktb,k-t-b,22,3,2.355
ktb,ktb,k-t-b,23,2,1.905
ktb,ktb,k-t-b,24,2,1.52
ktb,ktb,k-t-b,25,2,2.24
ktb,ktb,k-t-b,26,1,0.759
ktb,ktb,k-t-b,27,5,4.344
ktb,ktb,k-t-b,28,5,3.497
ktb,ktb,k-t-b,29,7,7.172
ktb,ktb,k-t-b,30,1,1.224
ktb,ktb,k-t-b,31,2,3.663
ktb,ktb,k-t-b,32,2,5.376
ktb,ktb,k-t-b,33,3,2.331
ktb,ktb,k-t-b,34,2,2.265
ktb,ktb,k-t-b,35,6,7.742
ktb,ktb,k-t-b,36,1,1.379
ktb,ktb,k-t-b,37,2,2.326
ktb,ktb,k-t-b,38,1,1.364
ktb,ktb,k-t-b,39,5,4.266
ktb,ktb,k-t-b,40,3,2.461
ktb,ktb,k-t-b,41,3,3.778
ktb,ktb,k-t-b,42,4,4.651
ktb,ktb,k-t-b,43,5,6.024
ktb,ktb,k-t-b,44,1,2.89
ktb,ktb,k-t-b,45,4,8.197
ktb,ktb,k-t-b,46,5,7.776
ktb,ktb,k-t-b,50,1,2.681
ktb,ktb,k-t-b,52,2,6.41
ktb,ktb,k-t-b,56,1,2.639
ktb,ktb,k-t-b,57,6,10.453
ktb,ktb,k-t-b,58,2,4.237
ktb,ktb,k-t-b,59,3,6.742
ktb,ktb,k-t-b,62,1,5.714
ktb,ktb,k-t-b,66,1,4.016
ktb,ktb,k-t-b,68,2,6.667
ktb,ktb,k-t-b,69,4,15.504
ktb,ktb,k-t-b,74,2,7.843
ktb,ktb,k-t-b,78,1,5.78
ktb,ktb,k-t-b,82,1,12.5
ktb,ktb,k-t-b,83,4,23.669
ktb,ktb,k-t-b,84,2,18.692
ktb,ktb,k-t-b,98,4,42.553
ktm,ktm,k-t-m,2,10,1.635
ktm,ktm,k-t-m,3,3,0.862
ktm,ktm,k-t-m,4,2,0.534
ktm,ktm,k-t-m,5,3,1.07
ktm,ktm,k-t-m,21,1,0.855
ktm,ktm,k-t-m,24,1,0.76
ktm,ktm,k-t-m,40,1,0.82
kvb,kvb,k-th-b,73,1,5.025
kvr,kvr,k-th-r,2,8,1.308
kvr,kvr,k-th-r,3,4,1.149
kvr,kvr,k-th-r,4,9,2.402
kvr,kvr,k-th-r,5,15,5.35
kvr,kvr,k-th-r,6,7,2.295
kvr,kvr,k-th-r,7,8,2.41
kvr,kvr,k-th-r,8,4,3.244
kvr,kvr,k-th-r,9,6,2.402
kvr,kvr,k-th-r,10,4,2.182
kvr,kvr,k-th-r,11,3,1.565
kvr,kvr,k-th-r,12,6,3.376
kvr,kvr,k-th-r,13,1,1.172
kvr,kvr,k-th-r,14,1,1.205
kvr,kvr,k-th-r,16,4,2.169
kvr,kvr,k-th-r,17,3,1.928
kvr,kvr,k-th-r,18,2,1.267
kvr,kvr,k-th-r,20,2,1.498
kvr,kvr,k-th-r,21,1,0.855
kvr,kvr,k-th-r,22,3,2.355
kvr,kvr,k-th-r,23,3,2.857
kvr,kvr,k-th-r,25,5,5.599
kvr,kvr,k-th-r,26,10,7.587
kvr,kvr,k-th-r,27,4,3.475
kvr,kvr,k-th-r,28,3,2.098
kvr,kvr,k-th-r,29,1,1.025
kvr,kvr,k-th-r,30,5,6.12
kvr,kvr,k-th-r,31,1,1.832
kvr,kvr,k-th-r,33,3,2.331
kvr,kvr,k-th-r,34,4,4.53
kvr,kvr,k-th-r,36,2,2.759
kvr,kvr,k-th-r,37,1,1.163
kvr,kvr,k-th-r,38,2,2.729
kvr,kvr,k-th-r,39,2,1.706
kvr,kvr,k-th-r,40,4,3.281
kvr,kvr,k-th-r,41,2,2.519
kvr,kvr,k-th-r,42,2,2.326
kvr,kvr,k-th-r,43,2,2.41
kvr,kvr,k-th-r,44,1,2.89
kvr,kvr,k-th-r,45,1,2.049
kvr,kvr,k-th-r,48,2,3.571
kvr,kvr,k-th-r,49,3,8.646
kvr,kvr,k-th-r,52,1,3.205
kvr,kvr,k-th-r,56,1,2.639
kvr,kvr,k-th-r,57,4,6.969
kvr,kvr,k-th-r,58,1,2.119
kvr,kvr,k-th-r,62,1,5.714
kvr,kvr,k-th-r,71,1,4.425
kvr,kvr,k-th-r,74,1,3.922
kvr,kvr,k-th-r,89,1,7.299
kvr,kvr,k-th-r,102,1,35.714
kvr,kvr,k-th-r,108,1,100
kwb,kwb,k-w-b,43,1,1.205
kwb,kwb,k-w-b,56,1,2.639
kwb,kwb,k-w-b,76,1,4.115
kwb,kwb,k-w-b,88,1,10.87
kwd,kwd,k-w-d,2,2,0.327
kwd,kwd,k-w-d,4,1,0.267
kwd,kwd,k-w-d,7,1,0.301
kwd,kwd,k-w-d,9,1,0.4
kwd,kwd,k-w-d,14,1,1.205
kwd,kwd,k-w-d,17,3,1.928
kwd,kwd,k-w-d,18,1,0.633
kwd,kwd,k-w-d,19,1,1.041
kwd,kwd,k-w-d,20,1,0.749
kwd,kwd,k-w-d,22,1,0.785
kwd,kwd,k-w-d,24,3,2.28
kwd,kwd,k-w-d,25,1,1.12
kwd,kwd,k-w-d,28,1,0.699
kwd,kwd,k-w-d,37,1,1.163
kwd,kwd,k-w-d,42,1,1.163
kwd,kwd,k-w-d,43,1,1.205
kwd,kwd,k-w-d,67,1,3.003
kwd,kwd,k-w-d,68,1,3.333
kwd,kwd,k-w-d,72,1,3.509
kwkb,kwkb,k-w-k-b,6,1,0.328
kwkb,kwkb,k-w-k-b,12,1,0.563
kwkb,kwkb,k-w-k-b,24,1,0.76
kwkb,kwkb,k-w-k-b,37,1,1.163
kwkb,kwkb,k-w-k-b,82,1,12.5
kwn,kwn,k-w-n,2,78,12.753
kwn,kwn,k-w-n,3,55,15.8
kwn,kwn,k-w-n,4,114,30.424
kwn,kwn,k-w-n,5,32,11.412
kwn,kwn,k-w-n,6,64,20.984
kwn,kwn,k-w-n,7,74,22.289
kwn,kwn,k-w-n,8,25,20.276
kwn,kwn,k-w-n,9,36,14.412
kwn,kwn,k-w-n,10,50,27.278
kwn,kwn,k-w-n,11,33,17.214
kwn,kwn,k-w-n,12,31,17.445
kwn,kwn,k-w-n,13,3,3.517
kwn,kwn,k-w-n,14,7,8.434
kwn,kwn,k-w-n,15,16,24.427
kwn,kwn,k-w-n,16,35,18.98
kwn,kwn,k-w-n,17,44,28.278
kwn,kwn,k-w-n,18,22,13.933
kwn,kwn,k-w-n,19,43,44.745
kwn,kwn,k-w-n,20,5,3.745
kwn,kwn,k-w-n,21,32,27.374
kwn,kwn,k-w-n,22,9,7.064
kwn,kwn,k-w-n,23,17,16.19
kwn,kwn,k-w-n,24,11,8.359
kwn,kwn,k-w-n,25,24,26.876
kwn,kwn,k-w-n,26,38,28.832
kwn,kwn,k-w-n,27,24,20.851
kwn,kwn,k-w-n,28,37,25.874
kwn,kwn,k-w-n,29,21,21.516
kwn,kwn,k-w-n,30,17,20.808
kwn,kwn,k-w-n,31,4,7.326
kwn,kwn,k-w-n,32,11,29.57
kwn,kwn,k-w-n,33,42,32.634
kwn,kwn,k-w-n,34,16,18.12
kwn,kwn,k-w-n,35,12,15.484
kwn,kwn,k-w-n,36,15,20.69
kwn,kwn,k-w-n,37,20,23.256
kwn,kwn,k-w-n,38,4,5.457
kwn,kwn,k-w-n,39,18,15.358
kwn,kwn,k-w-n,40,25,20.509
kwn,kwn,k-w-n,41,14,17.632
kwn,kwn,k-w-n,42,5,5.814
kwn,kwn,k-w-n,43,11,13.253
kwn,kwn,k-w-n,44,9,26.012
kwn,kwn,k-w-n,45,10,20.492
kwn,kwn,k-w-n,46,16,24.883
kwn,kwn,k-w-n,47,4,7.421
kwn,kwn,k-w-n,48,13,23.214
kwn,kwn,k-w-n,49,4,11.527
kwn,kwn,k-w-n,50,6,16.086
kwn,kwn,k-w-n,51,6,16.667
kwn,kwn,k-w-n,52,6,19.231
kwn,kwn,k-w-n,53,2,5.556
kwn,kwn,k-w-n,54,6,17.544
kwn,kwn,k-w-n,55,1,2.849
kwn,kwn,k-w-n,56,12,31.662
kwn,kwn,k-w-n,57,5,8.711
kwn,kwn,k-w-n,58,4,8.475
kwn,kwn,k-w-n,59,4,8.989
kwn,kwn,k-w-n,60,5,14.368
kwn,kwn,k-w-n,61,2,9.05
kwn,kwn,k-w-n,62,4,22.857
kwn,kwn,k-w-n,63,2,11.111
kwn,kwn,k-w-n,64,1,4.149
kwn,kwn,k-w-n,65,3,10.453
kwn,kwn,k-w-n,66,3,12.048
kwn,kwn,k-w-n,67,5,15.015
kwn,kwn,k-w-n,68,8,26.667
kwn,kwn,k-w-n,69,2,7.752
kwn,kwn,k-w-n,70,4,18.433
kwn,kwn,k-w-n,71,2,8.85
kwn,kwn,k-w-n,72,6,21.053
kwn,kwn,k-w-n,73,3,15.075
kwn,kwn,k-w-n,74,5,19.608
kwn,kwn,k-w-n,75,2,12.195
kwn,kwn,k-w-n,76,8,32.922
kwn,kwn,k-w-n,77,3,16.575
kwn,kwn,k-w-n,78,6,34.682
kwn,kwn,k-w-n,79,1,5.587
kwn,kwn,k-w-n,83,4,23.669
kwn,kwn,k-w-n,84,2,18.692
kwn,kwn,k-w-n,90,1,12.195
kwn,kwn,k-w-n,96,1,13.889
kwn,kwn,k-w-n,98,1,10.638
kwn,kwn,k-w-n,101,2,55.556
kwn,kwn,k-w-n,110,1,52.632
kwn,kwn,k-w-n,112,1,66.667
kwr,kwr,k-w-r,39,2,1.706
kwr,kwr,k-w-r,81,1,9.615
kwy,kwy,k-w-y,9,1,0.4
kyd,kyd,k-y-d,3,1,0.287
kyd,kyd,k-y-d,4,1,0.267
kyd,kyd,k-y-d,7,2,0.602
kyd,kyd,k-y-d,8,1,0.811
kyd,kyd,k-y-d,11,1,0.522
kyd,kyd,k-y-d,12,9,5.065
kyd,kyd,k-y-d,20,3,2.247
kyd,kyd,k-y-d,21,2,1.711
kyd,kyd,k-y-d,22,1,0.785
kyd,kyd,k-y-d,37,1,1.163
kyd,kyd,k-y-d,40,2,1.641
kyd,kyd,k-y-d,52,3,9.615
kyd,kyd,k-y-d,68,1,3.333
kyd,kyd,k-y-d,77,2,11.05
kyd,kyd,k-y-d,86,4,65.574
kyd,kyd,k-y-d,105,1,43.478
kyf,kyf,k-y-f,2,3,0.491
kyf,kyf,k-y-f,3,5,1.436
kyf,kyf,k-y-f,4,4,1.068
kyf,kyf,k-y-f,5,4,1.427
kyf,kyf,k-y-f,6,5,1.639
kyf,kyf,k-y-f,7,5,1.506
kyf,kyf,k-y-f,9,2,0.801
kyf,kyf,k-y-f,10,4,2.182
kyf,kyf,k-y-f,12,1,0.563
kyf,kyf,k-y-f,13,1,1.172
kyf,kyf,k-y-f,14,2,2.41
kyf,kyf,k-y-f,16,1,0.542
kyf,kyf,k-y-f,17,2,1.285
kyf,kyf,k-y-f,18,1,0.633
kyf,kyf,k-y-f,19,1,1.041
kyf,kyf,k-y-f,22,1,0.785
kyf,kyf,k-y-f,25,2,2.24
kyf,kyf,k-y-f,27,3,2.606
kyf,kyf,k-y-f,28,1,0.699
kyf,kyf,k-y-f,29,2,2.049
kyf,kyf,k-y-f,30,4,4.896
kyf,kyf,k-y-f,34,1,1.133
kyf,kyf,k-y-f,35,2,2.581
kyf,kyf,k-y-f,37,2,2.326
kyf,kyf,k-y-f,40,3,2.461
kyf,kyf,k-y-f,43,1,1.205
kyf,kyf,k-y-f,47,2,3.711
kyf,kyf,k-y-f,50,1,2.681
kyf,kyf,k-y-f,54,4,11.696
kyf,kyf,k-y-f,67,2,6.006
kyf,kyf,k-y-f,68,1,3.333
kyf,kyf,k-y-f,71,1,4.425
kyf,kyf,k-y-f,73,1,5.025
kyf,kyf,k-y-f,74,2,7.843
kyf,kyf,k-y-f,88,4,43.478
kyf,kyf,k-y-f,89,1,7.299
kyf,kyf,k-y-f,105,1,43.478
kyl,kyl,k-y-l,6,1,0.328
kyl,kyl,k-y-l,7,1,0.301
kyl,kyl,k-y-l,11,2,1.043
kyl,kyl,k-y-l,12,7,3.939
kyl,kyl,k-y-l,17,2,1.285
kyl,kyl,k-y-l,26,1,0.759
kyl,kyl,k-y-l,83,2,11.834
kyn,kyn,k-y-n,3,1,0.287
kyn,kyn,k-y-n,23,1,0.952
l**,ldhdh,l-dh-dh,37,1,1.163
l**,ldhdh,l-dh-dh,43,1,1.205
l**,ldhdh,l-dh-dh,47,1,1.855
lAlA,luAluA,l-a-l-a,22,1,0.785
lAlA,luAluA,l-a-l-a,35,1,1.29
lAlA,luAluA,l-a-l-a,52,1,3.205
lAlA,luAluA,l-a-l-a,55,1,2.849
lAlA,luAluA,l-a-l-a,56,1,2.639
lAlA,luAluA,l-a-l-a,76,1,4.115
lEb,luEb,l-ʿ-b,5,2,0.713
lEb,luEb,l-ʿ-b,6,3,0.984
lEb,luEb,l-ʿ-b,7,2,0.602
lEb,luEb,l-ʿ-b,9,1,0.4
lEb,luEb,l-ʿ-b,12,1,0.563
lEb,luEb,l-ʿ-b,21,3,2.566
lEb,luEb,l-ʿ-b,29,1,1.025
lEb,luEb,l-ʿ-b,43,1,1.205
lEb,luEb,l-ʿ-b,44,2,5.78
lEb,luEb,l-ʿ-b,47,1,1.855
lEb,luEb,l-ʿ-b,52,1,3.205
lEb,luEb,l-ʿ-b,57,1,1.742
lEb,luEb,l-ʿ-b,70,1,4.608
lEn,luEn,l-ʿ-n,2,6,0.981
lEn,luEn,l-ʿ-n,3,2,0.575
lEn,luEn,l-ʿ-n,4,7,1.868
lEn,luEn,l-ʿ-n,5,4,1.427
lEn,luEn,l-ʿ-n,7,2,0.602
lEn,luEn,l-ʿ-n,9,1,0.4
lEn,luEn,l-ʿ-n,11,3,1.565
lEn,luEn,l-ʿ-n,13,1,1.172
lEn,luEn,l-ʿ-n,15,1,1.527
lEn,luEn,l-ʿ-n,17,1,0.643
lEn,luEn,l-ʿ-n,24,2,1.52
lEn,luEn,l-ʿ-n,28,1,0.699
lEn,luEn,l-ʿ-n,29,1,1.025
lEn,luEn,l-ʿ-n,33,5,3.885
lEn,luEn,l-ʿ-n,38,1,1.364
lEn,luEn,l-ʿ-n,40,1,0.82
lEn,luEn,l-ʿ-n,47,1,1.855
lEn,luEn,l-ʿ-n,48,1,1.786
lHd,luHd,l-ḥ-d,7,1,0.301
lHd,luHd,l-ḥ-d,16,1,0.542
lHd,luHd,l-ḥ-d,18,1,0.633
lHd,luHd,l-ḥ-d,22,1,0.785
lHd,luHd,l-ḥ-d,41,1,1.259
lHd,luHd,l-ḥ-d,72,1,3.509
lHf,luHf,l-ḥ-f,2,1,0.164
lHm,luHm,l-ḥ-m,2,2,0.327
lHm,luHm,l-ḥ-m,5,1,0.357
lHm,luHm,l-ḥ-m,6,1,0.328
lHm,luHm,l-ḥ-m,16,2,1.085
lHm,luHm,l-ḥ-m,22,1,0.785
lHm,luHm,l-ḥ-m,23,1,0.952
lHm,luHm,l-ḥ-m,35,1,1.29
lHm,luHm,l-ḥ-m,49,1,2.882
lHm,luHm,l-ḥ-m,52,1,3.205
lHm,luHm,l-ḥ-m,56,1,2.639
lHn,luHn,l-ḥ-n,47,1,1.855
lHq,luHq,l-ḥ-q,3,1,0.287
lHq,luHq,l-ḥ-q,12,1,0.563
lHq,luHq,l-ḥ-q,26,1,0.759
lHq,luHq,l-ḥ-q,34,1,1.133
lHq,luHq,l-ḥ-q,52,1,3.205
lHq,luHq,l-ḥ-q,62,1,5.714
lHy,luHy,l-ḥ-y,20,1,0.749
lTf,luTf,l-ṭ-f,6,1,0.328
lTf,luTf,l-ṭ-f,12,1,0.563
lTf,luTf,l-ṭ-f,18,1,0.633
lTf,luTf,l-ṭ-f,22,1,0.785
lTf,luTf,l-ṭ-f,31,1,1.832
lTf,luTf,l-ṭ-f,33,1,0.777
lTf,luTf,l-ṭ-f,42,1,1.163
lTf,luTf,l-ṭ-f,67,1,3.003
lZy,luZy,l-ẓ-y,92,1,14.085
lbb,lbb,l-b-b,2,3,0.491
lbb,lbb,l-b-b,3,2,0.575
lbb,lbb,l-b-b,5,1,0.357
lbb,lbb,l-b-b,12,1,0.563
lbb,lbb,l-b-b,13,1,1.172
lbb,lbb,l-b-b,14,1,1.205
lbb,lbb,l-b-b,38,2,2.729
lbb,lbb,l-b-b,39,3,2.56
lbb,lbb,l-b-b,40,1,0.82
lbb,lbb,l-b-b,65,1,3.484
lbd,lbd,l-b-d,72,1,3.509
lbd,lbd,l-b-d,90,1,12.195
lbn,lbn,l-b-n,16,1,0.542
lbn,lbn,l-b-n,47,1,1.855
lbs,lbs,l-b-s,2,3,0.491
lbs,lbs,l-b-s,3,1,0.287
lbs,lbs,l-b-s,6,5,1.639
lbs,lbs,l-b-s,7,3,0.904
lbs,lbs,l-b-s,16,2,1.085
lbs,lbs,l-b-s,18,1,0.633
lbs,lbs,l-b-s,21,1,0.855
lbs,lbs,l-b-s,22,1,0.785
lbs,lbs,l-b-s,25,1,1.12
lbs,lbs,l-b-s,35,2,2.581
lbs,lbs,l-b-s,44,1,2.89
lbs,lbs,l-b-s,50,1,2.681
lbs,lbs,l-b-s,78,1,5.78
lbv,lbv,l-b-th,2,3,0.491
lbv,lbv,l-b-th,10,2,1.091
lbv,lbv,l-b-th,11,1,0.522
lbv,lbv,l-b-th,12,1,0.563
lbv,lbv,l-b-th,17,2,1.285
lbv,lbv,l-b-th,18,6,3.8
lbv,lbv,l-b-th,20,3,2.247
lbv,lbv,l-b-th,23,3,2.857
lbv,lbv,l-b-th,26,1,0.759
lbv,lbv,l-b-th,29,1,1.025
lbv,lbv,l-b-th,30,2,2.448
lbv,lbv,l-b-th,33,1,0.777
lbv,lbv,l-b-th,34,1,1.133
lbv,lbv,l-b-th,37,1,1.163
lbv,lbv,l-b-th,46,1,1.555
lbv,lbv,l-b-th,78,1,5.78
lbv,lbv,l-b-th,79,1,5.587
ldd,ldd,l-d-d,2,1,0.164
ldd,ldd,l-d-d,19,1,1.041
ldn,ldn,l-d-n,3,2,0.575
ldn,ldn,l-d-n,4,4,1.068
ldn,ldn,l-d-n,11,1,0.522
ldn,ldn,l-d-n,17,1,0.643
ldn,ldn,l-d-n,18,4,2.533
ldn,ldn,l-d-n,19,2,2.081
ldn,ldn,l-d-n,20,1,0.749
ldn,ldn,l-d-n,21,1,0.855
ldn,ldn,l-d-n,27,1,0.869
ldn,ldn,l-d-n,28,1,0.699
lfH,lfuH,l-f-ḥ,23,1,0.952
lfZ,lfuZ,l-f-ẓ,50,1,2.681
lff,lff,l-f-f,17,1,0.643
lff,lff,l-f-f,75,1,6.098
lff,lff,l-f-f,78,1,5.78
lft,lft,l-f-t,10,1,0.546
lft,lft,l-f-t,11,1,0.522
lft,lft,l-f-t,15,1,1.527
lfw,lfw,l-f-w,2,1,0.164
lfw,lfw,l-f-w,12,1,0.563
lfw,lfw,l-f-w,37,1,1.163
lgb,lgb,l-gh-b,35,1,1.29
lgb,lgb,l-gh-b,50,1,2.681
lgw,lgw,l-gh-w,2,1,0.164
lgw,lgw,l-gh-w,5,1,0.357
lgw,lgw,l-gh-w,19,1,1.041
lgw,lgw,l-gh-w,23,1,0.952
lgw,lgw,l-gh-w,25,1,1.12
lgw,lgw,l-gh-w,28,1,0.699
lgw,lgw,l-gh-w,41,1,1.259
lgw,lgw,l-gh-w,52,1,3.205
lgw,lgw,l-gh-w,56,1,2.639
lgw,lgw,l-gh-w,78,1,5.78
lgw,lgw,l-gh-w,88,1,10.87
lhb,lhb,l-h-b,77,1,5.525
lhb,lhb,l-h-b,111,2,86.957
lhm,lhm,l-h-m,91,1,18.519
lhv,lhv,l-h-th,7,2,0.602
lhw,lhw,l-h-w,6,2,0.656
lhw,lhw,l-h-w,7,1,0.301
lhw,lhw,l-h-w,15,1,1.527
lhw,lhw,l-h-w,21,2,1.711
lhw,lhw,l-h-w,24,1,0.76
lhw,lhw,l-h-w,29,1,1.025
lhw,lhw,l-h-w,31,1,1.832
lhw,lhw,l-h-w,47,1,1.855
lhw,lhw,l-h-w,57,1,1.742
lhw,lhw,l-h-w,62,2,11.429
lhw,lhw,l-h-w,63,1,5.556
lhw,lhw,l-h-w,80,1,7.519
lhw,lhw,l-h-w,102,1,35.714
ljA,ljuA,l-j-a,9,2,0.801
ljA,ljuA,l-j-a,42,1,1.163
ljj,ljj,l-j-j,23,1,0.952
ljj,ljj,l-j-j,24,1,0.76
ljj,ljj,l-j-j,27,1,0.869
ljj,ljj,l-j-j,67,1,3.003
lmH,lmuH,l-m-ḥ,16,1,0.542
lmH,lmuH,l-m-ḥ,54,1,2.924
lmm,lmm,l-m-m,6,1,0.328
lmm,lmm,l-m-m,33,1,0.777
lmm,lmm,l-m-m,53,1,2.778
lmm,lmm,l-m-m,89,1,7.299
lms,lms,l-m-s,4,1,0.267
lms,lms,l-m-s,5,1,0.357
lms,lms,l-m-s,6,1,0.328
lms,lms,l-m-s,57,1,1.742
lms,lms,l-m-s,72,1,3.509
lmz,lmz,l-m-z,9,2,0.801
lmz,lmz,l-m-z,49,1,2.882
lmz,lmz,l-m-z,104,1,30.303
lqH,lquH,l-q-ḥ,15,1,1.527
lqT,lquT,l-q-ṭ,12,1,0.563
lqT,lquT,l-q-ṭ,28,1,0.699
lqb,lqb,l-q-b,49,1,2.882
lqf,lqf,l-q-f,7,1,0.301
lqf,lqf,l-q-f,20,1,0.749
lqf,lqf,l-q-f,26,1,0.759
lqm,lqm,l-q-m,37,1,1.163
lqy,lqy,l-q-y,2,7,1.145
lqy,lqy,l-q-y,3,7,2.011
lqy,lqy,l-q-y,4,4,1.068
lqy,lqy,l-q-y,5,1,0.357
lqy,lqy,l-q-y,6,3,0.984
lqy,lqy,l-q-y,7,11,3.313
lqy,lqy,l-q-y,8,5,4.055
lqy,lqy,l-q-y,9,1,0.4
lqy,lqy,l-q-y,10,8,4.364
lqy,lqy,l-q-y,11,1,0.522
lqy,lqy,l-q-y,12,3,1.688
lqy,lqy,l-q-y,13,1,1.172
lqy,lqy,l-q-y,15,1,1.527
lqy,lqy,l-q-y,16,4,2.169
lqy,lqy,l-q-y,17,2,1.285
lqy,lqy,l-q-y,18,4,2.533
lqy,lqy,l-q-y,19,1,1.041
lqy,lqy,l-q-y,20,10,7.491
lqy,lqy,l-q-y,21,1,0.855
lqy,lqy,l-q-y,22,3,2.355
lqy,lqy,l-q-y,23,1,0.952
lqy,lqy,l-q-y,24,1,0.76
lqy,lqy,l-q-y,25,5,5.599
lqy,lqy,l-q-y,26,7,5.311
lqy,lqy,l-q-y,27,4,3.475
lqy,lqy,l-q-y,28,6,4.196
lqy,lqy,l-q-y,29,2,2.049
lqy,lqy,l-q-y,30,2,2.448
lqy,lqy,l-q-y,31,1,1.832
lqy,lqy,l-q-y,32,3,8.065
lqy,lqy,l-q-y,33,1,0.777
lqy,lqy,l-q-y,37,1,1.163
lqy,lqy,l-q-y,38,1,1.364
lqy,lqy,l-q-y,39,1,0.853
lqy,lqy,l-q-y,40,2,1.641
lqy,lqy,l-q-y,41,4,5.038
lqy,lqy,l-q-y,43,2,2.41
lqy,lqy,l-q-y,45,1,2.049
lqy,lqy,l-q-y,47,1,1.855
lqy,lqy,l-q-y,50,6,16.086
lqy,lqy,l-q-y,52,1,3.205
lqy,lqy,l-q-y,54,2,5.848
lqy,lqy,l-q-y,55,1,2.849
lqy,lqy,l-q-y,60,1,2.874
lqy,lqy,l-q-y,62,1,5.714
lqy,lqy,l-q-y,67,2,6.006
lqy,lqy,l-q-y,69,1,3.876
lqy,lqy,l-q-y,70,1,4.608
lqy,lqy,l-q-y,73,1,5.025
lqy,lqy,l-q-y,75,1,6.098
lqy,lqy,l-q-y,76,1,4.115
lqy,lqy,l-q-y,77,1,5.525
lqy,lqy,l-q-y,84,2,18.692
lsn,lsn,l-s-n,3,1,0.287
lsn,lsn,l-s-n,4,1,0.267
lsn,lsn,l-s-n,5,1,0.357
lsn,lsn,l-s-n,14,1,1.205
lsn,lsn,l-s-n,16,4,2.169
lsn,lsn,l-s-n,19,2,2.081
lsn,lsn,l-s-n,20,1,0.749
lsn,lsn,l-s-n,24,2,1.52
lsn,lsn,l-s-n,26,3,2.276
lsn,lsn,l-s-n,28,1,0.699
lsn,lsn,l-s-n,30,1,1.224
lsn,lsn,l-s-n,33,1,0.777
lsn,lsn,l-s-n,44,1,2.89
lsn,lsn,l-s-n,46,1,1.555
lsn,lsn,l-s-n,48,1,1.786
lsn,lsn,l-s-n,60,1,2.874
lsn,lsn,l-s-n,75,1,6.098
lsn,lsn,l-s-n,90,1,12.195
lw*,lwdh,l-w-dh,24,1,0.76
lwH,lwuH,l-w-ḥ,7,3,0.904
lwH,lwuH,l-w-ḥ,54,1,2.924
lwH,lwuH,l-w-ḥ,74,1,3.922
lwH,lwuH,l-w-ḥ,85,1,9.174
lwm,lwm,l-w-m,5,2,0.713
lwm,lwm,l-w-m,12,1,0.563
lwm,lwm,l-w-m,14,2,2.41
lwm,lwm,l-w-m,17,2,1.285
lwm,lwm,l-w-m,23,1,0.952
lwm,lwm,l-w-m,37,1,1.163
lwm,lwm,l-w-m,51,2,5.556
lwm,lwm,l-w-m,68,1,3.333
lwm,lwm,l-w-m,70,1,4.608
lwm,lwm,l-w-m,75,1,6.098
lwn,lwn,l-w-n,2,2,0.327
lwn,lwn,l-w-n,16,2,1.085
lwn,lwn,l-w-n,30,1,1.224
lwn,lwn,l-w-n,35,3,3.871
lwn,lwn,l-w-n,39,1,0.853
lwt,lwt,l-w-t,38,1,1.364
lwy,lwy,l-w-y,3,2,0.575
lwy,lwy,l-w-y,4,2,0.534
lwy,lwy,l-w-y,63,1,5.556
lyl,lyl,l-y-l,2,5,0.818
lyl,lyl,l-y-l,3,4,1.149
lyl,lyl,l-y-l,6,4,1.311
lyl,lyl,l-y-l,7,3,0.904
lyl,lyl,l-y-l,10,4,2.182
lyl,lyl,l-y-l,11,2,1.043
lyl,lyl,l-y-l,13,2,2.345
lyl,lyl,l-y-l,14,1,1.205
lyl,lyl,l-y-l,15,1,1.527
lyl,lyl,l-y-l,16,1,0.542
lyl,lyl,l-y-l,17,5,3.213
lyl,lyl,l-y-l,19,1,1.041
lyl,lyl,l-y-l,20,1,0.749
lyl,lyl,l-y-l,21,3,2.566
lyl,lyl,l-y-l,22,2,1.57
lyl,lyl,l-y-l,23,1,0.952
lyl,lyl,l-y-l,24,1,0.76
lyl,lyl,l-y-l,25,2,2.24
lyl,lyl,l-y-l,27,1,0.869
lyl,lyl,l-y-l,28,3,2.098
lyl,lyl,l-y-l,30,1,1.224
lyl,lyl,l-y-l,31,2,3.663
lyl,lyl,l-y-l,34,2,2.265
lyl,lyl,l-y-l,35,2,2.581
lyl,lyl,l-y-l,36,2,2.759
lyl,lyl,l-y-l,37,1,1.163
lyl,lyl,l-y-l,39,3,2.56
lyl,lyl,l-y-l,40,1,0.82
lyl,lyl,l-y-l,41,2,2.519
lyl,lyl,l-y-l,44,2,5.78
lyl,lyl,l-y-l,45,1,2.049
lyl,lyl,l-y-l,50,1,2.681
lyl,lyl,l-y-l,51,1,2.778
lyl,lyl,l-y-l,52,1,3.205
lyl,lyl,l-y-l,57,2,3.484
lyl,lyl,l-y-l,69,1,3.876
lyl,lyl,l-y-l,71,1,4.425
lyl,lyl,l-y-l,73,4,20.101
lyl,lyl,l-y-l,74,1,3.922
lyl,lyl,l-y-l,76,2,8.23
lyl,lyl,l-y-l,78,1,5.78
lyl,lyl,l-y-l,79,1,5.587
lyl,lyl,l-y-l,81,1,9.615
lyl,lyl,l-y-l,84,1,9.346
lyl,lyl,l-y-l,89,2,14.599
lyl,lyl,l-y-l,91,1,18.519
lyl,lyl,l-y-l,92,1,14.085
lyl,lyl,l-y-l,93,1,25
lyl,lyl,l-y-l,97,3,100
lyn,lyn,l-y-n,3,1,0.287
lyn,lyn,l-y-n,20,1,0.749
lyn,lyn,l-y-n,34,1,1.133
lyn,lyn,l-y-n,39,1,0.853
lyn,lyn,l-y-n,59,1,2.247
lys,lys,l-y-s,2,9,1.472
lys,lys,l-y-s,3,8,2.298
lys,lys,l-y-s,4,5,1.334
lys,lys,l-y-s,5,3,1.07
lys,lys,l-y-s,6,8,2.623
lys,lys,l-y-s,7,3,0.904
lys,lys,l-y-s,8,1,0.811
lys,lys,l-y-s,9,1,0.4
lys,lys,l-y-s,11,7,3.652
lys,lys,l-y-s,13,1,1.172
lys,lys,l-y-s,15,2,3.053
lys,lys,l-y-s,16,1,0.542
lys,lys,l-y-s,17,2,1.285
lys,lys,l-y-s,22,2,1.57
lys,lys,l-y-s,24,6,4.559
lys,lys,l-y-s,29,3,3.074
lys,lys,l-y-s,31,1,1.832
lys,lys,l-y-s,33,2,1.554
lys,lys,l-y-s,36,1,1.379
lys,lys,l-y-s,39,4,3.413
lys,lys,l-y-s,40,2,1.641
lys,lys,l-y-s,42,1,1.163
lys,lys,l-y-s,43,1,1.205
lys,lys,l-y-s,46,3,4.666
lys,lys,l-y-s,48,2,3.571
lys,lys,l-y-s,53,2,5.556
lys,lys,l-y-s,56,1,2.639
lys,lys,l-y-s,58,1,2.119
lys,lys,l-y-s,69,1,3.876
lys,lys,l-y-s,70,1,4.608
lys,lys,l-y-s,75,1,6.098
lys,lys,l-y-s,88,2,21.739
lys,lys,l-y-s,95,1,29.412
lyt,lyt,l-y-t,49,1,2.882
lzb,lzb,l-z-b,37,1,1.163
lzm,lzm,l-z-m,11,1,0.522
lzm,lzm,l-z-m,17,1,0.643
lzm,lzm,l-z-m,20,1,0.749
lzm,lzm,l-z-m,25,1,1.12
lzm,lzm,l-z-m,48,1,1.786
m$j,mshj,m-sh-j,76,1,4.115
m$y,mshy,m-sh-y,2,1,0.164
m$y,mshy,m-sh-y,6,1,0.328
m$y,mshy,m-sh-y,7,1,0.301
m$y,mshy,m-sh-y,17,2,1.285
m$y,mshy,m-sh-y,20,2,1.498
m$y,mshy,m-sh-y,24,3,2.28
m$y,mshy,m-sh-y,25,3,3.359
m$y,mshy,m-sh-y,28,1,0.699
m$y,mshy,m-sh-y,31,2,3.663
m$y,mshy,m-sh-y,32,1,2.688
m$y,mshy,m-sh-y,38,1,1.364
m$y,mshy,m-sh-y,57,1,1.742
m$y,mshy,m-sh-y,67,3,9.009
m$y,mshy,m-sh-y,68,1,3.333
mAy,muAy,m-a-y,2,3,0.491
mAy,muAy,m-a-y,8,4,3.244
mAy,muAy,m-a-y,18,1,0.633
mAy,muAy,m-a-y,24,1,0.76
mAy,muAy,m-a-y,37,1,1.163
mDg,muDg,m-ḍ-gh,22,1,0.785
mDg,muDg,m-ḍ-gh,23,2,1.905
mDy,muDy,m-ḍ-y,8,1,0.811
mDy,muDy,m-ḍ-y,15,1,1.527
mDy,muDy,m-ḍ-y,18,1,0.633
mDy,muDy,m-ḍ-y,36,1,1.379
mDy,muDy,m-ḍ-y,43,1,1.205
mEn,muEn,m-ʿ-n,107,1,40
mEy,muEy,m-ʿ-y,47,1,1.855
mEz,muEz,m-ʿ-z,6,1,0.328
mHS,muHuS,m-ḥ-ṣ,3,2,0.575
mHl,muHl,m-ḥ-l,13,1,1.172
mHn,muHn,m-ḥ-n,49,1,2.882
mHn,muHn,m-ḥ-n,60,1,2.874
mHq,muHq,m-ḥ-q,2,1,0.164
mHq,muHq,m-ḥ-q,3,1,0.287
mHw,muHw,m-ḥ-w,13,1,1.172
mHw,muHw,m-ḥ-w,17,1,0.643
mHw,muHw,m-ḥ-w,42,1,1.163
mSr,muSr,m-ṣ-r,2,1,0.164
mSr,muSr,m-ṣ-r,10,1,0.546
mSr,muSr,m-ṣ-r,12,2,1.125
mSr,muSr,m-ṣ-r,43,1,1.205
mTr,muTr,m-ṭ-r,4,1,0.267
mTr,muTr,m-ṭ-r,7,2,0.602
mTr,muTr,m-ṭ-r,8,1,0.811
mTr,muTr,m-ṭ-r,11,1,0.522
mTr,muTr,m-ṭ-r,15,1,1.527
mTr,muTr,m-ṭ-r,25,2,2.24
mTr,muTr,m-ṭ-r,26,3,2.276
mTr,muTr,m-ṭ-r,27,3,2.606
mTr,muTr,m-ṭ-r,46,1,1.555
mTw,muTw,m-ṭ-w,75,1,6.098
mdd,mdd,m-d-d,2,1,0.164
mdd,mdd,m-d-d,3,2,0.575
mdd,mdd,m-d-d,7,1,0.301
mdd,mdd,m-d-d,8,1,0.811
mdd,mdd,m-d-d,9,1,0.4
mdd,mdd,m-d-d,13,1,1.172
mdd,mdd,m-d-d,15,2,3.053
mdd,mdd,m-d-d,17,2,1.285
mdd,mdd,m-d-d,18,2,1.267
mdd,mdd,m-d-d,19,4,4.162
mdd,mdd,m-d-d,20,1,0.749
mdd,mdd,m-d-d,22,1,0.785
mdd,mdd,m-d-d,23,1,0.952
mdd,mdd,m-d-d,25,1,1.12
mdd,mdd,m-d-d,26,2,1.517
mdd,mdd,m-d-d,27,1,0.869
mdd,mdd,m-d-d,31,1,1.832
mdd,mdd,m-d-d,50,1,2.681
mdd,mdd,m-d-d,52,1,3.205
mdd,mdd,m-d-d,56,1,2.639
mdd,mdd,m-d-d,71,1,4.425
mdd,mdd,m-d-d,74,1,3.922
mdd,mdd,m-d-d,84,1,9.346
mdd,mdd,m-d-d,104,1,30.303
mdn,mdn,m-d-n,7,2,0.602
mdn,mdn,m-d-n,9,2,0.801
mdn,mdn,m-d-n,12,1,0.563
mdn,mdn,m-d-n,15,1,1.527
mdn,mdn,m-d-n,18,2,1.267
mdn,mdn,m-d-n,26,2,1.517
mdn,mdn,m-d-n,27,1,0.869
mdn,mdn,m-d-n,28,3,2.098
mdn,mdn,m-d-n,33,1,0.777
mdn,mdn,m-d-n,36,1,1.379
mdn,mdn,m-d-n,63,1,5.556
mhd,mhd,m-h-d,2,1,0.164
mhd,mhd,m-h-d,3,3,0.862
mhd,mhd,m-h-d,5,1,0.357
mhd,mhd,m-h-d,7,1,0.301
mhd,mhd,m-h-d,13,1,1.172
mhd,mhd,m-h-d,19,1,1.041
mhd,mhd,m-h-d,20,1,0.749
mhd,mhd,m-h-d,30,1,1.224
mhd,mhd,m-h-d,38,1,1.364
mhd,mhd,m-h-d,43,1,1.205
mhd,mhd,m-h-d,51,1,2.778
mhd,mhd,m-h-d,74,2,7.843
mhd,mhd,m-h-d,78,1,5.78
mhl,mhl,m-h-l,18,1,0.633
mhl,mhl,m-h-l,44,1,2.89
mhl,mhl,m-h-l,70,1,4.608
mhl,mhl,m-h-l,73,1,5.025
mhl,mhl,m-h-l,86,2,32.787
mhn,mhn,m-h-n,32,1,2.688
mhn,mhn,m-h-n,43,1,1.205
mhn,mhn,m-h-n,68,1,3.333
mhn,mhn,m-h-n,77,1,5.525
mjd,mjd,m-j-d,11,1,0.522
mjd,mjd,m-j-d,50,1,2.681
mjd,mjd,m-j-d,85,2,18.349
mjs,mjs,m-j-s,22,1,0.785
mkn,mkn,m-k-n,6,2,0.656
mkn,mkn,m-k-n,7,1,0.301
mkn,mkn,m-k-n,8,1,0.811
mkn,mkn,m-k-n,12,3,1.688
mkn,mkn,m-k-n,18,2,1.267
mkn,mkn,m-k-n,22,1,0.785
mkn,mkn,m-k-n,23,1,0.952
mkn,mkn,m-k-n,24,1,0.76
mkn,mkn,m-k-n,28,2,1.399
mkn,mkn,m-k-n,46,2,3.11
mkn,mkn,m-k-n,77,1,5.525
mkn,mkn,m-k-n,81,1,9.615
mkr,mkr,m-k-r,3,3,0.862
mkr,mkr,m-k-r,6,3,0.984
mkr,mkr,m-k-r,7,4,1.205
mkr,mkr,m-k-r,8,4,3.244
mkr,mkr,m-k-r,10,3,1.637
mkr,mkr,m-k-r,12,2,1.125
mkr,mkr,m-k-r,13,3,3.517
mkr,mkr,m-k-r,14,4,4.819
mkr,mkr,m-k-r,16,3,1.627
mkr,mkr,m-k-r,27,6,5.213
mkr,mkr,m-k-r,34,1,1.133
mkr,mkr,m-k-r,35,4,5.161
mkr,mkr,m-k-r,40,1,0.82
mkr,mkr,m-k-r,71,2,8.85
mkv,mkv,m-k-th,13,1,1.172
mkv,mkv,m-k-th,17,1,0.643
mkv,mkv,m-k-th,18,1,0.633
mkv,mkv,m-k-th,20,1,0.749
mkv,mkv,m-k-th,27,1,0.869
mkv,mkv,m-k-th,28,1,0.699
mkv,mkv,m-k-th,43,1,1.205
mkw,mkw,m-k-w,8,1,0.811
mlA,mluA,m-l-a,2,1,0.164
mlA,mluA,m-l-a,3,1,0.287
mlA,mluA,m-l-a,7,9,2.711
mlA,mluA,m-l-a,10,3,1.637
mlA,mluA,m-l-a,11,4,2.087
mlA,mluA,m-l-a,12,1,0.563
mlA,mluA,m-l-a,18,1,0.633
mlA,mluA,m-l-a,23,3,2.857
mlA,mluA,m-l-a,26,1,0.759
mlA,mluA,m-l-a,27,3,2.606
mlA,mluA,m-l-a,28,3,2.098
mlA,mluA,m-l-a,32,1,2.688
mlA,mluA,m-l-a,37,2,2.326
mlA,mluA,m-l-a,38,3,4.093
mlA,mluA,m-l-a,43,1,1.205
mlA,mluA,m-l-a,50,1,2.681
mlA,mluA,m-l-a,56,1,2.639
mlA,mluA,m-l-a,72,1,3.509
mlH,mluH,m-l-ḥ,25,1,1.12
mlH,mluH,m-l-ḥ,35,1,1.29
mlk,mlk,m-l-k,1,1,34.483
mlk,mlk,m-l-k,2,20,3.27
mlk,mlk,m-l-k,3,13,3.735
mlk,mlk,m-l-k,4,10,2.669
mlk,mlk,m-l-k,5,9,3.21
mlk,mlk,m-l-k,6,9,2.951
mlk,mlk,m-l-k,7,5,1.506
mlk,mlk,m-l-k,8,3,2.433
mlk,mlk,m-l-k,9,1,0.4
mlk,mlk,m-l-k,10,2,1.091
mlk,mlk,m-l-k,11,2,1.043
mlk,mlk,m-l-k,12,7,3.939
mlk,mlk,m-l-k,13,3,3.517
mlk,mlk,m-l-k,15,4,6.107
mlk,mlk,m-l-k,16,8,4.338
mlk,mlk,m-l-k,17,8,5.141
mlk,mlk,m-l-k,18,2,1.267
mlk,mlk,m-l-k,19,1,1.041
mlk,mlk,m-l-k,20,5,3.745
mlk,mlk,m-l-k,21,1,0.855
mlk,mlk,m-l-k,22,2,1.57
mlk,mlk,m-l-k,23,4,3.81
mlk,mlk,m-l-k,24,5,3.799
mlk,mlk,m-l-k,25,9,10.078
mlk,mlk,m-l-k,27,2,1.738
mlk,mlk,m-l-k,29,1,1.025
mlk,mlk,m-l-k,30,1,1.224
mlk,mlk,m-l-k,32,1,2.688
mlk,mlk,m-l-k,33,6,4.662
mlk,mlk,m-l-k,34,3,3.398
mlk,mlk,m-l-k,35,3,3.871
mlk,mlk,m-l-k,36,2,2.759
mlk,mlk,m-l-k,37,1,1.163
mlk,mlk,m-l-k,38,5,6.821
mlk,mlk,m-l-k,39,4,3.413
mlk,mlk,m-l-k,40,2,1.641
mlk,mlk,m-l-k,41,2,2.519
mlk,mlk,m-l-k,42,2,2.326
mlk,mlk,m-l-k,43,7,8.434
mlk,mlk,m-l-k,45,1,2.049
mlk,mlk,m-l-k,46,1,1.555
mlk,mlk,m-l-k,47,1,1.855
mlk,mlk,m-l-k,48,2,3.571
mlk,mlk,m-l-k,53,2,5.556
mlk,mlk,m-l-k,54,1,2.924
mlk,mlk,m-l-k,57,2,3.484
mlk,mlk,m-l-k,59,1,2.247
mlk,mlk,m-l-k,60,1,2.874
mlk,mlk,m-l-k,62,1,5.714
mlk,mlk,m-l-k,64,1,4.149
mlk,mlk,m-l-k,66,2,8.032
mlk,mlk,m-l-k,67,1,3.003
mlk,mlk,m-l-k,69,1,3.876
mlk,mlk,m-l-k,70,2,9.217
mlk,mlk,m-l-k,72,1,3.509
mlk,mlk,m-l-k,74,1,3.922
mlk,mlk,m-l-k,76,1,4.115
mlk,mlk,m-l-k,78,2,11.561
mlk,mlk,m-l-k,82,1,12.5
mlk,mlk,m-l-k,85,1,9.174
mlk,mlk,m-l-k,89,1,7.299
mlk,mlk,m-l-k,97,1,33.333
mlk,mlk,m-l-k,114,1,50
mll,mll,m-l-l,2,6,0.981
mll,mll,m-l-l,3,1,0.287
mll,mll,m-l-l,4,1,0.267
mll,mll,m-l-l,6,1,0.328
mll,mll,m-l-l,7,2,0.602
mll,mll,m-l-l,12,2,1.125
mll,mll,m-l-l,14,1,1.205
mll,mll,m-l-l,16,1,0.542
mll,mll,m-l-l,18,1,0.633
mll,mll,m-l-l,22,1,0.785
mll,mll,m-l-l,38,1,1.364
mlq,mlq,m-l-q,6,1,0.328
mlq,mlq,m-l-q,17,1,0.643
mlw,mlw,m-l-w,3,2,0.575
mlw,mlw,m-l-w,7,1,0.301
mlw,mlw,m-l-w,13,1,1.172
mlw,mlw,m-l-w,19,1,1.041
mlw,mlw,m-l-w,22,2,1.57
mlw,mlw,m-l-w,25,1,1.12
mlw,mlw,m-l-w,47,1,1.855
mlw,mlw,m-l-w,68,1,3.333
mnE,mnuE,m-n-ʿ,2,1,0.164
mnE,mnuE,m-n-ʿ,4,1,0.267
mnE,mnuE,m-n-ʿ,7,1,0.301
mnE,mnuE,m-n-ʿ,9,1,0.4
mnE,mnuE,m-n-ʿ,12,1,0.563
mnE,mnuE,m-n-ʿ,17,2,1.285
mnE,mnuE,m-n-ʿ,18,1,0.633
mnE,mnuE,m-n-ʿ,20,1,0.749
mnE,mnuE,m-n-ʿ,21,1,0.855
mnE,mnuE,m-n-ʿ,38,1,1.364
mnE,mnuE,m-n-ʿ,50,1,2.681
mnE,mnuE,m-n-ʿ,56,1,2.639
mnE,mnuE,m-n-ʿ,59,1,2.247
mnE,mnuE,m-n-ʿ,68,1,3.333
mnE,mnuE,m-n-ʿ,70,1,4.608
mnE,mnuE,m-n-ʿ,107,1,40
mnn,mnn,m-n-n,2,3,0.491
mnn,mnn,m-n-n,3,1,0.287
mnn,mnn,m-n-n,4,1,0.267
mnn,mnn,m-n-n,6,1,0.328
mnn,mnn,m-n-n,7,1,0.301
mnn,mnn,m-n-n,12,1,0.563
mnn,mnn,m-n-n,14,1,1.205
mnn,mnn,m-n-n,20,2,1.498
mnn,mnn,m-n-n,26,1,0.759
mnn,mnn,m-n-n,28,2,1.399
mnn,mnn,m-n-n,37,1,1.163
mnn,mnn,m-n-n,38,1,1.364
mnn,mnn,m-n-n,41,1,1.259
mnn,mnn,m-n-n,47,1,1.855
mnn,mnn,m-n-n,49,3,8.646
mnn,mnn,m-n-n,52,2,6.41
mnn,mnn,m-n-n,68,1,3.333
mnn,mnn,m-n-n,74,1,3.922
mnn,mnn,m-n-n,84,1,9.346
mnn,mnn,m-n-n,95,1,29.412
mny,mny,m-n-y,2,4,0.654
mny,mny,m-n-y,3,1,0.287
mny,mny,m-n-y,4,5,1.334
mny,mny,m-n-y,22,2,1.57
mny,mny,m-n-y,28,1,0.699
mny,mny,m-n-y,53,2,5.556
mny,mny,m-n-y,56,1,2.639
mny,mny,m-n-y,57,1,1.742
mny,mny,m-n-y,62,2,11.429
mny,mny,m-n-y,75,2,12.195
mqt,mqt,m-q-t,4,1,0.267
mqt,mqt,m-q-t,35,1,1.29
mqt,mqt,m-q-t,40,3,2.461
mqt,mqt,m-q-t,61,1,4.525
mrA,mruA,m-r-a,2,2,0.327
mrA,mruA,m-r-a,3,2,0.575
mrA,mruA,m-r-a,4,4,1.068
mrA,mruA,m-r-a,7,1,0.301
mrA,mruA,m-r-a,8,1,0.811
mrA,mruA,m-r-a,11,2,1.043
mrA,mruA,m-r-a,12,3,1.688
mrA,mruA,m-r-a,15,1,1.527
mrA,mruA,m-r-a,19,3,3.122
mrA,mruA,m-r-a,24,1,0.76
mrA,mruA,m-r-a,27,2,1.738
mrA,mruA,m-r-a,28,2,1.399
mrA,mruA,m-r-a,29,2,2.049
mrA,mruA,m-r-a,33,1,0.777
mrA,mruA,m-r-a,51,1,2.778
mrA,mruA,m-r-a,52,1,3.205
mrA,mruA,m-r-a,66,3,12.048
mrA,mruA,m-r-a,70,1,4.608
mrA,mruA,m-r-a,74,1,3.922
mrA,mruA,m-r-a,78,1,5.78
mrA,mruA,m-r-a,80,2,15.038
mrA,mruA,m-r-a,111,1,43.478
mrD,mruD,m-r-ḍ,2,5,0.818
mrD,mruD,m-r-ḍ,4,2,0.534
mrD,mruD,m-r-ḍ,5,2,0.713
mrD,mruD,m-r-ḍ,8,1,0.811
mrD,mruD,m-r-ḍ,9,2,0.801
mrD,mruD,m-r-ḍ,22,1,0.785
mrD,mruD,m-r-ḍ,24,2,1.52
mrD,mruD,m-r-ḍ,26,1,0.759
mrD,mruD,m-r-ḍ,33,3,2.331
mrD,mruD,m-r-ḍ,47,2,3.711
mrD,mruD,m-r-ḍ,48,1,1.786
mrD,mruD,m-r-ḍ,73,1,5.025
mrD,mruD,m-r-ḍ,74,1,3.922
mrH,mruH,m-r-ḥ,17,1,0.643
mrH,mruH,m-r-ḥ,31,1,1.832
mrH,mruH,m-r-ḥ,40,1,0.82
mrd,mrd,m-r-d,4,1,0.267
mrd,mrd,m-r-d,9,1,0.4
mrd,mrd,m-r-d,22,1,0.785
mrd,mrd,m-r-d,27,1,0.869
mrd,mrd,m-r-d,37,1,1.163
mrj,mrj,m-r-j,25,1,1.12
mrj,mrj,m-r-j,50,1,2.681
mrj,mrj,m-r-j,55,4,11.396
mrr,mrr,m-r-r,2,2,0.327
mrr,mrr,m-r-r,6,2,0.656
mrr,mrr,m-r-r,7,1,0.301
mrr,mrr,m-r-r,8,1,0.811
mrr,mrr,m-r-r,9,6,2.402
mrr,mrr,m-r-r,10,1,0.546
mrr,mrr,m-r-r,11,1,0.522
mrr,mrr,m-r-r,12,1,0.563
mrr,mrr,m-r-r,17,3,1.928
mrr,mrr,m-r-r,18,1,0.633
mrr,mrr,m-r-r,20,1,0.749
mrr,mrr,m-r-r,24,1,0.76
mrr,mrr,m-r-r,25,2,2.24
mrr,mrr,m-r-r,27,2,1.738
mrr,mrr,m-r-r,28,1,0.699
mrr,mrr,m-r-r,33,1,0.777
mrr,mrr,m-r-r,36,1,1.379
mrr,mrr,m-r-r,37,1,1.163
mrr,mrr,m-r-r,41,1,1.259
mrr,mrr,m-r-r,53,1,2.778
mrr,mrr,m-r-r,54,3,8.772
mrr,mrr,m-r-r,83,1,5.917
mry,mry,m-r-y,2,1,0.164
mry,mry,m-r-y,3,1,0.287
mry,mry,m-r-y,6,2,0.656
mry,mry,m-r-y,10,1,0.546
mry,mry,m-r-y,11,2,1.043
mry,mry,m-r-y,15,1,1.527
mry,mry,m-r-y,18,2,1.267
mry,mry,m-r-y,19,1,1.041
mry,mry,m-r-y,22,1,0.785
mry,mry,m-r-y,32,1,2.688
mry,mry,m-r-y,41,1,1.259
mry,mry,m-r-y,42,1,1.163
mry,mry,m-r-y,43,1,1.205
mry,mry,m-r-y,44,1,2.89
mry,mry,m-r-y,53,2,5.556
mry,mry,m-r-y,54,1,2.924
msH,msuH,m-s-ḥ,4,1,0.267
msH,msuH,m-s-ḥ,5,2,0.713
msH,msuH,m-s-ḥ,38,1,1.364
msd,msd,m-s-d,111,1,43.478
msk,msk,m-s-k,2,4,0.654
msk,msk,m-s-k,4,1,0.267
msk,msk,m-s-k,5,1,0.357
msk,msk,m-s-k,7,1,0.301
msk,msk,m-s-k,16,2,1.085
msk,msk,m-s-k,17,1,0.643
msk,msk,m-s-k,22,1,0.785
msk,msk,m-s-k,31,1,1.832
msk,msk,m-s-k,33,1,0.777
msk,msk,m-s-k,35,4,5.161
msk,msk,m-s-k,38,1,1.364
msk,msk,m-s-k,39,2,1.706
msk,msk,m-s-k,43,2,2.41
msk,msk,m-s-k,60,1,2.874
msk,msk,m-s-k,65,1,3.484
msk,msk,m-s-k,67,2,6.006
msk,msk,m-s-k,83,1,5.917
mss,mss,m-s-s,2,5,0.818
mss,mss,m-s-s,3,6,1.724
mss,mss,m-s-s,5,1,0.357
mss,mss,m-s-s,6,3,0.984
mss,mss,m-s-s,7,4,1.205
mss,mss,m-s-s,8,1,0.811
mss,mss,m-s-s,10,4,2.182
mss,mss,m-s-s,11,4,2.087
mss,mss,m-s-s,12,1,0.563
mss,mss,m-s-s,15,2,3.053
mss,mss,m-s-s,16,1,0.542
mss,mss,m-s-s,17,2,1.285
mss,mss,m-s-s,19,2,2.081
mss,mss,m-s-s,20,1,0.749
mss,mss,m-s-s,21,2,1.711
mss,mss,m-s-s,24,2,1.52
mss,mss,m-s-s,26,1,0.759
mss,mss,m-s-s,30,1,1.224
mss,mss,m-s-s,33,1,0.777
mss,mss,m-s-s,35,2,2.581
mss,mss,m-s-s,36,1,1.379
mss,mss,m-s-s,38,1,1.364
mss,mss,m-s-s,39,3,2.56
mss,mss,m-s-s,41,3,3.778
mss,mss,m-s-s,50,1,2.681
mss,mss,m-s-s,54,1,2.924
mss,mss,m-s-s,56,1,2.639
mss,mss,m-s-s,58,2,4.237
mss,mss,m-s-s,70,2,9.217
msw,msw,m-s-w,30,1,1.224
msx,msx,m-s-kh,36,1,1.379
mtE,mtuE,m-t-ʿ,2,7,1.145
mtE,mtuE,m-t-ʿ,3,3,0.862
mtE,mtuE,m-t-ʿ,4,3,0.801
mtE,mtuE,m-t-ʿ,5,1,0.357
mtE,mtuE,m-t-ʿ,6,1,0.328
mtE,mtuE,m-t-ʿ,7,1,0.301
mtE,mtuE,m-t-ʿ,9,4,1.601
mtE,mtuE,m-t-ʿ,10,3,1.637
mtE,mtuE,m-t-ʿ,11,4,2.087
mtE,mtuE,m-t-ʿ,12,3,1.688
mtE,mtuE,m-t-ʿ,13,2,2.345
mtE,mtuE,m-t-ʿ,14,1,1.205
mtE,mtuE,m-t-ʿ,15,2,3.053
mtE,mtuE,m-t-ʿ,16,3,1.627
mtE,mtuE,m-t-ʿ,20,1,0.749
mtE,mtuE,m-t-ʿ,21,2,1.711
mtE,mtuE,m-t-ʿ,24,1,0.76
mtE,mtuE,m-t-ʿ,25,1,1.12
mtE,mtuE,m-t-ʿ,26,2,1.517
mtE,mtuE,m-t-ʿ,28,3,2.098
mtE,mtuE,m-t-ʿ,29,1,1.025
mtE,mtuE,m-t-ʿ,30,1,1.224
mtE,mtuE,m-t-ʿ,31,1,1.832
mtE,mtuE,m-t-ʿ,33,4,3.108
mtE,mtuE,m-t-ʿ,36,1,1.379
mtE,mtuE,m-t-ʿ,37,1,1.163
mtE,mtuE,m-t-ʿ,39,1,0.853
mtE,mtuE,m-t-ʿ,40,1,0.82
mtE,mtuE,m-t-ʿ,42,1,1.163
mtE,mtuE,m-t-ʿ,43,2,2.41
mtE,mtuE,m-t-ʿ,46,1,1.555
mtE,mtuE,m-t-ʿ,47,1,1.855
mtE,mtuE,m-t-ʿ,51,1,2.778
mtE,mtuE,m-t-ʿ,56,1,2.639
mtE,mtuE,m-t-ʿ,57,1,1.742
mtE,mtuE,m-t-ʿ,77,1,5.525
mtE,mtuE,m-t-ʿ,79,1,5.587
mtE,mtuE,m-t-ʿ,80,1,7.519
mtn,mtn,m-t-n,7,1,0.301
mtn,mtn,m-t-n,51,1,2.778
mtn,mtn,m-t-n,68,1,3.333
mvl,mvl,m-th-l,2,22,3.597
mvl,mvl,m-th-l,3,8,2.298
mvl,mvl,m-th-l,4,3,0.801
mvl,mvl,m-th-l,5,3,1.07
mvl,mvl,m-th-l,6,6,1.967
mvl,mvl,m-th-l,7,6,1.807
mvl,mvl,m-th-l,8,1,0.811
mvl,mvl,m-th-l,10,4,2.182
mvl,mvl,m-th-l,11,5,2.608
mvl,mvl,m-th-l,13,5,5.862
mvl,mvl,m-th-l,14,7,8.434
mvl,mvl,m-th-l,16,7,3.796
mvl,mvl,m-th-l,17,5,3.213
mvl,mvl,m-th-l,18,5,3.167
mvl,mvl,m-th-l,19,1,1.041
mvl,mvl,m-th-l,20,3,2.247
mvl,mvl,m-th-l,21,3,2.566
mvl,mvl,m-th-l,22,2,1.57
mvl,mvl,m-th-l,23,5,4.762
mvl,mvl,m-th-l,24,4,3.04
mvl,mvl,m-th-l,25,3,3.359
mvl,mvl,m-th-l,26,2,1.517
mvl,mvl,m-th-l,28,2,1.399
mvl,mvl,m-th-l,29,3,3.074
mvl,mvl,m-th-l,30,3,3.672
mvl,mvl,m-th-l,34,1,1.133
mvl,mvl,m-th-l,35,1,1.29
mvl,mvl,m-th-l,36,5,6.897
mvl,mvl,m-th-l,37,1,1.163
mvl,mvl,m-th-l,38,1,1.364
mvl,mvl,m-th-l,39,4,3.413
mvl,mvl,m-th-l,40,3,2.461
mvl,mvl,m-th-l,41,2,2.519
mvl,mvl,m-th-l,42,2,2.326
mvl,mvl,m-th-l,43,5,6.024
mvl,mvl,m-th-l,46,1,1.555
mvl,mvl,m-th-l,47,4,7.421
mvl,mvl,m-th-l,48,2,3.571
mvl,mvl,m-th-l,51,2,5.556
mvl,mvl,m-th-l,52,1,3.205
mvl,mvl,m-th-l,56,2,5.277
mvl,mvl,m-th-l,57,1,1.742
mvl,mvl,m-th-l,59,3,6.742
mvl,mvl,m-th-l,60,1,2.874
mvl,mvl,m-th-l,62,3,17.143
mvl,mvl,m-th-l,65,1,3.484
mvl,mvl,m-th-l,66,2,8.032
mvl,mvl,m-th-l,74,1,3.922
mvl,mvl,m-th-l,76,1,4.115
mvl,mvl,m-th-l,89,1,7.299
mwh,mwh,m-w-h,2,3,0.491
mwh,mwh,m-w-h,4,1,0.267
mwh,mwh,m-w-h,5,1,0.357
mwh,mwh,m-w-h,6,1,0.328
mwh,mwh,m-w-h,7,2,0.602
mwh,mwh,m-w-h,8,1,0.811
mwh,mwh,m-w-h,10,1,0.546
mwh,mwh,m-w-h,11,4,2.087
mwh,mwh,m-w-h,13,3,3.517
mwh,mwh,m-w-h,14,2,2.41
mwh,mwh,m-w-h,15,1,1.527
mwh,mwh,m-w-h,16,2,1.085
mwh,mwh,m-w-h,18,3,1.9
mwh,mwh,m-w-h,20,1,0.749
mwh,mwh,m-w-h,21,1,0.855
mwh,mwh,m-w-h,22,2,1.57
mwh,mwh,m-w-h,23,1,0.952
mwh,mwh,m-w-h,24,2,1.52
mwh,mwh,m-w-h,25,2,2.24
mwh,mwh,m-w-h,27,1,0.869
mwh,mwh,m-w-h,28,1,0.699
mwh,mwh,m-w-h,29,1,1.025
mwh,mwh,m-w-h,30,1,1.224
mwh,mwh,m-w-h,31,1,1.832
mwh,mwh,m-w-h,32,2,5.376
mwh,mwh,m-w-h,35,1,1.29
mwh,mwh,m-w-h,39,1,0.853
mwh,mwh,m-w-h,41,1,1.259
mwh,mwh,m-w-h,43,1,1.205
mwh,mwh,m-w-h,47,2,3.711
mwh,mwh,m-w-h,50,1,2.681
mwh,mwh,m-w-h,54,3,8.772
mwh,mwh,m-w-h,56,2,5.277
mwh,mwh,m-w-h,67,2,6.006
mwh,mwh,m-w-h,69,1,3.876
mwh,mwh,m-w-h,72,1,3.509
mwh,mwh,m-w-h,77,2,11.05
mwh,mwh,m-w-h,78,1,5.78
mwh,mwh,m-w-h,79,1,5.587
mwh,mwh,m-w-h,80,1,7.519
mwh,mwh,m-w-h,86,1,16.393
mwj,mwj,m-w-j,10,1,0.546
mwj,mwj,m-w-j,11,2,1.043
mwj,mwj,m-w-j,18,1,0.633
mwj,mwj,m-w-j,24,2,1.52
mwj,mwj,m-w-j,31,1,1.832
mwl,mwl,m-w-l,2,11,1.799
mwl,mwl,m-w-l,3,3,0.862
mwl,mwl,m-w-l,4,14,3.736
mwl,mwl,m-w-l,6,1,0.328
mwl,mwl,m-w-l,8,3,2.433
mwl,mwl,m-w-l,9,12,4.804
mwl,mwl,m-w-l,10,2,1.091
mwl,mwl,m-w-l,11,2,1.043
mwl,mwl,m-w-l,17,3,1.928
mwl,mwl,m-w-l,18,3,1.9
mwl,mwl,m-w-l,19,1,1.041
mwl,mwl,m-w-l,23,1,0.952
mwl,mwl,m-w-l,24,1,0.76
mwl,mwl,m-w-l,26,1,0.759
mwl,mwl,m-w-l,27,1,0.869
mwl,mwl,m-w-l,30,1,1.224
mwl,mwl,m-w-l,33,1,0.777
mwl,mwl,m-w-l,34,2,2.265
mwl,mwl,m-w-l,47,1,1.855
mwl,mwl,m-w-l,48,1,1.786
mwl,mwl,m-w-l,49,1,2.882
mwl,mwl,m-w-l,51,1,2.778
mwl,mwl,m-w-l,57,1,1.742
mwl,mwl,m-w-l,58,1,2.119
mwl,mwl,m-w-l,59,1,2.247
mwl,mwl,m-w-l,61,1,4.525
mwl,mwl,m-w-l,63,1,5.556
mwl,mwl,m-w-l,64,1,4.149
mwl,mwl,m-w-l,68,1,3.333
mwl,mwl,m-w-l,69,1,3.876
mwl,mwl,m-w-l,70,1,4.608
mwl,mwl,m-w-l,71,2,8.85
mwl,mwl,m-w-l,74,1,3.922
mwl,mwl,m-w-l,89,1,7.299
mwl,mwl,m-w-l,90,1,12.195
mwl,mwl,m-w-l,92,2,28.169
mwl,mwl,m-w-l,104,2,60.606
mwl,mwl,m-w-l,111,1,43.478
mwr,mwr,m-w-r,52,2,6.41
mwr,mwr,m-w-r,67,1,3.003
mwt,mwt,m-w-t,2,21,3.434
mwt,mwt,m-w-t,3,16,4.596
mwt,mwt,m-w-t,4,6,1.601
mwt,mwt,m-w-t,5,4,1.427
mwt,mwt,m-w-t,6,10,3.279
mwt,mwt,m-w-t,7,4,1.205
mwt,mwt,m-w-t,8,1,0.811
mwt,mwt,m-w-t,9,4,1.601
mwt,mwt,m-w-t,10,3,1.637
mwt,mwt,m-w-t,11,1,0.522
mwt,mwt,m-w-t,13,1,1.172
mwt,mwt,m-w-t,14,2,2.41
mwt,mwt,m-w-t,15,1,1.527
mwt,mwt,m-w-t,16,4,2.169
mwt,mwt,m-w-t,17,1,0.643
mwt,mwt,m-w-t,19,4,4.162
mwt,mwt,m-w-t,20,1,0.749
mwt,mwt,m-w-t,21,2,1.711
mwt,mwt,m-w-t,22,3,2.355
mwt,mwt,m-w-t,23,6,5.714
mwt,mwt,m-w-t,25,3,3.359
mwt,mwt,m-w-t,26,1,0.759
mwt,mwt,m-w-t,27,1,0.869
mwt,mwt,m-w-t,29,2,2.049
mwt,mwt,m-w-t,30,8,9.792
mwt,mwt,m-w-t,31,1,1.832
mwt,mwt,m-w-t,32,1,2.688
mwt,mwt,m-w-t,33,2,1.554
mwt,mwt,m-w-t,34,2,2.265
mwt,mwt,m-w-t,35,4,5.161
mwt,mwt,m-w-t,36,2,2.759
mwt,mwt,m-w-t,37,4,4.651
mwt,mwt,m-w-t,39,5,4.266
mwt,mwt,m-w-t,40,2,1.641
mwt,mwt,m-w-t,41,1,1.259
mwt,mwt,m-w-t,42,1,1.163
mwt,mwt,m-w-t,43,1,1.205
mwt,mwt,m-w-t,44,4,11.561
mwt,mwt,m-w-t,45,4,8.197
mwt,mwt,m-w-t,46,1,1.555
mwt,mwt,m-w-t,47,2,3.711
mwt,mwt,m-w-t,49,1,2.882
mwt,mwt,m-w-t,50,4,10.724
mwt,mwt,m-w-t,53,1,2.778
mwt,mwt,m-w-t,56,2,5.277
mwt,mwt,m-w-t,57,2,3.484
mwt,mwt,m-w-t,62,2,11.429
mwt,mwt,m-w-t,63,1,5.556
mwt,mwt,m-w-t,67,1,3.003
mwt,mwt,m-w-t,75,1,6.098
mwt,mwt,m-w-t,77,1,5.525
mwt,mwt,m-w-t,80,1,7.519
mwt,mwt,m-w-t,87,1,13.889
mxD,mxuD,m-kh-ḍ,19,1,1.041
mxr,mxr,m-kh-r,16,1,0.542
mxr,mxr,m-kh-r,35,1,1.29
myd,myd,m-y-d,5,2,0.713
myd,myd,m-y-d,16,1,0.542
myd,myd,m-y-d,21,1,0.855
myd,myd,m-y-d,31,1,1.832
myl,myl,m-y-l,4,6,1.601
myr,myr,m-y-r,12,1,0.563
myz,myz,m-y-z,3,1,0.287
myz,myz,m-y-z,8,1,0.811
myz,myz,m-y-z,36,1,1.379
myz,myz,m-y-z,67,1,3.003
mzj,mzj,m-z-j,76,2,8.23
mzj,mzj,m-z-j,83,1,5.917
mzn,mzn,m-z-n,56,1,2.639
mzq,mzq,m-z-q,34,4,4.53
n$A,nshuA,n-sh-a,6,4,1.311
n$A,nshuA,n-sh-a,11,1,0.522
n$A,nshuA,n-sh-a,13,1,1.172
n$A,nshuA,n-sh-a,21,1,0.855
n$A,nshuA,n-sh-a,23,5,4.762
n$A,nshuA,n-sh-a,28,1,0.699
n$A,nshuA,n-sh-a,29,2,2.049
n$A,nshuA,n-sh-a,36,1,1.379
n$A,nshuA,n-sh-a,43,1,1.205
n$A,nshuA,n-sh-a,53,2,5.556
n$A,nshuA,n-sh-a,55,1,2.849
n$A,nshuA,n-sh-a,56,6,15.831
n$A,nshuA,n-sh-a,67,1,3.003
n$A,nshuA,n-sh-a,73,1,5.025
n$T,nshuT,n-sh-ṭ,79,2,11.173
n$r,nshr,n-sh-r,17,1,0.643
n$r,nshr,n-sh-r,18,1,0.633
n$r,nshr,n-sh-r,21,1,0.855
n$r,nshr,n-sh-r,25,3,3.359
n$r,nshr,n-sh-r,30,1,1.224
n$r,nshr,n-sh-r,33,1,0.777
n$r,nshr,n-sh-r,35,1,1.29
n$r,nshr,n-sh-r,42,1,1.163
n$r,nshr,n-sh-r,43,1,1.205
n$r,nshr,n-sh-r,44,1,2.89
n$r,nshr,n-sh-r,52,1,3.205
n$r,nshr,n-sh-r,54,1,2.924
n$r,nshr,n-sh-r,62,1,5.714
n$r,nshr,n-sh-r,67,1,3.003
n$r,nshr,n-sh-r,74,1,3.922
n$r,nshr,n-sh-r,77,2,11.05
n$r,nshr,n-sh-r,80,1,7.519
n$r,nshr,n-sh-r,81,1,9.615
n$z,nshz,n-sh-z,2,1,0.164
n$z,nshz,n-sh-z,4,2,0.534
n$z,nshz,n-sh-z,58,2,4.237
n*r,ndhr,n-dh-r,2,6,0.981
n*r,ndhr,n-dh-r,3,1,0.287
n*r,ndhr,n-dh-r,4,1,0.267
n*r,ndhr,n-dh-r,5,2,0.713
n*r,ndhr,n-dh-r,6,5,1.639
n*r,ndhr,n-dh-r,7,5,1.506
n*r,ndhr,n-dh-r,9,1,0.4
n*r,ndhr,n-dh-r,10,3,1.637
n*r,ndhr,n-dh-r,11,3,1.565
n*r,ndhr,n-dh-r,13,1,1.172
n*r,ndhr,n-dh-r,14,2,2.41
n*r,ndhr,n-dh-r,15,1,1.527
n*r,ndhr,n-dh-r,16,1,0.542
n*r,ndhr,n-dh-r,17,1,0.643
n*r,ndhr,n-dh-r,18,4,2.533
n*r,ndhr,n-dh-r,19,3,3.122
n*r,ndhr,n-dh-r,21,2,1.711
n*r,ndhr,n-dh-r,22,2,1.57
n*r,ndhr,n-dh-r,25,4,4.479
n*r,ndhr,n-dh-r,26,5,3.794
n*r,ndhr,n-dh-r,27,2,1.738
n*r,ndhr,n-dh-r,28,2,1.399
n*r,ndhr,n-dh-r,29,1,1.025
n*r,ndhr,n-dh-r,32,2,5.376
n*r,ndhr,n-dh-r,33,1,0.777
n*r,ndhr,n-dh-r,34,4,4.53
n*r,ndhr,n-dh-r,35,7,9.032
n*r,ndhr,n-dh-r,36,6,8.276
n*r,ndhr,n-dh-r,37,3,3.488
n*r,ndhr,n-dh-r,38,3,4.093
n*r,ndhr,n-dh-r,39,1,0.853
n*r,ndhr,n-dh-r,40,2,1.641
n*r,ndhr,n-dh-r,41,2,2.519
n*r,ndhr,n-dh-r,42,2,2.326
n*r,ndhr,n-dh-r,43,1,1.205
n*r,ndhr,n-dh-r,44,1,2.89
n*r,ndhr,n-dh-r,46,6,9.331
n*r,ndhr,n-dh-r,48,1,1.786
n*r,ndhr,n-dh-r,50,1,2.681
n*r,ndhr,n-dh-r,51,2,5.556
n*r,ndhr,n-dh-r,53,2,5.556
n*r,ndhr,n-dh-r,54,12,35.088
n*r,ndhr,n-dh-r,67,4,12.012
n*r,ndhr,n-dh-r,71,2,8.85
n*r,ndhr,n-dh-r,74,2,7.843
n*r,ndhr,n-dh-r,76,1,4.115
n*r,ndhr,n-dh-r,77,1,5.525
n*r,ndhr,n-dh-r,78,1,5.78
n*r,ndhr,n-dh-r,79,1,5.587
n*r,ndhr,n-dh-r,92,1,14.085
nAy,nuAy,n-a-y,6,1,0.328
nAy,nuAy,n-a-y,17,1,0.643
nAy,nuAy,n-a-y,41,1,1.259
nDd,nuDd,n-ḍ-d,11,1,0.522
nDd,nuDd,n-ḍ-d,50,1,2.681
nDd,nuDd,n-ḍ-d,56,1,2.639
nDj,nuDj,n-ḍ-j,4,1,0.267
nDr,nuDr,n-ḍ-r,75,1,6.098
nDr,nuDr,n-ḍ-r,76,1,4.115
nDr,nuDr,n-ḍ-r,83,1,5.917
nDx,nuDx,n-ḍ-kh,55,1,2.849
nEj,nuEj,n-ʿ-j,38,4,5.457
nEl,nuEl,n-ʿ-l,20,1,0.749
nEm,nuEm,n-ʿ-m,1,1,34.483
nEm,nuEm,n-ʿ-m,2,10,1.635
nEm,nuEm,n-ʿ-m,3,7,2.011
nEm,nuEm,n-ʿ-m,4,4,1.068
nEm,nuEm,n-ʿ-m,5,10,3.566
nEm,nuEm,n-ʿ-m,6,6,1.967
nEm,nuEm,n-ʿ-m,7,1,0.301
nEm,nuEm,n-ʿ-m,8,4,3.244
nEm,nuEm,n-ʿ-m,9,1,0.4
nEm,nuEm,n-ʿ-m,10,2,1.091
nEm,nuEm,n-ʿ-m,11,1,0.522
nEm,nuEm,n-ʿ-m,12,1,0.563
nEm,nuEm,n-ʿ-m,13,1,1.172
nEm,nuEm,n-ʿ-m,14,3,3.614
nEm,nuEm,n-ʿ-m,16,13,7.05
nEm,nuEm,n-ʿ-m,17,1,0.643
nEm,nuEm,n-ʿ-m,18,1,0.633
nEm,nuEm,n-ʿ-m,19,1,1.041
nEm,nuEm,n-ʿ-m,20,1,0.749
nEm,nuEm,n-ʿ-m,22,6,4.71
nEm,nuEm,n-ʿ-m,23,1,0.952
nEm,nuEm,n-ʿ-m,25,2,2.24
nEm,nuEm,n-ʿ-m,26,3,2.276
nEm,nuEm,n-ʿ-m,27,2,1.738
nEm,nuEm,n-ʿ-m,28,1,0.699
nEm,nuEm,n-ʿ-m,29,2,2.049
nEm,nuEm,n-ʿ-m,31,3,5.495
nEm,nuEm,n-ʿ-m,32,1,2.688
nEm,nuEm,n-ʿ-m,33,3,2.331
nEm,nuEm,n-ʿ-m,35,2,2.581
nEm,nuEm,n-ʿ-m,36,1,1.379
nEm,nuEm,n-ʿ-m,37,3,3.488
nEm,nuEm,n-ʿ-m,38,2,2.729
nEm,nuEm,n-ʿ-m,39,4,3.413
nEm,nuEm,n-ʿ-m,40,1,0.82
nEm,nuEm,n-ʿ-m,41,1,1.259
nEm,nuEm,n-ʿ-m,42,1,1.163
nEm,nuEm,n-ʿ-m,43,3,3.614
nEm,nuEm,n-ʿ-m,44,1,2.89
nEm,nuEm,n-ʿ-m,46,2,3.11
nEm,nuEm,n-ʿ-m,47,1,1.855
nEm,nuEm,n-ʿ-m,48,1,1.786
nEm,nuEm,n-ʿ-m,49,1,2.882
nEm,nuEm,n-ʿ-m,51,1,2.778
nEm,nuEm,n-ʿ-m,52,2,6.41
nEm,nuEm,n-ʿ-m,54,1,2.924
nEm,nuEm,n-ʿ-m,56,2,5.277
nEm,nuEm,n-ʿ-m,68,3,10
nEm,nuEm,n-ʿ-m,70,1,4.608
nEm,nuEm,n-ʿ-m,73,1,5.025
nEm,nuEm,n-ʿ-m,76,1,4.115
nEm,nuEm,n-ʿ-m,77,1,5.525
nEm,nuEm,n-ʿ-m,79,1,5.587
nEm,nuEm,n-ʿ-m,80,1,7.519
nEm,nuEm,n-ʿ-m,82,1,12.5
nEm,nuEm,n-ʿ-m,83,2,11.834
nEm,nuEm,n-ʿ-m,88,1,10.87
nEm,nuEm,n-ʿ-m,89,1,7.299
nEm,nuEm,n-ʿ-m,92,1,14.085
nEm,nuEm,n-ʿ-m,93,1,25
nEm,nuEm,n-ʿ-m,102,1,35.714
nEq,nuEq,n-ʿ-q,2,1,0.164
nEs,nuEs,n-ʿ-s,3,1,0.287
nEs,nuEs,n-ʿ-s,8,1,0.811
nHb,nuHb,n-ḥ-b,33,1,0.777
nHl,nuHl,n-ḥ-l,4,1,0.267
nHl,nuHl,n-ḥ-l,16,1,0.542
nHr,nuHr,n-ḥ-r,108,1,100
nHs,nuHs,n-ḥ-s,41,1,1.259
nHs,nuHs,n-ḥ-s,54,1,2.924
nHs,nuHs,n-ḥ-s,55,1,2.849
nHt,nuHt,n-ḥ-t,7,1,0.301
nHt,nuHt,n-ḥ-t,15,1,1.527
nHt,nuHt,n-ḥ-t,26,1,0.759
nHt,nuHt,n-ḥ-t,37,1,1.163
nSH,nuSuH,n-ṣ-ḥ,7,6,1.807
nSH,nuSuH,n-ṣ-ḥ,9,1,0.4
nSH,nuSuH,n-ṣ-ḥ,11,2,1.043
nSH,nuSuH,n-ṣ-ḥ,12,1,0.563
nSH,nuSuH,n-ṣ-ḥ,28,2,1.399
nSH,nuSuH,n-ṣ-ḥ,66,1,4.016
nSb,nuSb,n-ṣ-b,2,1,0.164
nSb,nuSb,n-ṣ-b,3,1,0.287
nSb,nuSb,n-ṣ-b,4,12,3.203
nSb,nuSb,n-ṣ-b,5,2,0.713
nSb,nuSb,n-ṣ-b,6,1,0.328
nSb,nuSb,n-ṣ-b,7,1,0.301
nSb,nuSb,n-ṣ-b,9,1,0.4
nSb,nuSb,n-ṣ-b,11,1,0.522
nSb,nuSb,n-ṣ-b,15,1,1.527
nSb,nuSb,n-ṣ-b,16,1,0.542
nSb,nuSb,n-ṣ-b,18,1,0.633
nSb,nuSb,n-ṣ-b,28,1,0.699
nSb,nuSb,n-ṣ-b,35,1,1.29
nSb,nuSb,n-ṣ-b,38,1,1.364
nSb,nuSb,n-ṣ-b,40,1,0.82
nSb,nuSb,n-ṣ-b,42,1,1.163
nSb,nuSb,n-ṣ-b,70,1,4.608
nSb,nuSb,n-ṣ-b,88,2,21.739
nSb,nuSb,n-ṣ-b,94,1,37.037
nSf,nuSf,n-ṣ-f,2,1,0.164
nSf,nuSf,n-ṣ-f,4,4,1.068
nSf,nuSf,n-ṣ-f,73,2,10.05
nSr,nuSr,n-ṣ-r,2,17,2.78
nSr,nuSr,n-ṣ-r,3,16,4.596
nSr,nuSr,n-ṣ-r,4,7,1.868
nSr,nuSr,n-ṣ-r,5,6,2.14
nSr,nuSr,n-ṣ-r,6,1,0.328
nSr,nuSr,n-ṣ-r,7,5,1.506
nSr,nuSr,n-ṣ-r,8,8,6.488
nSr,nuSr,n-ṣ-r,9,9,3.603
nSr,nuSr,n-ṣ-r,11,3,1.565
nSr,nuSr,n-ṣ-r,12,1,0.563
nSr,nuSr,n-ṣ-r,16,1,0.542
nSr,nuSr,n-ṣ-r,17,3,1.928
nSr,nuSr,n-ṣ-r,18,2,1.267
nSr,nuSr,n-ṣ-r,21,4,3.422
nSr,nuSr,n-ṣ-r,22,8,6.279
nSr,nuSr,n-ṣ-r,23,3,2.857
nSr,nuSr,n-ṣ-r,25,2,2.24
nSr,nuSr,n-ṣ-r,26,3,2.276
nSr,nuSr,n-ṣ-r,28,4,2.797
nSr,nuSr,n-ṣ-r,29,4,4.098
nSr,nuSr,n-ṣ-r,30,4,4.896
nSr,nuSr,n-ṣ-r,33,2,1.554
nSr,nuSr,n-ṣ-r,35,1,1.29
nSr,nuSr,n-ṣ-r,36,2,2.759
nSr,nuSr,n-ṣ-r,37,3,3.488
nSr,nuSr,n-ṣ-r,39,1,0.853
nSr,nuSr,n-ṣ-r,40,2,1.641
nSr,nuSr,n-ṣ-r,41,1,1.259
nSr,nuSr,n-ṣ-r,42,5,5.814
nSr,nuSr,n-ṣ-r,44,1,2.89
nSr,nuSr,n-ṣ-r,45,1,2.049
nSr,nuSr,n-ṣ-r,46,1,1.555
nSr,nuSr,n-ṣ-r,47,4,7.421
nSr,nuSr,n-ṣ-r,48,3,5.357
nSr,nuSr,n-ṣ-r,51,1,2.778
nSr,nuSr,n-ṣ-r,52,1,3.205
nSr,nuSr,n-ṣ-r,54,2,5.848
nSr,nuSr,n-ṣ-r,55,1,2.849
nSr,nuSr,n-ṣ-r,57,1,1.742
nSr,nuSr,n-ṣ-r,59,5,11.236
nSr,nuSr,n-ṣ-r,61,4,18.1
nSr,nuSr,n-ṣ-r,67,1,3.003
nSr,nuSr,n-ṣ-r,71,1,4.425
nSr,nuSr,n-ṣ-r,72,1,3.509
nSr,nuSr,n-ṣ-r,86,1,16.393
nSr,nuSr,n-ṣ-r,110,1,52.632
nSt,nuSt,n-ṣ-t,7,1,0.301
nSt,nuSt,n-ṣ-t,46,1,1.555
nSy,nuSy,n-ṣ-y,11,1,0.522
nSy,nuSy,n-ṣ-y,55,1,2.849
nSy,nuSy,n-ṣ-y,96,2,27.778
nTH,nuTuH,n-ṭ-ḥ,5,1,0.357
nTf,nuTf,n-ṭ-f,16,1,0.542
nTf,nuTf,n-ṭ-f,18,1,0.633
nTf,nuTf,n-ṭ-f,22,1,0.785
nTf,nuTf,n-ṭ-f,23,2,1.905
nTf,nuTf,n-ṭ-f,35,1,1.29
nTf,nuTf,n-ṭ-f,36,1,1.379
nTf,nuTf,n-ṭ-f,40,1,0.82
nTf,nuTf,n-ṭ-f,53,1,2.778
nTf,nuTf,n-ṭ-f,75,1,6.098
nTf,nuTf,n-ṭ-f,76,1,4.115
nTf,nuTf,n-ṭ-f,80,1,7.519
nTq,nuTq,n-ṭ-q,21,2,1.711
nTq,nuTq,n-ṭ-q,23,1,0.952
nTq,nuTq,n-ṭ-q,27,2,1.738
nTq,nuTq,n-ṭ-q,37,1,1.163
nTq,nuTq,n-ṭ-q,41,2,2.519
nTq,nuTq,n-ṭ-q,45,1,2.049
nTq,nuTq,n-ṭ-q,51,1,2.778
nTq,nuTq,n-ṭ-q,53,1,2.778
nTq,nuTq,n-ṭ-q,77,1,5.525
nZr,nuZr,n-ẓ-r,2,10,1.635
nZr,nuZr,n-ẓ-r,3,4,1.149
nZr,nuZr,n-ẓ-r,4,2,0.534
nZr,nuZr,n-ẓ-r,5,2,0.713
nZr,nuZr,n-ẓ-r,6,9,2.951
nZr,nuZr,n-ẓ-r,7,15,4.518
nZr,nuZr,n-ẓ-r,8,1,0.811
nZr,nuZr,n-ẓ-r,9,1,0.4
nZr,nuZr,n-ẓ-r,10,11,6.001
nZr,nuZr,n-ẓ-r,11,3,1.565
nZr,nuZr,n-ẓ-r,12,1,0.563
nZr,nuZr,n-ẓ-r,15,4,6.107
nZr,nuZr,n-ẓ-r,16,3,1.627
nZr,nuZr,n-ẓ-r,17,2,1.285
nZr,nuZr,n-ẓ-r,18,1,0.633
nZr,nuZr,n-ẓ-r,20,1,0.749
nZr,nuZr,n-ẓ-r,21,1,0.855
nZr,nuZr,n-ẓ-r,22,1,0.785
nZr,nuZr,n-ẓ-r,25,1,1.12
nZr,nuZr,n-ẓ-r,26,2,1.517
nZr,nuZr,n-ẓ-r,27,8,6.95
nZr,nuZr,n-ẓ-r,28,1,0.699
nZr,nuZr,n-ẓ-r,29,1,1.025
nZr,nuZr,n-ẓ-r,30,3,3.672
nZr,nuZr,n-ẓ-r,32,3,8.065
nZr,nuZr,n-ẓ-r,33,3,2.331
nZr,nuZr,n-ẓ-r,35,2,2.581
nZr,nuZr,n-ẓ-r,36,1,1.379
nZr,nuZr,n-ẓ-r,37,5,5.814
nZr,nuZr,n-ẓ-r,38,3,4.093
nZr,nuZr,n-ẓ-r,39,1,0.853
nZr,nuZr,n-ẓ-r,40,2,1.641
nZr,nuZr,n-ẓ-r,42,1,1.163
nZr,nuZr,n-ẓ-r,43,2,2.41
nZr,nuZr,n-ẓ-r,44,1,2.89
nZr,nuZr,n-ẓ-r,47,4,7.421
nZr,nuZr,n-ẓ-r,50,1,2.681
nZr,nuZr,n-ẓ-r,51,1,2.778
nZr,nuZr,n-ẓ-r,56,1,2.639
nZr,nuZr,n-ẓ-r,57,1,1.742
nZr,nuZr,n-ẓ-r,59,1,2.247
nZr,nuZr,n-ẓ-r,74,1,3.922
nZr,nuZr,n-ẓ-r,75,1,6.098
nZr,nuZr,n-ẓ-r,78,1,5.78
nZr,nuZr,n-ẓ-r,80,1,7.519
nZr,nuZr,n-ẓ-r,83,2,11.834
nZr,nuZr,n-ẓ-r,86,1,16.393
nZr,nuZr,n-ẓ-r,88,1,10.87
nb*,nbdh,n-b-dh,2,2,0.327
nb*,nbdh,n-b-dh,3,1,0.287
nb*,nbdh,n-b-dh,8,1,0.811
nb*,nbdh,n-b-dh,19,2,2.081
nb*,nbdh,n-b-dh,20,1,0.749
nb*,nbdh,n-b-dh,28,1,0.699
nb*,nbdh,n-b-dh,37,1,1.163
nb*,nbdh,n-b-dh,51,1,2.778
nb*,nbdh,n-b-dh,68,1,3.333
nb*,nbdh,n-b-dh,104,1,30.303
nbA,nbuA,n-b-a,2,11,1.799
nbA,nbuA,n-b-a,3,14,4.022
nbA,nbuA,n-b-a,4,3,0.801
nbA,nbuA,n-b-a,5,8,2.853
nbA,nbuA,n-b-a,6,10,3.279
nbA,nbuA,n-b-a,7,5,1.506
nbA,nbuA,n-b-a,8,4,3.244
nbA,nbuA,n-b-a,9,9,3.603
nbA,nbuA,n-b-a,10,4,2.182
nbA,nbuA,n-b-a,11,3,1.565
nbA,nbuA,n-b-a,12,5,2.814
nbA,nbuA,n-b-a,13,1,1.172
nbA,nbuA,n-b-a,14,1,1.205
nbA,nbuA,n-b-a,15,2,3.053
nbA,nbuA,n-b-a,17,1,0.643
nbA,nbuA,n-b-a,18,3,1.9
nbA,nbuA,n-b-a,19,8,8.325
nbA,nbuA,n-b-a,20,1,0.749
nbA,nbuA,n-b-a,22,2,1.57
nbA,nbuA,n-b-a,24,1,0.76
nbA,nbuA,n-b-a,25,1,1.12
nbA,nbuA,n-b-a,26,3,2.276
nbA,nbuA,n-b-a,27,1,0.869
nbA,nbuA,n-b-a,28,2,1.399
nbA,nbuA,n-b-a,29,2,2.049
nbA,nbuA,n-b-a,31,2,3.663
nbA,nbuA,n-b-a,33,18,13.986
nbA,nbuA,n-b-a,34,1,1.133
nbA,nbuA,n-b-a,35,1,1.29
nbA,nbuA,n-b-a,37,1,1.163
nbA,nbuA,n-b-a,38,3,4.093
nbA,nbuA,n-b-a,39,2,1.706
nbA,nbuA,n-b-a,41,1,1.259
nbA,nbuA,n-b-a,43,2,2.41
nbA,nbuA,n-b-a,45,1,2.049
nbA,nbuA,n-b-a,49,2,5.764
nbA,nbuA,n-b-a,53,1,2.778
nbA,nbuA,n-b-a,54,2,5.848
nbA,nbuA,n-b-a,57,1,1.742
nbA,nbuA,n-b-a,58,2,4.237
nbA,nbuA,n-b-a,60,1,2.874
nbA,nbuA,n-b-a,62,1,5.714
nbA,nbuA,n-b-a,64,2,8.299
nbA,nbuA,n-b-a,65,1,3.484
nbA,nbuA,n-b-a,66,8,32.129
nbA,nbuA,n-b-a,75,1,6.098
nbA,nbuA,n-b-a,78,1,5.78
nbE,nbuE,n-b-ʿ,17,1,0.643
nbE,nbuE,n-b-ʿ,39,1,0.853
nbT,nbuT,n-b-ṭ,4,1,0.267
nbt,nbt,n-b-t,2,2,0.327
nbt,nbt,n-b-t,3,2,0.575
nbt,nbt,n-b-t,6,1,0.328
nbt,nbt,n-b-t,7,1,0.301
nbt,nbt,n-b-t,10,1,0.546
nbt,nbt,n-b-t,15,1,1.527
nbt,nbt,n-b-t,16,1,0.542
nbt,nbt,n-b-t,18,1,0.633
nbt,nbt,n-b-t,20,1,0.749
nbt,nbt,n-b-t,22,1,0.785
nbt,nbt,n-b-t,23,1,0.952
nbt,nbt,n-b-t,26,1,0.759
nbt,nbt,n-b-t,27,2,1.738
nbt,nbt,n-b-t,31,1,1.832
nbt,nbt,n-b-t,36,1,1.379
nbt,nbt,n-b-t,37,1,1.163
nbt,nbt,n-b-t,50,2,5.362
nbt,nbt,n-b-t,57,1,1.742
nbt,nbt,n-b-t,71,2,8.85
nbt,nbt,n-b-t,78,1,5.78
nbt,nbt,n-b-t,80,1,7.519
nbz,nbz,n-b-z,49,1,2.882
ndd,ndd,n-d-d,2,2,0.327
ndd,ndd,n-d-d,14,1,1.205
ndd,ndd,n-d-d,34,1,1.133
ndd,ndd,n-d-d,39,1,0.853
ndd,ndd,n-d-d,41,1,1.259
ndm,ndm,n-d-m,5,2,0.713
ndm,ndm,n-d-m,10,1,0.546
ndm,ndm,n-d-m,23,1,0.952
ndm,ndm,n-d-m,26,1,0.759
ndm,ndm,n-d-m,34,1,1.133
ndm,ndm,n-d-m,49,1,2.882
ndw,ndw,n-d-w,2,1,0.164
ndw,ndw,n-d-w,3,3,0.862
ndw,ndw,n-d-w,5,1,0.357
ndw,ndw,n-d-w,7,6,1.807
ndw,ndw,n-d-w,11,2,1.043
ndw,ndw,n-d-w,18,1,0.633
ndw,ndw,n-d-w,19,5,5.203
ndw,ndw,n-d-w,20,1,0.749
ndw,ndw,n-d-w,21,4,3.422
ndw,ndw,n-d-w,26,1,0.759
ndw,ndw,n-d-w,27,1,0.869
ndw,ndw,n-d-w,28,5,3.497
ndw,ndw,n-d-w,29,1,1.025
ndw,ndw,n-d-w,37,2,2.326
ndw,ndw,n-d-w,38,2,2.729
ndw,ndw,n-d-w,40,2,1.641
ndw,ndw,n-d-w,41,2,2.519
ndw,ndw,n-d-w,43,2,2.41
ndw,ndw,n-d-w,49,1,2.882
ndw,ndw,n-d-w,50,2,5.362
ndw,ndw,n-d-w,54,1,2.924
ndw,ndw,n-d-w,57,1,1.742
ndw,ndw,n-d-w,62,1,5.714
ndw,ndw,n-d-w,68,2,6.667
ndw,ndw,n-d-w,79,2,11.173
ndw,ndw,n-d-w,96,1,13.889
nf$,nfsh,n-f-sh,21,1,0.855
nf$,nfsh,n-f-sh,101,1,27.778
nf*,nfdh,n-f-dh,55,3,8.547
nfE,nfuE,n-f-ʿ,2,5,0.818
nfE,nfuE,n-f-ʿ,4,1,0.267
nfE,nfuE,n-f-ʿ,5,2,0.713
nfE,nfuE,n-f-ʿ,6,2,0.656
nfE,nfuE,n-f-ʿ,7,1,0.301
nfE,nfuE,n-f-ʿ,10,4,2.182
nfE,nfuE,n-f-ʿ,11,1,0.522
nfE,nfuE,n-f-ʿ,12,1,0.563
nfE,nfuE,n-f-ʿ,13,2,2.345
nfE,nfuE,n-f-ʿ,16,1,0.542
nfE,nfuE,n-f-ʿ,20,2,1.498
nfE,nfuE,n-f-ʿ,21,1,0.855
nfE,nfuE,n-f-ʿ,22,4,3.14
nfE,nfuE,n-f-ʿ,23,1,0.952
nfE,nfuE,n-f-ʿ,25,2,2.24
nfE,nfuE,n-f-ʿ,26,2,1.517
nfE,nfuE,n-f-ʿ,28,1,0.699
nfE,nfuE,n-f-ʿ,30,1,1.224
nfE,nfuE,n-f-ʿ,32,1,2.688
nfE,nfuE,n-f-ʿ,33,1,0.777
nfE,nfuE,n-f-ʿ,34,2,2.265
nfE,nfuE,n-f-ʿ,36,1,1.379
nfE,nfuE,n-f-ʿ,40,3,2.461
nfE,nfuE,n-f-ʿ,43,1,1.205
nfE,nfuE,n-f-ʿ,48,1,1.786
nfE,nfuE,n-f-ʿ,51,1,2.778
nfE,nfuE,n-f-ʿ,57,1,1.742
nfE,nfuE,n-f-ʿ,60,1,2.874
nfE,nfuE,n-f-ʿ,74,1,3.922
nfE,nfuE,n-f-ʿ,80,1,7.519
nfE,nfuE,n-f-ʿ,87,1,13.889
nfH,nfuH,n-f-ḥ,21,1,0.855
nfd,nfd,n-f-d,16,1,0.542
nfd,nfd,n-f-d,18,2,1.267
nfd,nfd,n-f-d,31,1,1.832
nfd,nfd,n-f-d,38,1,1.364
nfl,nfl,n-f-l,8,2,1.622
nfl,nfl,n-f-l,17,1,0.643
nfl,nfl,n-f-l,21,1,0.855
nfq,nfq,n-f-q,2,20,3.27
nfq,nfq,n-f-q,3,6,1.724
nfq,nfq,n-f-q,4,9,2.402
nfq,nfq,n-f-q,5,1,0.357
nfq,nfq,n-f-q,6,1,0.328
nfq,nfq,n-f-q,8,6,4.866
nfq,nfq,n-f-q,9,21,8.407
nfq,nfq,n-f-q,13,1,1.172
nfq,nfq,n-f-q,14,1,1.205
nfq,nfq,n-f-q,16,1,0.542
nfq,nfq,n-f-q,17,1,0.643
nfq,nfq,n-f-q,18,1,0.633
nfq,nfq,n-f-q,22,1,0.785
nfq,nfq,n-f-q,25,1,1.12
nfq,nfq,n-f-q,28,1,0.699
nfq,nfq,n-f-q,29,1,1.025
nfq,nfq,n-f-q,32,1,2.688
nfq,nfq,n-f-q,33,7,5.439
nfq,nfq,n-f-q,34,1,1.133
nfq,nfq,n-f-q,35,1,1.29
nfq,nfq,n-f-q,36,1,1.379
nfq,nfq,n-f-q,42,1,1.163
nfq,nfq,n-f-q,47,1,1.855
nfq,nfq,n-f-q,48,2,3.571
nfq,nfq,n-f-q,57,7,12.195
nfq,nfq,n-f-q,59,1,2.247
nfq,nfq,n-f-q,60,4,11.494
nfq,nfq,n-f-q,63,6,33.333
nfq,nfq,n-f-q,64,1,4.149
nfq,nfq,n-f-q,65,3,10.453
nfq,nfq,n-f-q,66,1,4.016
nfr,nfr,n-f-r,4,2,0.534
nfr,nfr,n-f-r,9,6,2.402
nfr,nfr,n-f-r,17,3,1.928
nfr,nfr,n-f-r,18,1,0.633
nfr,nfr,n-f-r,25,1,1.12
nfr,nfr,n-f-r,35,1,1.29
nfr,nfr,n-f-r,46,1,1.555
nfr,nfr,n-f-r,67,1,3.003
nfr,nfr,n-f-r,72,1,3.509
nfr,nfr,n-f-r,74,1,3.922
nfs,nfs,n-f-s,2,35,5.723
nfs,nfs,n-f-s,3,21,6.033
nfs,nfs,n-f-s,4,19,5.071
nfs,nfs,n-f-s,5,12,4.28
nfs,nfs,n-f-s,6,17,5.574
nfs,nfs,n-f-s,7,13,3.916
nfs,nfs,n-f-s,8,2,1.622
nfs,nfs,n-f-s,9,17,6.805
nfs,nfs,n-f-s,10,8,4.364
nfs,nfs,n-f-s,11,4,2.087
nfs,nfs,n-f-s,12,13,7.316
nfs,nfs,n-f-s,13,4,4.689
nfs,nfs,n-f-s,14,3,3.614
nfs,nfs,n-f-s,16,9,4.881
nfs,nfs,n-f-s,17,5,3.213
nfs,nfs,n-f-s,18,6,3.8
nfs,nfs,n-f-s,20,5,3.745
nfs,nfs,n-f-s,21,5,4.277
nfs,nfs,n-f-s,23,2,1.905
nfs,nfs,n-f-s,24,4,3.04
nfs,nfs,n-f-s,25,3,3.359
nfs,nfs,n-f-s,26,1,0.759
nfs,nfs,n-f-s,27,4,3.475
nfs,nfs,n-f-s,28,3,2.098
nfs,nfs,n-f-s,29,3,3.074
nfs,nfs,n-f-s,30,6,7.344
nfs,nfs,n-f-s,31,4,7.326
nfs,nfs,n-f-s,32,3,8.065
nfs,nfs,n-f-s,33,3,2.331
nfs,nfs,n-f-s,34,2,2.265
nfs,nfs,n-f-s,35,3,3.871
nfs,nfs,n-f-s,36,2,2.759
nfs,nfs,n-f-s,37,1,1.163
nfs,nfs,n-f-s,39,7,5.973
nfs,nfs,n-f-s,40,2,1.641
nfs,nfs,n-f-s,41,3,3.778
nfs,nfs,n-f-s,42,2,2.326
nfs,nfs,n-f-s,43,1,1.205
nfs,nfs,n-f-s,45,2,4.098
nfs,nfs,n-f-s,47,1,1.855
nfs,nfs,n-f-s,48,1,1.786
nfs,nfs,n-f-s,49,2,5.764
nfs,nfs,n-f-s,50,2,5.362
nfs,nfs,n-f-s,51,1,2.778
nfs,nfs,n-f-s,53,2,5.556
nfs,nfs,n-f-s,57,2,3.484
nfs,nfs,n-f-s,58,1,2.119
nfs,nfs,n-f-s,59,4,8.989
nfs,nfs,n-f-s,61,1,4.525
nfs,nfs,n-f-s,63,1,5.556
nfs,nfs,n-f-s,64,2,8.299
nfs,nfs,n-f-s,65,2,6.969
nfs,nfs,n-f-s,66,1,4.016
nfs,nfs,n-f-s,73,1,5.025
nfs,nfs,n-f-s,74,1,3.922
nfs,nfs,n-f-s,75,2,12.195
nfs,nfs,n-f-s,79,1,5.587
nfs,nfs,n-f-s,81,3,28.846
nfs,nfs,n-f-s,82,3,37.5
nfs,nfs,n-f-s,83,2,11.834
nfs,nfs,n-f-s,86,1,16.393
nfs,nfs,n-f-s,89,1,7.299
nfs,nfs,n-f-s,91,1,18.519
nfv,nfv,n-f-th,113,1,43.478
nfx,nfx,n-f-kh,3,1,0.287
nfx,nfx,n-f-kh,5,1,0.357
nfx,nfx,n-f-kh,6,1,0.328
nfx,nfx,n-f-kh,15,1,1.527
nfx,nfx,n-f-kh,18,2,1.267
nfx,nfx,n-f-kh,20,1,0.749
nfx,nfx,n-f-kh,21,1,0.855
nfx,nfx,n-f-kh,23,1,0.952
nfx,nfx,n-f-kh,27,1,0.869
nfx,nfx,n-f-kh,32,1,2.688
nfx,nfx,n-f-kh,36,1,1.379
nfx,nfx,n-f-kh,38,1,1.364
nfx,nfx,n-f-kh,39,2,1.706
nfx,nfx,n-f-kh,50,1,2.681
nfx,nfx,n-f-kh,66,1,4.016
nfx,nfx,n-f-kh,69,2,7.752
nfx,nfx,n-f-kh,78,1,5.78
nfy,nfy,n-f-y,5,1,0.357
ngD,nguD,n-gh-ḍ,17,1,0.643
nhj,nhj,n-h-j,5,1,0.357
nhr,nhr,n-h-r,2,6,0.981
nhr,nhr,n-h-r,3,8,2.298
nhr,nhr,n-h-r,4,3,0.801
nhr,nhr,n-h-r,5,3,1.07
nhr,nhr,n-h-r,6,3,0.984
nhr,nhr,n-h-r,7,2,0.602
nhr,nhr,n-h-r,9,3,1.201
nhr,nhr,n-h-r,10,6,3.273
nhr,nhr,n-h-r,11,1,0.522
nhr,nhr,n-h-r,13,4,4.689
nhr,nhr,n-h-r,14,3,3.614
nhr,nhr,n-h-r,16,3,1.627
nhr,nhr,n-h-r,17,4,2.571
nhr,nhr,n-h-r,18,2,1.267
nhr,nhr,n-h-r,20,2,1.498
nhr,nhr,n-h-r,21,3,2.566
nhr,nhr,n-h-r,22,4,3.14
nhr,nhr,n-h-r,23,1,0.952
nhr,nhr,n-h-r,24,1,0.76
nhr,nhr,n-h-r,25,3,3.359
nhr,nhr,n-h-r,27,2,1.738
nhr,nhr,n-h-r,28,2,1.399
nhr,nhr,n-h-r,29,1,1.025
nhr,nhr,n-h-r,30,1,1.224
nhr,nhr,n-h-r,31,2,3.663
nhr,nhr,n-h-r,34,1,1.133
nhr,nhr,n-h-r,35,2,2.581
nhr,nhr,n-h-r,36,2,2.759
nhr,nhr,n-h-r,39,3,2.56
nhr,nhr,n-h-r,40,1,0.82
nhr,nhr,n-h-r,41,2,2.519
nhr,nhr,n-h-r,43,1,1.205
nhr,nhr,n-h-r,45,1,2.049
nhr,nhr,n-h-r,46,1,1.555
nhr,nhr,n-h-r,47,5,9.276
nhr,nhr,n-h-r,48,2,3.571
nhr,nhr,n-h-r,54,1,2.924
nhr,nhr,n-h-r,57,3,5.226
nhr,nhr,n-h-r,58,1,2.119
nhr,nhr,n-h-r,61,1,4.525
nhr,nhr,n-h-r,64,1,4.149
nhr,nhr,n-h-r,65,1,3.484
nhr,nhr,n-h-r,66,1,4.016
nhr,nhr,n-h-r,71,2,8.85
nhr,nhr,n-h-r,73,2,10.05
nhr,nhr,n-h-r,78,1,5.78
nhr,nhr,n-h-r,85,1,9.174
nhr,nhr,n-h-r,91,1,18.519
nhr,nhr,n-h-r,92,1,14.085
nhr,nhr,n-h-r,93,1,25
nhr,nhr,n-h-r,98,1,10.638
nhy,nhy,n-h-y,2,3,0.491
nhy,nhy,n-h-y,3,3,0.862
nhy,nhy,n-h-y,4,3,0.801
nhy,nhy,n-h-y,5,4,1.427
nhy,nhy,n-h-y,6,3,0.984
nhy,nhy,n-h-y,7,5,1.506
nhy,nhy,n-h-y,8,3,2.433
nhy,nhy,n-h-y,9,4,1.601
nhy,nhy,n-h-y,11,3,1.565
nhy,nhy,n-h-y,15,1,1.527
nhy,nhy,n-h-y,16,1,0.542
nhy,nhy,n-h-y,19,1,1.041
nhy,nhy,n-h-y,20,2,1.498
nhy,nhy,n-h-y,22,1,0.785
nhy,nhy,n-h-y,26,2,1.517
nhy,nhy,n-h-y,29,1,1.025
nhy,nhy,n-h-y,31,1,1.832
nhy,nhy,n-h-y,33,1,0.777
nhy,nhy,n-h-y,36,1,1.379
nhy,nhy,n-h-y,40,1,0.82
nhy,nhy,n-h-y,53,2,5.556
nhy,nhy,n-h-y,58,2,4.237
nhy,nhy,n-h-y,59,2,4.494
nhy,nhy,n-h-y,60,2,5.747
nhy,nhy,n-h-y,79,2,11.173
nhy,nhy,n-h-y,96,2,27.778
njd,njd,n-j-d,90,1,12.195
njm,njm,n-j-m,6,1,0.328
njm,njm,n-j-m,7,1,0.301
njm,njm,n-j-m,16,2,1.085
njm,njm,n-j-m,22,1,0.785
njm,njm,n-j-m,37,1,1.163
njm,njm,n-j-m,52,1,3.205
njm,njm,n-j-m,53,1,2.778
njm,njm,n-j-m,55,1,2.849
njm,njm,n-j-m,56,1,2.639
njm,njm,n-j-m,77,1,5.525
njm,njm,n-j-m,81,1,9.615
njm,njm,n-j-m,86,1,16.393
njs,njs,n-j-s,9,1,0.4
njw,njw,n-j-w,2,2,0.327
njw,njw,n-j-w,4,1,0.267
njw,njw,n-j-w,6,3,0.984
njw,njw,n-j-w,7,6,1.807
njw,njw,n-j-w,9,1,0.4
njw,njw,n-j-w,10,7,3.819
njw,njw,n-j-w,11,5,2.608
njw,njw,n-j-w,12,4,2.251
njw,njw,n-j-w,14,1,1.205
njw,njw,n-j-w,15,1,1.527
njw,njw,n-j-w,17,2,1.285
njw,njw,n-j-w,19,2,2.081
njw,njw,n-j-w,20,3,2.247
njw,njw,n-j-w,21,7,5.988
njw,njw,n-j-w,23,1,0.952
njw,njw,n-j-w,26,5,3.794
njw,njw,n-j-w,27,2,1.738
njw,njw,n-j-w,28,2,1.399
njw,njw,n-j-w,29,5,5.123
njw,njw,n-j-w,31,1,1.832
njw,njw,n-j-w,37,3,3.488
njw,njw,n-j-w,39,1,0.853
njw,njw,n-j-w,40,1,0.82
njw,njw,n-j-w,41,1,1.259
njw,njw,n-j-w,43,1,1.205
njw,njw,n-j-w,44,1,2.89
njw,njw,n-j-w,54,1,2.924
njw,njw,n-j-w,58,10,21.186
njw,njw,n-j-w,61,1,4.525
njw,njw,n-j-w,66,2,8.032
njw,njw,n-j-w,70,1,4.608
nkH,nkuH,n-k-ḥ,2,6,0.981
nkH,nkuH,n-k-ḥ,4,7,1.868
nkH,nkuH,n-k-ḥ,24,5,3.799
nkH,nkuH,n-k-ḥ,28,1,0.699
nkH,nkuH,n-k-ḥ,33,3,2.331
nkH,nkuH,n-k-ḥ,60,1,2.874
nkS,nkuS,n-k-ṣ,8,1,0.811
nkS,nkuS,n-k-ṣ,23,1,0.952
nkb,nkb,n-k-b,23,1,0.952
nkb,nkb,n-k-b,67,1,3.003
nkd,nkd,n-k-d,7,1,0.301
nkf,nkf,n-k-f,4,3,0.801
nkl,nkl,n-k-l,2,1,0.164
nkl,nkl,n-k-l,4,1,0.267
nkl,nkl,n-k-l,5,1,0.357
nkl,nkl,n-k-l,73,1,5.025
nkl,nkl,n-k-l,79,1,5.587
nkr,nkr,n-k-r,3,3,0.862
nkr,nkr,n-k-r,5,1,0.357
nkr,nkr,n-k-r,7,1,0.301
nkr,nkr,n-k-r,9,3,1.201
nkr,nkr,n-k-r,11,1,0.522
nkr,nkr,n-k-r,12,1,0.563
nkr,nkr,n-k-r,13,1,1.172
nkr,nkr,n-k-r,15,1,1.527
nkr,nkr,n-k-r,16,3,1.627
nkr,nkr,n-k-r,18,2,1.267
nkr,nkr,n-k-r,21,1,0.855
nkr,nkr,n-k-r,22,3,2.355
nkr,nkr,n-k-r,23,1,0.952
nkr,nkr,n-k-r,24,1,0.76
nkr,nkr,n-k-r,27,1,0.869
nkr,nkr,n-k-r,29,2,2.049
nkr,nkr,n-k-r,31,2,3.663
nkr,nkr,n-k-r,34,1,1.133
nkr,nkr,n-k-r,35,1,1.29
nkr,nkr,n-k-r,40,1,0.82
nkr,nkr,n-k-r,42,1,1.163
nkr,nkr,n-k-r,51,1,2.778
nkr,nkr,n-k-r,54,1,2.924
nkr,nkr,n-k-r,58,1,2.119
nkr,nkr,n-k-r,65,1,3.484
nkr,nkr,n-k-r,67,1,3.003
nks,nks,n-k-s,21,1,0.855
nks,nks,n-k-s,32,1,2.688
nks,nks,n-k-s,36,1,1.379
nkv,nkv,n-k-th,7,1,0.301
nkv,nkv,n-k-th,9,2,0.801
nkv,nkv,n-k-th,16,1,0.542
nkv,nkv,n-k-th,43,1,1.205
nkv,nkv,n-k-th,48,2,3.571
nml,nml,n-m-l,3,1,0.287
nml,nml,n-m-l,27,3,2.606
nmm,nmm,n-m-m,68,1,3.333
nq*,nqdh,n-q-dh,3,1,0.287
nq*,nqdh,n-q-dh,22,1,0.785
nq*,nqdh,n-q-dh,36,2,2.759
nq*,nqdh,n-q-dh,39,1,0.853
nqD,nquD,n-q-ḍ,2,1,0.164
nqD,nquD,n-q-ḍ,4,1,0.267
nqD,nquD,n-q-ḍ,5,1,0.357
nqD,nquD,n-q-ḍ,8,1,0.811
nqD,nquD,n-q-ḍ,13,2,2.345
nqD,nquD,n-q-ḍ,16,2,1.085
nqD,nquD,n-q-ḍ,94,1,37.037
nqE,nquE,n-q-ʿ,100,1,25
nqS,nquS,n-q-ṣ,2,1,0.164
nqS,nquS,n-q-ṣ,7,1,0.301
nqS,nquS,n-q-ṣ,9,1,0.4
nqS,nquS,n-q-ṣ,11,2,1.043
nqS,nquS,n-q-ṣ,13,1,1.172
nqS,nquS,n-q-ṣ,21,1,0.855
nqS,nquS,n-q-ṣ,35,1,1.29
nqS,nquS,n-q-ṣ,50,1,2.681
nqS,nquS,n-q-ṣ,73,1,5.025
nqb,nqb,n-q-b,5,1,0.357
nqb,nqb,n-q-b,18,1,0.633
nqb,nqb,n-q-b,50,1,2.681
nqm,nqm,n-q-m,3,1,0.287
nqm,nqm,n-q-m,5,3,1.07
nqm,nqm,n-q-m,7,2,0.602
nqm,nqm,n-q-m,9,1,0.4
nqm,nqm,n-q-m,14,1,1.205
nqm,nqm,n-q-m,15,1,1.527
nqm,nqm,n-q-m,30,1,1.224
nqm,nqm,n-q-m,32,1,2.688
nqm,nqm,n-q-m,39,1,0.853
nqm,nqm,n-q-m,43,3,3.614
nqm,nqm,n-q-m,44,1,2.89
nqm,nqm,n-q-m,85,1,9.174
nqr,nqr,n-q-r,4,2,0.534
nqr,nqr,n-q-r,74,2,7.843
nsA,nsuA,n-s-a,9,1,0.4
nsA,nsuA,n-s-a,34,1,1.133
nsb,nsb,n-s-b,23,1,0.952
nsb,nsb,n-s-b,25,1,1.12
nsb,nsb,n-s-b,37,1,1.163
nsf,nsf,n-s-f,20,4,2.996
nsf,nsf,n-s-f,77,1,5.525
nsk,nsk,n-s-k,2,3,0.491
nsk,nsk,n-s-k,6,1,0.328
nsk,nsk,n-s-k,22,3,2.355
nsl,nsl,n-s-l,2,1,0.164
nsl,nsl,n-s-l,21,1,0.855
nsl,nsl,n-s-l,32,1,2.688
nsl,nsl,n-s-l,36,1,1.379
nsr,nsr,n-s-r,71,1,4.425
nsw,nsw,n-s-w,2,9,1.472
nsw,nsw,n-s-w,3,4,1.149
nsw,nsw,n-s-w,4,20,5.338
nsw,nsw,n-s-w,5,1,0.357
nsw,nsw,n-s-w,7,3,0.904
nsw,nsw,n-s-w,12,2,1.125
nsw,nsw,n-s-w,14,1,1.205
nsw,nsw,n-s-w,24,3,2.28
nsw,nsw,n-s-w,27,1,0.869
nsw,nsw,n-s-w,28,1,0.699
nsw,nsw,n-s-w,33,6,4.662
nsw,nsw,n-s-w,40,1,0.82
nsw,nsw,n-s-w,48,1,1.786
nsw,nsw,n-s-w,49,2,5.764
nsw,nsw,n-s-w,58,2,4.237
nsw,nsw,n-s-w,65,2,6.969
nsx,nsx,n-s-kh,2,1,0.164
nsx,nsx,n-s-kh,7,1,0.301
nsx,nsx,n-s-kh,22,1,0.785
nsx,nsx,n-s-kh,45,1,2.049
nsy,nsy,n-s-y,2,4,0.654
nsy,nsy,n-s-y,5,2,0.713
nsy,nsy,n-s-y,6,3,0.984
nsy,nsy,n-s-y,7,4,1.205
nsy,nsy,n-s-y,9,2,0.801
nsy,nsy,n-s-y,12,1,0.563
nsy,nsy,n-s-y,18,6,3.8
nsy,nsy,n-s-y,19,3,3.122
nsy,nsy,n-s-y,20,5,3.745
nsy,nsy,n-s-y,23,1,0.952
nsy,nsy,n-s-y,25,1,1.12
nsy,nsy,n-s-y,28,1,0.699
nsy,nsy,n-s-y,32,2,5.376
nsy,nsy,n-s-y,36,1,1.379
nsy,nsy,n-s-y,38,1,1.364
nsy,nsy,n-s-y,39,1,0.853
nsy,nsy,n-s-y,45,2,4.098
nsy,nsy,n-s-y,58,2,4.237
nsy,nsy,n-s-y,59,2,4.494
nsy,nsy,n-s-y,87,1,13.889
ntq,ntq,n-t-q,7,1,0.301
nvr,nvr,n-th-r,25,1,1.12
nvr,nvr,n-th-r,76,1,4.115
nvr,nvr,n-th-r,82,1,12.5
nw$,nwsh,n-w-sh,34,1,1.133
nwA,nwuA,n-w-a,28,1,0.699
nwS,nwuS,n-w-ṣ,38,1,1.364
nwb,nwb,n-w-b,11,2,1.043
nwb,nwb,n-w-b,13,1,1.172
nwb,nwb,n-w-b,30,2,2.448
nwb,nwb,n-w-b,31,1,1.832
nwb,nwb,n-w-b,34,1,1.133
nwb,nwb,n-w-b,38,2,2.729
nwb,nwb,n-w-b,39,3,2.56
nwb,nwb,n-w-b,40,1,0.82
nwb,nwb,n-w-b,42,2,2.326
nwb,nwb,n-w-b,50,2,5.362
nwb,nwb,n-w-b,60,1,2.874
nwm,nwm,n-w-m,2,1,0.164
nwm,nwm,n-w-m,7,1,0.301
nwm,nwm,n-w-m,8,1,0.811
nwm,nwm,n-w-m,25,1,1.12
nwm,nwm,n-w-m,30,1,1.224
nwm,nwm,n-w-m,37,1,1.163
nwm,nwm,n-w-m,39,1,0.853
nwm,nwm,n-w-m,68,1,3.333
nwm,nwm,n-w-m,78,1,5.78
nwn,nwn,n-w-n,21,1,0.855
nwq,nwq,n-w-q,7,2,0.602
nwq,nwq,n-w-q,11,1,0.522
nwq,nwq,n-w-q,17,1,0.643
nwq,nwq,n-w-q,26,1,0.759
nwq,nwq,n-w-q,54,1,2.924
nwq,nwq,n-w-q,91,1,18.519
nwr,nwr,n-w-r,2,18,2.943
nwr,nwr,n-w-r,3,12,3.447
nwr,nwr,n-w-r,4,6,1.601
nwr,nwr,n-w-r,5,8,2.853
nwr,nwr,n-w-r,6,5,1.639
nwr,nwr,n-w-r,7,8,2.41
nwr,nwr,n-w-r,8,1,0.811
nwr,nwr,n-w-r,9,8,3.203
nwr,nwr,n-w-r,10,3,1.637
nwr,nwr,n-w-r,11,5,2.608
nwr,nwr,n-w-r,13,4,4.689
nwr,nwr,n-w-r,14,4,4.819
nwr,nwr,n-w-r,15,1,1.527
nwr,nwr,n-w-r,16,1,0.542
nwr,nwr,n-w-r,18,3,1.9
nwr,nwr,n-w-r,20,3,2.247
nwr,nwr,n-w-r,21,2,1.711
nwr,nwr,n-w-r,22,3,2.355
nwr,nwr,n-w-r,23,1,0.952
nwr,nwr,n-w-r,24,9,6.839
nwr,nwr,n-w-r,25,1,1.12
nwr,nwr,n-w-r,27,3,2.606
nwr,nwr,n-w-r,28,4,2.797
nwr,nwr,n-w-r,29,2,2.049
nwr,nwr,n-w-r,31,1,1.832
nwr,nwr,n-w-r,32,2,5.376
nwr,nwr,n-w-r,33,3,2.331
nwr,nwr,n-w-r,34,1,1.133
nwr,nwr,n-w-r,35,3,3.871
nwr,nwr,n-w-r,36,1,1.379
nwr,nwr,n-w-r,38,5,6.821
nwr,nwr,n-w-r,39,5,4.266
nwr,nwr,n-w-r,40,8,6.563
nwr,nwr,n-w-r,41,4,5.038
nwr,nwr,n-w-r,42,1,1.163
nwr,nwr,n-w-r,45,1,2.049
nwr,nwr,n-w-r,46,2,3.11
nwr,nwr,n-w-r,47,2,3.711
nwr,nwr,n-w-r,51,1,2.778
nwr,nwr,n-w-r,52,2,6.41
nwr,nwr,n-w-r,54,1,2.924
nwr,nwr,n-w-r,55,2,5.698
nwr,nwr,n-w-r,56,1,2.639
nwr,nwr,n-w-r,57,7,12.195
nwr,nwr,n-w-r,58,1,2.119
nwr,nwr,n-w-r,59,3,6.742
nwr,nwr,n-w-r,61,2,9.05
nwr,nwr,n-w-r,64,2,8.299
nwr,nwr,n-w-r,65,1,3.484
nwr,nwr,n-w-r,66,4,16.064
nwr,nwr,n-w-r,71,2,8.85
nwr,nwr,n-w-r,72,1,3.509
nwr,nwr,n-w-r,74,1,3.922
nwr,nwr,n-w-r,85,1,9.174
nwr,nwr,n-w-r,87,1,13.889
nwr,nwr,n-w-r,88,1,10.87
nwr,nwr,n-w-r,90,1,12.195
nwr,nwr,n-w-r,92,1,14.085
nwr,nwr,n-w-r,98,1,10.638
nwr,nwr,n-w-r,101,1,27.778
nwr,nwr,n-w-r,104,1,30.303
nwr,nwr,n-w-r,111,1,43.478
nws,nws,n-w-s,2,39,6.377
nws,nws,n-w-s,3,19,5.458
nws,nws,n-w-s,4,17,4.537
nws,nws,n-w-s,5,9,3.21
nws,nws,n-w-s,6,3,0.984
nws,nws,n-w-s,7,5,1.506
nws,nws,n-w-s,8,3,2.433
nws,nws,n-w-s,9,2,0.801
nws,nws,n-w-s,10,15,8.183
nws,nws,n-w-s,11,5,2.608
nws,nws,n-w-s,12,8,4.502
nws,nws,n-w-s,13,4,4.689
nws,nws,n-w-s,14,6,7.229
nws,nws,n-w-s,16,4,2.169
nws,nws,n-w-s,17,6,3.856
nws,nws,n-w-s,18,2,1.267
nws,nws,n-w-s,19,2,2.081
nws,nws,n-w-s,20,1,0.749
nws,nws,n-w-s,21,2,1.711
nws,nws,n-w-s,22,15,11.774
nws,nws,n-w-s,24,1,0.76
nws,nws,n-w-s,25,2,2.24
nws,nws,n-w-s,26,2,1.517
nws,nws,n-w-s,27,3,2.606
nws,nws,n-w-s,28,2,1.399
nws,nws,n-w-s,29,5,5.123
nws,nws,n-w-s,30,9,11.016
nws,nws,n-w-s,31,4,7.326
nws,nws,n-w-s,32,1,2.688
nws,nws,n-w-s,33,2,1.554
nws,nws,n-w-s,34,3,3.398
nws,nws,n-w-s,35,6,7.742
nws,nws,n-w-s,38,1,1.364
nws,nws,n-w-s,39,2,1.706
nws,nws,n-w-s,40,5,4.102
nws,nws,n-w-s,42,1,1.163
nws,nws,n-w-s,43,1,1.205
nws,nws,n-w-s,44,1,2.89
nws,nws,n-w-s,45,2,4.098
nws,nws,n-w-s,46,1,1.555
nws,nws,n-w-s,47,1,1.855
nws,nws,n-w-s,48,1,1.786
nws,nws,n-w-s,49,1,2.882
nws,nws,n-w-s,54,1,2.924
nws,nws,n-w-s,57,3,5.226
nws,nws,n-w-s,59,1,2.247
nws,nws,n-w-s,62,1,5.714
nws,nws,n-w-s,66,1,4.016
nws,nws,n-w-s,83,2,11.834
nws,nws,n-w-s,99,1,27.778
nws,nws,n-w-s,101,1,27.778
nws,nws,n-w-s,110,1,52.632
nws,nws,n-w-s,114,5,250
nwy,nwy,n-w-y,6,1,0.328
nxl,nxl,n-kh-l,2,1,0.164
nxl,nxl,n-kh-l,6,2,0.656
nxl,nxl,n-kh-l,13,1,1.172
nxl,nxl,n-kh-l,16,2,1.085
nxl,nxl,n-kh-l,17,1,0.643
nxl,nxl,n-kh-l,18,1,0.633
nxl,nxl,n-kh-l,19,2,2.081
nxl,nxl,n-kh-l,20,1,0.749
nxl,nxl,n-kh-l,23,1,0.952
nxl,nxl,n-kh-l,26,1,0.759
nxl,nxl,n-kh-l,36,1,1.379
nxl,nxl,n-kh-l,50,1,2.681
nxl,nxl,n-kh-l,54,1,2.924
nxl,nxl,n-kh-l,55,2,5.698
nxl,nxl,n-kh-l,69,1,3.876
nxl,nxl,n-kh-l,80,1,7.519
nxr,nxr,n-kh-r,79,1,5.587
nyl,nyl,n-y-l,2,1,0.164
nyl,nyl,n-y-l,3,1,0.287
nyl,nyl,n-y-l,5,1,0.357
nyl,nyl,n-y-l,7,3,0.904
nyl,nyl,n-y-l,9,3,1.201
nyl,nyl,n-y-l,22,2,1.57
nyl,nyl,n-y-l,33,1,0.777
nzE,nzuE,n-z-ʿ,3,2,0.575
nzE,nzuE,n-z-ʿ,4,1,0.267
nzE,nzuE,n-z-ʿ,7,3,0.904
nzE,nzuE,n-z-ʿ,8,2,1.622
nzE,nzuE,n-z-ʿ,11,1,0.522
nzE,nzuE,n-z-ʿ,15,1,1.527
nzE,nzuE,n-z-ʿ,18,1,0.633
nzE,nzuE,n-z-ʿ,19,1,1.041
nzE,nzuE,n-z-ʿ,20,1,0.749
nzE,nzuE,n-z-ʿ,22,1,0.785
nzE,nzuE,n-z-ʿ,26,1,0.759
nzE,nzuE,n-z-ʿ,28,1,0.699
nzE,nzuE,n-z-ʿ,52,1,3.205
nzE,nzuE,n-z-ʿ,54,1,2.924
nzE,nzuE,n-z-ʿ,70,1,4.608
nzE,nzuE,n-z-ʿ,79,1,5.587
nzf,nzf,n-z-f,37,1,1.163
nzf,nzf,n-z-f,56,1,2.639
nzg,nzg,n-z-gh,7,2,0.602
nzg,nzg,n-z-gh,12,1,0.563
nzg,nzg,n-z-gh,17,1,0.643
nzg,nzg,n-z-gh,41,2,2.519
nzl,nzl,n-z-l,2,26,4.251
nzl,nzl,n-z-l,3,16,4.596
nzl,nzl,n-z-l,4,15,4.003
nzl,nzl,n-z-l,5,23,8.203
nzl,nzl,n-z-l,6,18,5.902
nzl,nzl,n-z-l,7,9,2.711
nzl,nzl,n-z-l,8,2,1.622
nzl,nzl,n-z-l,9,8,3.203
nzl,nzl,n-z-l,10,5,2.728
nzl,nzl,n-z-l,11,2,1.043
nzl,nzl,n-z-l,12,3,1.688
nzl,nzl,n-z-l,13,7,8.206
nzl,nzl,n-z-l,14,2,2.41
nzl,nzl,n-z-l,15,6,9.16
nzl,nzl,n-z-l,16,11,5.965
nzl,nzl,n-z-l,17,8,5.141
nzl,nzl,n-z-l,18,4,2.533
nzl,nzl,n-z-l,19,1,1.041
nzl,nzl,n-z-l,20,5,3.745
nzl,nzl,n-z-l,21,2,1.711
nzl,nzl,n-z-l,22,4,3.14
nzl,nzl,n-z-l,23,5,4.762
nzl,nzl,n-z-l,24,5,3.799
nzl,nzl,n-z-l,25,8,8.959
nzl,nzl,n-z-l,26,7,5.311
nzl,nzl,n-z-l,27,1,0.869
nzl,nzl,n-z-l,28,2,1.399
nzl,nzl,n-z-l,29,7,7.172
nzl,nzl,n-z-l,30,3,3.672
nzl,nzl,n-z-l,31,3,5.495
nzl,nzl,n-z-l,32,2,5.376
nzl,nzl,n-z-l,33,1,0.777
nzl,nzl,n-z-l,34,2,2.265
nzl,nzl,n-z-l,35,1,1.29
nzl,nzl,n-z-l,36,5,6.897
nzl,nzl,n-z-l,37,2,2.326
nzl,nzl,n-z-l,38,2,2.729
nzl,nzl,n-z-l,39,7,5.973
nzl,nzl,n-z-l,40,2,1.641
nzl,nzl,n-z-l,41,6,7.557
nzl,nzl,n-z-l,42,4,4.651
nzl,nzl,n-z-l,43,2,2.41
nzl,nzl,n-z-l,44,1,2.89
nzl,nzl,n-z-l,45,2,4.098
nzl,nzl,n-z-l,46,2,3.11
nzl,nzl,n-z-l,47,5,9.276
nzl,nzl,n-z-l,48,3,5.357
nzl,nzl,n-z-l,50,1,2.681
nzl,nzl,n-z-l,53,2,5.556
nzl,nzl,n-z-l,56,5,13.193
nzl,nzl,n-z-l,57,5,8.711
nzl,nzl,n-z-l,58,1,2.119
nzl,nzl,n-z-l,59,1,2.247
nzl,nzl,n-z-l,64,1,4.149
nzl,nzl,n-z-l,65,3,10.453
nzl,nzl,n-z-l,67,1,3.003
nzl,nzl,n-z-l,69,1,3.876
nzl,nzl,n-z-l,76,2,8.23
nzl,nzl,n-z-l,78,1,5.78
nzl,nzl,n-z-l,97,2,66.667
q$Er,qshuEr,q-sh-ʿ-r,39,1,0.853
q*f,qdhf,q-dh-f,20,3,2.247
q*f,qdhf,q-dh-f,21,1,0.855
q*f,qdhf,q-dh-f,33,1,0.777
q*f,qdhf,q-dh-f,34,2,2.265
q*f,qdhf,q-dh-f,37,1,1.163
q*f,qdhf,q-dh-f,59,1,2.247
qDD,quDuD,q-ḍ-ḍ,18,1,0.633
qDb,quDb,q-ḍ-b,80,1,7.519
qDy,quDy,q-ḍ-y,2,3,0.491
qDy,quDy,q-ḍ-y,3,1,0.287
qDy,quDy,q-ḍ-y,4,2,0.534
qDy,quDy,q-ḍ-y,6,4,1.311
qDy,quDy,q-ḍ-y,8,2,1.622
qDy,quDy,q-ḍ-y,10,6,3.273
qDy,quDy,q-ḍ-y,11,2,1.043
qDy,quDy,q-ḍ-y,12,2,1.125
qDy,quDy,q-ḍ-y,14,1,1.205
qDy,quDy,q-ḍ-y,15,1,1.527
qDy,quDy,q-ḍ-y,17,2,1.285
qDy,quDy,q-ḍ-y,19,4,4.162
qDy,quDy,q-ḍ-y,20,4,2.996
qDy,quDy,q-ḍ-y,22,1,0.785
qDy,quDy,q-ḍ-y,27,1,0.869
qDy,quDy,q-ḍ-y,28,4,2.797
qDy,quDy,q-ḍ-y,33,4,3.108
qDy,quDy,q-ḍ-y,34,1,1.133
qDy,quDy,q-ḍ-y,35,1,1.29
qDy,quDy,q-ḍ-y,39,3,2.56
qDy,quDy,q-ḍ-y,40,4,3.281
qDy,quDy,q-ḍ-y,41,2,2.519
qDy,quDy,q-ḍ-y,42,2,2.326
qDy,quDy,q-ḍ-y,43,1,1.205
qDy,quDy,q-ḍ-y,45,1,2.049
qDy,quDy,q-ḍ-y,46,1,1.555
qDy,quDy,q-ḍ-y,62,1,5.714
qDy,quDy,q-ḍ-y,69,1,3.876
qDy,quDy,q-ḍ-y,80,1,7.519
qEd,quEd,q-ʿ-d,2,1,0.164
qEd,quEd,q-ʿ-d,3,3,0.862
qEd,quEd,q-ʿ-d,4,5,1.334
qEd,quEd,q-ʿ-d,5,1,0.357
qEd,quEd,q-ʿ-d,6,1,0.328
qEd,quEd,q-ʿ-d,7,2,0.602
qEd,quEd,q-ʿ-d,9,8,3.203
qEd,quEd,q-ʿ-d,10,1,0.546
qEd,quEd,q-ʿ-d,16,1,0.542
qEd,quEd,q-ʿ-d,17,2,1.285
qEd,quEd,q-ʿ-d,24,1,0.76
qEd,quEd,q-ʿ-d,50,1,2.681
qEd,quEd,q-ʿ-d,54,1,2.924
qEd,quEd,q-ʿ-d,72,2,7.018
qEd,quEd,q-ʿ-d,85,1,9.174
qEr,quEr,q-ʿ-r,54,1,2.924
qHm,quHm,q-ḥ-m,38,1,1.364
qHm,quHm,q-ḥ-m,90,1,12.195
qSS,quSuS,q-ṣ-ṣ,2,3,0.491
qSS,quSuS,q-ṣ-ṣ,3,1,0.287
qSS,quSuS,q-ṣ-ṣ,4,2,0.534
qSS,quSuS,q-ṣ-ṣ,5,1,0.357
qSS,quSuS,q-ṣ-ṣ,6,2,0.656
qSS,quSuS,q-ṣ-ṣ,7,5,1.506
qSS,quSuS,q-ṣ-ṣ,11,2,1.043
qSS,quSuS,q-ṣ-ṣ,12,4,2.251
qSS,quSuS,q-ṣ-ṣ,16,1,0.542
qSS,quSuS,q-ṣ-ṣ,18,2,1.267
qSS,quSuS,q-ṣ-ṣ,20,1,0.749
qSS,quSuS,q-ṣ-ṣ,27,1,0.869
qSS,quSuS,q-ṣ-ṣ,28,3,2.098
qSS,quSuS,q-ṣ-ṣ,40,2,1.641
qSd,quSd,q-ṣ-d,5,1,0.357
qSd,quSd,q-ṣ-d,9,1,0.4
qSd,quSd,q-ṣ-d,16,1,0.542
qSd,quSd,q-ṣ-d,31,2,3.663
qSd,quSd,q-ṣ-d,35,1,1.29
qSf,quSf,q-ṣ-f,17,1,0.643
qSm,quSm,q-ṣ-m,21,1,0.855
qSr,quSr,q-ṣ-r,4,1,0.267
qSr,quSr,q-ṣ-r,7,2,0.602
qSr,quSr,q-ṣ-r,22,1,0.785
qSr,quSr,q-ṣ-r,25,1,1.12
qSr,quSr,q-ṣ-r,37,1,1.163
qSr,quSr,q-ṣ-r,38,1,1.364
qSr,quSr,q-ṣ-r,48,1,1.786
qSr,quSr,q-ṣ-r,55,2,5.698
qSr,quSr,q-ṣ-r,77,1,5.525
qSw,quSw,q-ṣ-w,8,1,0.811
qSw,quSw,q-ṣ-w,17,1,0.643
qSw,quSw,q-ṣ-w,19,1,1.041
qSw,quSw,q-ṣ-w,28,1,0.699
qSw,quSw,q-ṣ-w,36,1,1.379
qTE,quTuE,q-ṭ-ʿ,2,2,0.327
qTE,quTuE,q-ṭ-ʿ,3,1,0.287
qTE,quTuE,q-ṭ-ʿ,5,2,0.713
qTE,quTuE,q-ṭ-ʿ,6,2,0.656
qTE,quTuE,q-ṭ-ʿ,7,4,1.205
qTE,quTuE,q-ṭ-ʿ,8,1,0.811
qTE,quTuE,q-ṭ-ʿ,9,2,0.801
qTE,quTuE,q-ṭ-ʿ,10,1,0.546
qTE,quTuE,q-ṭ-ʿ,11,1,0.522
qTE,quTuE,q-ṭ-ʿ,12,2,1.125
qTE,quTuE,q-ṭ-ʿ,13,3,3.517
qTE,quTuE,q-ṭ-ʿ,15,2,3.053
qTE,quTuE,q-ṭ-ʿ,20,1,0.749
qTE,quTuE,q-ṭ-ʿ,21,1,0.855
qTE,quTuE,q-ṭ-ʿ,22,2,1.57
qTE,quTuE,q-ṭ-ʿ,23,1,0.952
qTE,quTuE,q-ṭ-ʿ,26,1,0.759
qTE,quTuE,q-ṭ-ʿ,27,1,0.869
qTE,quTuE,q-ṭ-ʿ,29,1,1.025
qTE,quTuE,q-ṭ-ʿ,47,2,3.711
qTE,quTuE,q-ṭ-ʿ,56,1,2.639
qTE,quTuE,q-ṭ-ʿ,59,1,2.247
qTE,quTuE,q-ṭ-ʿ,69,1,3.876
qTT,quTuT,q-ṭ-ṭ,38,1,1.364
qTf,quTf,q-ṭ-f,69,1,3.876
qTf,quTf,q-ṭ-f,76,1,4.115
qTmr,quTmr,q-ṭ-m-r,35,1,1.29
qTr,quTr,q-ṭ-r,14,1,1.205
qTr,quTr,q-ṭ-r,18,1,0.633
qTr,quTr,q-ṭ-r,33,1,0.777
qTr,quTr,q-ṭ-r,34,1,1.133
qTr,quTr,q-ṭ-r,55,1,2.849
qbD,qbuD,q-b-ḍ,2,2,0.327
qbD,qbuD,q-b-ḍ,9,1,0.4
qbD,qbuD,q-b-ḍ,20,2,1.498
qbD,qbuD,q-b-ḍ,25,2,2.24
qbD,qbuD,q-b-ḍ,39,1,0.853
qbD,qbuD,q-b-ḍ,67,1,3.003
qbH,qbuH,q-b-ḥ,28,1,0.699
qbl,qbl,q-b-l,2,23,3.761
qbl,qbl,q-b-l,3,16,4.596
qbl,qbl,q-b-l,4,9,2.402
qbl,qbl,q-b-l,5,11,3.923
qbl,qbl,q-b-l,6,10,3.279
qbl,qbl,q-b-l,7,8,2.41
qbl,qbl,q-b-l,8,3,2.433
qbl,qbl,q-b-l,9,10,4.003
qbl,qbl,q-b-l,10,8,4.364
qbl,qbl,q-b-l,11,6,3.13
qbl,qbl,q-b-l,12,13,7.316
qbl,qbl,q-b-l,13,6,7.034
qbl,qbl,q-b-l,14,5,6.024
qbl,qbl,q-b-l,15,3,4.58
qbl,qbl,q-b-l,16,6,3.254
qbl,qbl,q-b-l,17,4,2.571
qbl,qbl,q-b-l,18,2,1.267
qbl,qbl,q-b-l,19,6,6.243
qbl,qbl,q-b-l,20,9,6.742
qbl,qbl,q-b-l,21,8,6.843
qbl,qbl,q-b-l,22,3,2.355
qbl,qbl,q-b-l,23,1,0.952
qbl,qbl,q-b-l,24,5,3.799
qbl,qbl,q-b-l,25,1,1.12
qbl,qbl,q-b-l,26,1,0.759
qbl,qbl,q-b-l,27,7,6.082
qbl,qbl,q-b-l,28,7,4.895
qbl,qbl,q-b-l,29,3,3.074
qbl,qbl,q-b-l,30,7,8.568
qbl,qbl,q-b-l,32,2,5.376
qbl,qbl,q-b-l,33,4,3.108
qbl,qbl,q-b-l,34,4,4.53
qbl,qbl,q-b-l,35,3,3.871
qbl,qbl,q-b-l,36,1,1.379
qbl,qbl,q-b-l,37,5,5.814
qbl,qbl,q-b-l,38,3,4.093
qbl,qbl,q-b-l,39,6,5.119
qbl,qbl,q-b-l,40,8,6.563
qbl,qbl,q-b-l,41,3,3.778
qbl,qbl,q-b-l,42,3,3.488
qbl,qbl,q-b-l,43,3,3.614
qbl,qbl,q-b-l,44,3,8.671
qbl,qbl,q-b-l,46,6,9.331
qbl,qbl,q-b-l,47,1,1.855
qbl,qbl,q-b-l,48,3,5.357
qbl,qbl,q-b-l,49,1,2.882
qbl,qbl,q-b-l,50,4,10.724
qbl,qbl,q-b-l,51,4,11.111
qbl,qbl,q-b-l,52,3,9.615
qbl,qbl,q-b-l,53,1,2.778
qbl,qbl,q-b-l,54,1,2.924
qbl,qbl,q-b-l,55,2,5.698
qbl,qbl,q-b-l,56,2,5.277
qbl,qbl,q-b-l,57,4,6.969
qbl,qbl,q-b-l,58,3,6.356
qbl,qbl,q-b-l,59,2,4.494
qbl,qbl,q-b-l,62,1,5.714
qbl,qbl,q-b-l,63,1,5.556
qbl,qbl,q-b-l,64,1,4.149
qbl,qbl,q-b-l,67,1,3.003
qbl,qbl,q-b-l,68,1,3.333
qbl,qbl,q-b-l,69,1,3.876
qbl,qbl,q-b-l,70,1,4.608
qbl,qbl,q-b-l,71,1,4.425
qbr,qbr,q-b-r,9,1,0.4
qbr,qbr,q-b-r,22,1,0.785
qbr,qbr,q-b-r,35,1,1.29
qbr,qbr,q-b-r,60,1,2.874
qbr,qbr,q-b-r,80,1,7.519
qbr,qbr,q-b-r,82,1,12.5
qbr,qbr,q-b-r,100,1,25
qbr,qbr,q-b-r,102,1,35.714
qbs,qbs,q-b-s,20,1,0.749
qbs,qbs,q-b-s,27,1,0.869
qbs,qbs,q-b-s,57,1,1.742
qdH,qduH,q-d-ḥ,100,1,25
qdd,qdd,q-d-d,12,4,2.251
qdd,qdd,q-d-d,72,1,3.509
qdm,qdm,q-d-m,2,4,0.654
qdm,qdm,q-d-m,3,2,0.575
qdm,qdm,q-d-m,4,1,0.267
qdm,qdm,q-d-m,5,1,0.357
qdm,qdm,q-d-m,7,1,0.301
qdm,qdm,q-d-m,8,2,1.622
qdm,qdm,q-d-m,10,2,1.091
qdm,qdm,q-d-m,11,1,0.522
qdm,qdm,q-d-m,12,2,1.125
qdm,qdm,q-d-m,15,1,1.527
qdm,qdm,q-d-m,16,2,1.085
qdm,qdm,q-d-m,18,1,0.633
qdm,qdm,q-d-m,22,1,0.785
qdm,qdm,q-d-m,25,1,1.12
qdm,qdm,q-d-m,26,1,0.759
qdm,qdm,q-d-m,28,1,0.699
qdm,qdm,q-d-m,30,1,1.224
qdm,qdm,q-d-m,34,1,1.133
qdm,qdm,q-d-m,36,2,2.759
qdm,qdm,q-d-m,38,2,2.729
qdm,qdm,q-d-m,41,1,1.259
qdm,qdm,q-d-m,42,1,1.163
qdm,qdm,q-d-m,46,1,1.555
qdm,qdm,q-d-m,47,1,1.855
qdm,qdm,q-d-m,48,1,1.786
qdm,qdm,q-d-m,49,1,2.882
qdm,qdm,q-d-m,50,1,2.681
qdm,qdm,q-d-m,55,1,2.849
qdm,qdm,q-d-m,58,2,4.237
qdm,qdm,q-d-m,59,1,2.247
qdm,qdm,q-d-m,62,1,5.714
qdm,qdm,q-d-m,73,1,5.025
qdm,qdm,q-d-m,74,1,3.922
qdm,qdm,q-d-m,75,1,6.098
qdm,qdm,q-d-m,78,1,5.78
qdm,qdm,q-d-m,82,1,12.5
qdm,qdm,q-d-m,89,1,7.299
qdr,qdr,q-d-r,2,9,1.472
qdr,qdr,q-d-r,3,4,1.149
qdr,qdr,q-d-r,4,2,0.534
qdr,qdr,q-d-r,5,5,1.783
qdr,qdr,q-d-r,6,6,1.967
qdr,qdr,q-d-r,8,1,0.811
qdr,qdr,q-d-r,9,1,0.4
qdr,qdr,q-d-r,10,2,1.091
qdr,qdr,q-d-r,11,1,0.522
qdr,qdr,q-d-r,13,3,3.517
qdr,qdr,q-d-r,14,1,1.205
qdr,qdr,q-d-r,15,2,3.053
qdr,qdr,q-d-r,16,4,2.169
qdr,qdr,q-d-r,17,2,1.285
qdr,qdr,q-d-r,18,1,0.633
qdr,qdr,q-d-r,20,1,0.749
qdr,qdr,q-d-r,21,1,0.855
qdr,qdr,q-d-r,22,4,3.14
qdr,qdr,q-d-r,23,3,2.857
qdr,qdr,q-d-r,24,1,0.76
qdr,qdr,q-d-r,25,3,3.359
qdr,qdr,q-d-r,27,1,0.869
qdr,qdr,q-d-r,28,1,0.699
qdr,qdr,q-d-r,29,2,2.049
qdr,qdr,q-d-r,30,3,3.672
qdr,qdr,q-d-r,32,1,2.688
qdr,qdr,q-d-r,33,3,2.331
qdr,qdr,q-d-r,34,5,5.663
qdr,qdr,q-d-r,35,2,2.581
qdr,qdr,q-d-r,36,3,4.138
qdr,qdr,q-d-r,39,3,2.56
qdr,qdr,q-d-r,41,3,3.778
qdr,qdr,q-d-r,42,5,5.814
qdr,qdr,q-d-r,43,2,2.41
qdr,qdr,q-d-r,46,2,3.11
qdr,qdr,q-d-r,48,2,3.571
qdr,qdr,q-d-r,54,4,11.696
qdr,qdr,q-d-r,56,1,2.639
qdr,qdr,q-d-r,57,2,3.484
qdr,qdr,q-d-r,59,1,2.247
qdr,qdr,q-d-r,60,1,2.874
qdr,qdr,q-d-r,64,1,4.149
qdr,qdr,q-d-r,65,3,10.453
qdr,qdr,q-d-r,66,1,4.016
qdr,qdr,q-d-r,67,1,3.003
qdr,qdr,q-d-r,68,1,3.333
qdr,qdr,q-d-r,70,2,9.217
qdr,qdr,q-d-r,73,1,5.025
qdr,qdr,q-d-r,74,3,11.765
qdr,qdr,q-d-r,75,2,12.195
qdr,qdr,q-d-r,76,2,8.23
qdr,qdr,q-d-r,77,3,16.575
qdr,qdr,q-d-r,80,1,7.519
qdr,qdr,q-d-r,86,1,16.393
qdr,qdr,q-d-r,87,1,13.889
qdr,qdr,q-d-r,89,1,7.299
qdr,qdr,q-d-r,90,1,12.195
qdr,qdr,q-d-r,97,3,100
qds,qds,q-d-s,2,3,0.491
qds,qds,q-d-s,5,2,0.713
qds,qds,q-d-s,16,1,0.542
qds,qds,q-d-s,20,1,0.749
qds,qds,q-d-s,59,1,2.247
qds,qds,q-d-s,62,1,5.714
qds,qds,q-d-s,79,1,5.587
qdw,qdw,q-d-w,6,1,0.328
qdw,qdw,q-d-w,43,1,1.205
qfl,qfl,q-f-l,47,1,1.855
qfw,qfw,q-f-w,2,1,0.164
qfw,qfw,q-f-w,5,1,0.357
qfw,qfw,q-f-w,17,1,0.643
qfw,qfw,q-f-w,57,2,3.484
qhr,qhr,q-h-r,6,2,0.656
qhr,qhr,q-h-r,7,1,0.301
qhr,qhr,q-h-r,12,1,0.563
qhr,qhr,q-h-r,13,1,1.172
qhr,qhr,q-h-r,14,1,1.205
qhr,qhr,q-h-r,38,1,1.364
qhr,qhr,q-h-r,39,1,0.853
qhr,qhr,q-h-r,40,1,0.82
qhr,qhr,q-h-r,93,1,25
qlE,qluE,q-l-ʿ,11,1,0.522
qlb,qlb,q-l-b,2,13,2.126
qlb,qlb,q-l-b,3,15,4.309
qlb,qlb,q-l-b,4,2,0.534
qlb,qlb,q-l-b,5,6,2.14
qlb,qlb,q-l-b,6,4,1.311
qlb,qlb,q-l-b,7,5,1.506
qlb,qlb,q-l-b,8,9,7.299
qlb,qlb,q-l-b,9,15,6.005
qlb,qlb,q-l-b,10,2,1.091
qlb,qlb,q-l-b,12,1,0.563
qlb,qlb,q-l-b,13,2,2.345
qlb,qlb,q-l-b,15,1,1.527
qlb,qlb,q-l-b,16,4,2.169
qlb,qlb,q-l-b,17,1,0.643
qlb,qlb,q-l-b,18,6,3.8
qlb,qlb,q-l-b,21,1,0.855
qlb,qlb,q-l-b,22,8,6.279
qlb,qlb,q-l-b,23,2,1.905
qlb,qlb,q-l-b,24,4,3.04
qlb,qlb,q-l-b,26,7,5.311
qlb,qlb,q-l-b,28,1,0.699
qlb,qlb,q-l-b,29,1,1.025
qlb,qlb,q-l-b,30,1,1.224
qlb,qlb,q-l-b,33,11,8.547
qlb,qlb,q-l-b,34,1,1.133
qlb,qlb,q-l-b,37,1,1.163
qlb,qlb,q-l-b,39,3,2.56
qlb,qlb,q-l-b,40,3,2.461
qlb,qlb,q-l-b,41,1,1.259
qlb,qlb,q-l-b,42,1,1.163
qlb,qlb,q-l-b,43,1,1.205
qlb,qlb,q-l-b,45,1,2.049
qlb,qlb,q-l-b,47,5,9.276
qlb,qlb,q-l-b,48,6,10.714
qlb,qlb,q-l-b,49,3,8.646
qlb,qlb,q-l-b,50,2,5.362
qlb,qlb,q-l-b,57,3,5.226
qlb,qlb,q-l-b,58,1,2.119
qlb,qlb,q-l-b,59,3,6.742
qlb,qlb,q-l-b,61,1,4.525
qlb,qlb,q-l-b,63,1,5.556
qlb,qlb,q-l-b,64,1,4.149
qlb,qlb,q-l-b,66,1,4.016
qlb,qlb,q-l-b,67,1,3.003
qlb,qlb,q-l-b,74,1,3.922
qlb,qlb,q-l-b,79,1,5.587
qlb,qlb,q-l-b,83,3,17.751
qlb,qlb,q-l-b,84,1,9.346
qld,qld,q-l-d,5,2,0.713
qld,qld,q-l-d,39,1,0.853
qld,qld,q-l-d,42,1,1.163
qll,qll,q-l-l,2,9,1.472
qll,qll,q-l-l,3,4,1.149
qll,qll,q-l-l,4,7,1.868
qll,qll,q-l-l,5,2,0.713
qll,qll,q-l-l,7,4,1.205
qll,qll,q-l-l,8,4,3.244
qll,qll,q-l-l,9,3,1.201
qll,qll,q-l-l,11,2,1.043
qll,qll,q-l-l,12,2,1.125
qll,qll,q-l-l,16,2,1.085
qll,qll,q-l-l,17,5,3.213
qll,qll,q-l-l,18,2,1.267
qll,qll,q-l-l,23,3,2.857
qll,qll,q-l-l,26,1,0.759
qll,qll,q-l-l,27,1,0.869
qll,qll,q-l-l,28,1,0.699
qll,qll,q-l-l,31,1,1.832
qll,qll,q-l-l,32,1,2.688
qll,qll,q-l-l,33,4,3.108
qll,qll,q-l-l,34,2,2.265
qll,qll,q-l-l,38,1,1.364
qll,qll,q-l-l,39,1,0.853
qll,qll,q-l-l,40,1,0.82
qll,qll,q-l-l,44,1,2.89
qll,qll,q-l-l,48,1,1.786
qll,qll,q-l-l,51,1,2.778
qll,qll,q-l-l,53,1,2.778
qll,qll,q-l-l,56,1,2.639
qll,qll,q-l-l,67,1,3.003
qll,qll,q-l-l,69,2,7.752
qll,qll,q-l-l,72,1,3.509
qll,qll,q-l-l,73,3,15.075
qll,qll,q-l-l,77,1,5.525
qlm,qlm,q-l-m,3,1,0.287
qlm,qlm,q-l-m,31,1,1.832
qlm,qlm,q-l-m,68,1,3.333
qlm,qlm,q-l-m,96,1,13.889
qly,qly,q-l-y,26,1,0.759
qly,qly,q-l-y,93,1,25
qmE,qmuE,q-m-ʿ,22,1,0.785
qmH,qmuH,q-m-ḥ,36,1,1.379
qmS,qmuS,q-m-ṣ,12,6,3.376
qmTr,qmuTr,q-m-ṭ-r,76,1,4.115
qml,qml,q-m-l,7,1,0.301
qmr,qmr,q-m-r,6,2,0.656
qmr,qmr,q-m-r,7,1,0.301
qmr,qmr,q-m-r,10,1,0.546
qmr,qmr,q-m-r,12,1,0.563
qmr,qmr,q-m-r,13,1,1.172
qmr,qmr,q-m-r,14,1,1.205
qmr,qmr,q-m-r,16,1,0.542
qmr,qmr,q-m-r,21,1,0.855
qmr,qmr,q-m-r,22,1,0.785
qmr,qmr,q-m-r,25,1,1.12
qmr,qmr,q-m-r,29,1,1.025
qmr,qmr,q-m-r,31,1,1.832
qmr,qmr,q-m-r,35,1,1.29
qmr,qmr,q-m-r,36,2,2.759
qmr,qmr,q-m-r,39,1,0.853
qmr,qmr,q-m-r,41,2,2.519
qmr,qmr,q-m-r,54,1,2.924
qmr,qmr,q-m-r,55,1,2.849
qmr,qmr,q-m-r,71,1,4.425
qmr,qmr,q-m-r,74,1,3.922
qmr,qmr,q-m-r,75,2,12.195
qmr,qmr,q-m-r,84,1,9.346
qmr,qmr,q-m-r,91,1,18.519
qnE,qnuE,q-n-ʿ,14,1,1.205
qnE,qnuE,q-n-ʿ,22,1,0.785
qnT,qnuT,q-n-ṭ,15,2,3.053
qnT,qnuT,q-n-ṭ,30,1,1.224
qnT,qnuT,q-n-ṭ,39,1,0.853
qnT,qnuT,q-n-ṭ,41,1,1.259
qnT,qnuT,q-n-ṭ,42,1,1.163
qnTr,qnuTr,q-n-ṭ-r,3,3,0.862
qnTr,qnuTr,q-n-ṭ-r,4,1,0.267
qnt,qnt,q-n-t,2,2,0.327
qnt,qnt,q-n-t,3,2,0.575
qnt,qnt,q-n-t,4,1,0.267
qnt,qnt,q-n-t,16,1,0.542
qnt,qnt,q-n-t,30,1,1.224
qnt,qnt,q-n-t,33,3,2.331
qnt,qnt,q-n-t,39,1,0.853
qnt,qnt,q-n-t,66,2,8.032
qnw,qnw,q-n-w,6,1,0.328
qny,qny,q-n-y,53,1,2.778
qrA,qruA,q-r-a,2,2,0.327
qrA,qruA,q-r-a,4,1,0.267
qrA,qruA,q-r-a,5,1,0.357
qrA,qruA,q-r-a,6,1,0.328
qrA,qruA,q-r-a,7,2,0.602
qrA,qruA,q-r-a,9,1,0.4
qrA,qruA,q-r-a,10,4,2.182
qrA,qruA,q-r-a,12,2,1.125
qrA,qruA,q-r-a,13,1,1.172
qrA,qruA,q-r-a,15,3,4.58
qrA,qruA,q-r-a,16,2,1.085
qrA,qruA,q-r-a,17,16,10.283
qrA,qruA,q-r-a,18,1,0.633
qrA,qruA,q-r-a,20,3,2.247
qrA,qruA,q-r-a,25,2,2.24
qrA,qruA,q-r-a,26,1,0.759
qrA,qruA,q-r-a,27,4,3.475
qrA,qruA,q-r-a,28,1,0.699
qrA,qruA,q-r-a,30,1,1.224
qrA,qruA,q-r-a,34,1,1.133
qrA,qruA,q-r-a,36,2,2.759
qrA,qruA,q-r-a,38,1,1.364
qrA,qruA,q-r-a,39,2,1.706
qrA,qruA,q-r-a,41,3,3.778
qrA,qruA,q-r-a,42,1,1.163
qrA,qruA,q-r-a,43,2,2.41
qrA,qruA,q-r-a,46,1,1.555
qrA,qruA,q-r-a,47,1,1.855
qrA,qruA,q-r-a,50,2,5.362
qrA,qruA,q-r-a,54,4,11.696
qrA,qruA,q-r-a,55,1,2.849
qrA,qruA,q-r-a,56,1,2.639
qrA,qruA,q-r-a,59,1,2.247
qrA,qruA,q-r-a,69,1,3.876
qrA,qruA,q-r-a,72,1,3.509
qrA,qruA,q-r-a,73,4,20.101
qrA,qruA,q-r-a,75,3,18.293
qrA,qruA,q-r-a,76,1,4.115
qrA,qruA,q-r-a,84,2,18.692
qrA,qruA,q-r-a,85,1,9.174
qrA,qruA,q-r-a,87,1,13.889
qrA,qruA,q-r-a,96,2,27.778
qrD,qruD,q-r-ḍ,2,2,0.327
qrD,qruD,q-r-ḍ,5,2,0.713
qrD,qruD,q-r-ḍ,18,1,0.633
qrD,qruD,q-r-ḍ,57,4,6.969
qrD,qruD,q-r-ḍ,64,2,8.299
qrD,qruD,q-r-ḍ,73,2,10.05
qrE,qruE,q-r-ʿ,13,1,1.172
qrE,qruE,q-r-ʿ,69,1,3.876
qrE,qruE,q-r-ʿ,101,3,83.333
qrH,qruH,q-r-ḥ,3,3,0.862
qrTs,qruTs,q-r-ṭ-s,6,2,0.656
qrb,qrb,q-r-b,2,10,1.635
qrb,qrb,q-r-b,3,3,0.862
qrb,qrb,q-r-b,4,12,3.203
qrb,qrb,q-r-b,5,5,1.783
qrb,qrb,q-r-b,6,3,0.984
qrb,qrb,q-r-b,7,4,1.205
qrb,qrb,q-r-b,8,1,0.811
qrb,qrb,q-r-b,9,5,2.002
qrb,qrb,q-r-b,11,3,1.565
qrb,qrb,q-r-b,12,1,0.563
qrb,qrb,q-r-b,13,1,1.172
qrb,qrb,q-r-b,14,1,1.205
qrb,qrb,q-r-b,16,2,1.085
qrb,qrb,q-r-b,17,5,3.213
qrb,qrb,q-r-b,18,2,1.267
qrb,qrb,q-r-b,19,1,1.041
qrb,qrb,q-r-b,21,3,2.566
qrb,qrb,q-r-b,22,1,0.785
qrb,qrb,q-r-b,24,1,0.76
qrb,qrb,q-r-b,26,2,1.517
qrb,qrb,q-r-b,30,1,1.224
qrb,qrb,q-r-b,33,1,0.777
qrb,qrb,q-r-b,34,3,3.398
qrb,qrb,q-r-b,35,1,1.29
qrb,qrb,q-r-b,39,1,0.853
qrb,qrb,q-r-b,42,2,2.326
qrb,qrb,q-r-b,46,1,1.555
qrb,qrb,q-r-b,48,2,3.571
qrb,qrb,q-r-b,50,2,5.362
qrb,qrb,q-r-b,51,1,2.778
qrb,qrb,q-r-b,54,1,2.924
qrb,qrb,q-r-b,56,3,7.916
qrb,qrb,q-r-b,59,2,4.494
qrb,qrb,q-r-b,61,1,4.525
qrb,qrb,q-r-b,63,1,5.556
qrb,qrb,q-r-b,70,1,4.608
qrb,qrb,q-r-b,72,1,3.509
qrb,qrb,q-r-b,78,1,5.78
qrb,qrb,q-r-b,83,2,11.834
qrb,qrb,q-r-b,90,1,12.195
qrb,qrb,q-r-b,96,1,13.889
qrd,qrd,q-r-d,2,1,0.164
qrd,qrd,q-r-d,5,1,0.357
qrd,qrd,q-r-d,7,1,0.301
qrf,qrf,q-r-f,6,3,0.984
qrf,qrf,q-r-f,9,1,0.4
qrf,qrf,q-r-f,42,1,1.163
qrn,qrn,q-r-n,4,2,0.534
qrn,qrn,q-r-n,6,2,0.656
qrn,qrn,q-r-n,10,1,0.546
qrn,qrn,q-r-n,11,1,0.522
qrn,qrn,q-r-n,14,1,1.205
qrn,qrn,q-r-n,17,1,0.643
qrn,qrn,q-r-n,18,3,1.9
qrn,qrn,q-r-n,19,2,2.081
qrn,qrn,q-r-n,20,2,1.498
qrn,qrn,q-r-n,23,2,1.905
qrn,qrn,q-r-n,25,2,2.24
qrn,qrn,q-r-n,28,3,2.098
qrn,qrn,q-r-n,32,1,2.688
qrn,qrn,q-r-n,36,1,1.379
qrn,qrn,q-r-n,37,1,1.163
qrn,qrn,q-r-n,38,2,2.729
qrn,qrn,q-r-n,41,1,1.259
qrn,qrn,q-r-n,43,4,4.819
qrn,qrn,q-r-n,46,1,1.555
qrn,qrn,q-r-n,50,3,8.043
qrr,qrr,q-r-r,2,2,0.327
qrr,qrr,q-r-r,3,2,0.575
qrr,qrr,q-r-r,6,2,0.656
qrr,qrr,q-r-r,7,2,0.602
qrr,qrr,q-r-r,11,1,0.522
qrr,qrr,q-r-r,14,2,2.41
qrr,qrr,q-r-r,19,1,1.041
qrr,qrr,q-r-r,20,1,0.749
qrr,qrr,q-r-r,22,1,0.785
qrr,qrr,q-r-r,23,2,1.905
qrr,qrr,q-r-r,25,4,4.479
qrr,qrr,q-r-r,27,3,2.606
qrr,qrr,q-r-r,28,2,1.399
qrr,qrr,q-r-r,32,1,2.688
qrr,qrr,q-r-r,33,2,1.554
qrr,qrr,q-r-r,36,1,1.379
qrr,qrr,q-r-r,38,1,1.364
qrr,qrr,q-r-r,40,2,1.641
qrr,qrr,q-r-r,54,2,5.848
qrr,qrr,q-r-r,75,1,6.098
qrr,qrr,q-r-r,76,2,8.23
qrr,qrr,q-r-r,77,1,5.525
qry,qry,q-r-y,2,2,0.327
qry,qry,q-r-y,4,1,0.267
qry,qry,q-r-y,6,3,0.984
qry,qry,q-r-y,7,10,3.012
qry,qry,q-r-y,10,1,0.546
qry,qry,q-r-y,11,3,1.565
qry,qry,q-r-y,12,2,1.125
qry,qry,q-r-y,15,1,1.527
qry,qry,q-r-y,16,1,0.542
qry,qry,q-r-y,17,2,1.285
qry,qry,q-r-y,18,2,1.267
qry,qry,q-r-y,21,4,3.422
qry,qry,q-r-y,22,2,1.57
qry,qry,q-r-y,25,2,2.24
qry,qry,q-r-y,26,1,0.759
qry,qry,q-r-y,27,2,1.738
qry,qry,q-r-y,28,3,2.098
qry,qry,q-r-y,29,2,2.049
qry,qry,q-r-y,34,3,3.398
qry,qry,q-r-y,36,1,1.379
qry,qry,q-r-y,42,1,1.163
qry,qry,q-r-y,43,2,2.41
qry,qry,q-r-y,46,1,1.555
qry,qry,q-r-y,47,2,3.711
qry,qry,q-r-y,59,2,4.494
qry,qry,q-r-y,65,1,3.484
qsT,qsuT,q-s-ṭ,2,1,0.164
qsT,qsuT,q-s-ṭ,3,2,0.575
qsT,qsuT,q-s-ṭ,4,3,0.801
qsT,qsuT,q-s-ṭ,5,3,1.07
qsT,qsuT,q-s-ṭ,6,1,0.328
qsT,qsuT,q-s-ṭ,7,1,0.301
qsT,qsuT,q-s-ṭ,10,3,1.637
qsT,qsuT,q-s-ṭ,11,1,0.522
qsT,qsuT,q-s-ṭ,21,1,0.855
qsT,qsuT,q-s-ṭ,33,1,0.777
qsT,qsuT,q-s-ṭ,49,2,5.764
qsT,qsuT,q-s-ṭ,55,1,2.849
qsT,qsuT,q-s-ṭ,57,1,1.742
qsT,qsuT,q-s-ṭ,60,2,5.747
qsT,qsuT,q-s-ṭ,72,2,7.018
qsTs,qsuTs,q-s-ṭ-s,17,1,0.643
qsTs,qsuTs,q-s-ṭ-s,26,1,0.759
qsm,qsm,q-s-m,4,1,0.267
qsm,qsm,q-s-m,5,4,1.427
qsm,qsm,q-s-m,6,1,0.328
qsm,qsm,q-s-m,7,2,0.602
qsm,qsm,q-s-m,14,1,1.205
qsm,qsm,q-s-m,15,2,3.053
qsm,qsm,q-s-m,16,1,0.542
qsm,qsm,q-s-m,24,2,1.52
qsm,qsm,q-s-m,27,1,0.869
qsm,qsm,q-s-m,30,1,1.224
qsm,qsm,q-s-m,35,1,1.29
qsm,qsm,q-s-m,43,2,2.41
qsm,qsm,q-s-m,51,1,2.778
qsm,qsm,q-s-m,53,1,2.778
qsm,qsm,q-s-m,54,1,2.924
qsm,qsm,q-s-m,56,2,5.277
qsm,qsm,q-s-m,68,1,3.333
qsm,qsm,q-s-m,69,1,3.876
qsm,qsm,q-s-m,70,1,4.608
qsm,qsm,q-s-m,75,2,12.195
qsm,qsm,q-s-m,81,1,9.615
qsm,qsm,q-s-m,84,1,9.346
qsm,qsm,q-s-m,89,1,7.299
qsm,qsm,q-s-m,90,1,12.195
qsr,qsr,q-s-r,74,1,3.922
qss,qss,q-s-s,5,1,0.357
qsw,qsw,q-s-w,2,2,0.327
qsw,qsw,q-s-w,5,1,0.357
qsw,qsw,q-s-w,6,1,0.328
qsw,qsw,q-s-w,22,1,0.785
qsw,qsw,q-s-w,39,1,0.853
qsw,qsw,q-s-w,57,1,1.742
qtl,qtl,q-t-l,2,31,5.069
qtl,qtl,q-t-l,3,21,6.033
qtl,qtl,q-t-l,4,25,6.672
qtl,qtl,q-t-l,5,13,4.636
qtl,qtl,q-t-l,6,4,1.311
qtl,qtl,q-t-l,7,3,0.904
qtl,qtl,q-t-l,8,6,4.866
qtl,qtl,q-t-l,9,13,5.204
qtl,qtl,q-t-l,12,2,1.125
qtl,qtl,q-t-l,17,5,3.213
qtl,qtl,q-t-l,18,2,1.267
qtl,qtl,q-t-l,20,1,0.749
qtl,qtl,q-t-l,22,2,1.57
qtl,qtl,q-t-l,25,1,1.12
qtl,qtl,q-t-l,26,1,0.759
qtl,qtl,q-t-l,28,7,4.895
qtl,qtl,q-t-l,29,1,1.025
qtl,qtl,q-t-l,33,6,4.662
qtl,qtl,q-t-l,40,3,2.461
qtl,qtl,q-t-l,47,2,3.711
qtl,qtl,q-t-l,48,2,3.571
qtl,qtl,q-t-l,49,2,5.764
qtl,qtl,q-t-l,51,1,2.778
qtl,qtl,q-t-l,57,2,3.484
qtl,qtl,q-t-l,59,3,6.742
qtl,qtl,q-t-l,60,3,8.621
qtl,qtl,q-t-l,61,1,4.525
qtl,qtl,q-t-l,63,1,5.556
qtl,qtl,q-t-l,73,1,5.025
qtl,qtl,q-t-l,74,2,7.843
qtl,qtl,q-t-l,80,1,7.519
qtl,qtl,q-t-l,81,1,9.615
qtl,qtl,q-t-l,85,1,9.174
qtr,qtr,q-t-r,2,1,0.164
qtr,qtr,q-t-r,10,1,0.546
qtr,qtr,q-t-r,17,1,0.643
qtr,qtr,q-t-r,25,1,1.12
qtr,qtr,q-t-r,80,1,7.519
qvA,qvuA,q-th-a,2,1,0.164
qwE,qwuE,q-w-ʿ,20,1,0.749
qwE,qwuE,q-w-ʿ,24,1,0.76
qwb,qwb,q-w-b,53,1,2.778
qwl,qwl,q-w-l,2,139,22.727
qwl,qwl,q-w-l,3,74,21.258
qwl,qwl,q-w-l,4,46,12.276
qwl,qwl,q-w-l,5,58,20.685
qwl,qwl,q-w-l,6,87,28.525
qwl,qwl,q-w-l,7,110,33.133
qwl,qwl,q-w-l,8,10,8.11
qwl,qwl,q-w-l,9,30,12.01
qwl,qwl,q-w-l,10,50,27.278
qwl,qwl,q-w-l,11,55,28.691
qwl,qwl,q-w-l,12,79,44.457
qwl,qwl,q-w-l,13,16,18.757
qwl,qwl,q-w-l,14,15,18.072
qwl,qwl,q-w-l,15,25,38.168
qwl,qwl,q-w-l,16,17,9.219
qwl,qwl,q-w-l,17,46,29.563
qwl,qwl,q-w-l,18,58,36.732
qwl,qwl,q-w-l,19,28,29.136
qwl,qwl,q-w-l,20,59,44.195
qwl,qwl,q-w-l,21,31,26.518
qwl,qwl,q-w-l,22,6,4.71
qwl,qwl,q-w-l,23,35,33.333
qwl,qwl,q-w-l,24,12,9.119
qwl,qwl,q-w-l,25,22,24.636
qwl,qwl,q-w-l,26,52,39.454
qwl,qwl,q-w-l,27,44,38.228
qwl,qwl,q-w-l,28,50,34.965
qwl,qwl,q-w-l,29,25,25.615
qwl,qwl,q-w-l,30,3,3.672
qwl,qwl,q-w-l,31,5,9.158
qwl,qwl,q-w-l,32,7,18.817
qwl,qwl,q-w-l,33,21,16.317
qwl,qwl,q-w-l,34,36,40.77
qwl,qwl,q-w-l,35,2,2.581
qwl,qwl,q-w-l,36,20,27.586
qwl,qwl,q-w-l,37,24,27.907
qwl,qwl,q-w-l,38,23,31.378
qwl,qwl,q-w-l,39,29,24.744
qwl,qwl,q-w-l,40,25,20.509
qwl,qwl,q-w-l,41,23,28.967
qwl,qwl,q-w-l,42,5,5.814
qwl,qwl,q-w-l,43,21,25.301
qwl,qwl,q-w-l,44,2,5.78
qwl,qwl,q-w-l,45,7,14.344
qwl,qwl,q-w-l,46,20,31.104
qwl,qwl,q-w-l,47,6,11.132
qwl,qwl,q-w-l,48,8,14.286
qwl,qwl,q-w-l,49,6,17.291
qwl,qwl,q-w-l,50,10,26.81
qwl,qwl,q-w-l,51,13,36.111
qwl,qwl,q-w-l,52,6,19.231
qwl,qwl,q-w-l,54,5,14.62
qwl,qwl,q-w-l,56,3,7.916
qwl,qwl,q-w-l,57,3,5.226
qwl,qwl,q-w-l,58,8,16.949
qwl,qwl,q-w-l,59,4,8.989
qwl,qwl,q-w-l,60,2,5.747
qwl,qwl,q-w-l,61,7,31.674
qwl,qwl,q-w-l,62,3,17.143
qwl,qwl,q-w-l,63,7,38.889
qwl,qwl,q-w-l,64,2,8.299
qwl,qwl,q-w-l,66,5,20.08
qwl,qwl,q-w-l,67,12,36.036
qwl,qwl,q-w-l,68,7,23.333
qwl,qwl,q-w-l,69,7,27.132
qwl,qwl,q-w-l,71,6,26.549
qwl,qwl,q-w-l,72,8,28.07
qwl,qwl,q-w-l,73,3,15.075
qwl,qwl,q-w-l,74,4,15.686
qwl,qwl,q-w-l,75,2,12.195
qwl,qwl,q-w-l,77,1,5.525
qwl,qwl,q-w-l,78,2,11.561
qwl,qwl,q-w-l,79,4,22.346
qwl,qwl,q-w-l,81,2,19.231
qwl,qwl,q-w-l,83,3,17.751
qwl,qwl,q-w-l,86,1,16.393
qwl,qwl,q-w-l,89,3,21.898
qwl,qwl,q-w-l,90,1,12.195
qwl,qwl,q-w-l,91,1,18.519
qwl,qwl,q-w-l,99,1,27.778
qwl,qwl,q-w-l,109,1,38.462
qwl,qwl,q-w-l,112,1,66.667
qwl,qwl,q-w-l,113,1,43.478
qwl,qwl,q-w-l,114,1,50
qwm,qwm,q-w-m,1,1,34.483
qwm,qwm,q-w-m,2,33,5.396
qwm,qwm,q-w-m,3,20,5.745
qwm,qwm,q-w-m,4,26,6.939
qwm,qwm,q-w-m,5,34,12.126
qwm,qwm,q-w-m,6,27,8.852
qwm,qwm,q-w-m,7,55,16.566
qwm,qwm,q-w-m,8,5,4.055
qwm,qwm,q-w-m,9,30,12.01
qwm,qwm,q-w-m,10,24,13.093
qwm,qwm,q-w-m,11,42,21.909
qwm,qwm,q-w-m,12,6,3.376
qwm,qwm,q-w-m,13,7,8.206
qwm,qwm,q-w-m,14,10,12.048
qwm,qwm,q-w-m,15,5,7.634
qwm,qwm,q-w-m,16,17,9.219
qwm,qwm,q-w-m,17,8,5.141
qwm,qwm,q-w-m,18,10,6.333
qwm,qwm,q-w-m,19,6,6.243
qwm,qwm,q-w-m,20,12,8.989
qwm,qwm,q-w-m,21,9,7.699
qwm,qwm,q-w-m,22,12,9.419
qwm,qwm,q-w-m,23,13,12.381
qwm,qwm,q-w-m,24,3,2.28
qwm,qwm,q-w-m,25,10,11.198
qwm,qwm,q-w-m,26,10,7.587
qwm,qwm,q-w-m,27,16,13.901
qwm,qwm,q-w-m,28,14,9.79
qwm,qwm,q-w-m,29,13,13.32
qwm,qwm,q-w-m,30,15,18.36
qwm,qwm,q-w-m,31,2,3.663
qwm,qwm,q-w-m,32,2,5.376
qwm,qwm,q-w-m,33,2,1.554
qwm,qwm,q-w-m,34,1,1.133
qwm,qwm,q-w-m,35,4,5.161
qwm,qwm,q-w-m,36,7,9.655
qwm,qwm,q-w-m,37,6,6.977
qwm,qwm,q-w-m,38,2,2.729
qwm,qwm,q-w-m,39,12,10.239
qwm,qwm,q-w-m,40,10,8.203
qwm,qwm,q-w-m,41,5,6.297
qwm,qwm,q-w-m,42,6,6.977
qwm,qwm,q-w-m,43,13,15.663
qwm,qwm,q-w-m,44,6,17.341
qwm,qwm,q-w-m,45,9,18.443
qwm,qwm,q-w-m,46,11,17.107
qwm,qwm,q-w-m,47,1,1.855
qwm,qwm,q-w-m,48,4,7.143
qwm,qwm,q-w-m,49,3,8.646
qwm,qwm,q-w-m,50,2,5.362
qwm,qwm,q-w-m,51,6,16.667
qwm,qwm,q-w-m,52,2,6.41
qwm,qwm,q-w-m,53,1,2.778
qwm,qwm,q-w-m,54,2,5.848
qwm,qwm,q-w-m,55,2,5.698
qwm,qwm,q-w-m,57,1,1.742
qwm,qwm,q-w-m,58,4,8.475
qwm,qwm,q-w-m,59,3,6.742
qwm,qwm,q-w-m,60,3,8.621
qwm,qwm,q-w-m,61,4,18.1
qwm,qwm,q-w-m,62,3,17.143
qwm,qwm,q-w-m,63,1,5.556
qwm,qwm,q-w-m,65,1,3.484
qwm,qwm,q-w-m,66,1,4.016
qwm,qwm,q-w-m,67,1,3.003
qwm,qwm,q-w-m,68,1,3.333
qwm,qwm,q-w-m,69,1,3.876
qwm,qwm,q-w-m,70,1,4.608
qwm,qwm,q-w-m,71,4,17.699
qwm,qwm,q-w-m,72,2,7.018
qwm,qwm,q-w-m,73,4,20.101
qwm,qwm,q-w-m,74,1,3.922
qwm,qwm,q-w-m,75,2,12.195
qwm,qwm,q-w-m,78,1,5.78
qwm,qwm,q-w-m,79,1,5.587
qwm,qwm,q-w-m,81,1,9.615
qwm,qwm,q-w-m,83,1,5.917
qwm,qwm,q-w-m,95,1,29.412
qwm,qwm,q-w-m,98,3,31.915
qws,qws,q-w-s,53,1,2.778
qwt,qwt,q-w-t,4,1,0.267
qwt,qwt,q-w-t,41,1,1.259
qwy,qwy,q-w-y,2,3,0.491
qwy,qwy,q-w-y,7,2,0.602
qwy,qwy,q-w-y,8,2,1.622
qwy,qwy,q-w-y,9,1,0.4
qwy,qwy,q-w-y,11,4,2.087
qwy,qwy,q-w-y,16,1,0.542
qwy,qwy,q-w-y,18,2,1.267
qwy,qwy,q-w-y,19,1,1.041
qwy,qwy,q-w-y,22,2,1.57
qwy,qwy,q-w-y,27,2,1.738
qwy,qwy,q-w-y,28,3,2.098
qwy,qwy,q-w-y,30,3,3.672
qwy,qwy,q-w-y,33,1,0.777
qwy,qwy,q-w-y,35,1,1.29
qwy,qwy,q-w-y,40,3,2.461
qwy,qwy,q-w-y,41,2,2.519
qwy,qwy,q-w-y,42,1,1.163
qwy,qwy,q-w-y,47,1,1.855
qwy,qwy,q-w-y,51,1,2.778
qwy,qwy,q-w-y,53,1,2.778
qwy,qwy,q-w-y,56,1,2.639
qwy,qwy,q-w-y,57,1,1.742
qwy,qwy,q-w-y,58,1,2.119
qwy,qwy,q-w-y,81,1,9.615
qwy,qwy,q-w-y,86,1,16.393
qyD,qyuD,q-y-ḍ,41,1,1.259
qyD,qyuD,q-y-ḍ,43,1,1.205
qyl,qyl,q-y-l,7,1,0.301
qyl,qyl,q-y-l,25,1,1.12
r$d,rshd,r-sh-d,2,2,0.327
r$d,rshd,r-sh-d,4,1,0.267
r$d,rshd,r-sh-d,7,1,0.301
r$d,rshd,r-sh-d,11,3,1.565
r$d,rshd,r-sh-d,18,4,2.533
r$d,rshd,r-sh-d,21,1,0.855
r$d,rshd,r-sh-d,40,2,1.641
r$d,rshd,r-sh-d,49,1,2.882
r$d,rshd,r-sh-d,72,4,14.035
r*l,rdhl,r-dh-l,11,1,0.522
r*l,rdhl,r-dh-l,16,1,0.542
r*l,rdhl,r-dh-l,22,1,0.785
r*l,rdhl,r-dh-l,26,1,0.759
rAf,ruAf,r-a-f,2,2,0.327
rAf,ruAf,r-a-f,3,1,0.287
rAf,ruAf,r-a-f,9,2,0.801
rAf,ruAf,r-a-f,16,2,1.085
rAf,ruAf,r-a-f,22,1,0.785
rAf,ruAf,r-a-f,24,2,1.52
rAf,ruAf,r-a-f,57,2,3.484
rAf,ruAf,r-a-f,59,1,2.247
rAs,ruAs,r-a-s,2,3,0.491
rAs,ruAs,r-a-s,5,1,0.357
rAs,ruAs,r-a-s,7,1,0.301
rAs,ruAs,r-a-s,12,2,1.125
rAs,ruAs,r-a-s,14,1,1.205
rAs,ruAs,r-a-s,17,1,0.643
rAs,ruAs,r-a-s,19,1,1.041
rAs,ruAs,r-a-s,20,1,0.749
rAs,ruAs,r-a-s,21,1,0.855
rAs,ruAs,r-a-s,22,1,0.785
rAs,ruAs,r-a-s,32,1,2.688
rAs,ruAs,r-a-s,37,1,1.163
rAs,ruAs,r-a-s,44,1,2.89
rAs,ruAs,r-a-s,48,1,1.786
rAs,ruAs,r-a-s,63,1,5.556
rAy,ruAy,r-a-y,2,13,2.126
rAy,ruAy,r-a-y,3,5,1.436
rAy,ruAy,r-a-y,4,10,2.669
rAy,ruAy,r-a-y,5,5,1.783
rAy,ruAy,r-a-y,6,15,4.918
rAy,ruAy,r-a-y,7,15,4.518
rAy,ruAy,r-a-y,8,8,6.488
rAy,ruAy,r-a-y,9,6,2.402
rAy,ruAy,r-a-y,10,6,3.273
rAy,ruAy,r-a-y,11,11,5.738
rAy,ruAy,r-a-y,12,17,9.567
rAy,ruAy,r-a-y,13,4,4.689
rAy,ruAy,r-a-y,14,4,4.819
rAy,ruAy,r-a-y,16,5,2.711
rAy,ruAy,r-a-y,17,5,3.213
rAy,ruAy,r-a-y,18,6,3.8
rAy,ruAy,r-a-y,19,5,5.203
rAy,ruAy,r-a-y,20,7,5.243
rAy,ruAy,r-a-y,21,4,3.422
rAy,ruAy,r-a-y,22,6,4.71
rAy,ruAy,r-a-y,23,2,1.905
rAy,ruAy,r-a-y,24,4,3.04
rAy,ruAy,r-a-y,25,8,8.959
rAy,ruAy,r-a-y,26,7,5.311
rAy,ruAy,r-a-y,27,7,6.082
rAy,ruAy,r-a-y,28,5,3.497
rAy,ruAy,r-a-y,29,2,2.049
rAy,ruAy,r-a-y,30,4,4.896
rAy,ruAy,r-a-y,31,6,10.989
rAy,ruAy,r-a-y,32,2,5.376
rAy,ruAy,r-a-y,33,3,2.331
rAy,ruAy,r-a-y,34,6,6.795
rAy,ruAy,r-a-y,35,5,6.452
rAy,ruAy,r-a-y,36,3,4.138
rAy,ruAy,r-a-y,37,5,5.814
rAy,ruAy,r-a-y,38,1,1.364
rAy,ruAy,r-a-y,39,6,5.119
rAy,ruAy,r-a-y,40,8,6.563
rAy,ruAy,r-a-y,41,5,6.297
rAy,ruAy,r-a-y,42,4,4.651
rAy,ruAy,r-a-y,43,2,2.41
rAy,ruAy,r-a-y,45,2,4.098
rAy,ruAy,r-a-y,46,8,12.442
rAy,ruAy,r-a-y,47,2,3.711
rAy,ruAy,r-a-y,48,2,3.571
rAy,ruAy,r-a-y,52,1,3.205
rAy,ruAy,r-a-y,53,8,22.222
rAy,ruAy,r-a-y,54,1,2.924
rAy,ruAy,r-a-y,56,4,10.554
rAy,ruAy,r-a-y,57,2,3.484
rAy,ruAy,r-a-y,58,3,6.356
rAy,ruAy,r-a-y,59,2,4.494
rAy,ruAy,r-a-y,62,1,5.714
rAy,ruAy,r-a-y,63,2,11.111
rAy,ruAy,r-a-y,67,6,18.018
rAy,ruAy,r-a-y,68,1,3.333
rAy,ruAy,r-a-y,69,2,7.752
rAy,ruAy,r-a-y,70,2,9.217
rAy,ruAy,r-a-y,71,1,4.425
rAy,ruAy,r-a-y,72,1,3.509
rAy,ruAy,r-a-y,76,4,16.461
rAy,ruAy,r-a-y,79,3,16.76
rAy,ruAy,r-a-y,81,1,9.615
rAy,ruAy,r-a-y,83,1,5.917
rAy,ruAy,r-a-y,89,1,7.299
rAy,ruAy,r-a-y,90,1,12.195
rAy,ruAy,r-a-y,96,5,69.444
rAy,ruAy,r-a-y,99,3,83.333
rAy,ruAy,r-a-y,102,2,71.429
rAy,ruAy,r-a-y,105,1,43.478
rAy,ruAy,r-a-y,107,2,80
rAy,ruAy,r-a-y,110,1,52.632
rDE,ruDuE,r-ḍ-ʿ,2,3,0.491
rDE,ruDuE,r-ḍ-ʿ,4,2,0.534
rDE,ruDuE,r-ḍ-ʿ,22,2,1.57
rDE,ruDuE,r-ḍ-ʿ,28,2,1.399
rDE,ruDuE,r-ḍ-ʿ,65,2,6.969
rDw,ruDw,r-ḍ-w,2,7,1.145
rDw,ruDw,r-ḍ-w,3,3,0.862
rDw,ruDw,r-ḍ-w,4,4,1.068
rDw,ruDw,r-ḍ-w,5,5,1.783
rDw,ruDw,r-ḍ-w,6,1,0.328
rDw,ruDw,r-ḍ-w,9,18,7.206
rDw,ruDw,r-ḍ-w,10,1,0.546
rDw,ruDw,r-ḍ-w,19,2,2.081
rDw,ruDw,r-ḍ-w,20,3,2.247
rDw,ruDw,r-ḍ-w,21,1,0.855
rDw,ruDw,r-ḍ-w,22,1,0.785
rDw,ruDw,r-ḍ-w,24,1,0.76
rDw,ruDw,r-ḍ-w,27,1,0.869
rDw,ruDw,r-ḍ-w,33,1,0.777
rDw,ruDw,r-ḍ-w,39,2,1.706
rDw,ruDw,r-ḍ-w,46,1,1.555
rDw,ruDw,r-ḍ-w,47,1,1.855
rDw,ruDw,r-ḍ-w,48,2,3.571
rDw,ruDw,r-ḍ-w,53,1,2.778
rDw,ruDw,r-ḍ-w,57,2,3.484
rDw,ruDw,r-ḍ-w,58,2,4.237
rDw,ruDw,r-ḍ-w,59,1,2.247
rDw,ruDw,r-ḍ-w,60,1,2.874
rDw,ruDw,r-ḍ-w,66,1,4.016
rDw,ruDw,r-ḍ-w,69,1,3.876
rDw,ruDw,r-ḍ-w,72,1,3.509
rDw,ruDw,r-ḍ-w,88,1,10.87
rDw,ruDw,r-ḍ-w,89,2,14.599
rDw,ruDw,r-ḍ-w,92,1,14.085
rDw,ruDw,r-ḍ-w,93,1,25
rDw,ruDw,r-ḍ-w,98,2,21.277
rDw,ruDw,r-ḍ-w,101,1,27.778
rEb,ruEb,r-ʿ-b,3,1,0.287
rEb,ruEb,r-ʿ-b,8,1,0.811
rEb,ruEb,r-ʿ-b,18,1,0.633
rEb,ruEb,r-ʿ-b,33,1,0.777
rEb,ruEb,r-ʿ-b,59,1,2.247
rEd,ruEd,r-ʿ-d,2,1,0.164
rEd,ruEd,r-ʿ-d,13,1,1.172
rEy,ruEy,r-ʿ-y,2,1,0.164
rEy,ruEy,r-ʿ-y,4,1,0.267
rEy,ruEy,r-ʿ-y,20,1,0.749
rEy,ruEy,r-ʿ-y,23,1,0.952
rEy,ruEy,r-ʿ-y,28,1,0.699
rEy,ruEy,r-ʿ-y,57,2,3.484
rEy,ruEy,r-ʿ-y,70,1,4.608
rEy,ruEy,r-ʿ-y,79,1,5.587
rEy,ruEy,r-ʿ-y,87,1,13.889
rHb,ruHb,r-ḥ-b,9,2,0.801
rHb,ruHb,r-ḥ-b,38,2,2.729
rHl,ruHl,r-ḥ-l,12,3,1.688
rHl,ruHl,r-ḥ-l,106,1,58.824
rHm,ruHm,r-ḥ-m,1,4,137.931
rHm,ruHm,r-ḥ-m,2,20,3.27
rHm,ruHm,r-ḥ-m,3,10,2.873
rHm,ruHm,r-ḥ-m,4,16,4.27
rHm,ruHm,r-ḥ-m,5,5,1.783
rHm,ruHm,r-ḥ-m,6,13,4.262
rHm,ruHm,r-ḥ-m,7,18,5.422
rHm,ruHm,r-ḥ-m,8,3,2.433
rHm,ruHm,r-ḥ-m,9,13,5.204
rHm,ruHm,r-ḥ-m,10,5,2.728
rHm,ruHm,r-ḥ-m,11,13,6.781
rHm,ruHm,r-ḥ-m,12,9,5.065
rHm,ruHm,r-ḥ-m,13,2,2.345
rHm,ruHm,r-ḥ-m,14,1,1.205
rHm,ruHm,r-ḥ-m,15,2,3.053
rHm,ruHm,r-ḥ-m,16,8,4.338
rHm,ruHm,r-ḥ-m,17,11,7.069
rHm,ruHm,r-ḥ-m,18,7,4.433
rHm,ruHm,r-ḥ-m,19,20,20.812
rHm,ruHm,r-ḥ-m,20,4,2.996
rHm,ruHm,r-ḥ-m,21,10,8.554
rHm,ruHm,r-ḥ-m,22,2,1.57
rHm,ruHm,r-ḥ-m,23,5,4.762
rHm,ruHm,r-ḥ-m,24,10,7.599
rHm,ruHm,r-ḥ-m,25,8,8.959
rHm,ruHm,r-ḥ-m,26,10,7.587
rHm,ruHm,r-ḥ-m,27,7,6.082
rHm,ruHm,r-ḥ-m,28,5,3.497
rHm,ruHm,r-ḥ-m,29,3,3.074
rHm,ruHm,r-ḥ-m,30,6,7.344
rHm,ruHm,r-ḥ-m,31,2,3.663
rHm,ruHm,r-ḥ-m,32,1,2.688
rHm,ruHm,r-ḥ-m,33,8,6.216
rHm,ruHm,r-ḥ-m,34,1,1.133
rHm,ruHm,r-ḥ-m,35,1,1.29
rHm,ruHm,r-ḥ-m,36,8,11.034
rHm,ruHm,r-ḥ-m,38,2,2.729
rHm,ruHm,r-ḥ-m,39,5,4.266
rHm,ruHm,r-ḥ-m,40,2,1.641
rHm,ruHm,r-ḥ-m,41,4,5.038
rHm,ruHm,r-ḥ-m,42,4,4.651
rHm,ruHm,r-ḥ-m,43,9,10.843
rHm,ruHm,r-ḥ-m,44,3,8.671
rHm,ruHm,r-ḥ-m,45,2,4.098
rHm,ruHm,r-ḥ-m,46,2,3.11
rHm,ruHm,r-ḥ-m,47,1,1.855
rHm,ruHm,r-ḥ-m,48,3,5.357
rHm,ruHm,r-ḥ-m,49,4,11.527
rHm,ruHm,r-ḥ-m,50,1,2.681
rHm,ruHm,r-ḥ-m,52,1,3.205
rHm,ruHm,r-ḥ-m,55,1,2.849
rHm,ruHm,r-ḥ-m,57,5,8.711
rHm,ruHm,r-ḥ-m,58,1,2.119
rHm,ruHm,r-ḥ-m,59,3,6.742
rHm,ruHm,r-ḥ-m,60,3,8.621
rHm,ruHm,r-ḥ-m,64,1,4.149
rHm,ruHm,r-ḥ-m,66,1,4.016
rHm,ruHm,r-ḥ-m,67,5,15.015
rHm,ruHm,r-ḥ-m,73,1,5.025
rHm,ruHm,r-ḥ-m,76,1,4.115
rHm,ruHm,r-ḥ-m,78,2,11.561
rHm,ruHm,r-ḥ-m,90,1,12.195
rHq,ruHq,r-ḥ-q,83,1,5.917
rSS,ruSuS,r-ṣ-ṣ,61,1,4.525
rSd,ruSd,r-ṣ-d,9,2,0.801
rSd,ruSd,r-ṣ-d,72,2,7.018
rSd,ruSd,r-ṣ-d,78,1,5.78
rSd,ruSd,r-ṣ-d,89,1,7.299
rTb,ruTb,r-ṭ-b,6,1,0.328
rTb,ruTb,r-ṭ-b,19,1,1.041
rbE,rbuE,r-b-ʿ,2,4,0.654
rbE,rbuE,r-b-ʿ,4,4,1.068
rbE,rbuE,r-b-ʿ,5,1,0.357
rbE,rbuE,r-b-ʿ,7,1,0.301
rbE,rbuE,r-b-ʿ,9,2,0.801
rbE,rbuE,r-b-ʿ,18,1,0.633
rbE,rbuE,r-b-ʿ,24,5,3.799
rbE,rbuE,r-b-ʿ,35,1,1.29
rbE,rbuE,r-b-ʿ,41,1,1.259
rbE,rbuE,r-b-ʿ,46,1,1.555
rbE,rbuE,r-b-ʿ,58,1,2.119
rbH,rbuH,r-b-ḥ,2,1,0.164
rbS,rbuS,r-b-ṣ,2,3,0.491
rbS,rbuS,r-b-ṣ,4,1,0.267
rbS,rbuS,r-b-ṣ,9,6,2.402
rbS,rbuS,r-b-ṣ,20,2,1.498
rbS,rbuS,r-b-ṣ,23,1,0.952
rbS,rbuS,r-b-ṣ,52,3,9.615
rbS,rbuS,r-b-ṣ,57,1,1.742
rbT,rbuT,r-b-ṭ,3,1,0.287
rbT,rbuT,r-b-ṭ,8,2,1.622
rbT,rbuT,r-b-ṭ,18,1,0.633
rbT,rbuT,r-b-ṭ,28,1,0.699
rbb,rbb,r-b-b,1,1,34.483
rbb,rbb,r-b-b,2,49,8.012
rbb,rbb,r-b-b,3,42,12.065
rbb,rbb,r-b-b,4,7,1.868
rbb,rbb,r-b-b,5,19,6.776
rbb,rbb,r-b-b,6,53,17.377
rbb,rbb,r-b-b,7,65,19.578
rbb,rbb,r-b-b,8,6,4.866
rbb,rbb,r-b-b,9,3,1.201
rbb,rbb,r-b-b,10,24,13.093
rbb,rbb,r-b-b,11,44,22.953
rbb,rbb,r-b-b,12,19,10.692
rbb,rbb,r-b-b,13,13,15.24
rbb,rbb,r-b-b,14,17,20.482
rbb,rbb,r-b-b,15,9,13.74
rbb,rbb,r-b-b,16,20,10.846
rbb,rbb,r-b-b,17,32,20.566
rbb,rbb,r-b-b,18,38,24.066
rbb,rbb,r-b-b,19,23,23.933
rbb,rbb,r-b-b,20,27,20.225
rbb,rbb,r-b-b,21,14,11.976
rbb,rbb,r-b-b,22,8,6.279
rbb,rbb,r-b-b,23,23,21.905
rbb,rbb,r-b-b,25,14,15.677
rbb,rbb,r-b-b,26,36,27.314
rbb,rbb,r-b-b,27,12,10.426
rbb,rbb,r-b-b,28,19,13.287
rbb,rbb,r-b-b,29,5,5.123
rbb,rbb,r-b-b,30,3,3.672
rbb,rbb,r-b-b,31,2,3.663
rbb,rbb,r-b-b,32,10,26.882
rbb,rbb,r-b-b,33,3,2.331
rbb,rbb,r-b-b,34,14,15.855
rbb,rbb,r-b-b,35,5,6.452
rbb,rbb,r-b-b,36,6,8.276
rbb,rbb,r-b-b,37,14,16.279
rbb,rbb,r-b-b,38,10,13.643
rbb,rbb,r-b-b,39,18,15.358
rbb,rbb,r-b-b,40,19,15.587
rbb,rbb,r-b-b,41,12,15.113
rbb,rbb,r-b-b,42,10,11.628
rbb,rbb,r-b-b,43,13,15.663
rbb,rbb,r-b-b,44,9,26.012
rbb,rbb,r-b-b,45,7,14.344
rbb,rbb,r-b-b,46,4,6.221
rbb,rbb,r-b-b,47,4,7.421
rbb,rbb,r-b-b,50,2,5.362
rbb,rbb,r-b-b,51,5,13.889
rbb,rbb,r-b-b,52,7,22.436
rbb,rbb,r-b-b,53,7,19.444
rbb,rbb,r-b-b,54,1,2.924
rbb,rbb,r-b-b,55,36,102.564
rbb,rbb,r-b-b,56,3,7.916
rbb,rbb,r-b-b,57,3,5.226
rbb,rbb,r-b-b,59,3,6.742
rbb,rbb,r-b-b,60,4,11.494
rbb,rbb,r-b-b,63,1,5.556
rbb,rbb,r-b-b,64,1,4.149
rbb,rbb,r-b-b,65,2,6.969
rbb,rbb,r-b-b,66,5,20.08
rbb,rbb,r-b-b,67,2,6.006
rbb,rbb,r-b-b,68,10,33.333
rbb,rbb,r-b-b,69,4,15.504
rbb,rbb,r-b-b,70,3,13.825
rbb,rbb,r-b-b,71,5,22.124
rbb,rbb,r-b-b,72,8,28.07
rbb,rbb,r-b-b,73,4,20.101
rbb,rbb,r-b-b,74,3,11.765
rbb,rbb,r-b-b,75,3,18.293
rbb,rbb,r-b-b,76,5,20.576
rbb,rbb,r-b-b,78,3,17.341
rbb,rbb,r-b-b,79,5,27.933
rbb,rbb,r-b-b,81,1,9.615
rbb,rbb,r-b-b,82,1,12.5
rbb,rbb,r-b-b,83,2,11.834
rbb,rbb,r-b-b,84,4,37.383
rbb,rbb,r-b-b,85,1,9.174
rbb,rbb,r-b-b,87,2,27.778
rbb,rbb,r-b-b,89,8,58.394
rbb,rbb,r-b-b,91,1,18.519
rbb,rbb,r-b-b,92,1,14.085
rbb,rbb,r-b-b,93,3,75
rbb,rbb,r-b-b,94,1,37.037
rbb,rbb,r-b-b,96,3,41.667
rbb,rbb,r-b-b,97,1,33.333
rbb,rbb,r-b-b,98,2,21.277
rbb,rbb,r-b-b,99,1,27.778
rbb,rbb,r-b-b,100,2,50
rbb,rbb,r-b-b,105,1,43.478
rbb,rbb,r-b-b,106,1,58.824
rbb,rbb,r-b-b,108,1,100
rbb,rbb,r-b-b,110,1,52.632
rbb,rbb,r-b-b,113,1,43.478
rbb,rbb,r-b-b,114,1,50
rbw,rbw,r-b-w,2,7,1.145
rbw,rbw,r-b-w,3,1,0.287
rbw,rbw,r-b-w,4,1,0.267
rbw,rbw,r-b-w,13,1,1.172
rbw,rbw,r-b-w,16,1,0.542
rbw,rbw,r-b-w,17,1,0.643
rbw,rbw,r-b-w,22,1,0.785
rbw,rbw,r-b-w,23,1,0.952
rbw,rbw,r-b-w,26,1,0.759
rbw,rbw,r-b-w,30,3,3.672
rbw,rbw,r-b-w,41,1,1.259
rbw,rbw,r-b-w,69,1,3.876
rdA,rduA,r-d-a,28,1,0.699
rdd,rdd,r-d-d,2,5,0.818
rdd,rdd,r-d-d,3,2,0.575
rdd,rdd,r-d-d,4,5,1.334
rdd,rdd,r-d-d,5,3,1.07
rdd,rdd,r-d-d,6,5,1.639
rdd,rdd,r-d-d,7,1,0.301
rdd,rdd,r-d-d,9,4,1.601
rdd,rdd,r-d-d,10,2,1.091
rdd,rdd,r-d-d,11,1,0.522
rdd,rdd,r-d-d,12,4,2.251
rdd,rdd,r-d-d,13,1,1.172
rdd,rdd,r-d-d,14,2,2.41
rdd,rdd,r-d-d,16,2,1.085
rdd,rdd,r-d-d,17,1,0.643
rdd,rdd,r-d-d,18,3,1.9
rdd,rdd,r-d-d,19,1,1.041
rdd,rdd,r-d-d,21,1,0.855
rdd,rdd,r-d-d,22,1,0.785
rdd,rdd,r-d-d,27,1,0.869
rdd,rdd,r-d-d,28,3,2.098
rdd,rdd,r-d-d,30,1,1.224
rdd,rdd,r-d-d,33,1,0.777
rdd,rdd,r-d-d,38,1,1.364
rdd,rdd,r-d-d,40,1,0.82
rdd,rdd,r-d-d,41,1,1.259
rdd,rdd,r-d-d,42,2,2.326
rdd,rdd,r-d-d,47,1,1.855
rdd,rdd,r-d-d,62,1,5.714
rdd,rdd,r-d-d,79,1,5.587
rdd,rdd,r-d-d,95,1,29.412
rdf,rdf,r-d-f,8,1,0.811
rdf,rdf,r-d-f,27,1,0.869
rdf,rdf,r-d-f,79,1,5.587
rdm,rdm,r-d-m,18,1,0.633
rdy,rdy,r-d-y,5,1,0.357
rdy,rdy,r-d-y,6,1,0.328
rdy,rdy,r-d-y,20,1,0.749
rdy,rdy,r-d-y,37,1,1.163
rdy,rdy,r-d-y,41,1,1.259
rdy,rdy,r-d-y,92,1,14.085
rfE,rfuE,r-f-ʿ,2,4,0.654
rfE,rfuE,r-f-ʿ,3,1,0.287
rfE,rfuE,r-f-ʿ,4,2,0.534
rfE,rfuE,r-f-ʿ,6,2,0.656
rfE,rfuE,r-f-ʿ,7,1,0.301
rfE,rfuE,r-f-ʿ,12,2,1.125
rfE,rfuE,r-f-ʿ,13,1,1.172
rfE,rfuE,r-f-ʿ,19,1,1.041
rfE,rfuE,r-f-ʿ,24,1,0.76
rfE,rfuE,r-f-ʿ,35,1,1.29
rfE,rfuE,r-f-ʿ,40,1,0.82
rfE,rfuE,r-f-ʿ,43,1,1.205
rfE,rfuE,r-f-ʿ,49,1,2.882
rfE,rfuE,r-f-ʿ,52,1,3.205
rfE,rfuE,r-f-ʿ,55,1,2.849
rfE,rfuE,r-f-ʿ,56,2,5.277
rfE,rfuE,r-f-ʿ,58,1,2.119
rfE,rfuE,r-f-ʿ,79,1,5.587
rfE,rfuE,r-f-ʿ,80,1,7.519
rfE,rfuE,r-f-ʿ,88,2,21.739
rfE,rfuE,r-f-ʿ,94,1,37.037
rfd,rfd,r-f-d,11,2,1.043
rfq,rfq,r-f-q,4,1,0.267
rfq,rfq,r-f-q,5,1,0.357
rfq,rfq,r-f-q,18,3,1.9
rfrf,rfrf,r-f-r-f,55,1,2.849
rft,rft,r-f-t,17,2,1.285
rfv,rfv,r-f-th,2,2,0.327
rgb,rgb,r-gh-b,2,1,0.164
rgb,rgb,r-gh-b,4,1,0.267
rgb,rgb,r-gh-b,9,2,0.801
rgb,rgb,r-gh-b,19,1,1.041
rgb,rgb,r-gh-b,21,1,0.855
rgb,rgb,r-gh-b,68,1,3.333
rgb,rgb,r-gh-b,94,1,37.037
rgd,rgd,r-gh-d,2,2,0.327
rgd,rgd,r-gh-d,16,1,0.542
rgm,rgm,r-gh-m,4,1,0.267
rhT,rhuT,r-h-ṭ,11,2,1.043
rhT,rhuT,r-h-ṭ,27,1,0.869
rhb,rhb,r-h-b,2,1,0.164
rhb,rhb,r-h-b,5,1,0.357
rhb,rhb,r-h-b,7,2,0.602
rhb,rhb,r-h-b,8,1,0.811
rhb,rhb,r-h-b,9,2,0.801
rhb,rhb,r-h-b,16,1,0.542
rhb,rhb,r-h-b,21,1,0.855
rhb,rhb,r-h-b,28,1,0.699
rhb,rhb,r-h-b,57,1,1.742
rhb,rhb,r-h-b,59,1,2.247
rhn,rhn,r-h-n,2,1,0.164
rhn,rhn,r-h-n,52,1,3.205
rhn,rhn,r-h-n,74,1,3.922
rhq,rhq,r-h-q,10,2,1.091
rhq,rhq,r-h-q,18,2,1.267
rhq,rhq,r-h-q,68,1,3.333
rhq,rhq,r-h-q,70,1,4.608
rhq,rhq,r-h-q,72,2,7.018
rhq,rhq,r-h-q,74,1,3.922
rhq,rhq,r-h-q,80,1,7.519
rhw,rhw,r-h-w,44,1,2.89
rjE,rjuE,r-j-ʿ,2,9,1.472
rjE,rjuE,r-j-ʿ,3,4,1.149
rjE,rjuE,r-j-ʿ,5,2,0.713
rjE,rjuE,r-j-ʿ,6,4,1.311
rjE,rjuE,r-j-ʿ,7,3,0.904
rjE,rjuE,r-j-ʿ,8,1,0.811
rjE,rjuE,r-j-ʿ,9,3,1.201
rjE,rjuE,r-j-ʿ,10,5,2.728
rjE,rjuE,r-j-ʿ,11,3,1.565
rjE,rjuE,r-j-ʿ,12,5,2.814
rjE,rjuE,r-j-ʿ,19,1,1.041
rjE,rjuE,r-j-ʿ,20,4,2.996
rjE,rjuE,r-j-ʿ,21,6,5.133
rjE,rjuE,r-j-ʿ,22,1,0.785
rjE,rjuE,r-j-ʿ,23,3,2.857
rjE,rjuE,r-j-ʿ,24,3,2.28
rjE,rjuE,r-j-ʿ,27,3,2.606
rjE,rjuE,r-j-ʿ,28,3,2.098
rjE,rjuE,r-j-ʿ,29,3,3.074
rjE,rjuE,r-j-ʿ,30,2,2.448
rjE,rjuE,r-j-ʿ,31,2,3.663
rjE,rjuE,r-j-ʿ,32,3,8.065
rjE,rjuE,r-j-ʿ,33,1,0.777
rjE,rjuE,r-j-ʿ,34,1,1.133
rjE,rjuE,r-j-ʿ,35,1,1.29
rjE,rjuE,r-j-ʿ,36,5,6.897
rjE,rjuE,r-j-ʿ,37,1,1.163
rjE,rjuE,r-j-ʿ,39,2,1.706
rjE,rjuE,r-j-ʿ,40,1,0.82
rjE,rjuE,r-j-ʿ,41,2,2.519
rjE,rjuE,r-j-ʿ,43,3,3.614
rjE,rjuE,r-j-ʿ,45,1,2.049
rjE,rjuE,r-j-ʿ,46,1,1.555
rjE,rjuE,r-j-ʿ,50,1,2.681
rjE,rjuE,r-j-ʿ,56,1,2.639
rjE,rjuE,r-j-ʿ,57,2,3.484
rjE,rjuE,r-j-ʿ,60,1,2.874
rjE,rjuE,r-j-ʿ,63,1,5.556
rjE,rjuE,r-j-ʿ,67,2,6.006
rjE,rjuE,r-j-ʿ,86,2,32.787
rjE,rjuE,r-j-ʿ,89,1,7.299
rjE,rjuE,r-j-ʿ,96,1,13.889
rjf,rjf,r-j-f,7,3,0.904
rjf,rjf,r-j-f,29,1,1.025
rjf,rjf,r-j-f,33,1,0.777
rjf,rjf,r-j-f,73,1,5.025
rjf,rjf,r-j-f,79,2,11.173
rjj,rjj,r-j-j,56,2,5.277
rjl,rjl,r-j-l,2,5,0.818
rjl,rjl,r-j-l,4,8,2.135
rjl,rjl,r-j-l,5,4,1.427
rjl,rjl,r-j-l,6,2,0.656
rjl,rjl,r-j-l,7,8,2.41
rjl,rjl,r-j-l,9,1,0.4
rjl,rjl,r-j-l,10,1,0.546
rjl,rjl,r-j-l,11,1,0.522
rjl,rjl,r-j-l,12,1,0.563
rjl,rjl,r-j-l,16,2,1.085
rjl,rjl,r-j-l,17,2,1.285
rjl,rjl,r-j-l,18,2,1.267
rjl,rjl,r-j-l,20,1,0.749
rjl,rjl,r-j-l,21,1,0.855
rjl,rjl,r-j-l,22,1,0.785
rjl,rjl,r-j-l,23,2,1.905
rjl,rjl,r-j-l,24,5,3.799
rjl,rjl,r-j-l,25,1,1.12
rjl,rjl,r-j-l,26,1,0.759
rjl,rjl,r-j-l,27,1,0.869
rjl,rjl,r-j-l,28,2,1.399
rjl,rjl,r-j-l,29,2,2.049
rjl,rjl,r-j-l,33,3,2.331
rjl,rjl,r-j-l,34,2,2.265
rjl,rjl,r-j-l,36,2,2.759
rjl,rjl,r-j-l,38,2,2.729
rjl,rjl,r-j-l,39,3,2.56
rjl,rjl,r-j-l,40,2,1.641
rjl,rjl,r-j-l,43,1,1.205
rjl,rjl,r-j-l,48,1,1.786
rjl,rjl,r-j-l,60,1,2.874
rjl,rjl,r-j-l,72,2,7.018
rjm,rjm,r-j-m,3,1,0.287
rjm,rjm,r-j-m,11,1,0.522
rjm,rjm,r-j-m,15,2,3.053
rjm,rjm,r-j-m,16,1,0.542
rjm,rjm,r-j-m,18,2,1.267
rjm,rjm,r-j-m,19,1,1.041
rjm,rjm,r-j-m,26,1,0.759
rjm,rjm,r-j-m,36,1,1.379
rjm,rjm,r-j-m,38,1,1.364
rjm,rjm,r-j-m,44,1,2.89
rjm,rjm,r-j-m,67,1,3.003
rjm,rjm,r-j-m,81,1,9.615
rjs,rjs,r-j-s,5,1,0.357
rjs,rjs,r-j-s,6,2,0.656
rjs,rjs,r-j-s,7,1,0.301
rjs,rjs,r-j-s,9,3,1.201
rjs,rjs,r-j-s,10,1,0.546
rjs,rjs,r-j-s,22,1,0.785
rjs,rjs,r-j-s,33,1,0.777
rjw,rjw,r-j-w,2,1,0.164
rjw,rjw,r-j-w,4,2,0.534
rjw,rjw,r-j-w,7,1,0.301
rjw,rjw,r-j-w,9,1,0.4
rjw,rjw,r-j-w,10,3,1.637
rjw,rjw,r-j-w,11,1,0.522
rjw,rjw,r-j-w,17,2,1.285
rjw,rjw,r-j-w,18,1,0.633
rjw,rjw,r-j-w,24,1,0.76
rjw,rjw,r-j-w,25,2,2.24
rjw,rjw,r-j-w,26,1,0.759
rjw,rjw,r-j-w,28,1,0.699
rjw,rjw,r-j-w,29,2,2.049
rjw,rjw,r-j-w,33,2,1.554
rjw,rjw,r-j-w,35,1,1.29
rjw,rjw,r-j-w,39,1,0.853
rjw,rjw,r-j-w,45,1,2.049
rjw,rjw,r-j-w,60,1,2.874
rjw,rjw,r-j-w,69,1,3.876
rjw,rjw,r-j-w,71,1,4.425
rjw,rjw,r-j-w,78,1,5.78
rjz,rjz,r-j-z,2,1,0.164
rjz,rjz,r-j-z,7,4,1.205
rjz,rjz,r-j-z,8,1,0.811
rjz,rjz,r-j-z,29,1,1.025
rjz,rjz,r-j-z,34,1,1.133
rjz,rjz,r-j-z,45,1,2.049
rjz,rjz,r-j-z,74,1,3.922
rkD,rkuD,r-k-ḍ,21,2,1.711
rkD,rkuD,r-k-ḍ,38,1,1.364
rkE,rkuE,r-k-ʿ,2,3,0.491
rkE,rkuE,r-k-ʿ,3,2,0.575
rkE,rkuE,r-k-ʿ,5,1,0.357
rkE,rkuE,r-k-ʿ,9,1,0.4
rkE,rkuE,r-k-ʿ,22,2,1.57
rkE,rkuE,r-k-ʿ,38,1,1.364
rkE,rkuE,r-k-ʿ,48,1,1.786
rkE,rkuE,r-k-ʿ,77,2,11.05
rkb,rkb,r-k-b,2,1,0.164
rkb,rkb,r-k-b,6,1,0.328
rkb,rkb,r-k-b,8,1,0.811
rkb,rkb,r-k-b,11,2,1.043
rkb,rkb,r-k-b,16,1,0.542
rkb,rkb,r-k-b,18,1,0.633
rkb,rkb,r-k-b,29,1,1.025
rkb,rkb,r-k-b,36,2,2.759
rkb,rkb,r-k-b,40,1,0.82
rkb,rkb,r-k-b,43,1,1.205
rkb,rkb,r-k-b,59,1,2.247
rkb,rkb,r-k-b,82,1,12.5
rkb,rkb,r-k-b,84,1,9.346
rkd,rkd,r-k-d,42,1,1.163
rkm,rkm,r-k-m,8,1,0.811
rkm,rkm,r-k-m,24,1,0.76
rkm,rkm,r-k-m,52,1,3.205
rkn,rkn,r-k-n,11,2,1.043
rkn,rkn,r-k-n,17,1,0.643
rkn,rkn,r-k-n,51,1,2.778
rks,rks,r-k-s,4,2,0.534
rkz,rkz,r-k-z,19,1,1.041
rmH,rmuH,r-m-ḥ,5,1,0.357
rmd,rmd,r-m-d,14,1,1.205
rmm,rmm,r-m-m,36,1,1.379
rmm,rmm,r-m-m,51,1,2.778
rmn,rmn,r-m-n,6,2,0.656
rmn,rmn,r-m-n,55,1,2.849
rmy,rmy,r-m-y,4,1,0.267
rmy,rmy,r-m-y,8,3,2.433
rmy,rmy,r-m-y,24,3,2.28
rmy,rmy,r-m-y,77,1,5.525
rmy,rmy,r-m-y,105,1,43.478
rmz,rmz,r-m-z,3,1,0.287
rqb,rqb,r-q-b,2,1,0.164
rqb,rqb,r-q-b,4,4,1.068
rqb,rqb,r-q-b,5,2,0.713
rqb,rqb,r-q-b,9,3,1.201
rqb,rqb,r-q-b,11,2,1.043
rqb,rqb,r-q-b,20,1,0.749
rqb,rqb,r-q-b,28,2,1.399
rqb,rqb,r-q-b,33,1,0.777
rqb,rqb,r-q-b,44,3,8.671
rqb,rqb,r-q-b,47,1,1.855
rqb,rqb,r-q-b,50,1,2.681
rqb,rqb,r-q-b,54,1,2.924
rqb,rqb,r-q-b,58,1,2.119
rqb,rqb,r-q-b,90,1,12.195
rqd,rqd,r-q-d,18,1,0.633
rqd,rqd,r-q-d,36,1,1.379
rqm,rqm,r-q-m,18,1,0.633
rqm,rqm,r-q-m,83,2,11.834
rqq,rqq,r-q-q,52,1,3.205
rqy,rqy,r-q-y,17,2,1.285
rqy,rqy,r-q-y,38,1,1.364
rqy,rqy,r-q-y,75,1,6.098
rsl,rsl,r-s-l,2,18,2.943
rsl,rsl,r-s-l,3,18,5.171
rsl,rsl,r-s-l,4,31,8.273
rsl,rsl,r-s-l,5,23,8.203
rsl,rsl,r-s-l,6,12,3.934
rsl,rsl,r-s-l,7,30,9.036
rsl,rsl,r-s-l,8,9,7.299
rsl,rsl,r-s-l,9,35,14.011
rsl,rsl,r-s-l,10,6,3.273
rsl,rsl,r-s-l,11,10,5.216
rsl,rsl,r-s-l,12,9,5.065
rsl,rsl,r-s-l,13,7,8.206
rsl,rsl,r-s-l,14,10,12.048
rsl,rsl,r-s-l,15,7,10.687
rsl,rsl,r-s-l,16,5,2.711
rsl,rsl,r-s-l,17,12,7.712
rsl,rsl,r-s-l,18,4,2.533
rsl,rsl,r-s-l,19,5,5.203
rsl,rsl,r-s-l,20,5,3.745
rsl,rsl,r-s-l,21,6,5.133
rsl,rsl,r-s-l,22,4,3.14
rsl,rsl,r-s-l,23,9,8.571
rsl,rsl,r-s-l,24,11,8.359
rsl,rsl,r-s-l,25,9,10.078
rsl,rsl,r-s-l,26,17,12.898
rsl,rsl,r-s-l,27,5,4.344
rsl,rsl,r-s-l,28,7,4.895
rsl,rsl,r-s-l,29,5,5.123
rsl,rsl,r-s-l,30,6,7.344
rsl,rsl,r-s-l,33,17,13.209
rsl,rsl,r-s-l,34,6,6.795
rsl,rsl,r-s-l,35,6,7.742
rsl,rsl,r-s-l,36,8,11.034
rsl,rsl,r-s-l,37,8,9.302
rsl,rsl,r-s-l,38,1,1.364
rsl,rsl,r-s-l,39,2,1.706
rsl,rsl,r-s-l,40,12,9.844
rsl,rsl,r-s-l,41,4,5.038
rsl,rsl,r-s-l,42,3,3.488
rsl,rsl,r-s-l,43,9,10.843
rsl,rsl,r-s-l,44,4,11.561
rsl,rsl,r-s-l,46,3,4.666
rsl,rsl,r-s-l,47,2,3.711
rsl,rsl,r-s-l,48,10,17.857
rsl,rsl,r-s-l,49,5,14.409
rsl,rsl,r-s-l,50,1,2.681
rsl,rsl,r-s-l,51,6,16.667
rsl,rsl,r-s-l,54,4,11.696
rsl,rsl,r-s-l,55,1,2.849
rsl,rsl,r-s-l,57,10,17.422
rsl,rsl,r-s-l,58,9,19.068
rsl,rsl,r-s-l,59,7,15.73
rsl,rsl,r-s-l,60,1,2.874
rsl,rsl,r-s-l,61,6,27.149
rsl,rsl,r-s-l,62,1,5.714
rsl,rsl,r-s-l,63,5,27.778
rsl,rsl,r-s-l,64,4,16.598
rsl,rsl,r-s-l,65,2,6.969
rsl,rsl,r-s-l,67,1,3.003
rsl,rsl,r-s-l,69,2,7.752
rsl,rsl,r-s-l,71,2,8.85
rsl,rsl,r-s-l,72,4,14.035
rsl,rsl,r-s-l,73,5,25.126
rsl,rsl,r-s-l,77,2,11.05
rsl,rsl,r-s-l,81,1,9.615
rsl,rsl,r-s-l,83,1,5.917
rsl,rsl,r-s-l,91,1,18.519
rsl,rsl,r-s-l,98,1,10.638
rsl,rsl,r-s-l,105,1,43.478
rss,rss,r-s-s,25,1,1.12
rss,rss,r-s-s,50,1,2.681
rsw,rsw,r-s-w,7,1,0.301
rsw,rsw,r-s-w,11,1,0.522
rsw,rsw,r-s-w,13,1,1.172
rsw,rsw,r-s-w,15,1,1.527
rsw,rsw,r-s-w,16,1,0.542
rsw,rsw,r-s-w,21,1,0.855
rsw,rsw,r-s-w,27,1,0.869
rsw,rsw,r-s-w,31,1,1.832
rsw,rsw,r-s-w,34,1,1.133
rsw,rsw,r-s-w,41,1,1.259
rsw,rsw,r-s-w,50,1,2.681
rsw,rsw,r-s-w,77,1,5.525
rsw,rsw,r-s-w,79,2,11.173
rsx,rsx,r-s-kh,3,1,0.287
rsx,rsx,r-s-kh,4,1,0.267
rtE,rtuE,r-t-ʿ,12,1,0.563
rtl,rtl,r-t-l,25,2,2.24
rtl,rtl,r-t-l,73,2,10.05
rtq,rtq,r-t-q,21,1,0.855
rwD,rwuD,r-w-ḍ,30,1,1.224
rwD,rwuD,r-w-ḍ,42,1,1.163
rwE,rwuE,r-w-ʿ,11,1,0.522
rwH,rwuH,r-w-ḥ,2,3,0.491
rwH,rwuH,r-w-ḥ,3,1,0.287
rwH,rwuH,r-w-ḥ,4,1,0.267
rwH,rwuH,r-w-ḥ,5,1,0.357
rwH,rwuH,r-w-ḥ,7,1,0.301
rwH,rwuH,r-w-ḥ,8,1,0.811
rwH,rwuH,r-w-ḥ,10,2,1.091
rwH,rwuH,r-w-ḥ,12,3,1.688
rwH,rwuH,r-w-ḥ,14,1,1.205
rwH,rwuH,r-w-ḥ,15,2,3.053
rwH,rwuH,r-w-ḥ,16,3,1.627
rwH,rwuH,r-w-ḥ,17,3,1.928
rwH,rwuH,r-w-ḥ,18,1,0.633
rwH,rwuH,r-w-ḥ,19,1,1.041
rwH,rwuH,r-w-ḥ,21,2,1.711
rwH,rwuH,r-w-ḥ,22,1,0.785
rwH,rwuH,r-w-ḥ,25,1,1.12
rwH,rwuH,r-w-ḥ,26,1,0.759
rwH,rwuH,r-w-ḥ,27,1,0.869
rwH,rwuH,r-w-ḥ,30,3,3.672
rwH,rwuH,r-w-ḥ,32,1,2.688
rwH,rwuH,r-w-ḥ,33,1,0.777
rwH,rwuH,r-w-ḥ,34,2,2.265
rwH,rwuH,r-w-ḥ,35,1,1.29
rwH,rwuH,r-w-ḥ,38,2,2.729
rwH,rwuH,r-w-ḥ,40,1,0.82
rwH,rwuH,r-w-ḥ,41,1,1.259
rwH,rwuH,r-w-ḥ,42,2,2.326
rwH,rwuH,r-w-ḥ,45,1,2.049
rwH,rwuH,r-w-ḥ,46,1,1.555
rwH,rwuH,r-w-ḥ,51,1,2.778
rwH,rwuH,r-w-ḥ,54,1,2.924
rwH,rwuH,r-w-ḥ,55,1,2.849
rwH,rwuH,r-w-ḥ,56,2,5.277
rwH,rwuH,r-w-ḥ,58,1,2.119
rwH,rwuH,r-w-ḥ,66,1,4.016
rwH,rwuH,r-w-ḥ,69,1,3.876
rwH,rwuH,r-w-ḥ,70,1,4.608
rwH,rwuH,r-w-ḥ,78,1,5.78
rwH,rwuH,r-w-ḥ,97,1,33.333
rwd,rwd,r-w-d,2,9,1.472
rwd,rwd,r-w-d,3,6,1.724
rwd,rwd,r-w-d,4,16,4.27
rwd,rwd,r-w-d,5,11,3.923
rwd,rwd,r-w-d,6,3,0.984
rwd,rwd,r-w-d,7,1,0.301
rwd,rwd,r-w-d,8,5,4.055
rwd,rwd,r-w-d,9,5,2.002
rwd,rwd,r-w-d,10,1,0.546
rwd,rwd,r-w-d,11,7,3.652
rwd,rwd,r-w-d,12,8,4.502
rwd,rwd,r-w-d,13,1,1.172
rwd,rwd,r-w-d,14,1,1.205
rwd,rwd,r-w-d,16,1,0.542
rwd,rwd,r-w-d,17,5,3.213
rwd,rwd,r-w-d,18,6,3.8
rwd,rwd,r-w-d,20,2,1.498
rwd,rwd,r-w-d,21,2,1.711
rwd,rwd,r-w-d,22,4,3.14
rwd,rwd,r-w-d,23,1,0.952
rwd,rwd,r-w-d,24,1,0.76
rwd,rwd,r-w-d,25,2,2.24
rwd,rwd,r-w-d,26,1,0.759
rwd,rwd,r-w-d,28,9,6.294
rwd,rwd,r-w-d,30,2,2.448
rwd,rwd,r-w-d,32,1,2.688
rwd,rwd,r-w-d,33,7,5.439
rwd,rwd,r-w-d,34,1,1.133
rwd,rwd,r-w-d,35,1,1.29
rwd,rwd,r-w-d,36,2,2.759
rwd,rwd,r-w-d,37,2,2.326
rwd,rwd,r-w-d,38,1,1.364
rwd,rwd,r-w-d,39,3,2.56
rwd,rwd,r-w-d,40,1,0.82
rwd,rwd,r-w-d,42,2,2.326
rwd,rwd,r-w-d,48,3,5.357
rwd,rwd,r-w-d,51,2,5.556
rwd,rwd,r-w-d,52,1,3.205
rwd,rwd,r-w-d,53,1,2.778
rwd,rwd,r-w-d,54,1,2.924
rwd,rwd,r-w-d,61,1,4.525
rwd,rwd,r-w-d,72,2,7.018
rwd,rwd,r-w-d,74,2,7.843
rwd,rwd,r-w-d,75,1,6.098
rwd,rwd,r-w-d,76,1,4.115
rwd,rwd,r-w-d,85,1,9.174
rwd,rwd,r-w-d,86,1,16.393
rwg,rwg,r-w-gh,37,2,2.326
rwg,rwg,r-w-gh,51,1,2.778
rxw,rxw,r-kh-w,38,1,1.364
ry$,rysh,r-y-sh,7,1,0.301
ryE,ryuE,r-y-ʿ,26,1,0.759
ryb,ryb,r-y-b,2,3,0.491
ryb,ryb,r-y-b,3,2,0.575
ryb,ryb,r-y-b,4,1,0.267
ryb,ryb,r-y-b,5,1,0.357
ryb,ryb,r-y-b,6,1,0.328
ryb,ryb,r-y-b,9,3,1.201
ryb,ryb,r-y-b,10,1,0.546
ryb,ryb,r-y-b,11,2,1.043
ryb,ryb,r-y-b,14,1,1.205
ryb,ryb,r-y-b,17,1,0.643
ryb,ryb,r-y-b,18,1,0.633
ryb,ryb,r-y-b,22,2,1.57
ryb,ryb,r-y-b,24,1,0.76
ryb,ryb,r-y-b,29,1,1.025
ryb,ryb,r-y-b,32,1,2.688
ryb,ryb,r-y-b,34,1,1.133
ryb,ryb,r-y-b,40,2,1.641
ryb,ryb,r-y-b,41,1,1.259
ryb,ryb,r-y-b,42,2,2.326
ryb,ryb,r-y-b,45,2,4.098
ryb,ryb,r-y-b,49,1,2.882
ryb,ryb,r-y-b,50,1,2.681
ryb,ryb,r-y-b,52,1,3.205
ryb,ryb,r-y-b,57,1,1.742
ryb,ryb,r-y-b,65,1,3.484
ryb,ryb,r-y-b,74,1,3.922
ryn,ryn,r-y-n,83,1,5.917
rzq,rzq,r-z-q,2,12,1.962
rzq,rzq,r-z-q,3,4,1.149
rzq,rzq,r-z-q,4,3,0.801
rzq,rzq,r-z-q,5,3,1.07
rzq,rzq,r-z-q,6,3,0.984
rzq,rzq,r-z-q,7,3,0.904
rzq,rzq,r-z-q,8,4,3.244
rzq,rzq,r-z-q,10,3,1.637
rzq,rzq,r-z-q,11,3,1.565
rzq,rzq,r-z-q,12,1,0.563
rzq,rzq,r-z-q,13,2,2.345
rzq,rzq,r-z-q,14,3,3.614
rzq,rzq,r-z-q,15,1,1.527
rzq,rzq,r-z-q,16,10,5.423
rzq,rzq,r-z-q,17,3,1.928
rzq,rzq,r-z-q,18,1,0.633
rzq,rzq,r-z-q,19,1,1.041
rzq,rzq,r-z-q,20,4,2.996
rzq,rzq,r-z-q,22,7,5.495
rzq,rzq,r-z-q,23,1,0.952
rzq,rzq,r-z-q,24,2,1.52
rzq,rzq,r-z-q,27,1,0.869
rzq,rzq,r-z-q,28,3,2.098
rzq,rzq,r-z-q,29,5,5.123
rzq,rzq,r-z-q,30,3,3.672
rzq,rzq,r-z-q,32,1,2.688
rzq,rzq,r-z-q,33,1,0.777
rzq,rzq,r-z-q,34,6,6.795
rzq,rzq,r-z-q,35,2,2.581
rzq,rzq,r-z-q,36,1,1.379
rzq,rzq,r-z-q,37,1,1.163
rzq,rzq,r-z-q,38,1,1.364
rzq,rzq,r-z-q,39,1,0.853
rzq,rzq,r-z-q,40,3,2.461
rzq,rzq,r-z-q,42,4,4.651
rzq,rzq,r-z-q,45,2,4.098
rzq,rzq,r-z-q,50,1,2.681
rzq,rzq,r-z-q,51,3,8.333
rzq,rzq,r-z-q,56,1,2.639
rzq,rzq,r-z-q,62,1,5.714
rzq,rzq,r-z-q,63,1,5.556
rzq,rzq,r-z-q,65,3,10.453
rzq,rzq,r-z-q,67,3,9.009
rzq,rzq,r-z-q,89,1,7.299
sAl,suAl,s-a-l,2,17,2.78
sAl,suAl,s-a-l,4,4,1.068
sAl,suAl,s-a-l,5,4,1.427
sAl,suAl,s-a-l,6,1,0.328
sAl,suAl,s-a-l,7,5,1.506
sAl,suAl,s-a-l,8,1,0.811
sAl,suAl,s-a-l,9,1,0.4
sAl,suAl,s-a-l,10,2,1.091
sAl,suAl,s-a-l,11,4,2.087
sAl,suAl,s-a-l,12,4,2.251
sAl,suAl,s-a-l,14,1,1.205
sAl,suAl,s-a-l,15,1,1.527
sAl,suAl,s-a-l,16,3,1.627
sAl,suAl,s-a-l,17,4,2.571
sAl,suAl,s-a-l,18,4,2.533
sAl,suAl,s-a-l,20,3,2.247
sAl,suAl,s-a-l,21,5,4.277
sAl,suAl,s-a-l,23,3,2.857
sAl,suAl,s-a-l,25,3,3.359
sAl,suAl,s-a-l,26,5,3.794
sAl,suAl,s-a-l,28,2,1.399
sAl,suAl,s-a-l,29,3,3.074
sAl,suAl,s-a-l,31,1,1.832
sAl,suAl,s-a-l,33,7,5.439
sAl,suAl,s-a-l,34,3,3.398
sAl,suAl,s-a-l,36,1,1.379
sAl,suAl,s-a-l,37,3,3.488
sAl,suAl,s-a-l,38,2,2.729
sAl,suAl,s-a-l,39,1,0.853
sAl,suAl,s-a-l,41,1,1.259
sAl,suAl,s-a-l,42,1,1.163
sAl,suAl,s-a-l,43,5,6.024
sAl,suAl,s-a-l,47,2,3.711
sAl,suAl,s-a-l,51,2,5.556
sAl,suAl,s-a-l,52,2,6.41
sAl,suAl,s-a-l,55,2,5.698
sAl,suAl,s-a-l,60,2,5.747
sAl,suAl,s-a-l,67,1,3.003
sAl,suAl,s-a-l,68,2,6.667
sAl,suAl,s-a-l,70,4,18.433
sAl,suAl,s-a-l,74,1,3.922
sAl,suAl,s-a-l,75,1,6.098
sAl,suAl,s-a-l,78,1,5.78
sAl,suAl,s-a-l,79,1,5.587
sAl,suAl,s-a-l,81,1,9.615
sAl,suAl,s-a-l,93,1,25
sAl,suAl,s-a-l,102,1,35.714
sAm,suAm,s-a-m,2,1,0.164
sAm,suAm,s-a-m,41,2,2.519
sEd,suEd,s-ʿ-d,11,2,1.043
sEr,suEr,s-ʿ-r,4,2,0.534
sEr,suEr,s-ʿ-r,17,1,0.643
sEr,suEr,s-ʿ-r,22,1,0.785
sEr,suEr,s-ʿ-r,25,1,1.12
sEr,suEr,s-ʿ-r,31,1,1.832
sEr,suEr,s-ʿ-r,33,1,0.777
sEr,suEr,s-ʿ-r,34,1,1.133
sEr,suEr,s-ʿ-r,35,1,1.29
sEr,suEr,s-ʿ-r,42,1,1.163
sEr,suEr,s-ʿ-r,48,1,1.786
sEr,suEr,s-ʿ-r,54,2,5.848
sEr,suEr,s-ʿ-r,67,3,9.009
sEr,suEr,s-ʿ-r,76,1,4.115
sEr,suEr,s-ʿ-r,81,1,9.615
sEr,suEr,s-ʿ-r,84,1,9.346
sEy,suEy,s-ʿ-y,2,3,0.491
sEy,suEy,s-ʿ-y,5,2,0.713
sEy,suEy,s-ʿ-y,17,3,1.928
sEy,suEy,s-ʿ-y,18,1,0.633
sEy,suEy,s-ʿ-y,20,3,2.247
sEy,suEy,s-ʿ-y,21,1,0.855
sEy,suEy,s-ʿ-y,22,1,0.785
sEy,suEy,s-ʿ-y,28,1,0.699
sEy,suEy,s-ʿ-y,34,2,2.265
sEy,suEy,s-ʿ-y,36,1,1.379
sEy,suEy,s-ʿ-y,37,1,1.163
sEy,suEy,s-ʿ-y,53,2,5.556
sEy,suEy,s-ʿ-y,57,1,1.742
sEy,suEy,s-ʿ-y,62,1,5.714
sEy,suEy,s-ʿ-y,66,1,4.016
sEy,suEy,s-ʿ-y,76,1,4.115
sEy,suEy,s-ʿ-y,79,2,11.173
sEy,suEy,s-ʿ-y,80,1,7.519
sEy,suEy,s-ʿ-y,88,1,10.87
sEy,suEy,s-ʿ-y,92,1,14.085
sHb,suHb,s-ḥ-b,2,1,0.164
sHb,suHb,s-ḥ-b,7,1,0.301
sHb,suHb,s-ḥ-b,13,1,1.172
sHb,suHb,s-ḥ-b,24,2,1.52
sHb,suHb,s-ḥ-b,27,1,0.869
sHb,suHb,s-ḥ-b,30,1,1.224
sHb,suHb,s-ḥ-b,35,1,1.29
sHb,suHb,s-ḥ-b,40,1,0.82
sHb,suHb,s-ḥ-b,52,1,3.205
sHb,suHb,s-ḥ-b,54,1,2.924
sHl,suHl,s-ḥ-l,20,1,0.749
sHq,suHq,s-ḥ-q,22,1,0.785
sHq,suHq,s-ḥ-q,67,1,3.003
sHr,suHr,s-ḥ-r,2,1,0.164
sHr,suHr,s-ḥ-r,3,1,0.287
sHr,suHr,s-ḥ-r,5,1,0.357
sHr,suHr,s-ḥ-r,6,1,0.328
sHr,suHr,s-ḥ-r,7,7,2.108
sHr,suHr,s-ḥ-r,10,7,3.819
sHr,suHr,s-ḥ-r,11,1,0.522
sHr,suHr,s-ḥ-r,15,1,1.527
sHr,suHr,s-ḥ-r,17,2,1.285
sHr,suHr,s-ḥ-r,20,10,7.491
sHr,suHr,s-ḥ-r,21,1,0.855
sHr,suHr,s-ḥ-r,23,1,0.952
sHr,suHr,s-ḥ-r,25,1,1.12
sHr,suHr,s-ḥ-r,26,10,7.587
sHr,suHr,s-ḥ-r,27,1,0.869
sHr,suHr,s-ḥ-r,28,2,1.399
sHr,suHr,s-ḥ-r,34,1,1.133
sHr,suHr,s-ḥ-r,37,1,1.163
sHr,suHr,s-ḥ-r,38,1,1.364
sHr,suHr,s-ḥ-r,40,1,0.82
sHr,suHr,s-ḥ-r,43,2,2.41
sHr,suHr,s-ḥ-r,46,1,1.555
sHr,suHr,s-ḥ-r,51,3,8.333
sHr,suHr,s-ḥ-r,52,1,3.205
sHr,suHr,s-ḥ-r,54,2,5.848
sHr,suHr,s-ḥ-r,61,1,4.525
sHr,suHr,s-ḥ-r,74,1,3.922
sHt,suHt,s-ḥ-t,5,3,1.07
sHt,suHt,s-ḥ-t,20,1,0.749
sTH,suTuH,s-ṭ-ḥ,88,1,10.87
sTr,suTr,s-ṭ-r,6,1,0.328
sTr,suTr,s-ṭ-r,8,1,0.811
sTr,suTr,s-ṭ-r,16,1,0.542
sTr,suTr,s-ṭ-r,17,1,0.643
sTr,suTr,s-ṭ-r,23,1,0.952
sTr,suTr,s-ṭ-r,25,1,1.12
sTr,suTr,s-ṭ-r,27,1,0.869
sTr,suTr,s-ṭ-r,33,1,0.777
sTr,suTr,s-ṭ-r,46,1,1.555
sTr,suTr,s-ṭ-r,52,2,6.41
sTr,suTr,s-ṭ-r,54,1,2.924
sTr,suTr,s-ṭ-r,68,2,6.667
sTr,suTr,s-ṭ-r,83,1,5.917
sTr,suTr,s-ṭ-r,88,1,10.87
sTw,suTw,s-ṭ-w,22,1,0.785
sbE,sbuE,s-b-ʿ,2,3,0.491
sbE,sbuE,s-b-ʿ,5,1,0.357
sbE,sbuE,s-b-ʿ,7,1,0.301
sbE,sbuE,s-b-ʿ,9,1,0.4
sbE,sbuE,s-b-ʿ,12,8,4.502
sbE,sbuE,s-b-ʿ,15,2,3.053
sbE,sbuE,s-b-ʿ,17,1,0.643
sbE,sbuE,s-b-ʿ,18,1,0.633
sbE,sbuE,s-b-ʿ,23,2,1.905
sbE,sbuE,s-b-ʿ,31,1,1.832
sbE,sbuE,s-b-ʿ,41,1,1.259
sbE,sbuE,s-b-ʿ,65,1,3.484
sbE,sbuE,s-b-ʿ,67,1,3.003
sbE,sbuE,s-b-ʿ,69,2,7.752
sbE,sbuE,s-b-ʿ,71,1,4.425
sbE,sbuE,s-b-ʿ,78,1,5.78
sbH,sbuH,s-b-ḥ,2,3,0.491
sbH,sbuH,s-b-ḥ,3,2,0.575
sbH,sbuH,s-b-ḥ,4,1,0.267
sbH,sbuH,s-b-ḥ,5,1,0.357
sbH,sbuH,s-b-ḥ,6,1,0.328
sbH,sbuH,s-b-ḥ,7,2,0.602
sbH,sbuH,s-b-ḥ,9,1,0.4
sbH,sbuH,s-b-ḥ,10,3,1.637
sbH,sbuH,s-b-ḥ,12,1,0.563
sbH,sbuH,s-b-ḥ,13,1,1.172
sbH,sbuH,s-b-ḥ,15,1,1.527
sbH,sbuH,s-b-ḥ,16,2,1.085
sbH,sbuH,s-b-ḥ,17,7,4.499
sbH,sbuH,s-b-ḥ,19,2,2.081
sbH,sbuH,s-b-ḥ,20,3,2.247
sbH,sbuH,s-b-ḥ,21,6,5.133
sbH,sbuH,s-b-ḥ,23,1,0.952
sbH,sbuH,s-b-ḥ,24,4,3.04
sbH,sbuH,s-b-ḥ,25,2,2.24
sbH,sbuH,s-b-ḥ,27,1,0.869
sbH,sbuH,s-b-ḥ,28,1,0.699
sbH,sbuH,s-b-ḥ,30,2,2.448
sbH,sbuH,s-b-ḥ,32,1,2.688
sbH,sbuH,s-b-ḥ,33,1,0.777
sbH,sbuH,s-b-ḥ,34,1,1.133
sbH,sbuH,s-b-ḥ,36,3,4.138
sbH,sbuH,s-b-ḥ,37,4,4.651
sbH,sbuH,s-b-ḥ,38,1,1.364
sbH,sbuH,s-b-ḥ,39,3,2.56
sbH,sbuH,s-b-ḥ,40,2,1.641
sbH,sbuH,s-b-ḥ,41,1,1.259
sbH,sbuH,s-b-ḥ,42,1,1.163
sbH,sbuH,s-b-ḥ,43,2,2.41
sbH,sbuH,s-b-ḥ,48,1,1.786
sbH,sbuH,s-b-ḥ,50,2,5.362
sbH,sbuH,s-b-ḥ,52,3,9.615
sbH,sbuH,s-b-ḥ,56,2,5.277
sbH,sbuH,s-b-ḥ,57,1,1.742
sbH,sbuH,s-b-ḥ,59,3,6.742
sbH,sbuH,s-b-ḥ,61,1,4.525
sbH,sbuH,s-b-ḥ,62,1,5.714
sbH,sbuH,s-b-ḥ,64,1,4.149
sbH,sbuH,s-b-ḥ,68,2,6.667
sbH,sbuH,s-b-ḥ,69,1,3.876
sbH,sbuH,s-b-ḥ,73,1,5.025
sbH,sbuH,s-b-ḥ,76,1,4.115
sbH,sbuH,s-b-ḥ,79,2,11.173
sbH,sbuH,s-b-ḥ,87,1,13.889
sbH,sbuH,s-b-ḥ,110,1,52.632
sbT,sbuT,s-b-ṭ,2,2,0.327
sbT,sbuT,s-b-ṭ,3,1,0.287
sbT,sbuT,s-b-ṭ,4,1,0.267
sbT,sbuT,s-b-ṭ,7,1,0.301
sbb,sbb,s-b-b,2,1,0.164
sbb,sbb,s-b-b,6,2,0.656
sbb,sbb,s-b-b,18,4,2.533
sbb,sbb,s-b-b,22,1,0.785
sbb,sbb,s-b-b,38,1,1.364
sbb,sbb,s-b-b,40,2,1.641
sbg,sbg,s-b-gh,31,1,1.832
sbg,sbg,s-b-gh,34,1,1.133
sbl,sbl,s-b-l,2,14,2.289
sbl,sbl,s-b-l,3,9,2.585
sbl,sbl,s-b-l,4,27,7.206
sbl,sbl,s-b-l,5,6,2.14
sbl,sbl,s-b-l,6,5,1.639
sbl,sbl,s-b-l,7,8,2.41
sbl,sbl,s-b-l,8,6,4.866
sbl,sbl,s-b-l,9,16,6.405
sbl,sbl,s-b-l,10,2,1.091
sbl,sbl,s-b-l,11,1,0.522
sbl,sbl,s-b-l,12,1,0.563
sbl,sbl,s-b-l,13,1,1.172
sbl,sbl,s-b-l,14,3,3.614
sbl,sbl,s-b-l,15,1,1.527
sbl,sbl,s-b-l,16,7,3.796
sbl,sbl,s-b-l,17,7,4.499
sbl,sbl,s-b-l,18,2,1.267
sbl,sbl,s-b-l,20,1,0.749
sbl,sbl,s-b-l,21,1,0.855
sbl,sbl,s-b-l,22,3,2.355
sbl,sbl,s-b-l,24,1,0.76
sbl,sbl,s-b-l,25,7,7.839
sbl,sbl,s-b-l,27,1,0.869
sbl,sbl,s-b-l,28,1,0.699
sbl,sbl,s-b-l,29,4,4.098
sbl,sbl,s-b-l,30,1,1.224
sbl,sbl,s-b-l,31,2,3.663
sbl,sbl,s-b-l,33,2,1.554
sbl,sbl,s-b-l,38,2,2.729
sbl,sbl,s-b-l,39,1,0.853
sbl,sbl,s-b-l,40,5,4.102
sbl,sbl,s-b-l,42,4,4.651
sbl,sbl,s-b-l,43,2,2.41
sbl,sbl,s-b-l,47,5,9.276
sbl,sbl,s-b-l,49,1,2.882
sbl,sbl,s-b-l,53,1,2.778
sbl,sbl,s-b-l,57,1,1.742
sbl,sbl,s-b-l,58,1,2.119
sbl,sbl,s-b-l,59,1,2.247
sbl,sbl,s-b-l,60,2,5.747
sbl,sbl,s-b-l,61,2,9.05
sbl,sbl,s-b-l,63,1,5.556
sbl,sbl,s-b-l,68,1,3.333
sbl,sbl,s-b-l,71,1,4.425
sbl,sbl,s-b-l,73,2,10.05
sbl,sbl,s-b-l,76,2,8.23
sbl,sbl,s-b-l,80,1,7.519
sbq,sbq,s-b-q,2,1,0.164
sbq,sbq,s-b-q,5,1,0.357
sbq,sbq,s-b-q,7,1,0.301
sbq,sbq,s-b-q,8,2,1.622
sbq,sbq,s-b-q,9,1,0.4
sbq,sbq,s-b-q,10,1,0.546
sbq,sbq,s-b-q,11,2,1.043
sbq,sbq,s-b-q,12,2,1.125
sbq,sbq,s-b-q,15,1,1.527
sbq,sbq,s-b-q,20,2,1.498
sbq,sbq,s-b-q,21,2,1.711
sbq,sbq,s-b-q,23,3,2.857
sbq,sbq,s-b-q,29,3,3.074
sbq,sbq,s-b-q,35,1,1.29
sbq,sbq,s-b-q,36,2,2.759
sbq,sbq,s-b-q,37,1,1.163
sbq,sbq,s-b-q,41,1,1.259
sbq,sbq,s-b-q,42,1,1.163
sbq,sbq,s-b-q,46,1,1.555
sbq,sbq,s-b-q,56,3,7.916
sbq,sbq,s-b-q,57,1,1.742
sbq,sbq,s-b-q,59,1,2.247
sbq,sbq,s-b-q,70,1,4.608
sbq,sbq,s-b-q,79,2,11.173
sbt,sbt,s-b-t,2,1,0.164
sbt,sbt,s-b-t,4,2,0.534
sbt,sbt,s-b-t,7,3,0.904
sbt,sbt,s-b-t,16,1,0.542
sbt,sbt,s-b-t,25,1,1.12
sbt,sbt,s-b-t,78,1,5.78
sdd,sdd,s-d-d,4,1,0.267
sdd,sdd,s-d-d,18,2,1.267
sdd,sdd,s-d-d,33,1,0.777
sdd,sdd,s-d-d,36,2,2.759
sdr,sdr,s-d-r,34,1,1.133
sdr,sdr,s-d-r,53,2,5.556
sdr,sdr,s-d-r,56,1,2.639
sds,sds,s-d-s,4,3,0.801
sds,sds,s-d-s,18,1,0.633
sds,sds,s-d-s,58,1,2.119
sdy,sdy,s-d-y,75,1,6.098
sfE,sfuE,s-f-ʿ,96,1,13.889
sfH,sfuH,s-f-ḥ,4,2,0.534
sfH,sfuH,s-f-ḥ,5,1,0.357
sfH,sfuH,s-f-ḥ,6,1,0.328
sfh,sfh,s-f-h,2,5,0.818
sfh,sfh,s-f-h,4,1,0.267
sfh,sfh,s-f-h,6,1,0.328
sfh,sfh,s-f-h,7,3,0.904
sfh,sfh,s-f-h,72,1,3.509
sfk,sfk,s-f-k,2,2,0.327
sfl,sfl,s-f-l,4,1,0.267
sfl,sfl,s-f-l,8,1,0.811
sfl,sfl,s-f-l,9,1,0.4
sfl,sfl,s-f-l,11,1,0.522
sfl,sfl,s-f-l,15,1,1.527
sfl,sfl,s-f-l,33,1,0.777
sfl,sfl,s-f-l,37,1,1.163
sfl,sfl,s-f-l,41,1,1.259
sfl,sfl,s-f-l,95,2,58.824
sfn,sfn,s-f-n,18,3,1.9
sfn,sfn,s-f-n,29,1,1.025
sfr,sfr,s-f-r,2,3,0.491
sfr,sfr,s-f-r,4,1,0.267
sfr,sfr,s-f-r,5,1,0.357
sfr,sfr,s-f-r,9,1,0.4
sfr,sfr,s-f-r,18,1,0.633
sfr,sfr,s-f-r,34,1,1.133
sfr,sfr,s-f-r,62,1,5.714
sfr,sfr,s-f-r,74,1,3.922
sfr,sfr,s-f-r,80,2,15.038
sgb,sgb,s-gh-b,90,1,12.195
shl,shl,s-h-l,7,1,0.301
shm,shm,s-h-m,37,1,1.163
shr,shr,s-h-r,79,1,5.587
shw,shw,s-h-w,51,1,2.778
shw,shw,s-h-w,107,1,40
sjd,sjd,s-j-d,2,12,1.962
sjd,sjd,s-j-d,3,2,0.575
sjd,sjd,s-j-d,4,2,0.534
sjd,sjd,s-j-d,5,1,0.357
sjd,sjd,s-j-d,7,9,2.711
sjd,sjd,s-j-d,8,1,0.811
sjd,sjd,s-j-d,9,8,3.203
sjd,sjd,s-j-d,12,2,1.125
sjd,sjd,s-j-d,13,1,1.172
sjd,sjd,s-j-d,15,6,9.16
sjd,sjd,s-j-d,16,2,1.085
sjd,sjd,s-j-d,17,7,4.499
sjd,sjd,s-j-d,18,3,1.9
sjd,sjd,s-j-d,19,1,1.041
sjd,sjd,s-j-d,20,3,2.247
sjd,sjd,s-j-d,22,5,3.925
sjd,sjd,s-j-d,25,3,3.359
sjd,sjd,s-j-d,26,2,1.517
sjd,sjd,s-j-d,27,2,1.738
sjd,sjd,s-j-d,32,1,2.688
sjd,sjd,s-j-d,38,3,4.093
sjd,sjd,s-j-d,39,1,0.853
sjd,sjd,s-j-d,41,2,2.519
sjd,sjd,s-j-d,48,4,7.143
sjd,sjd,s-j-d,50,1,2.681
sjd,sjd,s-j-d,53,1,2.778
sjd,sjd,s-j-d,55,1,2.849
sjd,sjd,s-j-d,68,2,6.667
sjd,sjd,s-j-d,72,1,3.509
sjd,sjd,s-j-d,76,1,4.115
sjd,sjd,s-j-d,84,1,9.346
sjd,sjd,s-j-d,96,1,13.889
sjl,sjl,s-j-l,11,1,0.522
sjl,sjl,s-j-l,15,1,1.527
sjl,sjl,s-j-l,21,1,0.855
sjl,sjl,s-j-l,105,1,43.478
sjn,sjn,s-j-n,12,9,5.065
sjn,sjn,s-j-n,26,1,0.759
sjn,sjn,s-j-n,83,2,11.834
sjr,sjr,s-j-r,40,1,0.82
sjr,sjr,s-j-r,52,1,3.205
sjr,sjr,s-j-r,81,1,9.615
sjw,sjw,s-j-w,93,1,25
skb,skb,s-k-b,56,1,2.639
skn,skn,s-k-n,2,7,1.145
skn,skn,s-k-n,3,1,0.287
skn,skn,s-k-n,4,2,0.534
skn,skn,s-k-n,5,2,0.713
skn,skn,s-k-n,6,2,0.656
skn,skn,s-k-n,7,3,0.904
skn,skn,s-k-n,8,1,0.811
skn,skn,s-k-n,9,6,2.402
skn,skn,s-k-n,10,1,0.546
skn,skn,s-k-n,12,1,0.563
skn,skn,s-k-n,14,4,4.819
skn,skn,s-k-n,16,1,0.542
skn,skn,s-k-n,17,2,1.285
skn,skn,s-k-n,18,1,0.633
skn,skn,s-k-n,20,1,0.749
skn,skn,s-k-n,21,1,0.855
skn,skn,s-k-n,23,1,0.952
skn,skn,s-k-n,24,2,1.52
skn,skn,s-k-n,25,1,1.12
skn,skn,s-k-n,27,2,1.738
skn,skn,s-k-n,28,4,2.797
skn,skn,s-k-n,29,1,1.025
skn,skn,s-k-n,30,2,2.448
skn,skn,s-k-n,32,1,2.688
skn,skn,s-k-n,34,1,1.133
skn,skn,s-k-n,40,1,0.82
skn,skn,s-k-n,42,1,1.163
skn,skn,s-k-n,46,1,1.555
skn,skn,s-k-n,48,3,5.357
skn,skn,s-k-n,58,1,2.119
skn,skn,s-k-n,59,1,2.247
skn,skn,s-k-n,61,1,4.525
skn,skn,s-k-n,65,2,6.969
skn,skn,s-k-n,68,1,3.333
skn,skn,s-k-n,69,1,3.876
skn,skn,s-k-n,74,1,3.922
skn,skn,s-k-n,76,1,4.115
skn,skn,s-k-n,89,1,7.299
skn,skn,s-k-n,90,1,12.195
skn,skn,s-k-n,107,1,40
skr,skr,s-k-r,4,1,0.267
skr,skr,s-k-r,15,2,3.053
skr,skr,s-k-r,16,1,0.542
skr,skr,s-k-r,22,2,1.57
skr,skr,s-k-r,50,1,2.681
skt,skt,s-k-t,7,1,0.301
slH,sluH,s-l-ḥ,4,4,1.068
slT,sluT,s-l-ṭ,3,1,0.287
slT,sluT,s-l-ṭ,4,4,1.068
slT,sluT,s-l-ṭ,6,1,0.328
slT,sluT,s-l-ṭ,7,2,0.602
slT,sluT,s-l-ṭ,10,1,0.546
slT,sluT,s-l-ṭ,11,1,0.522
slT,sluT,s-l-ṭ,12,1,0.563
slT,sluT,s-l-ṭ,14,3,3.614
slT,sluT,s-l-ṭ,15,1,1.527
slT,sluT,s-l-ṭ,16,2,1.085
slT,sluT,s-l-ṭ,17,3,1.928
slT,sluT,s-l-ṭ,18,1,0.633
slT,sluT,s-l-ṭ,22,1,0.785
slT,sluT,s-l-ṭ,23,1,0.952
slT,sluT,s-l-ṭ,27,1,0.869
slT,sluT,s-l-ṭ,28,1,0.699
slT,sluT,s-l-ṭ,30,1,1.224
slT,sluT,s-l-ṭ,34,1,1.133
slT,sluT,s-l-ṭ,37,2,2.326
slT,sluT,s-l-ṭ,40,3,2.461
slT,sluT,s-l-ṭ,44,1,2.89
slT,sluT,s-l-ṭ,51,1,2.778
slT,sluT,s-l-ṭ,52,1,3.205
slT,sluT,s-l-ṭ,53,1,2.778
slT,sluT,s-l-ṭ,55,1,2.849
slT,sluT,s-l-ṭ,59,1,2.247
slT,sluT,s-l-ṭ,69,1,3.876
slb,slb,s-l-b,22,1,0.785
slf,slf,s-l-f,2,1,0.164
slf,slf,s-l-f,4,2,0.534
slf,slf,s-l-f,5,1,0.357
slf,slf,s-l-f,8,1,0.811
slf,slf,s-l-f,10,1,0.546
slf,slf,s-l-f,43,1,1.205
slf,slf,s-l-f,69,1,3.876
slk,slk,s-l-k,15,1,1.527
slk,slk,s-l-k,16,1,0.542
slk,slk,s-l-k,20,1,0.749
slk,slk,s-l-k,23,1,0.952
slk,slk,s-l-k,26,1,0.759
slk,slk,s-l-k,28,1,0.699
slk,slk,s-l-k,39,1,0.853
slk,slk,s-l-k,69,1,3.876
slk,slk,s-l-k,71,1,4.425
slk,slk,s-l-k,72,2,7.018
slk,slk,s-l-k,74,1,3.922
sll,sll,s-l-l,23,1,0.952
sll,sll,s-l-l,24,1,0.76
sll,sll,s-l-l,32,1,2.688
slm,slm,s-l-m,2,11,1.799
slm,slm,s-l-m,3,12,3.447
slm,slm,s-l-m,4,8,2.135
slm,slm,s-l-m,5,4,1.427
slm,slm,s-l-m,6,7,2.295
slm,slm,s-l-m,7,2,0.602
slm,slm,s-l-m,8,2,1.622
slm,slm,s-l-m,9,1,0.4
slm,slm,s-l-m,10,5,2.728
slm,slm,s-l-m,11,4,2.087
slm,slm,s-l-m,12,1,0.563
slm,slm,s-l-m,13,1,1.172
slm,slm,s-l-m,14,1,1.205
slm,slm,s-l-m,15,3,4.58
slm,slm,s-l-m,16,6,3.254
slm,slm,s-l-m,19,4,4.162
slm,slm,s-l-m,20,1,0.749
slm,slm,s-l-m,21,2,1.711
slm,slm,s-l-m,22,2,1.57
slm,slm,s-l-m,24,2,1.52
slm,slm,s-l-m,25,2,2.24
slm,slm,s-l-m,26,1,0.759
slm,slm,s-l-m,27,7,6.082
slm,slm,s-l-m,28,2,1.399
slm,slm,s-l-m,29,1,1.025
slm,slm,s-l-m,30,1,1.224
slm,slm,s-l-m,31,1,1.832
slm,slm,s-l-m,33,6,4.662
slm,slm,s-l-m,36,1,1.379
slm,slm,s-l-m,37,8,9.302
slm,slm,s-l-m,39,5,4.266
slm,slm,s-l-m,40,1,0.82
slm,slm,s-l-m,41,1,1.259
slm,slm,s-l-m,43,2,2.41
slm,slm,s-l-m,46,1,1.555
slm,slm,s-l-m,47,1,1.855
slm,slm,s-l-m,48,1,1.786
slm,slm,s-l-m,49,3,8.646
slm,slm,s-l-m,50,1,2.681
slm,slm,s-l-m,51,3,8.333
slm,slm,s-l-m,52,1,3.205
slm,slm,s-l-m,56,3,7.916
slm,slm,s-l-m,59,1,2.247
slm,slm,s-l-m,61,1,4.525
slm,slm,s-l-m,66,1,4.016
slm,slm,s-l-m,68,2,6.667
slm,slm,s-l-m,72,2,7.018
slm,slm,s-l-m,97,1,33.333
slq,slq,s-l-q,33,1,0.777
slsl,slsl,s-l-s-l,40,1,0.82
slsl,slsl,s-l-s-l,69,1,3.876
slsl,slsl,s-l-s-l,76,1,4.115
slw,slw,s-l-w,2,1,0.164
slw,slw,s-l-w,7,1,0.301
slw,slw,s-l-w,20,1,0.749
slx,slx,s-l-kh,7,1,0.301
slx,slx,s-l-kh,9,1,0.4
slx,slx,s-l-kh,36,1,1.379
smE,smuE,s-m-ʿ,2,16,2.616
smE,smuE,s-m-ʿ,3,7,2.011
smE,smuE,s-m-ʿ,4,9,2.402
smE,smuE,s-m-ʿ,5,7,2.496
smE,smuE,s-m-ʿ,6,5,1.639
smE,smuE,s-m-ʿ,7,6,1.807
smE,smuE,s-m-ʿ,8,10,8.11
smE,smuE,s-m-ʿ,9,4,1.601
smE,smuE,s-m-ʿ,10,5,2.728
smE,smuE,s-m-ʿ,11,2,1.043
smE,smuE,s-m-ʿ,12,2,1.125
smE,smuE,s-m-ʿ,14,1,1.205
smE,smuE,s-m-ʿ,15,1,1.527
smE,smuE,s-m-ʿ,16,3,1.627
smE,smuE,s-m-ʿ,17,4,2.571
smE,smuE,s-m-ʿ,18,2,1.267
smE,smuE,s-m-ʿ,19,4,4.162
smE,smuE,s-m-ʿ,20,3,2.247
smE,smuE,s-m-ʿ,21,6,5.133
smE,smuE,s-m-ʿ,22,4,3.14
smE,smuE,s-m-ʿ,23,2,1.905
smE,smuE,s-m-ʿ,24,5,3.799
smE,smuE,s-m-ʿ,25,2,2.24
smE,smuE,s-m-ʿ,26,6,4.552
smE,smuE,s-m-ʿ,27,3,2.606
smE,smuE,s-m-ʿ,28,3,2.098
smE,smuE,s-m-ʿ,29,2,2.049
smE,smuE,s-m-ʿ,30,4,4.896
smE,smuE,s-m-ʿ,31,2,3.663
smE,smuE,s-m-ʿ,32,3,8.065
smE,smuE,s-m-ʿ,34,1,1.133
smE,smuE,s-m-ʿ,35,4,5.161
smE,smuE,s-m-ʿ,36,1,1.379
smE,smuE,s-m-ʿ,37,1,1.163
smE,smuE,s-m-ʿ,38,1,1.364
smE,smuE,s-m-ʿ,39,1,0.853
smE,smuE,s-m-ʿ,40,2,1.641
smE,smuE,s-m-ʿ,41,5,6.297
smE,smuE,s-m-ʿ,42,1,1.163
smE,smuE,s-m-ʿ,43,2,2.41
smE,smuE,s-m-ʿ,44,1,2.89
smE,smuE,s-m-ʿ,45,3,6.148
smE,smuE,s-m-ʿ,46,4,6.221
smE,smuE,s-m-ʿ,47,1,1.855
smE,smuE,s-m-ʿ,49,1,2.882
smE,smuE,s-m-ʿ,50,3,8.043
smE,smuE,s-m-ʿ,52,2,6.41
smE,smuE,s-m-ʿ,56,1,2.639
smE,smuE,s-m-ʿ,58,3,6.356
smE,smuE,s-m-ʿ,63,1,5.556
smE,smuE,s-m-ʿ,64,1,4.149
smE,smuE,s-m-ʿ,67,3,9.009
smE,smuE,s-m-ʿ,68,1,3.333
smE,smuE,s-m-ʿ,72,5,17.544
smE,smuE,s-m-ʿ,76,1,4.115
smE,smuE,s-m-ʿ,78,1,5.78
smE,smuE,s-m-ʿ,88,1,10.87
smd,smd,s-m-d,53,1,2.778
smk,smk,s-m-k,79,1,5.587
smm,smm,s-m-m,7,1,0.301
smm,smm,s-m-m,15,1,1.527
smm,smm,s-m-m,52,1,3.205
smm,smm,s-m-m,56,1,2.639
smn,smn,s-m-n,12,2,1.125
smn,smn,s-m-n,51,1,2.778
smn,smn,s-m-n,88,1,10.87
smr,smr,s-m-r,20,3,2.247
smr,smr,s-m-r,23,1,0.952
smw,smw,s-m-w,1,1,34.483
smw,smw,s-m-w,2,23,3.761
smw,smw,s-m-w,3,12,3.447
smw,smw,s-m-w,4,7,1.868
smw,smw,s-m-w,5,8,2.853
smw,smw,s-m-w,6,18,5.902
smw,smw,s-m-w,7,11,3.313
smw,smw,s-m-w,8,2,1.622
smw,smw,s-m-w,9,2,0.801
smw,smw,s-m-w,10,10,5.456
smw,smw,s-m-w,11,8,4.173
smw,smw,s-m-w,12,4,2.251
smw,smw,s-m-w,13,6,7.034
smw,smw,s-m-w,14,9,10.843
smw,smw,s-m-w,15,4,6.107
smw,smw,s-m-w,16,9,4.881
smw,smw,s-m-w,17,8,5.141
smw,smw,s-m-w,18,5,3.167
smw,smw,s-m-w,19,6,6.243
smw,smw,s-m-w,20,5,3.745
smw,smw,s-m-w,21,7,5.988
smw,smw,s-m-w,22,14,10.989
smw,smw,s-m-w,23,3,2.857
smw,smw,s-m-w,24,6,4.559
smw,smw,s-m-w,25,6,6.719
smw,smw,s-m-w,26,3,2.276
smw,smw,s-m-w,27,8,6.95
smw,smw,s-m-w,29,7,7.172
smw,smw,s-m-w,30,9,11.016
smw,smw,s-m-w,31,7,12.821
smw,smw,s-m-w,32,2,5.376
smw,smw,s-m-w,33,1,0.777
smw,smw,s-m-w,34,7,7.928
smw,smw,s-m-w,35,9,11.613
smw,smw,s-m-w,36,2,2.759
smw,smw,s-m-w,37,2,2.326
smw,smw,s-m-w,38,3,4.093
smw,smw,s-m-w,39,10,8.532
smw,smw,s-m-w,40,5,4.102
smw,smw,s-m-w,41,4,5.038
smw,smw,s-m-w,42,8,9.302
smw,smw,s-m-w,43,5,6.024
smw,smw,s-m-w,44,4,11.561
smw,smw,s-m-w,45,7,14.344
smw,smw,s-m-w,46,4,6.221
smw,smw,s-m-w,48,3,5.357
smw,smw,s-m-w,49,3,8.646
smw,smw,s-m-w,50,3,8.043
smw,smw,s-m-w,51,4,11.111
smw,smw,s-m-w,52,3,9.615
smw,smw,s-m-w,53,6,16.667
smw,smw,s-m-w,54,1,2.924
smw,smw,s-m-w,55,5,14.245
smw,smw,s-m-w,56,2,5.277
smw,smw,s-m-w,57,7,12.195
smw,smw,s-m-w,58,1,2.119
smw,smw,s-m-w,59,3,6.742
smw,smw,s-m-w,61,2,9.05
smw,smw,s-m-w,62,1,5.714
smw,smw,s-m-w,63,1,5.556
smw,smw,s-m-w,64,3,12.448
smw,smw,s-m-w,65,1,3.484
smw,smw,s-m-w,67,4,12.012
smw,smw,s-m-w,69,2,7.752
smw,smw,s-m-w,70,1,4.608
smw,smw,s-m-w,71,3,13.274
smw,smw,s-m-w,72,1,3.509
smw,smw,s-m-w,73,2,10.05
smw,smw,s-m-w,76,2,8.23
smw,smw,s-m-w,77,1,5.525
smw,smw,s-m-w,78,2,11.561
smw,smw,s-m-w,79,1,5.587
smw,smw,s-m-w,81,1,9.615
smw,smw,s-m-w,82,1,12.5
smw,smw,s-m-w,84,1,9.346
smw,smw,s-m-w,85,2,18.349
smw,smw,s-m-w,86,2,32.787
smw,smw,s-m-w,87,2,27.778
smw,smw,s-m-w,88,1,10.87
smw,smw,s-m-w,91,1,18.519
smw,smw,s-m-w,96,1,13.889
snbl,snbl,s-n-b-l,2,2,0.327
snbl,snbl,s-n-b-l,12,3,1.688
snd,snd,s-n-d,63,1,5.556
snh,snh,s-n-h,2,1,0.164
snm,snm,s-n-m,83,1,5.917
snn,snn,s-n-n,3,1,0.287
snn,snn,s-n-n,4,1,0.267
snn,snn,s-n-n,5,2,0.713
snn,snn,s-n-n,8,1,0.811
snn,snn,s-n-n,15,4,6.107
snn,snn,s-n-n,17,2,1.285
snn,snn,s-n-n,18,1,0.633
snn,snn,s-n-n,33,3,2.331
snn,snn,s-n-n,35,3,3.871
snn,snn,s-n-n,40,1,0.82
snn,snn,s-n-n,48,2,3.571
snw,snw,s-n-w,2,1,0.164
snw,snw,s-n-w,5,1,0.357
snw,snw,s-n-w,7,1,0.301
snw,snw,s-n-w,10,1,0.546
snw,snw,s-n-w,12,2,1.125
snw,snw,s-n-w,17,1,0.643
snw,snw,s-n-w,18,2,1.267
snw,snw,s-n-w,20,1,0.749
snw,snw,s-n-w,22,1,0.785
snw,snw,s-n-w,23,1,0.952
snw,snw,s-n-w,24,1,0.76
snw,snw,s-n-w,26,2,1.517
snw,snw,s-n-w,29,1,1.025
snw,snw,s-n-w,30,1,1.224
snw,snw,s-n-w,32,1,2.688
snw,snw,s-n-w,46,1,1.555
snw,snw,s-n-w,70,1,4.608
sqT,squT,s-q-ṭ,6,1,0.328
sqT,squT,s-q-ṭ,7,1,0.301
sqT,squT,s-q-ṭ,9,1,0.4
sqT,squT,s-q-ṭ,17,1,0.643
sqT,squT,s-q-ṭ,19,1,1.041
sqT,squT,s-q-ṭ,26,1,0.759
sqT,squT,s-q-ṭ,34,1,1.133
sqT,squT,s-q-ṭ,52,1,3.205
sqf,sqf,s-q-f,16,1,0.542
sqf,sqf,s-q-f,21,1,0.855
sqf,sqf,s-q-f,43,1,1.205
sqf,sqf,s-q-f,52,1,3.205
sqm,sqm,s-q-m,37,2,2.326
sqy,sqy,s-q-y,2,2,0.327
sqy,sqy,s-q-y,7,1,0.301
sqy,sqy,s-q-y,9,1,0.4
sqy,sqy,s-q-y,12,2,1.125
sqy,sqy,s-q-y,13,1,1.172
sqy,sqy,s-q-y,14,1,1.205
sqy,sqy,s-q-y,15,1,1.527
sqy,sqy,s-q-y,16,1,0.542
sqy,sqy,s-q-y,23,1,0.952
sqy,sqy,s-q-y,25,1,1.12
sqy,sqy,s-q-y,26,1,0.759
sqy,sqy,s-q-y,28,4,2.797
sqy,sqy,s-q-y,47,1,1.855
sqy,sqy,s-q-y,72,1,3.509
sqy,sqy,s-q-y,76,2,8.23
sqy,sqy,s-q-y,77,1,5.525
sqy,sqy,s-q-y,83,1,5.917
sqy,sqy,s-q-y,88,1,10.87
sqy,sqy,s-q-y,91,1,18.519
srE,sruE,s-r-ʿ,2,1,0.164
srE,sruE,s-r-ʿ,3,5,1.436
srE,sruE,s-r-ʿ,5,4,1.427
srE,sruE,s-r-ʿ,6,2,0.656
srE,sruE,s-r-ʿ,7,1,0.301
srE,sruE,s-r-ʿ,10,1,0.546
srE,sruE,s-r-ʿ,13,1,1.172
srE,sruE,s-r-ʿ,14,1,1.205
srE,sruE,s-r-ʿ,21,1,0.855
srE,sruE,s-r-ʿ,23,2,1.905
srE,sruE,s-r-ʿ,24,1,0.76
srE,sruE,s-r-ʿ,40,1,0.82
srE,sruE,s-r-ʿ,50,1,2.681
srE,sruE,s-r-ʿ,70,1,4.608
srH,sruH,s-r-ḥ,2,2,0.327
srH,sruH,s-r-ḥ,16,1,0.542
srH,sruH,s-r-ḥ,33,4,3.108
srb,srb,s-r-b,13,1,1.172
srb,srb,s-r-b,18,1,0.633
srb,srb,s-r-b,24,1,0.76
srb,srb,s-r-b,78,1,5.78
srbl,srbl,s-r-b-l,14,1,1.205
srbl,srbl,s-r-b-l,16,2,1.085
srd,srd,s-r-d,34,1,1.133
srdq,srdq,s-r-d-q,18,1,0.633
srf,srf,s-r-f,3,1,0.287
srf,srf,s-r-f,4,1,0.267
srf,srf,s-r-f,5,1,0.357
srf,srf,s-r-f,6,2,0.656
srf,srf,s-r-f,7,3,0.904
srf,srf,s-r-f,10,2,1.091
srf,srf,s-r-f,17,1,0.643
srf,srf,s-r-f,20,1,0.749
srf,srf,s-r-f,21,1,0.855
srf,srf,s-r-f,25,1,1.12
srf,srf,s-r-f,26,1,0.759
srf,srf,s-r-f,36,1,1.379
srf,srf,s-r-f,39,1,0.853
srf,srf,s-r-f,40,3,2.461
srf,srf,s-r-f,43,1,1.205
srf,srf,s-r-f,44,1,2.89
srf,srf,s-r-f,51,1,2.778
srj,srj,s-r-j,25,1,1.12
srj,srj,s-r-j,33,1,0.777
srj,srj,s-r-j,71,1,4.425
srj,srj,s-r-j,78,1,5.78
srmd,srmd,s-r-m-d,28,2,1.399
srq,srq,s-r-q,5,2,0.713
srq,srq,s-r-q,12,5,2.814
srq,srq,s-r-q,15,1,1.527
srq,srq,s-r-q,60,1,2.874
srr,srr,s-r-r,2,4,0.654
srr,srr,s-r-r,3,1,0.287
srr,srr,s-r-r,5,1,0.357
srr,srr,s-r-r,6,1,0.328
srr,srr,s-r-r,7,1,0.301
srr,srr,s-r-r,9,1,0.4
srr,srr,s-r-r,10,1,0.546
srr,srr,s-r-r,11,1,0.522
srr,srr,s-r-r,12,2,1.125
srr,srr,s-r-r,13,2,2.345
srr,srr,s-r-r,14,1,1.205
srr,srr,s-r-r,15,1,1.527
srr,srr,s-r-r,16,3,1.627
srr,srr,s-r-r,20,2,1.498
srr,srr,s-r-r,21,1,0.855
srr,srr,s-r-r,25,1,1.12
srr,srr,s-r-r,34,1,1.133
srr,srr,s-r-r,35,1,1.29
srr,srr,s-r-r,36,1,1.379
srr,srr,s-r-r,37,1,1.163
srr,srr,s-r-r,43,2,2.41
srr,srr,s-r-r,47,1,1.855
srr,srr,s-r-r,52,1,3.205
srr,srr,s-r-r,56,1,2.639
srr,srr,s-r-r,60,1,2.874
srr,srr,s-r-r,64,1,4.149
srr,srr,s-r-r,66,1,4.016
srr,srr,s-r-r,67,1,3.003
srr,srr,s-r-r,71,2,8.85
srr,srr,s-r-r,76,1,4.115
srr,srr,s-r-r,84,2,18.692
srr,srr,s-r-r,86,1,16.393
srr,srr,s-r-r,88,1,10.87
sry,sry,s-r-y,11,1,0.522
sry,sry,s-r-y,15,1,1.527
sry,sry,s-r-y,17,1,0.643
sry,sry,s-r-y,19,1,1.041
sry,sry,s-r-y,20,1,0.749
sry,sry,s-r-y,26,1,0.759
sry,sry,s-r-y,44,1,2.89
sry,sry,s-r-y,89,1,7.299
str,str,s-t-r,17,1,0.643
str,str,s-t-r,18,1,0.633
str,str,s-t-r,41,1,1.259
stt,stt,s-t-t,7,1,0.301
stt,stt,s-t-t,10,1,0.546
stt,stt,s-t-t,11,1,0.522
stt,stt,s-t-t,25,1,1.12
stt,stt,s-t-t,32,1,2.688
stt,stt,s-t-t,50,1,2.681
stt,stt,s-t-t,57,1,1.742
stt,stt,s-t-t,58,1,2.119
swA,swuA,s-w-a,2,4,0.654
swA,swuA,s-w-a,3,6,1.724
swA,swuA,s-w-a,4,14,3.736
swA,swuA,s-w-a,5,6,2.14
swA,swuA,s-w-a,6,5,1.639
swA,swuA,s-w-a,7,14,4.217
swA,swuA,s-w-a,8,1,0.811
swA,swuA,s-w-a,9,5,2.002
swA,swuA,s-w-a,10,2,1.091
swA,swuA,s-w-a,11,6,3.13
swA,swuA,s-w-a,12,4,2.251
swA,swuA,s-w-a,13,6,7.034
swA,swuA,s-w-a,14,1,1.205
swA,swuA,s-w-a,16,10,5.423
swA,swuA,s-w-a,17,4,2.571
swA,swuA,s-w-a,18,1,0.633
swA,swuA,s-w-a,19,1,1.041
swA,swuA,s-w-a,20,3,2.247
swA,swuA,s-w-a,21,2,1.711
swA,swuA,s-w-a,23,1,0.952
swA,swuA,s-w-a,25,3,3.359
swA,swuA,s-w-a,26,2,1.517
swA,swuA,s-w-a,27,7,6.082
swA,swuA,s-w-a,28,4,2.797
swA,swuA,s-w-a,29,4,4.098
swA,swuA,s-w-a,30,3,3.672
swA,swuA,s-w-a,33,1,0.777
swA,swuA,s-w-a,35,4,5.161
swA,swuA,s-w-a,37,1,1.163
swA,swuA,s-w-a,39,7,5.973
swA,swuA,s-w-a,40,8,6.563
swA,swuA,s-w-a,41,3,3.778
swA,swuA,s-w-a,42,4,4.651
swA,swuA,s-w-a,45,4,8.197
swA,swuA,s-w-a,46,1,1.555
swA,swuA,s-w-a,47,2,3.711
swA,swuA,s-w-a,48,5,8.929
swA,swuA,s-w-a,53,1,2.778
swA,swuA,s-w-a,58,1,2.119
swA,swuA,s-w-a,60,1,2.874
swA,swuA,s-w-a,63,1,5.556
swA,swuA,s-w-a,64,1,4.149
swA,swuA,s-w-a,65,1,3.484
swA,swuA,s-w-a,66,1,4.016
swA,swuA,s-w-a,67,1,3.003
swE,swuE,s-w-ʿ,6,2,0.656
swE,swuE,s-w-ʿ,7,2,0.602
swE,swuE,s-w-ʿ,9,1,0.4
swE,swuE,s-w-ʿ,10,2,1.091
swE,swuE,s-w-ʿ,12,1,0.563
swE,swuE,s-w-ʿ,15,1,1.527
swE,swuE,s-w-ʿ,16,2,1.085
swE,swuE,s-w-ʿ,18,2,1.267
swE,swuE,s-w-ʿ,19,1,1.041
swE,swuE,s-w-ʿ,20,1,0.749
swE,swuE,s-w-ʿ,21,1,0.855
swE,swuE,s-w-ʿ,22,3,2.355
swE,swuE,s-w-ʿ,25,2,2.24
swE,swuE,s-w-ʿ,30,4,4.896
swE,swuE,s-w-ʿ,31,1,1.832
swE,swuE,s-w-ʿ,33,2,1.554
swE,swuE,s-w-ʿ,34,2,2.265
swE,swuE,s-w-ʿ,40,2,1.641
swE,swuE,s-w-ʿ,41,2,2.519
swE,swuE,s-w-ʿ,42,2,2.326
swE,swuE,s-w-ʿ,43,3,3.614
swE,swuE,s-w-ʿ,45,3,6.148
swE,swuE,s-w-ʿ,46,1,1.555
swE,swuE,s-w-ʿ,47,1,1.855
swE,swuE,s-w-ʿ,54,3,8.772
swE,swuE,s-w-ʿ,71,1,4.425
swE,swuE,s-w-ʿ,79,1,5.587
swH,swuH,s-w-ḥ,37,1,1.163
swT,swuT,s-w-ṭ,89,1,7.299
swd,swd,s-w-d,2,1,0.164
swd,swd,s-w-d,3,3,0.862
swd,swd,s-w-d,12,1,0.563
swd,swd,s-w-d,16,1,0.542
swd,swd,s-w-d,33,1,0.777
swd,swd,s-w-d,35,1,1.29
swd,swd,s-w-d,39,1,0.853
swd,swd,s-w-d,43,1,1.205
swg,swg,s-w-gh,14,1,1.205
swg,swg,s-w-gh,16,1,0.542
swg,swg,s-w-gh,35,1,1.29
swl,swl,s-w-l,12,2,1.125
swl,swl,s-w-l,20,1,0.749
swl,swl,s-w-l,47,1,1.855
swm,swm,s-w-m,2,2,0.327
swm,swm,s-w-m,3,2,0.575
swm,swm,s-w-m,7,4,1.205
swm,swm,s-w-m,11,1,0.522
swm,swm,s-w-m,14,1,1.205
swm,swm,s-w-m,16,1,0.542
swm,swm,s-w-m,47,1,1.855
swm,swm,s-w-m,48,1,1.786
swm,swm,s-w-m,51,1,2.778
swm,swm,s-w-m,55,1,2.849
swq,swq,s-w-q,7,1,0.301
swq,swq,s-w-q,8,1,0.811
swq,swq,s-w-q,19,1,1.041
swq,swq,s-w-q,25,2,2.24
swq,swq,s-w-q,27,1,0.869
swq,swq,s-w-q,32,1,2.688
swq,swq,s-w-q,35,1,1.29
swq,swq,s-w-q,38,1,1.364
swq,swq,s-w-q,39,2,1.706
swq,swq,s-w-q,48,1,1.786
swq,swq,s-w-q,50,1,2.681
swq,swq,s-w-q,68,1,3.333
swq,swq,s-w-q,75,3,18.293
swr,swr,s-w-r,2,1,0.164
swr,swr,s-w-r,9,4,1.601
swr,swr,s-w-r,10,1,0.546
swr,swr,s-w-r,11,1,0.522
swr,swr,s-w-r,18,1,0.633
swr,swr,s-w-r,22,1,0.785
swr,swr,s-w-r,24,1,0.76
swr,swr,s-w-r,35,1,1.29
swr,swr,s-w-r,38,1,1.364
swr,swr,s-w-r,43,1,1.205
swr,swr,s-w-r,47,2,3.711
swr,swr,s-w-r,57,1,1.742
swr,swr,s-w-r,76,1,4.115
swy,swy,s-w-y,2,4,0.654
swy,swy,s-w-y,3,2,0.575
swy,swy,s-w-y,4,3,0.801
swy,swy,s-w-y,5,4,1.427
swy,swy,s-w-y,6,1,0.328
swy,swy,s-w-y,7,2,0.602
swy,swy,s-w-y,8,1,0.811
swy,swy,s-w-y,9,1,0.4
swy,swy,s-w-y,10,1,0.546
swy,swy,s-w-y,11,2,1.043
swy,swy,s-w-y,13,4,4.689
swy,swy,s-w-y,14,1,1.205
swy,swy,s-w-y,15,1,1.527
swy,swy,s-w-y,16,3,1.627
swy,swy,s-w-y,18,2,1.267
swy,swy,s-w-y,19,3,3.122
swy,swy,s-w-y,20,3,2.247
swy,swy,s-w-y,21,1,0.855
swy,swy,s-w-y,22,1,0.785
swy,swy,s-w-y,23,1,0.952
swy,swy,s-w-y,25,1,1.12
swy,swy,s-w-y,26,2,1.517
swy,swy,s-w-y,28,2,1.399
swy,swy,s-w-y,30,1,1.224
swy,swy,s-w-y,32,3,8.065
swy,swy,s-w-y,35,3,3.871
swy,swy,s-w-y,36,1,1.379
swy,swy,s-w-y,37,1,1.163
swy,swy,s-w-y,38,2,2.729
swy,swy,s-w-y,39,2,1.706
swy,swy,s-w-y,40,1,0.82
swy,swy,s-w-y,41,3,3.778
swy,swy,s-w-y,43,2,2.41
swy,swy,s-w-y,44,1,2.89
swy,swy,s-w-y,45,1,2.049
swy,swy,s-w-y,48,1,1.786
swy,swy,s-w-y,52,1,3.205
swy,swy,s-w-y,53,1,2.778
swy,swy,s-w-y,57,2,3.484
swy,swy,s-w-y,59,1,2.247
swy,swy,s-w-y,60,1,2.874
swy,swy,s-w-y,63,1,5.556
swy,swy,s-w-y,67,1,3.003
swy,swy,s-w-y,75,2,12.195
swy,swy,s-w-y,79,1,5.587
swy,swy,s-w-y,82,1,12.5
swy,swy,s-w-y,87,1,13.889
swy,swy,s-w-y,91,2,37.037
sxT,sxuT,s-kh-ṭ,3,1,0.287
sxT,sxuT,s-kh-ṭ,5,1,0.357
sxT,sxuT,s-kh-ṭ,9,1,0.4
sxT,sxuT,s-kh-ṭ,47,1,1.855
sxr,sxr,s-kh-r,2,2,0.327
sxr,sxr,s-kh-r,6,1,0.328
sxr,sxr,s-kh-r,7,1,0.301
sxr,sxr,s-kh-r,9,2,0.801
sxr,sxr,s-kh-r,11,4,2.087
sxr,sxr,s-kh-r,13,1,1.172
sxr,sxr,s-kh-r,14,4,4.819
sxr,sxr,s-kh-r,16,4,2.169
sxr,sxr,s-kh-r,21,2,1.711
sxr,sxr,s-kh-r,22,3,2.355
sxr,sxr,s-kh-r,23,1,0.952
sxr,sxr,s-kh-r,29,1,1.025
sxr,sxr,s-kh-r,31,2,3.663
sxr,sxr,s-kh-r,35,1,1.29
sxr,sxr,s-kh-r,37,2,2.326
sxr,sxr,s-kh-r,38,3,4.093
sxr,sxr,s-kh-r,39,2,1.706
sxr,sxr,s-kh-r,43,2,2.41
sxr,sxr,s-kh-r,45,2,4.098
sxr,sxr,s-kh-r,49,1,2.882
sxr,sxr,s-kh-r,69,1,3.876
syH,syuH,s-y-ḥ,9,2,0.801
syH,syuH,s-y-ḥ,66,1,4.016
syb,syb,s-y-b,5,1,0.357
syl,syl,s-y-l,13,2,2.345
syl,syl,s-y-l,34,2,2.265
syr,syr,s-y-r,3,1,0.287
syr,syr,s-y-r,5,1,0.357
syr,syr,s-y-r,6,1,0.328
syr,syr,s-y-r,10,1,0.546
syr,syr,s-y-r,12,3,1.688
syr,syr,s-y-r,13,1,1.172
syr,syr,s-y-r,16,1,0.542
syr,syr,s-y-r,18,1,0.633
syr,syr,s-y-r,20,1,0.749
syr,syr,s-y-r,22,1,0.785
syr,syr,s-y-r,27,1,0.869
syr,syr,s-y-r,28,1,0.699
syr,syr,s-y-r,29,1,1.025
syr,syr,s-y-r,30,2,2.448
syr,syr,s-y-r,34,2,2.265
syr,syr,s-y-r,35,1,1.29
syr,syr,s-y-r,40,2,1.641
syr,syr,s-y-r,47,1,1.855
syr,syr,s-y-r,52,2,6.41
syr,syr,s-y-r,78,1,5.78
syr,syr,s-y-r,81,1,9.615
tEs,tuEs,t-ʿ-s,47,1,1.855
tHt,tuHt,t-ḥ-t,2,2,0.327
tHt,tuHt,t-ḥ-t,3,4,1.149
tHt,tuHt,t-ḥ-t,4,3,0.801
tHt,tuHt,t-ḥ-t,5,4,1.427
tHt,tuHt,t-ḥ-t,6,2,0.656
tHt,tuHt,t-ḥ-t,7,1,0.301
tHt,tuHt,t-ḥ-t,9,3,1.201
tHt,tuHt,t-ḥ-t,10,1,0.546
tHt,tuHt,t-ḥ-t,13,1,1.172
tHt,tuHt,t-ḥ-t,14,1,1.205
tHt,tuHt,t-ḥ-t,16,1,0.542
tHt,tuHt,t-ḥ-t,18,2,1.267
tHt,tuHt,t-ḥ-t,19,2,2.081
tHt,tuHt,t-ḥ-t,20,2,1.498
tHt,tuHt,t-ḥ-t,22,2,1.57
tHt,tuHt,t-ḥ-t,25,1,1.12
tHt,tuHt,t-ḥ-t,29,2,2.049
tHt,tuHt,t-ḥ-t,39,2,1.706
tHt,tuHt,t-ḥ-t,41,1,1.259
tHt,tuHt,t-ḥ-t,43,1,1.205
tHt,tuHt,t-ḥ-t,47,1,1.855
tHt,tuHt,t-ḥ-t,48,3,5.357
tHt,tuHt,t-ḥ-t,57,1,1.742
tHt,tuHt,t-ḥ-t,58,1,2.119
tHt,tuHt,t-ḥ-t,61,1,4.525
tHt,tuHt,t-ḥ-t,64,1,4.149
tHt,tuHt,t-ḥ-t,65,1,3.484
tHt,tuHt,t-ḥ-t,66,2,8.032
tHt,tuHt,t-ḥ-t,85,1,9.174
tHt,tuHt,t-ḥ-t,98,1,10.638
tbE,tbuE,t-b-ʿ,2,19,3.107
tbE,tbuE,t-b-ʿ,3,11,3.16
tbE,tbuE,t-b-ʿ,4,7,1.868
tbE,tbuE,t-b-ʿ,5,4,1.427
tbE,tbuE,t-b-ʿ,6,10,3.279
tbE,tbuE,t-b-ʿ,7,12,3.614
tbE,tbuE,t-b-ʿ,8,1,0.811
tbE,tbuE,t-b-ʿ,9,3,1.201
tbE,tbuE,t-b-ʿ,10,8,4.364
tbE,tbuE,t-b-ʿ,11,6,3.13
tbE,tbuE,t-b-ʿ,12,2,1.125
tbE,tbuE,t-b-ʿ,13,1,1.172
tbE,tbuE,t-b-ʿ,14,3,3.614
tbE,tbuE,t-b-ʿ,15,3,4.58
tbE,tbuE,t-b-ʿ,16,1,0.542
tbE,tbuE,t-b-ʿ,17,3,1.928
tbE,tbuE,t-b-ʿ,18,6,3.8
tbE,tbuE,t-b-ʿ,19,2,2.081
tbE,tbuE,t-b-ʿ,20,8,5.993
tbE,tbuE,t-b-ʿ,22,1,0.785
tbE,tbuE,t-b-ʿ,23,2,1.905
tbE,tbuE,t-b-ʿ,24,3,2.28
tbE,tbuE,t-b-ʿ,25,1,1.12
tbE,tbuE,t-b-ʿ,26,6,4.552
tbE,tbuE,t-b-ʿ,28,7,4.895
tbE,tbuE,t-b-ʿ,29,1,1.025
tbE,tbuE,t-b-ʿ,30,1,1.224
tbE,tbuE,t-b-ʿ,31,3,5.495
tbE,tbuE,t-b-ʿ,33,1,0.777
tbE,tbuE,t-b-ʿ,34,1,1.133
tbE,tbuE,t-b-ʿ,36,3,4.138
tbE,tbuE,t-b-ʿ,37,1,1.163
tbE,tbuE,t-b-ʿ,38,2,2.729
tbE,tbuE,t-b-ʿ,39,2,1.706
tbE,tbuE,t-b-ʿ,40,3,2.461
tbE,tbuE,t-b-ʿ,42,1,1.163
tbE,tbuE,t-b-ʿ,43,1,1.205
tbE,tbuE,t-b-ʿ,44,1,2.89
tbE,tbuE,t-b-ʿ,45,2,4.098
tbE,tbuE,t-b-ʿ,46,1,1.555
tbE,tbuE,t-b-ʿ,47,5,9.276
tbE,tbuE,t-b-ʿ,48,2,3.571
tbE,tbuE,t-b-ʿ,52,1,3.205
tbE,tbuE,t-b-ʿ,53,2,5.556
tbE,tbuE,t-b-ʿ,54,2,5.848
tbE,tbuE,t-b-ʿ,57,1,1.742
tbE,tbuE,t-b-ʿ,58,1,2.119
tbE,tbuE,t-b-ʿ,71,1,4.425
tbE,tbuE,t-b-ʿ,75,1,6.098
tbE,tbuE,t-b-ʿ,77,1,5.525
tbE,tbuE,t-b-ʿ,79,1,5.587
tbb,tbb,t-b-b,11,1,0.522
tbb,tbb,t-b-b,40,1,0.82
tbb,tbb,t-b-b,111,2,86.957
tbr,tbr,t-b-r,7,1,0.301
tbr,tbr,t-b-r,17,2,1.285
tbr,tbr,t-b-r,25,2,2.24
tbr,tbr,t-b-r,71,1,4.425
tfv,tfv,t-f-th,22,1,0.785
tjr,tjr,t-j-r,2,2,0.327
tjr,tjr,t-j-r,4,1,0.267
tjr,tjr,t-j-r,9,1,0.4
tjr,tjr,t-j-r,24,1,0.76
tjr,tjr,t-j-r,35,1,1.29
tjr,tjr,t-j-r,61,1,4.525
tjr,tjr,t-j-r,62,2,11.429
tll,tll,t-l-l,37,1,1.163
tlw,tlw,t-l-w,2,8,1.308
tlw,tlw,t-l-w,3,6,1.724
tlw,tlw,t-l-w,4,1,0.267
tlw,tlw,t-l-w,5,2,0.713
tlw,tlw,t-l-w,6,1,0.328
tlw,tlw,t-l-w,7,1,0.301
tlw,tlw,t-l-w,8,2,1.622
tlw,tlw,t-l-w,10,4,2.182
tlw,tlw,t-l-w,11,1,0.522
tlw,tlw,t-l-w,13,1,1.172
tlw,tlw,t-l-w,17,1,0.643
tlw,tlw,t-l-w,18,2,1.267
tlw,tlw,t-l-w,19,2,2.081
tlw,tlw,t-l-w,22,3,2.355
tlw,tlw,t-l-w,23,2,1.905
tlw,tlw,t-l-w,26,1,0.759
tlw,tlw,t-l-w,27,1,0.869
tlw,tlw,t-l-w,28,4,2.797
tlw,tlw,t-l-w,29,3,3.074
tlw,tlw,t-l-w,31,1,1.832
tlw,tlw,t-l-w,33,1,0.777
tlw,tlw,t-l-w,34,1,1.133
tlw,tlw,t-l-w,35,1,1.29
tlw,tlw,t-l-w,37,1,1.163
tlw,tlw,t-l-w,39,1,0.853
tlw,tlw,t-l-w,45,4,8.197
tlw,tlw,t-l-w,46,1,1.555
tlw,tlw,t-l-w,62,1,5.714
tlw,tlw,t-l-w,65,1,3.484
tlw,tlw,t-l-w,68,1,3.333
tlw,tlw,t-l-w,83,1,5.917
tlw,tlw,t-l-w,91,1,18.519
tlw,tlw,t-l-w,98,1,10.638
tmm,tmm,t-m-m,2,5,0.818
tmm,tmm,t-m-m,5,2,0.713
tmm,tmm,t-m-m,6,2,0.656
tmm,tmm,t-m-m,7,3,0.904
tmm,tmm,t-m-m,9,2,0.801
tmm,tmm,t-m-m,11,1,0.522
tmm,tmm,t-m-m,12,2,1.125
tmm,tmm,t-m-m,16,1,0.542
tmm,tmm,t-m-m,28,1,0.699
tmm,tmm,t-m-m,48,1,1.786
tmm,tmm,t-m-m,61,1,4.525
tmm,tmm,t-m-m,66,1,4.016
tqn,tqn,t-q-n,27,1,0.869
trb,trb,t-r-b,2,1,0.164
trb,trb,t-r-b,3,1,0.287
trb,trb,t-r-b,13,1,1.172
trb,trb,t-r-b,16,1,0.542
trb,trb,t-r-b,18,1,0.633
trb,trb,t-r-b,22,1,0.785
trb,trb,t-r-b,23,2,1.905
trb,trb,t-r-b,27,1,0.869
trb,trb,t-r-b,30,1,1.224
trb,trb,t-r-b,35,1,1.29
trb,trb,t-r-b,37,2,2.326
trb,trb,t-r-b,38,1,1.364
trb,trb,t-r-b,40,1,0.82
trb,trb,t-r-b,50,1,2.681
trb,trb,t-r-b,56,2,5.277
trb,trb,t-r-b,78,2,11.561
trb,trb,t-r-b,86,1,16.393
trb,trb,t-r-b,90,1,12.195
trf,trf,t-r-f,11,1,0.522
trf,trf,t-r-f,17,1,0.643
trf,trf,t-r-f,21,1,0.855
trf,trf,t-r-f,23,2,1.905
trf,trf,t-r-f,34,1,1.133
trf,trf,t-r-f,43,1,1.205
trf,trf,t-r-f,56,1,2.639
trk,trk,t-r-k,2,4,0.654
trk,trk,t-r-k,4,12,3.203
trk,trk,t-r-k,6,1,0.328
trk,trk,t-r-k,7,1,0.301
trk,trk,t-r-k,9,1,0.4
trk,trk,t-r-k,11,3,1.565
trk,trk,t-r-k,12,2,1.125
trk,trk,t-r-k,16,1,0.542
trk,trk,t-r-k,18,1,0.633
trk,trk,t-r-k,23,1,0.952
trk,trk,t-r-k,26,1,0.759
trk,trk,t-r-k,29,2,2.049
trk,trk,t-r-k,35,1,1.29
trk,trk,t-r-k,37,5,5.814
trk,trk,t-r-k,44,2,5.78
trk,trk,t-r-k,51,1,2.778
trk,trk,t-r-k,54,1,2.924
trk,trk,t-r-k,59,1,2.247
trk,trk,t-r-k,62,1,5.714
trk,trk,t-r-k,75,1,6.098
trq,trq,t-r-q,75,1,6.098
tsE,tsuE,t-s-ʿ,17,1,0.643
tsE,tsuE,t-s-ʿ,18,1,0.633
tsE,tsuE,t-s-ʿ,27,2,1.738
tsE,tsuE,t-s-ʿ,38,2,2.729
tsE,tsuE,t-s-ʿ,74,1,3.922
twb,twb,t-w-b,2,13,2.126
twb,twb,t-w-b,3,3,0.862
twb,twb,t-w-b,4,12,3.203
twb,twb,t-w-b,5,5,1.783
twb,twb,t-w-b,6,1,0.328
twb,twb,t-w-b,7,2,0.602
twb,twb,t-w-b,9,17,6.805
twb,twb,t-w-b,11,5,2.608
twb,twb,t-w-b,13,1,1.172
twb,twb,t-w-b,16,1,0.542
twb,twb,t-w-b,19,1,1.041
twb,twb,t-w-b,20,2,1.498
twb,twb,t-w-b,24,3,2.28
twb,twb,t-w-b,25,4,4.479
twb,twb,t-w-b,28,1,0.699
twb,twb,t-w-b,33,2,1.554
twb,twb,t-w-b,40,2,1.641
twb,twb,t-w-b,42,1,1.163
twb,twb,t-w-b,46,1,1.555
twb,twb,t-w-b,49,2,5.764
twb,twb,t-w-b,58,1,2.119
twb,twb,t-w-b,66,4,16.064
twb,twb,t-w-b,73,1,5.025
twb,twb,t-w-b,85,1,9.174
twb,twb,t-w-b,110,1,52.632
twr,twr,t-w-r,17,1,0.643
twr,twr,t-w-r,20,1,0.749
tyh,tyh,t-y-h,5,1,0.357
tyn,tyn,t-y-n,95,1,29.412
vEb,vuEb,th-ʿ-b,7,1,0.301
vEb,vuEb,th-ʿ-b,26,1,0.759
vbT,vbuT,th-b-ṭ,9,1,0.4
vbr,vbr,th-b-r,17,1,0.643
vbr,vbr,th-b-r,25,3,3.359
vbr,vbr,th-b-r,84,1,9.346
vbt,vbt,th-b-t,2,2,0.327
vbt,vbt,th-b-t,3,1,0.287
vbt,vbt,th-b-t,4,1,0.267
vbt,vbt,th-b-t,8,4,3.244
vbt,vbt,th-b-t,11,1,0.522
vbt,vbt,th-b-t,13,1,1.172
vbt,vbt,th-b-t,14,3,3.614
vbt,vbt,th-b-t,16,2,1.085
vbt,vbt,th-b-t,17,1,0.643
vbt,vbt,th-b-t,25,1,1.12
vbt,vbt,th-b-t,47,1,1.855
vby,vby,th-b-y,4,1,0.267
vjj,vjj,th-j-j,78,1,5.78
vll,vll,th-l-l,56,3,7.916
vlv,vlv,th-l-th,2,2,0.327
vlv,vlv,th-l-th,3,2,0.575
vlv,vlv,th-l-th,4,6,1.601
vlv,vlv,th-l-th,5,3,1.07
vlv,vlv,th-l-th,7,1,0.301
vlv,vlv,th-l-th,9,1,0.4
vlv,vlv,th-l-th,11,1,0.522
vlv,vlv,th-l-th,18,2,1.267
vlv,vlv,th-l-th,19,1,1.041
vlv,vlv,th-l-th,24,2,1.52
vlv,vlv,th-l-th,35,1,1.29
vlv,vlv,th-l-th,36,1,1.379
vlv,vlv,th-l-th,39,1,0.853
vlv,vlv,th-l-th,46,1,1.555
vlv,vlv,th-l-th,53,1,2.778
vlv,vlv,th-l-th,56,1,2.639
vlv,vlv,th-l-th,58,1,2.119
vlv,vlv,th-l-th,65,1,3.484
vlv,vlv,th-l-th,73,2,10.05
vlv,vlv,th-l-th,77,1,5.525
vmn,vmn,th-m-n,2,3,0.491
vmn,vmn,th-m-n,3,3,0.862
vmn,vmn,th-m-n,4,1,0.267
vmn,vmn,th-m-n,5,2,0.713
vmn,vmn,th-m-n,6,1,0.328
vmn,vmn,th-m-n,9,1,0.4
vmn,vmn,th-m-n,12,1,0.563
vmn,vmn,th-m-n,16,1,0.542
vmn,vmn,th-m-n,18,1,0.633
vmn,vmn,th-m-n,24,1,0.76
vmn,vmn,th-m-n,28,1,0.699
vmn,vmn,th-m-n,39,1,0.853
vmn,vmn,th-m-n,69,2,7.752
vmr,vmr,th-m-r,2,5,0.818
vmr,vmr,th-m-r,6,4,1.311
vmr,vmr,th-m-r,7,2,0.602
vmr,vmr,th-m-r,13,1,1.172
vmr,vmr,th-m-r,14,2,2.41
vmr,vmr,th-m-r,16,3,1.627
vmr,vmr,th-m-r,18,2,1.267
vmr,vmr,th-m-r,28,1,0.699
vmr,vmr,th-m-r,35,1,1.29
vmr,vmr,th-m-r,36,1,1.379
vmr,vmr,th-m-r,41,1,1.259
vmr,vmr,th-m-r,47,1,1.855
vny,vny,th-n-y,2,1,0.164
vny,vny,th-n-y,4,3,0.801
vny,vny,th-n-y,5,2,0.713
vny,vny,th-n-y,6,4,1.311
vny,vny,th-n-y,7,2,0.602
vny,vny,th-n-y,9,3,1.201
vny,vny,th-n-y,11,2,1.043
vny,vny,th-n-y,13,1,1.172
vny,vny,th-n-y,15,1,1.527
vny,vny,th-n-y,16,1,0.542
vny,vny,th-n-y,22,1,0.785
vny,vny,th-n-y,23,1,0.952
vny,vny,th-n-y,34,1,1.133
vny,vny,th-n-y,35,1,1.29
vny,vny,th-n-y,36,1,1.379
vny,vny,th-n-y,39,1,0.853
vny,vny,th-n-y,40,2,1.641
vny,vny,th-n-y,68,1,3.333
vqb,vqb,th-q-b,37,1,1.163
vqb,vqb,th-q-b,86,1,16.393
vqf,vqf,th-q-f,2,1,0.164
vqf,vqf,th-q-f,3,1,0.287
vqf,vqf,th-q-f,4,1,0.267
vqf,vqf,th-q-f,8,1,0.811
vqf,vqf,th-q-f,33,1,0.777
vqf,vqf,th-q-f,60,1,2.874
vql,vql,th-q-l,4,1,0.267
vql,vql,th-q-l,7,4,1.205
vql,vql,th-q-l,9,2,0.801
vql,vql,th-q-l,10,1,0.546
vql,vql,th-q-l,13,1,1.172
vql,vql,th-q-l,16,1,0.542
vql,vql,th-q-l,21,1,0.855
vql,vql,th-q-l,23,1,0.952
vql,vql,th-q-l,29,3,3.074
vql,vql,th-q-l,31,1,1.832
vql,vql,th-q-l,34,2,2.265
vql,vql,th-q-l,35,1,1.29
vql,vql,th-q-l,52,1,3.205
vql,vql,th-q-l,55,1,2.849
vql,vql,th-q-l,68,1,3.333
vql,vql,th-q-l,73,1,5.025
vql,vql,th-q-l,76,1,4.115
vql,vql,th-q-l,99,3,83.333
vql,vql,th-q-l,101,1,27.778
vrb,vrb,th-r-b,12,1,0.563
vry,vry,th-r-y,20,1,0.749
vwb,vwb,th-w-b,2,2,0.327
vwb,vwb,th-w-b,3,7,2.011
vwb,vwb,th-w-b,4,2,0.534
vwb,vwb,th-w-b,5,2,0.713
vwb,vwb,th-w-b,11,1,0.522
vwb,vwb,th-w-b,18,4,2.533
vwb,vwb,th-w-b,19,1,1.041
vwb,vwb,th-w-b,22,1,0.785
vwb,vwb,th-w-b,24,2,1.52
vwb,vwb,th-w-b,28,1,0.699
vwb,vwb,th-w-b,48,1,1.786
vwb,vwb,th-w-b,71,1,4.425
vwb,vwb,th-w-b,74,1,3.922
vwb,vwb,th-w-b,76,1,4.115
vwb,vwb,th-w-b,83,1,5.917
vwr,vwr,th-w-r,2,1,0.164
vwr,vwr,th-w-r,30,2,2.448
vwr,vwr,th-w-r,35,1,1.29
vwr,vwr,th-w-r,100,1,25
vwy,vwy,th-w-y,3,1,0.287
vwy,vwy,th-w-y,6,1,0.328
vwy,vwy,th-w-y,12,2,1.125
vwy,vwy,th-w-y,16,1,0.542
vwy,vwy,th-w-y,28,1,0.699
vwy,vwy,th-w-y,29,1,1.025
vwy,vwy,th-w-y,39,3,2.56
vwy,vwy,th-w-y,40,1,0.82
vwy,vwy,th-w-y,41,1,1.259
vwy,vwy,th-w-y,47,2,3.711
vxn,vxn,th-kh-n,8,1,0.811
vxn,vxn,th-kh-n,47,1,1.855
vyb,vyb,th-y-b,66,1,4.016
w$y,wshy,w-sh-y,2,1,0.164
w*r,wdhr,w-dh-r,2,3,0.491
w*r,wdhr,w-dh-r,3,1,0.287
w*r,wdhr,w-dh-r,4,1,0.267
w*r,wdhr,w-dh-r,6,6,1.967
w*r,wdhr,w-dh-r,7,6,1.807
w*r,wdhr,w-dh-r,9,1,0.4
w*r,wdhr,w-dh-r,10,1,0.546
w*r,wdhr,w-dh-r,11,1,0.522
w*r,wdhr,w-dh-r,12,1,0.563
w*r,wdhr,w-dh-r,15,1,1.527
w*r,wdhr,w-dh-r,19,1,1.041
w*r,wdhr,w-dh-r,20,1,0.749
w*r,wdhr,w-dh-r,21,1,0.855
w*r,wdhr,w-dh-r,23,1,0.952
w*r,wdhr,w-dh-r,26,1,0.759
w*r,wdhr,w-dh-r,37,1,1.163
w*r,wdhr,w-dh-r,40,1,0.82
w*r,wdhr,w-dh-r,43,1,1.205
w*r,wdhr,w-dh-r,48,1,1.786
w*r,wdhr,w-dh-r,51,1,2.778
w*r,wdhr,w-dh-r,52,1,3.205
w*r,wdhr,w-dh-r,62,1,5.714
w*r,wdhr,w-dh-r,68,1,3.333
w*r,wdhr,w-dh-r,70,1,4.608
w*r,wdhr,w-dh-r,71,4,17.699
w*r,wdhr,w-dh-r,73,1,5.025
w*r,wdhr,w-dh-r,74,2,7.843
w*r,wdhr,w-dh-r,75,1,6.098
w*r,wdhr,w-dh-r,76,1,4.115
wAd,wuAd,w-a-d,81,1,9.615
wAl,wuAl,w-a-l,18,1,0.633
wDE,wuDuE,w-ḍ-ʿ,3,4,1.149
wDE,wuDuE,w-ḍ-ʿ,4,2,0.534
wDE,wuDuE,w-ḍ-ʿ,5,2,0.713
wDE,wuDuE,w-ḍ-ʿ,7,1,0.301
wDE,wuDuE,w-ḍ-ʿ,9,1,0.4
wDE,wuDuE,w-ḍ-ʿ,18,1,0.633
wDE,wuDuE,w-ḍ-ʿ,21,1,0.855
wDE,wuDuE,w-ḍ-ʿ,22,1,0.785
wDE,wuDuE,w-ḍ-ʿ,24,2,1.52
wDE,wuDuE,w-ḍ-ʿ,35,1,1.29
wDE,wuDuE,w-ḍ-ʿ,39,1,0.853
wDE,wuDuE,w-ḍ-ʿ,41,1,1.259
wDE,wuDuE,w-ḍ-ʿ,46,1,1.555
wDE,wuDuE,w-ḍ-ʿ,47,1,1.855
wDE,wuDuE,w-ḍ-ʿ,55,2,5.698
wDE,wuDuE,w-ḍ-ʿ,65,2,6.969
wDE,wuDuE,w-ḍ-ʿ,88,1,10.87
wDE,wuDuE,w-ḍ-ʿ,94,1,37.037
wDn,wuDn,w-ḍ-n,56,1,2.639
wEZ,wuEuZ,w-ʿ-ẓ,2,4,0.654
wEZ,wuEuZ,w-ʿ-ẓ,3,1,0.287
wEZ,wuEuZ,w-ʿ-ẓ,4,4,1.068
wEZ,wuEuZ,w-ʿ-ẓ,5,1,0.357
wEZ,wuEuZ,w-ʿ-ẓ,7,2,0.602
wEZ,wuEuZ,w-ʿ-ẓ,10,1,0.546
wEZ,wuEuZ,w-ʿ-ẓ,11,2,1.043
wEZ,wuEuZ,w-ʿ-ẓ,16,2,1.085
wEZ,wuEuZ,w-ʿ-ẓ,24,2,1.52
wEZ,wuEuZ,w-ʿ-ẓ,26,2,1.517
wEZ,wuEuZ,w-ʿ-ẓ,31,1,1.832
wEZ,wuEuZ,w-ʿ-ẓ,34,1,1.133
wEZ,wuEuZ,w-ʿ-ẓ,58,1,2.119
wEZ,wuEuZ,w-ʿ-ẓ,65,1,3.484
wEd,wuEd,w-ʿ-d,2,4,0.654
wEd,wuEd,w-ʿ-d,3,4,1.149
wEd,wuEd,w-ʿ-d,4,4,1.068
wEd,wuEd,w-ʿ-d,5,1,0.357
wEd,wuEd,w-ʿ-d,6,1,0.328
wEd,wuEd,w-ʿ-d,7,6,1.807
wEd,wuEd,w-ʿ-d,8,3,2.433
wEd,wuEd,w-ʿ-d,9,6,2.402
wEd,wuEd,w-ʿ-d,10,4,2.182
wEd,wuEd,w-ʿ-d,11,5,2.608
wEd,wuEd,w-ʿ-d,13,4,4.689
wEd,wuEd,w-ʿ-d,14,5,6.024
wEd,wuEd,w-ʿ-d,15,1,1.527
wEd,wuEd,w-ʿ-d,16,1,0.542
wEd,wuEd,w-ʿ-d,17,7,4.499
wEd,wuEd,w-ʿ-d,18,6,3.8
wEd,wuEd,w-ʿ-d,19,4,4.162
wEd,wuEd,w-ʿ-d,20,9,6.742
wEd,wuEd,w-ʿ-d,21,6,5.133
wEd,wuEd,w-ʿ-d,22,2,1.57
wEd,wuEd,w-ʿ-d,23,5,4.762
wEd,wuEd,w-ʿ-d,24,1,0.76
wEd,wuEd,w-ʿ-d,25,2,2.24
wEd,wuEd,w-ʿ-d,26,1,0.759
wEd,wuEd,w-ʿ-d,27,2,1.738
wEd,wuEd,w-ʿ-d,28,3,2.098
wEd,wuEd,w-ʿ-d,30,3,3.672
wEd,wuEd,w-ʿ-d,31,2,3.663
wEd,wuEd,w-ʿ-d,33,2,1.554
wEd,wuEd,w-ʿ-d,34,2,2.265
wEd,wuEd,w-ʿ-d,35,2,2.581
wEd,wuEd,w-ʿ-d,36,3,4.138
wEd,wuEd,w-ʿ-d,38,1,1.364
wEd,wuEd,w-ʿ-d,39,3,2.56
wEd,wuEd,w-ʿ-d,40,5,4.102
wEd,wuEd,w-ʿ-d,41,1,1.259
wEd,wuEd,w-ʿ-d,43,2,2.41
wEd,wuEd,w-ʿ-d,45,1,2.049
wEd,wuEd,w-ʿ-d,46,6,9.331
wEd,wuEd,w-ʿ-d,47,1,1.855
wEd,wuEd,w-ʿ-d,48,2,3.571
wEd,wuEd,w-ʿ-d,50,5,13.405
wEd,wuEd,w-ʿ-d,51,3,8.333
wEd,wuEd,w-ʿ-d,54,1,2.924
wEd,wuEd,w-ʿ-d,57,1,1.742
wEd,wuEd,w-ʿ-d,67,1,3.003
wEd,wuEd,w-ʿ-d,70,2,9.217
wEd,wuEd,w-ʿ-d,72,2,7.018
wEd,wuEd,w-ʿ-d,73,1,5.025
wEd,wuEd,w-ʿ-d,77,1,5.525
wEd,wuEd,w-ʿ-d,85,1,9.174
wEy,wuEy,w-ʿ-y,12,3,1.688
wEy,wuEy,w-ʿ-y,69,2,7.752
wEy,wuEy,w-ʿ-y,70,1,4.608
wEy,wuEy,w-ʿ-y,84,1,9.346
wH$,wuHsh,w-ḥ-sh,81,1,9.615
wHd,wuHd,w-ḥ-d,2,4,0.654
wHd,wuHd,w-ḥ-d,4,7,1.868
wHd,wuHd,w-ḥ-d,5,2,0.713
wHd,wuHd,w-ḥ-d,6,2,0.656
wHd,wuHd,w-ḥ-d,7,2,0.602
wHd,wuHd,w-ḥ-d,9,1,0.4
wHd,wuHd,w-ḥ-d,10,1,0.546
wHd,wuHd,w-ḥ-d,11,1,0.522
wHd,wuHd,w-ḥ-d,12,3,1.688
wHd,wuHd,w-ḥ-d,13,2,2.345
wHd,wuHd,w-ḥ-d,14,2,2.41
wHd,wuHd,w-ḥ-d,16,3,1.627
wHd,wuHd,w-ḥ-d,17,1,0.643
wHd,wuHd,w-ḥ-d,18,1,0.633
wHd,wuHd,w-ḥ-d,21,2,1.711
wHd,wuHd,w-ḥ-d,22,1,0.785
wHd,wuHd,w-ḥ-d,23,1,0.952
wHd,wuHd,w-ḥ-d,24,1,0.76
wHd,wuHd,w-ḥ-d,25,2,2.24
wHd,wuHd,w-ḥ-d,29,1,1.025
wHd,wuHd,w-ḥ-d,31,1,1.832
wHd,wuHd,w-ḥ-d,34,1,1.133
wHd,wuHd,w-ḥ-d,36,3,4.138
wHd,wuHd,w-ḥ-d,37,2,2.326
wHd,wuHd,w-ḥ-d,38,4,5.457
wHd,wuHd,w-ḥ-d,39,3,2.56
wHd,wuHd,w-ḥ-d,40,3,2.461
wHd,wuHd,w-ḥ-d,41,1,1.259
wHd,wuHd,w-ḥ-d,42,1,1.163
wHd,wuHd,w-ḥ-d,43,1,1.205
wHd,wuHd,w-ḥ-d,54,3,8.772
wHd,wuHd,w-ḥ-d,60,1,2.874
wHd,wuHd,w-ḥ-d,69,2,7.752
wHd,wuHd,w-ḥ-d,74,1,3.922
wHd,wuHd,w-ḥ-d,79,1,5.587
wHy,wuHy,w-ḥ-y,3,1,0.287
wHy,wuHy,w-ḥ-y,4,3,0.801
wHy,wuHy,w-ḥ-y,5,1,0.357
wHy,wuHy,w-ḥ-y,6,8,2.623
wHy,wuHy,w-ḥ-y,7,3,0.904
wHy,wuHy,w-ḥ-y,8,1,0.811
wHy,wuHy,w-ḥ-y,10,4,2.182
wHy,wuHy,w-ḥ-y,11,4,2.087
wHy,wuHy,w-ḥ-y,12,4,2.251
wHy,wuHy,w-ḥ-y,13,1,1.172
wHy,wuHy,w-ḥ-y,14,1,1.205
wHy,wuHy,w-ḥ-y,16,3,1.627
wHy,wuHy,w-ḥ-y,17,3,1.928
wHy,wuHy,w-ḥ-y,18,2,1.267
wHy,wuHy,w-ḥ-y,19,1,1.041
wHy,wuHy,w-ḥ-y,20,6,4.494
wHy,wuHy,w-ḥ-y,21,5,4.277
wHy,wuHy,w-ḥ-y,23,2,1.905
wHy,wuHy,w-ḥ-y,26,2,1.517
wHy,wuHy,w-ḥ-y,28,1,0.699
wHy,wuHy,w-ḥ-y,29,1,1.025
wHy,wuHy,w-ḥ-y,33,1,0.777
wHy,wuHy,w-ḥ-y,34,1,1.133
wHy,wuHy,w-ḥ-y,35,1,1.29
wHy,wuHy,w-ḥ-y,38,1,1.364
wHy,wuHy,w-ḥ-y,39,1,0.853
wHy,wuHy,w-ḥ-y,41,2,2.519
wHy,wuHy,w-ḥ-y,42,6,6.977
wHy,wuHy,w-ḥ-y,43,1,1.205
wHy,wuHy,w-ḥ-y,46,1,1.555
wHy,wuHy,w-ḥ-y,53,4,11.111
wHy,wuHy,w-ḥ-y,72,1,3.509
wHy,wuHy,w-ḥ-y,99,1,27.778
wSb,wuSb,w-ṣ-b,16,1,0.542
wSb,wuSb,w-ṣ-b,37,1,1.163
wSd,wuSd,w-ṣ-d,18,1,0.633
wSd,wuSd,w-ṣ-d,90,1,12.195
wSd,wuSd,w-ṣ-d,104,1,30.303
wSf,wuSf,w-ṣ-f,6,2,0.656
wSf,wuSf,w-ṣ-f,12,2,1.125
wSf,wuSf,w-ṣ-f,16,2,1.085
wSf,wuSf,w-ṣ-f,21,3,2.566
wSf,wuSf,w-ṣ-f,23,2,1.905
wSf,wuSf,w-ṣ-f,37,2,2.326
wSf,wuSf,w-ṣ-f,43,1,1.205
wSl,wuSl,w-ṣ-l,2,1,0.164
wSl,wuSl,w-ṣ-l,4,1,0.267
wSl,wuSl,w-ṣ-l,5,1,0.357
wSl,wuSl,w-ṣ-l,6,2,0.656
wSl,wuSl,w-ṣ-l,11,2,1.043
wSl,wuSl,w-ṣ-l,13,3,3.517
wSl,wuSl,w-ṣ-l,28,2,1.399
wSy,wuSy,w-ṣ-y,2,4,0.654
wSy,wuSy,w-ṣ-y,4,11,2.936
wSy,wuSy,w-ṣ-y,5,1,0.357
wSy,wuSy,w-ṣ-y,6,4,1.311
wSy,wuSy,w-ṣ-y,19,1,1.041
wSy,wuSy,w-ṣ-y,29,1,1.025
wSy,wuSy,w-ṣ-y,31,1,1.832
wSy,wuSy,w-ṣ-y,36,1,1.379
wSy,wuSy,w-ṣ-y,42,2,2.326
wSy,wuSy,w-ṣ-y,46,1,1.555
wSy,wuSy,w-ṣ-y,51,1,2.778
wSy,wuSy,w-ṣ-y,90,2,24.39
wSy,wuSy,w-ṣ-y,103,2,142.857
wTA,wuTuA,w-ṭ-a,9,3,1.201
wTA,wuTuA,w-ṭ-a,33,1,0.777
wTA,wuTuA,w-ṭ-a,48,1,1.786
wTA,wuTuA,w-ṭ-a,73,1,5.025
wTn,wuTn,w-ṭ-n,9,1,0.4
wTr,wuTr,w-ṭ-r,33,2,1.554
wbl,wbl,w-b-l,2,3,0.491
wbl,wbl,w-b-l,5,1,0.357
wbl,wbl,w-b-l,59,1,2.247
wbl,wbl,w-b-l,64,1,4.149
wbl,wbl,w-b-l,65,1,3.484
wbl,wbl,w-b-l,73,1,5.025
wbq,wbq,w-b-q,18,1,0.633
wbq,wbq,w-b-q,42,1,1.163
wbr,wbr,w-b-r,16,1,0.542
wdE,wduE,w-d-ʿ,6,1,0.328
wdE,wduE,w-d-ʿ,11,1,0.522
wdE,wduE,w-d-ʿ,33,1,0.777
wdE,wduE,w-d-ʿ,93,1,25
wdd,wdd,w-d-d,2,4,0.654
wdd,wdd,w-d-d,3,3,0.862
wdd,wdd,w-d-d,4,4,1.068
wdd,wdd,w-d-d,5,1,0.357
wdd,wdd,w-d-d,8,1,0.811
wdd,wdd,w-d-d,11,1,0.522
wdd,wdd,w-d-d,15,1,1.527
wdd,wdd,w-d-d,19,1,1.041
wdd,wdd,w-d-d,29,1,1.025
wdd,wdd,w-d-d,30,1,1.224
wdd,wdd,w-d-d,33,1,0.777
wdd,wdd,w-d-d,42,1,1.163
wdd,wdd,w-d-d,58,1,2.119
wdd,wdd,w-d-d,60,4,11.494
wdd,wdd,w-d-d,68,1,3.333
wdd,wdd,w-d-d,70,1,4.608
wdd,wdd,w-d-d,71,1,4.425
wdd,wdd,w-d-d,85,1,9.174
wdq,wdq,w-d-q,24,1,0.76
wdq,wdq,w-d-q,30,1,1.224
wdy,wdy,w-d-y,4,2,0.534
wdy,wdy,w-d-y,9,1,0.4
wdy,wdy,w-d-y,13,1,1.172
wdy,wdy,w-d-y,14,1,1.205
wdy,wdy,w-d-y,20,1,0.749
wdy,wdy,w-d-y,26,1,0.759
wdy,wdy,w-d-y,27,1,0.869
wdy,wdy,w-d-y,28,1,0.699
wdy,wdy,w-d-y,46,1,1.555
wdy,wdy,w-d-y,79,1,5.587
wdy,wdy,w-d-y,89,1,7.299
wfD,wfuD,w-f-ḍ,70,1,4.608
wfd,wfd,w-f-d,19,1,1.041
wfq,wfq,w-f-q,4,2,0.534
wfq,wfq,w-f-q,11,1,0.522
wfq,wfq,w-f-q,78,1,5.78
wfr,wfr,w-f-r,17,1,0.643
wfy,wfy,w-f-y,2,7,1.145
wfy,wfy,w-f-y,3,7,2.011
wfy,wfy,w-f-y,4,3,0.801
wfy,wfy,w-f-y,5,2,0.713
wfy,wfy,w-f-y,6,4,1.311
wfy,wfy,w-f-y,7,3,0.904
wfy,wfy,w-f-y,8,2,1.622
wfy,wfy,w-f-y,9,1,0.4
wfy,wfy,w-f-y,10,2,1.091
wfy,wfy,w-f-y,11,4,2.087
wfy,wfy,w-f-y,12,3,1.688
wfy,wfy,w-f-y,13,2,2.345
wfy,wfy,w-f-y,16,5,2.711
wfy,wfy,w-f-y,17,2,1.285
wfy,wfy,w-f-y,22,2,1.57
wfy,wfy,w-f-y,24,2,1.52
wfy,wfy,w-f-y,26,1,0.759
wfy,wfy,w-f-y,32,1,2.688
wfy,wfy,w-f-y,35,1,1.29
wfy,wfy,w-f-y,39,3,2.56
wfy,wfy,w-f-y,40,2,1.641
wfy,wfy,w-f-y,46,1,1.555
wfy,wfy,w-f-y,47,1,1.855
wfy,wfy,w-f-y,48,1,1.786
wfy,wfy,w-f-y,53,2,5.556
wfy,wfy,w-f-y,76,1,4.115
wfy,wfy,w-f-y,83,1,5.917
whb,whb,w-h-b,3,3,0.862
whb,whb,w-h-b,6,1,0.328
whb,whb,w-h-b,14,1,1.205
whb,whb,w-h-b,19,5,5.203
whb,whb,w-h-b,21,2,1.711
whb,whb,w-h-b,25,1,1.12
whb,whb,w-h-b,26,2,1.517
whb,whb,w-h-b,29,1,1.025
whb,whb,w-h-b,33,1,0.777
whb,whb,w-h-b,37,1,1.163
whb,whb,w-h-b,38,5,6.821
whb,whb,w-h-b,42,2,2.326
whj,whj,w-h-j,78,1,5.78
whn,whn,w-h-n,3,2,0.575
whn,whn,w-h-n,4,1,0.267
whn,whn,w-h-n,8,1,0.811
whn,whn,w-h-n,19,1,1.041
whn,whn,w-h-n,29,1,1.025
whn,whn,w-h-n,31,2,3.663
whn,whn,w-h-n,47,1,1.855
why,why,w-h-y,69,1,3.876
wjb,wjb,w-j-b,22,1,0.785
wjd,wjd,w-j-d,2,4,0.654
wjd,wjd,w-j-d,3,2,0.575
wjd,wjd,w-j-d,4,16,4.27
wjd,wjd,w-j-d,5,5,1.783
wjd,wjd,w-j-d,6,1,0.328
wjd,wjd,w-j-d,7,7,2.108
wjd,wjd,w-j-d,9,7,2.802
wjd,wjd,w-j-d,10,1,0.546
wjd,wjd,w-j-d,12,4,2.251
wjd,wjd,w-j-d,17,6,3.856
wjd,wjd,w-j-d,18,13,8.233
wjd,wjd,w-j-d,20,2,1.498
wjd,wjd,w-j-d,21,1,0.855
wjd,wjd,w-j-d,24,4,3.04
wjd,wjd,w-j-d,26,1,0.759
wjd,wjd,w-j-d,27,2,1.738
wjd,wjd,w-j-d,28,4,2.797
wjd,wjd,w-j-d,31,1,1.832
wjd,wjd,w-j-d,33,3,2.331
wjd,wjd,w-j-d,35,2,2.581
wjd,wjd,w-j-d,37,1,1.163
wjd,wjd,w-j-d,38,1,1.364
wjd,wjd,w-j-d,43,3,3.614
wjd,wjd,w-j-d,48,2,3.571
wjd,wjd,w-j-d,51,1,2.778
wjd,wjd,w-j-d,58,3,6.356
wjd,wjd,w-j-d,59,1,2.247
wjd,wjd,w-j-d,65,1,3.484
wjd,wjd,w-j-d,71,1,4.425
wjd,wjd,w-j-d,72,3,10.526
wjd,wjd,w-j-d,73,1,5.025
wjd,wjd,w-j-d,93,3,75
wjf,wjf,w-j-f,59,1,2.247
wjf,wjf,w-j-f,79,1,5.587
wjh,wjh,w-j-h,2,11,1.799
wjh,wjh,w-j-h,3,7,2.011
wjh,wjh,w-j-h,4,3,0.801
wjh,wjh,w-j-h,5,3,1.07
wjh,wjh,w-j-h,6,3,0.984
wjh,wjh,w-j-h,7,1,0.301
wjh,wjh,w-j-h,8,1,0.811
wjh,wjh,w-j-h,10,3,1.637
wjh,wjh,w-j-h,12,3,1.688
wjh,wjh,w-j-h,13,1,1.172
wjh,wjh,w-j-h,14,1,1.205
wjh,wjh,w-j-h,16,2,1.085
wjh,wjh,w-j-h,17,2,1.285
wjh,wjh,w-j-h,18,2,1.267
wjh,wjh,w-j-h,20,1,0.749
wjh,wjh,w-j-h,21,1,0.855
wjh,wjh,w-j-h,22,2,1.57
wjh,wjh,w-j-h,23,1,0.952
wjh,wjh,w-j-h,25,1,1.12
wjh,wjh,w-j-h,27,1,0.869
wjh,wjh,w-j-h,28,2,1.399
wjh,wjh,w-j-h,30,4,4.896
wjh,wjh,w-j-h,31,1,1.832
wjh,wjh,w-j-h,33,2,1.554
wjh,wjh,w-j-h,39,2,1.706
wjh,wjh,w-j-h,43,1,1.205
wjh,wjh,w-j-h,47,1,1.855
wjh,wjh,w-j-h,48,1,1.786
wjh,wjh,w-j-h,51,1,2.778
wjh,wjh,w-j-h,54,1,2.924
wjh,wjh,w-j-h,55,1,2.849
wjh,wjh,w-j-h,67,2,6.006
wjh,wjh,w-j-h,75,2,12.195
wjh,wjh,w-j-h,76,1,4.115
wjh,wjh,w-j-h,80,2,15.038
wjh,wjh,w-j-h,83,1,5.917
wjh,wjh,w-j-h,88,2,21.739
wjh,wjh,w-j-h,92,1,14.085
wjl,wjl,w-j-l,8,1,0.811
wjl,wjl,w-j-l,15,2,3.053
wjl,wjl,w-j-l,22,1,0.785
wjl,wjl,w-j-l,23,1,0.952
wjs,wjs,w-j-s,11,1,0.522
wjs,wjs,w-j-s,20,1,0.749
wjs,wjs,w-j-s,51,1,2.778
wkA,wkuA,w-k-a,12,1,0.563
wkA,wkuA,w-k-a,18,1,0.633
wkA,wkuA,w-k-a,20,1,0.749
wkA,wkuA,w-k-a,36,1,1.379
wkA,wkuA,w-k-a,38,1,1.364
wkA,wkuA,w-k-a,43,1,1.205
wkA,wkuA,w-k-a,52,1,3.205
wkA,wkuA,w-k-a,55,2,5.698
wkA,wkuA,w-k-a,56,1,2.639
wkA,wkuA,w-k-a,76,1,4.115
wkd,wkd,w-k-d,16,1,0.542
wkl,wkl,w-k-l,3,5,1.436
wkl,wkl,w-k-l,4,5,1.334
wkl,wkl,w-k-l,5,2,0.713
wkl,wkl,w-k-l,6,4,1.311
wkl,wkl,w-k-l,7,1,0.301
wkl,wkl,w-k-l,8,3,2.433
wkl,wkl,w-k-l,9,2,0.801
wkl,wkl,w-k-l,10,4,2.182
wkl,wkl,w-k-l,11,4,2.087
wkl,wkl,w-k-l,12,4,2.251
wkl,wkl,w-k-l,13,1,1.172
wkl,wkl,w-k-l,14,4,4.819
wkl,wkl,w-k-l,16,2,1.085
wkl,wkl,w-k-l,17,5,3.213
wkl,wkl,w-k-l,25,2,2.24
wkl,wkl,w-k-l,26,1,0.759
wkl,wkl,w-k-l,27,1,0.869
wkl,wkl,w-k-l,28,1,0.699
wkl,wkl,w-k-l,29,1,1.025
wkl,wkl,w-k-l,32,1,2.688
wkl,wkl,w-k-l,33,4,3.108
wkl,wkl,w-k-l,39,4,3.413
wkl,wkl,w-k-l,42,3,3.488
wkl,wkl,w-k-l,58,1,2.119
wkl,wkl,w-k-l,60,1,2.874
wkl,wkl,w-k-l,64,1,4.149
wkl,wkl,w-k-l,65,1,3.484
wkl,wkl,w-k-l,67,1,3.003
wkl,wkl,w-k-l,73,1,5.025
wkz,wkz,w-k-z,28,1,0.699
wld,wld,w-l-d,2,12,1.962
wld,wld,w-l-d,3,3,0.862
wld,wld,w-l-d,4,18,4.804
wld,wld,w-l-d,5,1,0.357
wld,wld,w-l-d,6,5,1.639
wld,wld,w-l-d,8,1,0.811
wld,wld,w-l-d,9,3,1.201
wld,wld,w-l-d,10,1,0.546
wld,wld,w-l-d,11,1,0.522
wld,wld,w-l-d,12,1,0.563
wld,wld,w-l-d,14,1,1.205
wld,wld,w-l-d,17,4,2.571
wld,wld,w-l-d,18,2,1.267
wld,wld,w-l-d,19,9,9.365
wld,wld,w-l-d,21,1,0.855
wld,wld,w-l-d,23,1,0.952
wld,wld,w-l-d,25,1,1.12
wld,wld,w-l-d,26,1,0.759
wld,wld,w-l-d,27,1,0.869
wld,wld,w-l-d,28,1,0.699
wld,wld,w-l-d,29,1,1.025
wld,wld,w-l-d,31,6,10.989
wld,wld,w-l-d,34,2,2.265
wld,wld,w-l-d,37,1,1.163
wld,wld,w-l-d,39,1,0.853
wld,wld,w-l-d,43,1,1.205
wld,wld,w-l-d,46,3,4.666
wld,wld,w-l-d,56,1,2.639
wld,wld,w-l-d,57,1,1.742
wld,wld,w-l-d,58,2,4.237
wld,wld,w-l-d,60,2,5.747
wld,wld,w-l-d,63,1,5.556
wld,wld,w-l-d,64,2,8.299
wld,wld,w-l-d,71,3,13.274
wld,wld,w-l-d,72,1,3.509
wld,wld,w-l-d,73,1,5.025
wld,wld,w-l-d,76,1,4.115
wld,wld,w-l-d,90,2,24.39
wld,wld,w-l-d,112,2,133.333
wlj,wlj,w-l-j,3,2,0.575
wlj,wlj,w-l-j,7,1,0.301
wlj,wlj,w-l-j,9,1,0.4
wlj,wlj,w-l-j,22,2,1.57
wlj,wlj,w-l-j,31,2,3.663
wlj,wlj,w-l-j,34,1,1.133
wlj,wlj,w-l-j,35,2,2.581
wlj,wlj,w-l-j,57,3,5.226
wly,wly,w-l-y,2,21,3.434
wly,wly,w-l-y,3,14,4.022
wly,wly,w-l-y,4,16,4.27
wly,wly,w-l-y,5,12,4.28
wly,wly,w-l-y,6,8,2.623
wly,wly,w-l-y,7,8,2.41
wly,wly,w-l-y,8,13,10.543
wly,wly,w-l-y,9,15,6.005
wly,wly,w-l-y,10,3,1.637
wly,wly,w-l-y,11,5,2.608
wly,wly,w-l-y,12,2,1.125
wly,wly,w-l-y,13,3,3.517
wly,wly,w-l-y,16,4,2.169
wly,wly,w-l-y,17,4,2.571
wly,wly,w-l-y,18,6,3.8
wly,wly,w-l-y,19,4,4.162
wly,wly,w-l-y,20,2,1.498
wly,wly,w-l-y,21,2,1.711
wly,wly,w-l-y,22,4,3.14
wly,wly,w-l-y,24,3,2.28
wly,wly,w-l-y,25,1,1.12
wly,wly,w-l-y,27,4,3.475
wly,wly,w-l-y,28,2,1.399
wly,wly,w-l-y,29,2,2.049
wly,wly,w-l-y,30,1,1.224
wly,wly,w-l-y,31,1,1.832
wly,wly,w-l-y,32,1,2.688
wly,wly,w-l-y,33,7,5.439
wly,wly,w-l-y,34,1,1.133
wly,wly,w-l-y,37,3,3.488
wly,wly,w-l-y,39,1,0.853
wly,wly,w-l-y,40,1,0.82
wly,wly,w-l-y,41,2,2.519
wly,wly,w-l-y,42,8,9.302
wly,wly,w-l-y,44,3,8.671
wly,wly,w-l-y,45,3,6.148
wly,wly,w-l-y,46,2,3.11
wly,wly,w-l-y,47,5,9.276
wly,wly,w-l-y,48,5,8.929
wly,wly,w-l-y,51,2,5.556
wly,wly,w-l-y,53,2,5.556
wly,wly,w-l-y,54,2,5.848
wly,wly,w-l-y,57,2,3.484
wly,wly,w-l-y,58,1,2.119
wly,wly,w-l-y,59,1,2.247
wly,wly,w-l-y,60,5,14.368
wly,wly,w-l-y,62,1,5.714
wly,wly,w-l-y,64,2,8.299
wly,wly,w-l-y,66,2,8.032
wly,wly,w-l-y,70,1,4.608
wly,wly,w-l-y,75,5,30.488
wly,wly,w-l-y,80,1,7.519
wly,wly,w-l-y,88,1,10.87
wly,wly,w-l-y,92,1,14.085
wly,wly,w-l-y,96,1,13.889
wny,wny,w-n-y,20,1,0.749
wq*,wqdh,w-q-dh,5,1,0.357
wqE,wquE,w-q-ʿ,4,1,0.267
wqE,wquE,w-q-ʿ,5,1,0.357
wqE,wquE,w-q-ʿ,7,4,1.205
wqE,wquE,w-q-ʿ,10,1,0.546
wqE,wquE,w-q-ʿ,15,1,1.527
wqE,wquE,w-q-ʿ,18,1,0.633
wqE,wquE,w-q-ʿ,22,1,0.785
wqE,wquE,w-q-ʿ,27,2,1.738
wqE,wquE,w-q-ʿ,38,1,1.364
wqE,wquE,w-q-ʿ,42,1,1.163
wqE,wquE,w-q-ʿ,51,1,2.778
wqE,wquE,w-q-ʿ,52,1,3.205
wqE,wquE,w-q-ʿ,56,4,10.554
wqE,wquE,w-q-ʿ,69,2,7.752
wqE,wquE,w-q-ʿ,70,1,4.608
wqE,wquE,w-q-ʿ,77,1,5.525
wqb,wqb,w-q-b,113,1,43.478
wqd,wqd,w-q-d,2,2,0.327
wqd,wqd,w-q-d,3,1,0.287
wqd,wqd,w-q-d,5,1,0.357
wqd,wqd,w-q-d,13,1,1.172
wqd,wqd,w-q-d,24,1,0.76
wqd,wqd,w-q-d,28,1,0.699
wqd,wqd,w-q-d,36,1,1.379
wqd,wqd,w-q-d,66,1,4.016
wqd,wqd,w-q-d,85,1,9.174
wqd,wqd,w-q-d,104,1,30.303
wqf,wqf,w-q-f,6,2,0.656
wqf,wqf,w-q-f,34,1,1.133
wqf,wqf,w-q-f,37,1,1.163
wqr,wqr,w-q-r,6,1,0.328
wqr,wqr,w-q-r,17,1,0.643
wqr,wqr,w-q-r,18,1,0.633
wqr,wqr,w-q-r,31,1,1.832
wqr,wqr,w-q-r,41,2,2.519
wqr,wqr,w-q-r,48,1,1.786
wqr,wqr,w-q-r,51,1,2.778
wqr,wqr,w-q-r,71,1,4.425
wqt,wqt,w-q-t,2,1,0.164
wqt,wqt,w-q-t,4,1,0.267
wqt,wqt,w-q-t,7,4,1.205
wqt,wqt,w-q-t,15,1,1.527
wqt,wqt,w-q-t,26,1,0.759
wqt,wqt,w-q-t,38,1,1.364
wqt,wqt,w-q-t,44,1,2.89
wqt,wqt,w-q-t,56,1,2.639
wqt,wqt,w-q-t,77,1,5.525
wqt,wqt,w-q-t,78,1,5.78
wqy,wqy,w-q-y,2,37,6.05
wqy,wqy,w-q-y,3,23,6.607
wqy,wqy,w-q-y,4,7,1.868
wqy,wqy,w-q-y,5,20,7.133
wqy,wqy,w-q-y,6,7,2.295
wqy,wqy,w-q-y,7,11,3.313
wqy,wqy,w-q-y,8,6,4.866
wqy,wqy,w-q-y,9,9,3.603
wqy,wqy,w-q-y,10,3,1.637
wqy,wqy,w-q-y,11,2,1.043
wqy,wqy,w-q-y,12,3,1.688
wqy,wqy,w-q-y,13,4,4.689
wqy,wqy,w-q-y,15,2,3.053
wqy,wqy,w-q-y,16,8,4.338
wqy,wqy,w-q-y,19,6,6.243
wqy,wqy,w-q-y,20,2,1.498
wqy,wqy,w-q-y,21,1,0.855
wqy,wqy,w-q-y,22,3,2.355
wqy,wqy,w-q-y,23,4,3.81
wqy,wqy,w-q-y,24,2,1.52
wqy,wqy,w-q-y,25,2,2.24
wqy,wqy,w-q-y,26,17,12.898
wqy,wqy,w-q-y,27,1,0.869
wqy,wqy,w-q-y,28,1,0.699
wqy,wqy,w-q-y,29,1,1.025
wqy,wqy,w-q-y,30,1,1.224
wqy,wqy,w-q-y,31,1,1.832
wqy,wqy,w-q-y,33,5,3.885
wqy,wqy,w-q-y,36,1,1.379
wqy,wqy,w-q-y,37,1,1.163
wqy,wqy,w-q-y,38,2,2.729
wqy,wqy,w-q-y,39,9,7.679
wqy,wqy,w-q-y,40,5,4.102
wqy,wqy,w-q-y,41,1,1.259
wqy,wqy,w-q-y,43,3,3.614
wqy,wqy,w-q-y,44,2,5.78
wqy,wqy,w-q-y,45,1,2.049
wqy,wqy,w-q-y,47,3,5.566
wqy,wqy,w-q-y,48,1,1.786
wqy,wqy,w-q-y,49,5,14.409
wqy,wqy,w-q-y,50,1,2.681
wqy,wqy,w-q-y,51,1,2.778
wqy,wqy,w-q-y,52,3,9.615
wqy,wqy,w-q-y,53,1,2.778
wqy,wqy,w-q-y,54,1,2.924
wqy,wqy,w-q-y,57,1,1.742
wqy,wqy,w-q-y,58,2,4.237
wqy,wqy,w-q-y,59,4,8.989
wqy,wqy,w-q-y,60,1,2.874
wqy,wqy,w-q-y,64,2,8.299
wqy,wqy,w-q-y,65,5,17.422
wqy,wqy,w-q-y,66,1,4.016
wqy,wqy,w-q-y,68,1,3.333
wqy,wqy,w-q-y,69,1,3.876
wqy,wqy,w-q-y,71,1,4.425
wqy,wqy,w-q-y,73,1,5.025
wqy,wqy,w-q-y,74,1,3.922
wqy,wqy,w-q-y,76,1,4.115
wqy,wqy,w-q-y,77,1,5.525
wqy,wqy,w-q-y,78,1,5.78
wqy,wqy,w-q-y,91,1,18.519
wqy,wqy,w-q-y,92,2,28.169
wqy,wqy,w-q-y,96,1,13.889
wrd,wrd,w-r-d,11,3,1.565
wrd,wrd,w-r-d,12,1,0.563
wrd,wrd,w-r-d,19,2,2.081
wrd,wrd,w-r-d,21,2,1.711
wrd,wrd,w-r-d,28,1,0.699
wrd,wrd,w-r-d,50,1,2.681
wrd,wrd,w-r-d,55,1,2.849
wrq,wrq,w-r-q,6,1,0.328
wrq,wrq,w-r-q,7,1,0.301
wrq,wrq,w-r-q,18,1,0.633
wrq,wrq,w-r-q,20,1,0.749
wrv,wrv,w-r-th,2,1,0.164
wrv,wrv,w-r-th,3,1,0.287
wrv,wrv,w-r-th,4,4,1.068
wrv,wrv,w-r-th,7,5,1.506
wrv,wrv,w-r-th,15,1,1.527
wrv,wrv,w-r-th,19,5,5.203
wrv,wrv,w-r-th,21,2,1.711
wrv,wrv,w-r-th,23,2,1.905
wrv,wrv,w-r-th,26,2,1.517
wrv,wrv,w-r-th,27,1,0.869
wrv,wrv,w-r-th,28,2,1.399
wrv,wrv,w-r-th,33,1,0.777
wrv,wrv,w-r-th,35,1,1.29
wrv,wrv,w-r-th,39,1,0.853
wrv,wrv,w-r-th,40,1,0.82
wrv,wrv,w-r-th,42,1,1.163
wrv,wrv,w-r-th,43,1,1.205
wrv,wrv,w-r-th,44,1,2.89
wrv,wrv,w-r-th,57,1,1.742
wrv,wrv,w-r-th,89,1,7.299
wry,wry,w-r-y,2,2,0.327
wry,wry,w-r-y,3,1,0.287
wry,wry,w-r-y,4,2,0.534
wry,wry,w-r-y,5,2,0.713
wry,wry,w-r-y,6,1,0.328
wry,wry,w-r-y,7,2,0.602
wry,wry,w-r-y,11,2,1.043
wry,wry,w-r-y,14,2,2.41
wry,wry,w-r-y,16,1,0.542
wry,wry,w-r-y,18,1,0.633
wry,wry,w-r-y,19,1,1.041
wry,wry,w-r-y,23,2,1.905
wry,wry,w-r-y,33,1,0.777
wry,wry,w-r-y,38,1,1.364
wry,wry,w-r-y,42,1,1.163
wry,wry,w-r-y,45,1,2.049
wry,wry,w-r-y,49,1,2.882
wry,wry,w-r-y,56,1,2.639
wry,wry,w-r-y,57,1,1.742
wry,wry,w-r-y,59,1,2.247
wry,wry,w-r-y,70,1,4.608
wry,wry,w-r-y,76,1,4.115
wry,wry,w-r-y,84,1,9.346
wry,wry,w-r-y,85,1,9.174
wry,wry,w-r-y,100,1,25
wsE,wsuE,w-s-ʿ,2,9,1.472
wsE,wsuE,w-s-ʿ,3,1,0.287
wsE,wsuE,w-s-ʿ,4,4,1.068
wsE,wsuE,w-s-ʿ,5,1,0.357
wsE,wsuE,w-s-ʿ,6,3,0.984
wsE,wsuE,w-s-ʿ,7,3,0.904
wsE,wsuE,w-s-ʿ,20,1,0.749
wsE,wsuE,w-s-ʿ,23,1,0.952
wsE,wsuE,w-s-ʿ,24,2,1.52
wsE,wsuE,w-s-ʿ,29,1,1.025
wsE,wsuE,w-s-ʿ,39,1,0.853
wsE,wsuE,w-s-ʿ,40,1,0.82
wsE,wsuE,w-s-ʿ,51,1,2.778
wsE,wsuE,w-s-ʿ,53,1,2.778
wsE,wsuE,w-s-ʿ,65,2,6.969
wsT,wsuT,w-s-ṭ,2,2,0.327
wsT,wsuT,w-s-ṭ,5,1,0.357
wsT,wsuT,w-s-ṭ,68,1,3.333
wsT,wsuT,w-s-ṭ,100,1,25
wsl,wsl,w-s-l,5,1,0.357
wsl,wsl,w-s-l,17,1,0.643
wsm,wsm,w-s-m,15,1,1.527
wsm,wsm,w-s-m,68,1,3.333
wsn,wsn,w-s-n,2,1,0.164
wsq,wsq,w-s-q,84,2,18.692
wsws,wsws,w-s-w-s,7,1,0.301
wsws,wsws,w-s-w-s,20,1,0.749
wsws,wsws,w-s-w-s,50,1,2.681
wsws,wsws,w-s-w-s,114,2,100
wtd,wtd,w-t-d,38,1,1.364
wtd,wtd,w-t-d,78,1,5.78
wtd,wtd,w-t-d,89,1,7.299
wtn,wtn,w-t-n,69,1,3.876
wtr,wtr,w-t-r,23,1,0.952
wtr,wtr,w-t-r,47,1,1.855
wtr,wtr,w-t-r,89,1,7.299
wvn,wvn,w-th-n,22,1,0.785
wvn,wvn,w-th-n,29,2,2.049
wvq,wvq,w-th-q,2,6,0.981
wvq,wvq,w-th-q,3,2,0.575
wvq,wvq,w-th-q,4,6,1.601
wvq,wvq,w-th-q,5,6,2.14
wvq,wvq,w-th-q,7,1,0.301
wvq,wvq,w-th-q,8,1,0.811
wvq,wvq,w-th-q,12,3,1.688
wvq,wvq,w-th-q,13,2,2.345
wvq,wvq,w-th-q,31,1,1.832
wvq,wvq,w-th-q,33,2,1.554
wvq,wvq,w-th-q,47,1,1.855
wvq,wvq,w-th-q,57,1,1.742
wvq,wvq,w-th-q,89,2,14.599
wzE,wzuE,w-z-ʿ,27,3,2.606
wzE,wzuE,w-z-ʿ,41,1,1.259
wzE,wzuE,w-z-ʿ,46,1,1.555
wzn,wzn,w-z-n,6,1,0.328
wzn,wzn,w-z-n,7,4,1.205
wzn,wzn,w-z-n,11,2,1.043
wzn,wzn,w-z-n,15,1,1.527
wzn,wzn,w-z-n,17,1,0.643
wzn,wzn,w-z-n,18,1,0.633
wzn,wzn,w-z-n,21,1,0.855
wzn,wzn,w-z-n,23,2,1.905
wzn,wzn,w-z-n,26,1,0.759
wzn,wzn,w-z-n,42,1,1.163
wzn,wzn,w-z-n,55,4,11.396
wzn,wzn,w-z-n,57,1,1.742
wzn,wzn,w-z-n,83,1,5.917
wzn,wzn,w-z-n,101,2,55.556
wzr,wzr,w-z-r,6,5,1.639
wzr,wzr,w-z-r,16,3,1.627
wzr,wzr,w-z-r,17,3,1.928
wzr,wzr,w-z-r,20,3,2.247
wzr,wzr,w-z-r,25,1,1.12
wzr,wzr,w-z-r,35,3,3.871
wzr,wzr,w-z-r,39,3,2.56
wzr,wzr,w-z-r,47,1,1.855
wzr,wzr,w-z-r,53,3,8.333
wzr,wzr,w-z-r,75,1,6.098
wzr,wzr,w-z-r,94,1,37.037
x$E,xshuE,kh-sh-ʿ,2,1,0.164
x$E,xshuE,kh-sh-ʿ,3,1,0.287
x$E,xshuE,kh-sh-ʿ,17,1,0.643
x$E,xshuE,kh-sh-ʿ,20,1,0.749
x$E,xshuE,kh-sh-ʿ,21,1,0.855
x$E,xshuE,kh-sh-ʿ,23,1,0.952
x$E,xshuE,kh-sh-ʿ,33,2,1.554
x$E,xshuE,kh-sh-ʿ,41,1,1.259
x$E,xshuE,kh-sh-ʿ,42,1,1.163
x$E,xshuE,kh-sh-ʿ,54,1,2.924
x$E,xshuE,kh-sh-ʿ,57,1,1.742
x$E,xshuE,kh-sh-ʿ,59,1,2.247
x$E,xshuE,kh-sh-ʿ,68,1,3.333
x$E,xshuE,kh-sh-ʿ,70,1,4.608
x$E,xshuE,kh-sh-ʿ,79,1,5.587
x$E,xshuE,kh-sh-ʿ,88,1,10.87
x$b,xshb,kh-sh-b,63,1,5.556
x$y,xshy,kh-sh-y,2,3,0.491
x$y,xshy,kh-sh-y,3,1,0.287
x$y,xshy,kh-sh-y,4,5,1.334
x$y,xshy,kh-sh-y,5,5,1.783
x$y,xshy,kh-sh-y,9,4,1.601
x$y,xshy,kh-sh-y,13,1,1.172
x$y,xshy,kh-sh-y,17,2,1.285
x$y,xshy,kh-sh-y,18,1,0.633
x$y,xshy,kh-sh-y,20,4,2.996
x$y,xshy,kh-sh-y,21,2,1.711
x$y,xshy,kh-sh-y,23,1,0.952
x$y,xshy,kh-sh-y,24,1,0.76
x$y,xshy,kh-sh-y,31,1,1.832
x$y,xshy,kh-sh-y,33,4,3.108
x$y,xshy,kh-sh-y,35,2,2.581
x$y,xshy,kh-sh-y,36,1,1.379
x$y,xshy,kh-sh-y,39,1,0.853
x$y,xshy,kh-sh-y,50,1,2.681
x$y,xshy,kh-sh-y,59,1,2.247
x$y,xshy,kh-sh-y,67,1,3.003
x$y,xshy,kh-sh-y,79,3,16.76
x$y,xshy,kh-sh-y,80,1,7.519
x$y,xshy,kh-sh-y,87,1,13.889
x$y,xshy,kh-sh-y,98,1,10.638
x*l,xdhl,kh-dh-l,3,1,0.287
x*l,xdhl,kh-dh-l,17,1,0.643
x*l,xdhl,kh-dh-l,25,1,1.12
xDE,xuDuE,kh-ḍ-ʿ,26,1,0.759
xDE,xuDuE,kh-ḍ-ʿ,33,1,0.777
xDd,xuDd,kh-ḍ-d,56,1,2.639
xDr,xuDr,kh-ḍ-r,6,1,0.328
xDr,xuDr,kh-ḍ-r,12,2,1.125
xDr,xuDr,kh-ḍ-r,18,1,0.633
xDr,xuDr,kh-ḍ-r,22,1,0.785
xDr,xuDr,kh-ḍ-r,36,1,1.379
xDr,xuDr,kh-ḍ-r,55,1,2.849
xDr,xuDr,kh-ḍ-r,76,1,4.115
xSS,xuSuS,kh-ṣ-ṣ,2,1,0.164
xSS,xuSuS,kh-ṣ-ṣ,3,1,0.287
xSS,xuSuS,kh-ṣ-ṣ,8,1,0.811
xSS,xuSuS,kh-ṣ-ṣ,59,1,2.247
xSf,xuSf,kh-ṣ-f,7,1,0.301
xSf,xuSf,kh-ṣ-f,20,1,0.749
xSm,xuSm,kh-ṣ-m,2,1,0.164
xSm,xuSm,kh-ṣ-m,3,1,0.287
xSm,xuSm,kh-ṣ-m,4,1,0.267
xSm,xuSm,kh-ṣ-m,16,1,0.542
xSm,xuSm,kh-ṣ-m,22,2,1.57
xSm,xuSm,kh-ṣ-m,26,1,0.759
xSm,xuSm,kh-ṣ-m,27,1,0.869
xSm,xuSm,kh-ṣ-m,36,2,2.759
xSm,xuSm,kh-ṣ-m,38,4,5.457
xSm,xuSm,kh-ṣ-m,39,1,0.853
xSm,xuSm,kh-ṣ-m,43,2,2.41
xSm,xuSm,kh-ṣ-m,50,1,2.681
xTA,xuTuA,kh-ṭ-a,2,3,0.491
xTA,xuTuA,kh-ṭ-a,4,3,0.801
xTA,xuTuA,kh-ṭ-a,7,1,0.301
xTA,xuTuA,kh-ṭ-a,12,3,1.688
xTA,xuTuA,kh-ṭ-a,17,1,0.643
xTA,xuTuA,kh-ṭ-a,20,1,0.749
xTA,xuTuA,kh-ṭ-a,26,2,1.517
xTA,xuTuA,kh-ṭ-a,28,1,0.699
xTA,xuTuA,kh-ṭ-a,29,2,2.049
xTA,xuTuA,kh-ṭ-a,33,1,0.777
xTA,xuTuA,kh-ṭ-a,69,2,7.752
xTA,xuTuA,kh-ṭ-a,71,1,4.425
xTA,xuTuA,kh-ṭ-a,96,1,13.889
xTT,xuTuT,kh-ṭ-ṭ,29,1,1.025
xTb,xuTb,kh-ṭ-b,2,1,0.164
xTb,xuTb,kh-ṭ-b,11,1,0.522
xTb,xuTb,kh-ṭ-b,12,1,0.563
xTb,xuTb,kh-ṭ-b,15,1,1.527
xTb,xuTb,kh-ṭ-b,20,1,0.749
xTb,xuTb,kh-ṭ-b,23,1,0.952
xTb,xuTb,kh-ṭ-b,25,1,1.12
xTb,xuTb,kh-ṭ-b,28,1,0.699
xTb,xuTb,kh-ṭ-b,38,2,2.729
xTb,xuTb,kh-ṭ-b,51,1,2.778
xTb,xuTb,kh-ṭ-b,78,1,5.78
xTf,xuTf,kh-ṭ-f,2,1,0.164
xTf,xuTf,kh-ṭ-f,8,1,0.811
xTf,xuTf,kh-ṭ-f,22,1,0.785
xTf,xuTf,kh-ṭ-f,28,1,0.699
xTf,xuTf,kh-ṭ-f,29,1,1.025
xTf,xuTf,kh-ṭ-f,37,2,2.326
xTw,xuTw,kh-ṭ-w,2,2,0.327
xTw,xuTw,kh-ṭ-w,6,1,0.328
xTw,xuTw,kh-ṭ-w,24,2,1.52
xbA,xbuA,kh-b-a,27,1,0.869
xbT,xbuT,kh-b-ṭ,2,1,0.164
xbl,xbl,kh-b-l,3,1,0.287
xbl,xbl,kh-b-l,9,1,0.4
xbr,xbr,kh-b-r,2,2,0.327
xbr,xbr,kh-b-r,3,2,0.575
xbr,xbr,kh-b-r,4,4,1.068
xbr,xbr,kh-b-r,5,1,0.357
xbr,xbr,kh-b-r,6,3,0.984
xbr,xbr,kh-b-r,9,2,0.801
xbr,xbr,kh-b-r,11,2,1.043
xbr,xbr,kh-b-r,17,3,1.928
xbr,xbr,kh-b-r,18,2,1.267
xbr,xbr,kh-b-r,22,1,0.785
xbr,xbr,kh-b-r,24,2,1.52
xbr,xbr,kh-b-r,25,2,2.24
xbr,xbr,kh-b-r,27,2,1.738
xbr,xbr,kh-b-r,28,1,0.699
xbr,xbr,kh-b-r,31,3,5.495
xbr,xbr,kh-b-r,33,2,1.554
xbr,xbr,kh-b-r,34,1,1.133
xbr,xbr,kh-b-r,35,2,2.581
xbr,xbr,kh-b-r,42,1,1.163
xbr,xbr,kh-b-r,47,1,1.855
xbr,xbr,kh-b-r,48,1,1.786
xbr,xbr,kh-b-r,49,1,2.882
xbr,xbr,kh-b-r,57,1,1.742
xbr,xbr,kh-b-r,58,3,6.356
xbr,xbr,kh-b-r,59,1,2.247
xbr,xbr,kh-b-r,63,1,5.556
xbr,xbr,kh-b-r,64,1,4.149
xbr,xbr,kh-b-r,66,1,4.016
xbr,xbr,kh-b-r,67,1,3.003
xbr,xbr,kh-b-r,99,1,27.778
xbr,xbr,kh-b-r,100,1,25
xbt,xbt,kh-b-t,11,1,0.522
xbt,xbt,kh-b-t,22,2,1.57
xbv,xbv,kh-b-th,2,1,0.164
xbv,xbv,kh-b-th,3,1,0.287
xbv,xbv,kh-b-th,4,1,0.267
xbv,xbv,kh-b-th,5,2,0.713
xbv,xbv,kh-b-th,7,2,0.602
xbv,xbv,kh-b-th,8,2,1.622
xbv,xbv,kh-b-th,14,2,2.41
xbv,xbv,kh-b-th,21,1,0.855
xbv,xbv,kh-b-th,24,4,3.04
xbw,xbw,kh-b-w,17,1,0.643
xbz,xbz,kh-b-z,12,1,0.563
xdE,xduE,kh-d-ʿ,2,2,0.327
xdE,xduE,kh-d-ʿ,4,2,0.534
xdE,xduE,kh-d-ʿ,8,1,0.811
xdd,xdd,kh-d-d,31,1,1.832
xdd,xdd,kh-d-d,85,1,9.174
xdn,xdn,kh-d-n,4,1,0.267
xdn,xdn,kh-d-n,5,1,0.357
xfD,xfuD,kh-f-ḍ,15,1,1.527
xfD,xfuD,kh-f-ḍ,17,1,0.643
xfD,xfuD,kh-f-ḍ,26,1,0.759
xfD,xfuD,kh-f-ḍ,56,1,2.639
xff,xff,kh-f-f,2,3,0.491
xff,xff,kh-f-f,3,1,0.287
xff,xff,kh-f-f,4,1,0.267
xff,xff,kh-f-f,7,2,0.602
xff,xff,kh-f-f,8,1,0.811
xff,xff,kh-f-f,9,1,0.4
xff,xff,kh-f-f,16,2,1.085
xff,xff,kh-f-f,23,1,0.952
xff,xff,kh-f-f,30,1,1.224
xff,xff,kh-f-f,35,1,1.29
xff,xff,kh-f-f,40,1,0.82
xff,xff,kh-f-f,43,1,1.205
xff,xff,kh-f-f,101,1,27.778
xft,xft,kh-f-t,17,1,0.643
xft,xft,kh-f-t,20,1,0.749
xft,xft,kh-f-t,68,1,3.333
xfy,xfy,kh-f-y,2,2,0.327
xfy,xfy,kh-f-y,3,4,1.149
xfy,xfy,kh-f-y,4,3,0.801
xfy,xfy,kh-f-y,5,1,0.357
xfy,xfy,kh-f-y,6,3,0.984
xfy,xfy,kh-f-y,7,1,0.301
xfy,xfy,kh-f-y,11,1,0.522
xfy,xfy,kh-f-y,13,1,1.172
xfy,xfy,kh-f-y,14,2,2.41
xfy,xfy,kh-f-y,19,1,1.041
xfy,xfy,kh-f-y,20,2,1.498
xfy,xfy,kh-f-y,24,1,0.76
xfy,xfy,kh-f-y,27,1,0.869
xfy,xfy,kh-f-y,32,1,2.688
xfy,xfy,kh-f-y,33,2,1.554
xfy,xfy,kh-f-y,40,2,1.641
xfy,xfy,kh-f-y,41,1,1.259
xfy,xfy,kh-f-y,42,1,1.163
xfy,xfy,kh-f-y,60,1,2.874
xfy,xfy,kh-f-y,69,2,7.752
xfy,xfy,kh-f-y,87,1,13.889
xlE,xluE,kh-l-ʿ,20,1,0.749
xlS,xluS,kh-l-ṣ,2,2,0.327
xlS,xluS,kh-l-ṣ,4,1,0.267
xlS,xluS,kh-l-ṣ,6,1,0.328
xlS,xluS,kh-l-ṣ,7,2,0.602
xlS,xluS,kh-l-ṣ,10,1,0.546
xlS,xluS,kh-l-ṣ,12,3,1.688
xlS,xluS,kh-l-ṣ,15,1,1.527
xlS,xluS,kh-l-ṣ,16,1,0.542
xlS,xluS,kh-l-ṣ,19,1,1.041
xlS,xluS,kh-l-ṣ,29,1,1.025
xlS,xluS,kh-l-ṣ,31,1,1.832
xlS,xluS,kh-l-ṣ,33,1,0.777
xlS,xluS,kh-l-ṣ,37,5,5.814
xlS,xluS,kh-l-ṣ,38,3,4.093
xlS,xluS,kh-l-ṣ,39,4,3.413
xlS,xluS,kh-l-ṣ,40,2,1.641
xlS,xluS,kh-l-ṣ,98,1,10.638
xlT,xluT,kh-l-ṭ,2,1,0.164
xlT,xluT,kh-l-ṭ,6,1,0.328
xlT,xluT,kh-l-ṭ,9,1,0.4
xlT,xluT,kh-l-ṭ,10,1,0.546
xlT,xluT,kh-l-ṭ,18,1,0.633
xlT,xluT,kh-l-ṭ,38,1,1.364
xld,xld,kh-l-d,2,8,1.308
xld,xld,kh-l-d,3,6,1.724
xld,xld,kh-l-d,4,6,1.601
xld,xld,kh-l-d,5,3,1.07
xld,xld,kh-l-d,6,1,0.328
xld,xld,kh-l-d,7,4,1.205
xld,xld,kh-l-d,9,7,2.802
xld,xld,kh-l-d,10,3,1.637
xld,xld,kh-l-d,11,3,1.565
xld,xld,kh-l-d,13,1,1.172
xld,xld,kh-l-d,14,1,1.205
xld,xld,kh-l-d,16,1,0.542
xld,xld,kh-l-d,18,1,0.633
xld,xld,kh-l-d,20,3,2.247
xld,xld,kh-l-d,21,5,4.277
xld,xld,kh-l-d,23,2,1.905
xld,xld,kh-l-d,25,4,4.479
xld,xld,kh-l-d,26,1,0.759
xld,xld,kh-l-d,29,1,1.025
xld,xld,kh-l-d,31,1,1.832
xld,xld,kh-l-d,32,1,2.688
xld,xld,kh-l-d,33,1,0.777
xld,xld,kh-l-d,39,2,1.706
xld,xld,kh-l-d,40,1,0.82
xld,xld,kh-l-d,41,1,1.259
xld,xld,kh-l-d,43,2,2.41
xld,xld,kh-l-d,46,1,1.555
xld,xld,kh-l-d,47,1,1.855
xld,xld,kh-l-d,48,1,1.786
xld,xld,kh-l-d,50,1,2.681
xld,xld,kh-l-d,56,1,2.639
xld,xld,kh-l-d,57,1,1.742
xld,xld,kh-l-d,58,2,4.237
xld,xld,kh-l-d,59,1,2.247
xld,xld,kh-l-d,64,2,8.299
xld,xld,kh-l-d,65,1,3.484
xld,xld,kh-l-d,72,1,3.509
xld,xld,kh-l-d,76,1,4.115
xld,xld,kh-l-d,98,2,21.277
xld,xld,kh-l-d,104,1,30.303
xlf,xlf,kh-l-f,2,11,1.799
xlf,xlf,kh-l-f,3,7,2.011
xlf,xlf,kh-l-f,4,3,0.801
xlf,xlf,kh-l-f,5,2,0.713
xlf,xlf,kh-l-f,6,4,1.311
xlf,xlf,kh-l-f,7,9,2.711
xlf,xlf,kh-l-f,8,2,1.622
xlf,xlf,kh-l-f,9,8,3.203
xlf,xlf,kh-l-f,10,8,4.364
xlf,xlf,kh-l-f,11,4,2.087
xlf,xlf,kh-l-f,13,2,2.345
xlf,xlf,kh-l-f,14,2,2.41
xlf,xlf,kh-l-f,16,7,3.796
xlf,xlf,kh-l-f,17,1,0.643
xlf,xlf,kh-l-f,19,4,4.162
xlf,xlf,kh-l-f,20,6,4.494
xlf,xlf,kh-l-f,21,1,0.855
xlf,xlf,kh-l-f,22,3,2.355
xlf,xlf,kh-l-f,23,1,0.952
xlf,xlf,kh-l-f,24,3,2.28
xlf,xlf,kh-l-f,25,1,1.12
xlf,xlf,kh-l-f,26,1,0.759
xlf,xlf,kh-l-f,27,2,1.738
xlf,xlf,kh-l-f,30,2,2.448
xlf,xlf,kh-l-f,32,1,2.688
xlf,xlf,kh-l-f,34,2,2.265
xlf,xlf,kh-l-f,35,4,5.161
xlf,xlf,kh-l-f,36,2,2.759
xlf,xlf,kh-l-f,38,1,1.364
xlf,xlf,kh-l-f,39,4,3.413
xlf,xlf,kh-l-f,41,4,5.038
xlf,xlf,kh-l-f,42,1,1.163
xlf,xlf,kh-l-f,43,3,3.614
xlf,xlf,kh-l-f,45,3,6.148
xlf,xlf,kh-l-f,46,1,1.555
xlf,xlf,kh-l-f,48,3,5.357
xlf,xlf,kh-l-f,51,1,2.778
xlf,xlf,kh-l-f,57,1,1.742
xlf,xlf,kh-l-f,72,1,3.509
xlf,xlf,kh-l-f,78,1,5.78
xll,xll,kh-l-l,2,1,0.164
xll,xll,kh-l-l,4,1,0.267
xll,xll,kh-l-l,9,1,0.4
xll,xll,kh-l-l,14,1,1.205
xll,xll,kh-l-l,17,3,1.928
xll,xll,kh-l-l,18,1,0.633
xll,xll,kh-l-l,24,1,0.76
xll,xll,kh-l-l,25,1,1.12
xll,xll,kh-l-l,27,1,0.869
xll,xll,kh-l-l,30,1,1.224
xll,xll,kh-l-l,43,1,1.205
xlq,xlq,kh-l-q,2,6,0.981
xlq,xlq,kh-l-q,3,7,2.011
xlq,xlq,kh-l-q,4,4,1.068
xlq,xlq,kh-l-q,5,3,1.07
xlq,xlq,kh-l-q,6,7,2.295
xlq,xlq,kh-l-q,7,11,3.313
xlq,xlq,kh-l-q,9,4,1.601
xlq,xlq,kh-l-q,10,6,3.273
xlq,xlq,kh-l-q,11,2,1.043
xlq,xlq,kh-l-q,13,5,5.862
xlq,xlq,kh-l-q,14,3,3.614
xlq,xlq,kh-l-q,15,6,9.16
xlq,xlq,kh-l-q,16,11,5.965
xlq,xlq,kh-l-q,17,7,4.499
xlq,xlq,kh-l-q,18,4,2.533
xlq,xlq,kh-l-q,19,2,2.081
xlq,xlq,kh-l-q,20,3,2.247
xlq,xlq,kh-l-q,21,4,3.422
xlq,xlq,kh-l-q,22,4,3.14
xlq,xlq,kh-l-q,23,10,9.524
xlq,xlq,kh-l-q,24,2,1.52
xlq,xlq,kh-l-q,25,6,6.719
xlq,xlq,kh-l-q,26,4,3.035
xlq,xlq,kh-l-q,27,2,1.738
xlq,xlq,kh-l-q,28,1,0.699
xlq,xlq,kh-l-q,29,5,5.123
xlq,xlq,kh-l-q,30,10,12.24
xlq,xlq,kh-l-q,31,5,9.158
xlq,xlq,kh-l-q,32,4,10.753
xlq,xlq,kh-l-q,34,1,1.133
xlq,xlq,kh-l-q,35,5,6.452
xlq,xlq,kh-l-q,36,10,13.793
xlq,xlq,kh-l-q,37,6,6.977
xlq,xlq,kh-l-q,38,6,8.186
xlq,xlq,kh-l-q,39,8,6.826
xlq,xlq,kh-l-q,40,4,3.281
xlq,xlq,kh-l-q,41,4,5.038
xlq,xlq,kh-l-q,42,2,2.326
xlq,xlq,kh-l-q,43,6,7.229
xlq,xlq,kh-l-q,44,2,5.78
xlq,xlq,kh-l-q,45,2,4.098
xlq,xlq,kh-l-q,46,4,6.221
xlq,xlq,kh-l-q,49,1,2.882
xlq,xlq,kh-l-q,50,4,10.724
xlq,xlq,kh-l-q,51,2,5.556
xlq,xlq,kh-l-q,52,3,9.615
xlq,xlq,kh-l-q,53,1,2.778
xlq,xlq,kh-l-q,54,1,2.924
xlq,xlq,kh-l-q,55,3,8.547
xlq,xlq,kh-l-q,56,3,7.916
xlq,xlq,kh-l-q,57,1,1.742
xlq,xlq,kh-l-q,59,1,2.247
xlq,xlq,kh-l-q,64,2,8.299
xlq,xlq,kh-l-q,65,1,3.484
xlq,xlq,kh-l-q,67,4,12.012
xlq,xlq,kh-l-q,68,1,3.333
xlq,xlq,kh-l-q,70,2,9.217
xlq,xlq,kh-l-q,71,2,8.85
xlq,xlq,kh-l-q,74,1,3.922
xlq,xlq,kh-l-q,75,1,6.098
xlq,xlq,kh-l-q,76,2,8.23
xlq,xlq,kh-l-q,77,1,5.525
xlq,xlq,kh-l-q,78,1,5.78
xlq,xlq,kh-l-q,79,1,5.587
xlq,xlq,kh-l-q,80,2,15.038
xlq,xlq,kh-l-q,82,1,12.5
xlq,xlq,kh-l-q,86,2,32.787
xlq,xlq,kh-l-q,87,1,13.889
xlq,xlq,kh-l-q,88,1,10.87
xlq,xlq,kh-l-q,89,1,7.299
xlq,xlq,kh-l-q,90,1,12.195
xlq,xlq,kh-l-q,92,1,14.085
xlq,xlq,kh-l-q,95,1,29.412
xlq,xlq,kh-l-q,96,2,27.778
xlq,xlq,kh-l-q,113,1,43.478
xlw,xlw,kh-l-w,2,5,0.818
xlw,xlw,kh-l-w,3,3,0.862
xlw,xlw,kh-l-w,5,1,0.357
xlw,xlw,kh-l-w,7,1,0.301
xlw,xlw,kh-l-w,9,1,0.4
xlw,xlw,kh-l-w,10,1,0.546
xlw,xlw,kh-l-w,12,1,0.563
xlw,xlw,kh-l-w,13,2,2.345
xlw,xlw,kh-l-w,15,1,1.527
xlw,xlw,kh-l-w,24,1,0.76
xlw,xlw,kh-l-w,33,2,1.554
xlw,xlw,kh-l-w,35,1,1.29
xlw,xlw,kh-l-w,40,1,0.82
xlw,xlw,kh-l-w,41,1,1.259
xlw,xlw,kh-l-w,46,3,4.666
xlw,xlw,kh-l-w,48,1,1.786
xlw,xlw,kh-l-w,69,1,3.876
xlw,xlw,kh-l-w,84,1,9.346
xmS,xmuS,kh-m-ṣ,5,1,0.357
xmS,xmuS,kh-m-ṣ,9,1,0.4
xmT,xmuT,kh-m-ṭ,34,1,1.133
xmd,xmd,kh-m-d,21,1,0.855
xmd,xmd,kh-m-d,36,1,1.379
xmr,xmr,kh-m-r,2,1,0.164
xmr,xmr,kh-m-r,5,2,0.713
xmr,xmr,kh-m-r,12,2,1.125
xmr,xmr,kh-m-r,24,1,0.76
xmr,xmr,kh-m-r,47,1,1.855
xms,xms,kh-m-s,3,1,0.287
xms,xms,kh-m-s,8,1,0.811
xms,xms,kh-m-s,18,1,0.633
xms,xms,kh-m-s,24,2,1.52
xms,xms,kh-m-s,29,1,1.025
xms,xms,kh-m-s,58,1,2.119
xms,xms,kh-m-s,70,1,4.608
xnq,xnq,kh-n-q,5,1,0.357
xns,xns,kh-n-s,81,1,9.615
xns,xns,kh-n-s,114,1,50
xnzr,xnzr,kh-n-z-r,2,1,0.164
xnzr,xnzr,kh-n-z-r,5,2,0.713
xnzr,xnzr,kh-n-z-r,6,1,0.328
xnzr,xnzr,kh-n-z-r,16,1,0.542
xrS,xruS,kh-r-ṣ,6,2,0.656
xrS,xruS,kh-r-ṣ,10,1,0.546
xrS,xruS,kh-r-ṣ,43,1,1.205
xrS,xruS,kh-r-ṣ,51,1,2.778
xrTm,xruTm,kh-r-ṭ-m,68,1,3.333
xrb,xrb,kh-r-b,2,1,0.164
xrb,xrb,kh-r-b,59,1,2.247
xrdl,xrdl,kh-r-d-l,21,1,0.855
xrdl,xrdl,kh-r-d-l,31,1,1.832
xrj,xrj,kh-r-j,2,21,3.434
xrj,xrj,kh-r-j,3,4,1.149
xrj,xrj,kh-r-j,4,3,0.801
xrj,xrj,kh-r-j,5,7,2.496
xrj,xrj,kh-r-j,6,8,2.623
xrj,xrj,kh-r-j,7,13,3.916
xrj,xrj,kh-r-j,8,3,2.433
xrj,xrj,kh-r-j,9,8,3.203
xrj,xrj,kh-r-j,10,2,1.091
xrj,xrj,kh-r-j,12,3,1.688
xrj,xrj,kh-r-j,14,4,4.819
xrj,xrj,kh-r-j,15,2,3.053
xrj,xrj,kh-r-j,16,3,1.627
xrj,xrj,kh-r-j,17,4,2.571
xrj,xrj,kh-r-j,18,3,1.9
xrj,xrj,kh-r-j,19,2,2.081
xrj,xrj,kh-r-j,20,7,5.243
xrj,xrj,kh-r-j,22,3,2.355
xrj,xrj,kh-r-j,23,5,4.762
xrj,xrj,kh-r-j,24,3,2.28
xrj,xrj,kh-r-j,26,3,2.276
xrj,xrj,kh-r-j,27,6,5.213
xrj,xrj,kh-r-j,28,4,2.797
xrj,xrj,kh-r-j,30,5,6.12
xrj,xrj,kh-r-j,32,2,5.376
xrj,xrj,kh-r-j,33,1,0.777
xrj,xrj,kh-r-j,34,1,1.133
xrj,xrj,kh-r-j,35,3,3.871
xrj,xrj,kh-r-j,36,1,1.379
xrj,xrj,kh-r-j,37,1,1.163
xrj,xrj,kh-r-j,38,1,1.364
xrj,xrj,kh-r-j,39,1,0.853
xrj,xrj,kh-r-j,40,2,1.641
xrj,xrj,kh-r-j,41,1,1.259
xrj,xrj,kh-r-j,43,1,1.205
xrj,xrj,kh-r-j,45,1,2.049
xrj,xrj,kh-r-j,46,1,1.555
xrj,xrj,kh-r-j,47,4,7.421
xrj,xrj,kh-r-j,48,1,1.786
xrj,xrj,kh-r-j,49,1,2.882
xrj,xrj,kh-r-j,50,2,5.362
xrj,xrj,kh-r-j,51,1,2.778
xrj,xrj,kh-r-j,54,1,2.924
xrj,xrj,kh-r-j,55,1,2.849
xrj,xrj,kh-r-j,57,2,3.484
xrj,xrj,kh-r-j,59,7,15.73
xrj,xrj,kh-r-j,60,5,14.368
xrj,xrj,kh-r-j,63,1,5.556
xrj,xrj,kh-r-j,65,4,13.937
xrj,xrj,kh-r-j,70,1,4.608
xrj,xrj,kh-r-j,71,2,8.85
xrj,xrj,kh-r-j,78,1,5.78
xrj,xrj,kh-r-j,79,2,11.173
xrj,xrj,kh-r-j,86,1,16.393
xrj,xrj,kh-r-j,87,1,13.889
xrj,xrj,kh-r-j,99,1,27.778
xrq,xrq,kh-r-q,6,1,0.328
xrq,xrq,kh-r-q,17,1,0.643
xrq,xrq,kh-r-q,18,2,1.267
xrr,xrr,kh-r-r,7,1,0.301
xrr,xrr,kh-r-r,12,1,0.563
xrr,xrr,kh-r-r,16,1,0.542
xrr,xrr,kh-r-r,17,2,1.285
xrr,xrr,kh-r-r,19,2,2.081
xrr,xrr,kh-r-r,22,1,0.785
xrr,xrr,kh-r-r,25,1,1.12
xrr,xrr,kh-r-r,32,1,2.688
xrr,xrr,kh-r-r,34,1,1.133
xrr,xrr,kh-r-r,38,1,1.364
xsA,xsuA,kh-s-a,2,1,0.164
xsA,xsuA,kh-s-a,7,1,0.301
xsA,xsuA,kh-s-a,23,1,0.952
xsA,xsuA,kh-s-a,67,1,3.003
xsf,xsf,kh-s-f,16,1,0.542
xsf,xsf,kh-s-f,17,1,0.643
xsf,xsf,kh-s-f,28,2,1.399
xsf,xsf,kh-s-f,29,1,1.025
xsf,xsf,kh-s-f,34,1,1.133
xsf,xsf,kh-s-f,67,1,3.003
xsf,xsf,kh-s-f,75,1,6.098
xsr,xsr,kh-s-r,2,3,0.491
xsr,xsr,kh-s-r,3,2,0.575
xsr,xsr,kh-s-r,4,2,0.534
xsr,xsr,kh-s-r,5,4,1.427
xsr,xsr,kh-s-r,6,4,1.311
xsr,xsr,kh-s-r,7,8,2.41
xsr,xsr,kh-s-r,8,1,0.811
xsr,xsr,kh-s-r,9,1,0.4
xsr,xsr,kh-s-r,10,2,1.091
xsr,xsr,kh-s-r,11,4,2.087
xsr,xsr,kh-s-r,12,1,0.563
xsr,xsr,kh-s-r,16,1,0.542
xsr,xsr,kh-s-r,17,1,0.643
xsr,xsr,kh-s-r,18,1,0.633
xsr,xsr,kh-s-r,21,1,0.855
xsr,xsr,kh-s-r,22,2,1.57
xsr,xsr,kh-s-r,23,2,1.905
xsr,xsr,kh-s-r,26,1,0.759
xsr,xsr,kh-s-r,27,1,0.869
xsr,xsr,kh-s-r,29,1,1.025
xsr,xsr,kh-s-r,35,1,1.29
xsr,xsr,kh-s-r,39,5,4.266
xsr,xsr,kh-s-r,40,2,1.641
xsr,xsr,kh-s-r,41,2,2.519
xsr,xsr,kh-s-r,42,2,2.326
xsr,xsr,kh-s-r,45,1,2.049
xsr,xsr,kh-s-r,46,1,1.555
xsr,xsr,kh-s-r,55,1,2.849
xsr,xsr,kh-s-r,58,1,2.119
xsr,xsr,kh-s-r,63,1,5.556
xsr,xsr,kh-s-r,65,1,3.484
xsr,xsr,kh-s-r,71,1,4.425
xsr,xsr,kh-s-r,79,1,5.587
xsr,xsr,kh-s-r,83,1,5.917
xsr,xsr,kh-s-r,103,1,71.429
xtm,xtm,kh-t-m,2,1,0.164
xtm,xtm,kh-t-m,6,1,0.328
xtm,xtm,kh-t-m,33,1,0.777
xtm,xtm,kh-t-m,36,1,1.379
xtm,xtm,kh-t-m,42,1,1.163
xtm,xtm,kh-t-m,45,1,2.049
xtm,xtm,kh-t-m,83,2,11.834
xtr,xtr,kh-t-r,31,1,1.832
xwD,xwuD,kh-w-ḍ,4,1,0.267
xwD,xwuD,kh-w-ḍ,6,3,0.984
xwD,xwuD,kh-w-ḍ,9,3,1.201
xwD,xwuD,kh-w-ḍ,43,1,1.205
xwD,xwuD,kh-w-ḍ,52,1,3.205
xwD,xwuD,kh-w-ḍ,70,1,4.608
xwD,xwuD,kh-w-ḍ,74,2,7.843
xwf,xwf,kh-w-f,2,12,1.962
xwf,xwf,kh-w-f,3,4,1.149
xwf,xwf,kh-w-f,4,8,2.135
xwf,xwf,kh-w-f,5,6,2.14
xwf,xwf,kh-w-f,6,6,1.967
xwf,xwf,kh-w-f,7,5,1.506
xwf,xwf,kh-w-f,8,3,2.433
xwf,xwf,kh-w-f,9,1,0.4
xwf,xwf,kh-w-f,10,3,1.637
xwf,xwf,kh-w-f,11,6,3.13
xwf,xwf,kh-w-f,12,1,0.563
xwf,xwf,kh-w-f,13,3,3.517
xwf,xwf,kh-w-f,14,2,2.41
xwf,xwf,kh-w-f,16,3,1.627
xwf,xwf,kh-w-f,17,3,1.928
xwf,xwf,kh-w-f,19,2,2.081
xwf,xwf,kh-w-f,20,7,5.243
xwf,xwf,kh-w-f,24,3,2.28
xwf,xwf,kh-w-f,26,4,3.035
xwf,xwf,kh-w-f,27,2,1.738
xwf,xwf,kh-w-f,28,8,5.594
xwf,xwf,kh-w-f,29,1,1.025
xwf,xwf,kh-w-f,30,3,3.672
xwf,xwf,kh-w-f,32,1,2.688
xwf,xwf,kh-w-f,33,2,1.554
xwf,xwf,kh-w-f,38,1,1.364
xwf,xwf,kh-w-f,39,3,2.56
xwf,xwf,kh-w-f,40,3,2.461
xwf,xwf,kh-w-f,41,1,1.259
xwf,xwf,kh-w-f,43,1,1.205
xwf,xwf,kh-w-f,46,2,3.11
xwf,xwf,kh-w-f,48,1,1.786
xwf,xwf,kh-w-f,50,1,2.681
xwf,xwf,kh-w-f,51,3,8.333
xwf,xwf,kh-w-f,55,1,2.849
xwf,xwf,kh-w-f,59,1,2.247
xwf,xwf,kh-w-f,72,1,3.509
xwf,xwf,kh-w-f,74,1,3.922
xwf,xwf,kh-w-f,76,2,8.23
xwf,xwf,kh-w-f,79,1,5.587
xwf,xwf,kh-w-f,91,1,18.519
xwf,xwf,kh-w-f,106,1,58.824
xwl,xwl,kh-w-l,4,1,0.267
xwl,xwl,kh-w-l,6,1,0.328
xwl,xwl,kh-w-l,24,2,1.52
xwl,xwl,kh-w-l,33,2,1.554
xwl,xwl,kh-w-l,39,2,1.706
xwn,xwn,kh-w-n,2,1,0.164
xwn,xwn,kh-w-n,4,3,0.801
xwn,xwn,kh-w-n,5,1,0.357
xwn,xwn,kh-w-n,8,6,4.866
xwn,xwn,kh-w-n,12,2,1.125
xwn,xwn,kh-w-n,22,1,0.785
xwn,xwn,kh-w-n,40,1,0.82
xwn,xwn,kh-w-n,66,1,4.016
xwr,xwr,kh-w-r,7,1,0.301
xwr,xwr,kh-w-r,20,1,0.749
xwy,xwy,kh-w-y,2,1,0.164
xwy,xwy,kh-w-y,18,1,0.633
xwy,xwy,kh-w-y,22,1,0.785
xwy,xwy,kh-w-y,27,1,0.869
xwy,xwy,kh-w-y,69,1,3.876
xyT,xyuT,kh-y-ṭ,2,2,0.327
xyT,xyuT,kh-y-ṭ,7,1,0.301
xyb,xyb,kh-y-b,3,1,0.287
xyb,xyb,kh-y-b,14,1,1.205
xyb,xyb,kh-y-b,20,2,1.498
xyb,xyb,kh-y-b,91,1,18.519
xyl,xyl,kh-y-l,3,1,0.287
xyl,xyl,kh-y-l,4,1,0.267
xyl,xyl,kh-y-l,8,1,0.811
xyl,xyl,kh-y-l,16,1,0.542
xyl,xyl,kh-y-l,17,1,0.643
xyl,xyl,kh-y-l,20,1,0.749
xyl,xyl,kh-y-l,31,1,1.832
xyl,xyl,kh-y-l,57,1,1.742
xyl,xyl,kh-y-l,59,1,2.247
xym,xym,kh-y-m,55,1,2.849
xyr,xyr,kh-y-r,2,27,4.415
xyr,xyr,kh-y-r,3,14,4.022
xyr,xyr,kh-y-r,4,12,3.203
xyr,xyr,kh-y-r,5,2,0.713
xyr,xyr,kh-y-r,6,4,1.311
xyr,xyr,kh-y-r,7,9,2.711
xyr,xyr,kh-y-r,8,5,4.055
xyr,xyr,kh-y-r,9,6,2.402
xyr,xyr,kh-y-r,10,4,2.182
xyr,xyr,kh-y-r,11,3,1.565
xyr,xyr,kh-y-r,12,6,3.376
xyr,xyr,kh-y-r,16,5,2.711
xyr,xyr,kh-y-r,17,2,1.285
xyr,xyr,kh-y-r,18,8,5.066
xyr,xyr,kh-y-r,19,3,3.122
xyr,xyr,kh-y-r,20,3,2.247
xyr,xyr,kh-y-r,21,4,3.422
xyr,xyr,kh-y-r,22,5,3.925
xyr,xyr,kh-y-r,23,7,6.667
xyr,xyr,kh-y-r,24,5,3.799
xyr,xyr,kh-y-r,25,3,3.359
xyr,xyr,kh-y-r,27,3,2.606
xyr,xyr,kh-y-r,28,7,4.895
xyr,xyr,kh-y-r,29,1,1.025
xyr,xyr,kh-y-r,30,1,1.224
xyr,xyr,kh-y-r,33,3,2.331
xyr,xyr,kh-y-r,34,1,1.133
xyr,xyr,kh-y-r,35,1,1.29
xyr,xyr,kh-y-r,37,1,1.163
xyr,xyr,kh-y-r,38,4,5.457
xyr,xyr,kh-y-r,41,2,2.519
xyr,xyr,kh-y-r,42,1,1.163
xyr,xyr,kh-y-r,43,3,3.614
xyr,xyr,kh-y-r,44,2,5.78
xyr,xyr,kh-y-r,46,1,1.555
xyr,xyr,kh-y-r,47,1,1.855
xyr,xyr,kh-y-r,49,3,8.646
xyr,xyr,kh-y-r,50,1,2.681
xyr,xyr,kh-y-r,54,1,2.924
xyr,xyr,kh-y-r,55,1,2.849
xyr,xyr,kh-y-r,56,1,2.639
xyr,xyr,kh-y-r,58,1,2.119
xyr,xyr,kh-y-r,61,1,4.525
xyr,xyr,kh-y-r,62,3,17.143
xyr,xyr,kh-y-r,64,1,4.149
xyr,xyr,kh-y-r,66,1,4.016
xyr,xyr,kh-y-r,68,3,10
xyr,xyr,kh-y-r,70,2,9.217
xyr,xyr,kh-y-r,73,2,10.05
xyr,xyr,kh-y-r,87,1,13.889
xyr,xyr,kh-y-r,93,1,25
xyr,xyr,kh-y-r,97,1,33.333
xyr,xyr,kh-y-r,98,1,10.638
xyr,xyr,kh-y-r,99,1,27.778
xyr,xyr,kh-y-r,100,1,25
xzn,xzn,kh-z-n,6,1,0.328
xzn,xzn,kh-z-n,11,1,0.522
xzn,xzn,kh-z-n,12,1,0.563
xzn,xzn,kh-z-n,15,2,3.053
xzn,xzn,kh-z-n,17,1,0.643
xzn,xzn,kh-z-n,38,1,1.364
xzn,xzn,kh-z-n,39,2,1.706
xzn,xzn,kh-z-n,40,1,0.82
xzn,xzn,kh-z-n,52,1,3.205
xzn,xzn,kh-z-n,63,1,5.556
xzn,xzn,kh-z-n,67,1,3.003
xzy,xzy,kh-z-y,2,2,0.327
xzy,xzy,kh-z-y,3,2,0.575
xzy,xzy,kh-z-y,5,2,0.713
xzy,xzy,kh-z-y,9,3,1.201
xzy,xzy,kh-z-y,10,1,0.546
xzy,xzy,kh-z-y,11,4,2.087
xzy,xzy,kh-z-y,15,1,1.527
xzy,xzy,kh-z-y,16,2,1.085
xzy,xzy,kh-z-y,20,1,0.749
xzy,xzy,kh-z-y,22,1,0.785
xzy,xzy,kh-z-y,26,1,0.759
xzy,xzy,kh-z-y,39,2,1.706
xzy,xzy,kh-z-y,41,2,2.519
xzy,xzy,kh-z-y,59,1,2.247
xzy,xzy,kh-z-y,66,1,4.016
yAs,yuAs,y-a-s,5,1,0.357
yAs,yuAs,y-a-s,11,1,0.522
yAs,yuAs,y-a-s,12,4,2.251
yAs,yuAs,y-a-s,13,1,1.172
yAs,yuAs,y-a-s,17,1,0.643
yAs,yuAs,y-a-s,29,1,1.025
yAs,yuAs,y-a-s,41,1,1.259
yAs,yuAs,y-a-s,60,2,5.747
yAs,yuAs,y-a-s,65,1,3.484
ybs,ybs,y-b-s,6,1,0.328
ybs,ybs,y-b-s,12,2,1.125
ybs,ybs,y-b-s,20,1,0.749
ydy,ydy,y-d-y,2,9,1.472
ydy,ydy,y-d-y,3,5,1.436
ydy,ydy,y-d-y,4,4,1.068
ydy,ydy,y-d-y,5,15,5.35
ydy,ydy,y-d-y,6,3,0.984
ydy,ydy,y-d-y,7,6,1.807
ydy,ydy,y-d-y,8,2,1.622
ydy,ydy,y-d-y,9,4,1.601
ydy,ydy,y-d-y,10,1,0.546
ydy,ydy,y-d-y,11,1,0.522
ydy,ydy,y-d-y,12,3,1.688
ydy,ydy,y-d-y,13,1,1.172
ydy,ydy,y-d-y,14,1,1.205
ydy,ydy,y-d-y,17,1,0.643
ydy,ydy,y-d-y,18,1,0.633
ydy,ydy,y-d-y,19,1,1.041
ydy,ydy,y-d-y,20,3,2.247
ydy,ydy,y-d-y,21,1,0.855
ydy,ydy,y-d-y,22,2,1.57
ydy,ydy,y-d-y,23,1,0.952
ydy,ydy,y-d-y,24,2,1.52
ydy,ydy,y-d-y,25,2,2.24
ydy,ydy,y-d-y,26,2,1.517
ydy,ydy,y-d-y,27,2,1.738
ydy,ydy,y-d-y,28,2,1.399
ydy,ydy,y-d-y,30,2,2.448
ydy,ydy,y-d-y,34,4,4.53
ydy,ydy,y-d-y,35,1,1.29
ydy,ydy,y-d-y,36,6,8.276
ydy,ydy,y-d-y,38,3,4.093
ydy,ydy,y-d-y,41,3,3.778
ydy,ydy,y-d-y,42,2,2.326
ydy,ydy,y-d-y,46,2,3.11
ydy,ydy,y-d-y,48,5,8.929
ydy,ydy,y-d-y,49,1,2.882
ydy,ydy,y-d-y,57,2,3.484
ydy,ydy,y-d-y,58,2,4.237
ydy,ydy,y-d-y,59,2,4.494
ydy,ydy,y-d-y,60,2,5.747
ydy,ydy,y-d-y,61,1,4.525
ydy,ydy,y-d-y,62,1,5.714
ydy,ydy,y-d-y,66,1,4.016
ydy,ydy,y-d-y,67,1,3.003
ydy,ydy,y-d-y,72,1,3.509
ydy,ydy,y-d-y,78,1,5.78
ydy,ydy,y-d-y,80,1,7.519
ydy,ydy,y-d-y,111,1,43.478
ymm,ymm,y-m-m,2,1,0.164
ymm,ymm,y-m-m,4,1,0.267
ymm,ymm,y-m-m,5,1,0.357
ymm,ymm,y-m-m,7,1,0.301
ymm,ymm,y-m-m,20,4,2.996
ymm,ymm,y-m-m,28,2,1.399
ymm,ymm,y-m-m,51,1,2.778
ymn,ymn,y-m-n,2,2,0.327
ymn,ymn,y-m-n,3,1,0.287
ymn,ymn,y-m-n,4,5,1.334
ymn,ymn,y-m-n,5,7,2.496
ymn,ymn,y-m-n,6,1,0.328
ymn,ymn,y-m-n,7,1,0.301
ymn,ymn,y-m-n,9,3,1.201
ymn,ymn,y-m-n,16,6,3.254
ymn,ymn,y-m-n,17,1,0.643
ymn,ymn,y-m-n,18,2,1.267
ymn,ymn,y-m-n,19,1,1.041
ymn,ymn,y-m-n,20,3,2.247
ymn,ymn,y-m-n,23,1,0.952
ymn,ymn,y-m-n,24,4,3.04
ymn,ymn,y-m-n,28,1,0.699
ymn,ymn,y-m-n,29,1,1.025
ymn,ymn,y-m-n,30,1,1.224
ymn,ymn,y-m-n,33,4,3.108
ymn,ymn,y-m-n,34,1,1.133
ymn,ymn,y-m-n,35,1,1.29
ymn,ymn,y-m-n,37,2,2.326
ymn,ymn,y-m-n,39,1,0.853
ymn,ymn,y-m-n,50,1,2.681
ymn,ymn,y-m-n,56,7,18.47
ymn,ymn,y-m-n,57,1,1.742
ymn,ymn,y-m-n,58,1,2.119
ymn,ymn,y-m-n,63,1,5.556
ymn,ymn,y-m-n,66,2,8.032
ymn,ymn,y-m-n,68,1,3.333
ymn,ymn,y-m-n,69,2,7.752
ymn,ymn,y-m-n,70,2,9.217
ymn,ymn,y-m-n,74,1,3.922
ymn,ymn,y-m-n,84,1,9.346
ymn,ymn,y-m-n,90,1,12.195
ynE,ynuE,y-n-ʿ,6,1,0.328
yqZ,yquZ,y-q-ẓ,18,1,0.633
yqn,yqn,y-q-n,2,2,0.327
yqn,yqn,y-q-n,4,1,0.267
yqn,yqn,y-q-n,5,1,0.357
yqn,yqn,y-q-n,6,1,0.328
yqn,yqn,y-q-n,13,1,1.172
yqn,yqn,y-q-n,15,1,1.527
yqn,yqn,y-q-n,26,1,0.759
yqn,yqn,y-q-n,27,4,3.475
yqn,yqn,y-q-n,30,1,1.224
yqn,yqn,y-q-n,31,1,1.832
yqn,yqn,y-q-n,32,2,5.376
yqn,yqn,y-q-n,44,1,2.89
yqn,yqn,y-q-n,45,3,6.148
yqn,yqn,y-q-n,51,1,2.778
yqn,yqn,y-q-n,52,1,3.205
yqn,yqn,y-q-n,56,1,2.639
yqn,yqn,y-q-n,69,1,3.876
yqn,yqn,y-q-n,74,2,7.843
yqn,yqn,y-q-n,102,2,71.429
ysr,ysr,y-s-r,2,5,0.818
ysr,ysr,y-s-r,4,2,0.534
ysr,ysr,y-s-r,5,2,0.713
ysr,ysr,y-s-r,12,1,0.563
ysr,ysr,y-s-r,17,1,0.643
ysr,ysr,y-s-r,18,1,0.633
ysr,ysr,y-s-r,19,1,1.041
ysr,ysr,y-s-r,20,1,0.749
ysr,ysr,y-s-r,22,1,0.785
ysr,ysr,y-s-r,25,1,1.12
ysr,ysr,y-s-r,29,1,1.025
ysr,ysr,y-s-r,33,3,2.331
ysr,ysr,y-s-r,35,1,1.29
ysr,ysr,y-s-r,44,1,2.89
ysr,ysr,y-s-r,50,1,2.681
ysr,ysr,y-s-r,51,1,2.778
ysr,ysr,y-s-r,54,4,11.696
ysr,ysr,y-s-r,57,1,1.742
ysr,ysr,y-s-r,64,1,4.149
ysr,ysr,y-s-r,65,2,6.969
ysr,ysr,y-s-r,73,2,10.05
ysr,ysr,y-s-r,74,1,3.922
ysr,ysr,y-s-r,80,1,7.519
ysr,ysr,y-s-r,84,1,9.346
ysr,ysr,y-s-r,87,2,27.778
ysr,ysr,y-s-r,92,3,42.254
ysr,ysr,y-s-r,94,2,74.074
ytm,ytm,y-t-m,2,4,0.654
ytm,ytm,y-t-m,4,8,2.135
ytm,ytm,y-t-m,6,1,0.328
ytm,ytm,y-t-m,8,1,0.811
ytm,ytm,y-t-m,17,1,0.643
ytm,ytm,y-t-m,18,1,0.633
ytm,ytm,y-t-m,59,1,2.247
ytm,ytm,y-t-m,76,1,4.115
ytm,ytm,y-t-m,89,1,7.299
ytm,ytm,y-t-m,90,1,12.195
ytm,ytm,y-t-m,93,2,50
ytm,ytm,y-t-m,107,1,40
ywm,ywm,y-w-m,1,1,34.483
ywm,ywm,y-w-m,2,25,4.088
ywm,ywm,y-w-m,3,16,4.596
ywm,ywm,y-w-m,4,9,2.402
ywm,ywm,y-w-m,5,10,3.566
ywm,ywm,y-w-m,6,10,3.279
ywm,ywm,y-w-m,7,11,3.313
ywm,ywm,y-w-m,8,3,2.433
ywm,ywm,y-w-m,9,12,4.804
ywm,ywm,y-w-m,10,8,4.364
ywm,ywm,y-w-m,11,14,7.303
ywm,ywm,y-w-m,12,2,1.125
ywm,ywm,y-w-m,14,7,8.434
ywm,ywm,y-w-m,15,3,4.58
ywm,ywm,y-w-m,16,11,5.965
ywm,ywm,y-w-m,17,7,4.499
ywm,ywm,y-w-m,18,5,3.167
ywm,ywm,y-w-m,19,13,13.528
ywm,ywm,y-w-m,20,8,5.993
ywm,ywm,y-w-m,21,3,2.566
ywm,ywm,y-w-m,22,7,5.495
ywm,ywm,y-w-m,23,6,5.714
ywm,ywm,y-w-m,24,4,3.04
ywm,ywm,y-w-m,25,8,8.959
ywm,ywm,y-w-m,26,9,6.829
ywm,ywm,y-w-m,27,2,1.738
ywm,ywm,y-w-m,28,8,5.594
ywm,ywm,y-w-m,29,4,4.098
ywm,ywm,y-w-m,30,6,7.344
ywm,ywm,y-w-m,31,1,1.832
ywm,ywm,y-w-m,32,5,13.441
ywm,ywm,y-w-m,33,3,2.331
ywm,ywm,y-w-m,34,4,4.53
ywm,ywm,y-w-m,35,1,1.29
ywm,ywm,y-w-m,36,5,6.897
ywm,ywm,y-w-m,37,4,4.651
ywm,ywm,y-w-m,38,6,8.186
ywm,ywm,y-w-m,39,8,6.826
ywm,ywm,y-w-m,40,15,12.305
ywm,ywm,y-w-m,41,7,8.816
ywm,ywm,y-w-m,42,3,3.488
ywm,ywm,y-w-m,43,4,4.819
ywm,ywm,y-w-m,44,4,11.561
ywm,ywm,y-w-m,45,8,16.393
ywm,ywm,y-w-m,46,6,9.331
ywm,ywm,y-w-m,50,9,24.129
ywm,ywm,y-w-m,51,3,8.333
ywm,ywm,y-w-m,52,4,12.821
ywm,ywm,y-w-m,54,4,11.696
ywm,ywm,y-w-m,55,1,2.849
ywm,ywm,y-w-m,56,2,5.277
ywm,ywm,y-w-m,57,5,8.711
ywm,ywm,y-w-m,58,4,8.475
ywm,ywm,y-w-m,60,2,5.747
ywm,ywm,y-w-m,62,1,5.714
ywm,ywm,y-w-m,64,3,12.448
ywm,ywm,y-w-m,65,1,3.484
ywm,ywm,y-w-m,66,2,8.032
ywm,ywm,y-w-m,68,3,10
ywm,ywm,y-w-m,69,3,11.628
ywm,ywm,y-w-m,70,6,27.65
ywm,ywm,y-w-m,73,2,10.05
ywm,ywm,y-w-m,74,2,7.843
ywm,ywm,y-w-m,75,2,12.195
ywm,ywm,y-w-m,76,4,16.461
ywm,ywm,y-w-m,77,5,27.624
ywm,ywm,y-w-m,78,5,28.902
ywm,ywm,y-w-m,79,3,16.76
ywm,ywm,y-w-m,80,1,7.519
ywm,ywm,y-w-m,82,4,50
ywm,ywm,y-w-m,83,4,23.669
ywm,ywm,y-w-m,85,1,9.174
ywm,ywm,y-w-m,86,1,16.393
ywm,ywm,y-w-m,90,1,12.195
ywm,ywm,y-w-m,101,1,27.778
zEm,zuEm,z-ʿ-m,4,1,0.267
zEm,zuEm,z-ʿ-m,6,5,1.639
zEm,zuEm,z-ʿ-m,12,1,0.563
zEm,zuEm,z-ʿ-m,17,2,1.285
zEm,zuEm,z-ʿ-m,18,2,1.267
zEm,zuEm,z-ʿ-m,28,2,1.399
zEm,zuEm,z-ʿ-m,34,1,1.133
zEm,zuEm,z-ʿ-m,62,1,5.714
zEm,zuEm,z-ʿ-m,64,1,4.149
zEm,zuEm,z-ʿ-m,68,1,3.333
zHf,zuHf,z-ḥ-f,8,1,0.811
zHzH,zuHzuH,z-ḥ-z-ḥ,2,1,0.164
zHzH,zuHzuH,z-ḥ-z-ḥ,3,1,0.287
zbd,zbd,z-b-d,13,3,3.517
zbn,zbn,z-b-n,96,1,13.889
zbr,zbr,z-b-r,3,1,0.287
zbr,zbr,z-b-r,4,1,0.267
zbr,zbr,z-b-r,16,1,0.542
zbr,zbr,z-b-r,17,1,0.643
zbr,zbr,z-b-r,18,1,0.633
zbr,zbr,z-b-r,21,1,0.855
zbr,zbr,z-b-r,23,1,0.952
zbr,zbr,z-b-r,26,1,0.759
zbr,zbr,z-b-r,35,1,1.29
zbr,zbr,z-b-r,54,2,5.848
zff,zff,z-f-f,37,1,1.163
zfr,zfr,z-f-r,11,1,0.522
zfr,zfr,z-f-r,21,1,0.855
zfr,zfr,z-f-r,25,1,1.12
zhd,zhd,z-h-d,12,1,0.563
zhq,zhq,z-h-q,9,2,0.801
zhq,zhq,z-h-q,17,2,1.285
zhq,zhq,z-h-q,21,1,0.855
zhr,zhr,z-h-r,20,1,0.749
zjj,zjj,z-j-j,24,2,1.52
zjr,zjr,z-j-r,37,3,3.488
zjr,zjr,z-j-r,54,2,5.848
zjr,zjr,z-j-r,79,1,5.587
zjw,zjw,z-j-w,12,1,0.563
zjw,zjw,z-j-w,17,1,0.643
zjw,zjw,z-j-w,24,1,0.76
zkw,zkw,z-k-w,2,9,1.472
zkw,zkw,z-k-w,3,2,0.575
zkw,zkw,z-k-w,4,4,1.068
zkw,zkw,z-k-w,5,2,0.713
zkw,zkw,z-k-w,7,1,0.301
zkw,zkw,z-k-w,9,5,2.002
zkw,zkw,z-k-w,18,3,1.9
zkw,zkw,z-k-w,19,4,4.162
zkw,zkw,z-k-w,20,1,0.749
zkw,zkw,z-k-w,21,1,0.855
zkw,zkw,z-k-w,22,2,1.57
zkw,zkw,z-k-w,23,1,0.952
zkw,zkw,z-k-w,24,6,4.559
zkw,zkw,z-k-w,27,1,0.869
zkw,zkw,z-k-w,30,1,1.224
zkw,zkw,z-k-w,31,1,1.832
zkw,zkw,z-k-w,33,1,0.777
zkw,zkw,z-k-w,35,2,2.581
zkw,zkw,z-k-w,41,1,1.259
zkw,zkw,z-k-w,53,1,2.778
zkw,zkw,z-k-w,58,1,2.119
zkw,zkw,z-k-w,62,1,5.714
zkw,zkw,z-k-w,73,1,5.025
zkw,zkw,z-k-w,79,1,5.587
zkw,zkw,z-k-w,80,2,15.038
zkw,zkw,z-k-w,87,1,13.889
zkw,zkw,z-k-w,91,1,18.519
zkw,zkw,z-k-w,92,1,14.085
zkw,zkw,z-k-w,98,1,10.638
zlf,zlf,z-l-f,11,1,0.522
zlf,zlf,z-l-f,26,2,1.517
zlf,zlf,z-l-f,34,1,1.133
zlf,zlf,z-l-f,38,2,2.729
zlf,zlf,z-l-f,39,1,0.853
zlf,zlf,z-l-f,50,1,2.681
zlf,zlf,z-l-f,67,1,3.003
zlf,zlf,z-l-f,81,1,9.615
zll,zll,z-l-l,2,2,0.327
zll,zll,z-l-l,3,1,0.287
zll,zll,z-l-l,16,1,0.542
zlm,zlm,z-l-m,5,2,0.713
zlq,zlq,z-l-q,18,1,0.633
zlq,zlq,z-l-q,68,1,3.333
zlzl,zlzl,z-l-z-l,2,1,0.164
zlzl,zlzl,z-l-z-l,22,1,0.785
zlzl,zlzl,z-l-z-l,33,2,1.554
zlzl,zlzl,z-l-z-l,99,2,55.556
zmhr,zmhr,z-m-h-r,76,1,4.115
zml,zml,z-m-l,73,1,5.025
zmr,zmr,z-m-r,39,2,1.706
znm,znm,z-n-m,68,1,3.333
zny,zny,z-n-y,17,1,0.643
zny,zny,z-n-y,24,6,4.559
zny,zny,z-n-y,25,1,1.12
zny,zny,z-n-y,60,1,2.874
zqm,zqm,z-q-m,37,1,1.163
zqm,zqm,z-q-m,44,1,2.89
zqm,zqm,z-q-m,56,1,2.639
zrE,zruE,z-r-ʿ,6,1,0.328
zrE,zruE,z-r-ʿ,12,1,0.563
zrE,zruE,z-r-ʿ,13,1,1.172
zrE,zruE,z-r-ʿ,14,1,1.205
zrE,zruE,z-r-ʿ,16,1,0.542
zrE,zruE,z-r-ʿ,18,1,0.633
zrE,zruE,z-r-ʿ,26,1,0.759
zrE,zruE,z-r-ʿ,32,1,2.688
zrE,zruE,z-r-ʿ,39,1,0.853
zrE,zruE,z-r-ʿ,44,1,2.89
zrE,zruE,z-r-ʿ,48,2,3.571
zrE,zruE,z-r-ʿ,56,2,5.277
zrq,zrq,z-r-q,20,1,0.749
zry,zry,z-r-y,11,1,0.522
zwd,zwd,z-w-d,2,2,0.327
zwj,zwj,z-w-j,2,8,1.308
zwj,zwj,z-w-j,3,1,0.287
zwj,zwj,z-w-j,4,5,1.334
zwj,zwj,z-w-j,6,2,0.656
zwj,zwj,z-w-j,7,2,0.602
zwj,zwj,z-w-j,9,1,0.4
zwj,zwj,z-w-j,11,1,0.522
zwj,zwj,z-w-j,13,3,3.517
zwj,zwj,z-w-j,15,1,1.527
zwj,zwj,z-w-j,16,2,1.085
zwj,zwj,z-w-j,20,3,2.247
zwj,zwj,z-w-j,21,1,0.855
zwj,zwj,z-w-j,22,1,0.785
zwj,zwj,z-w-j,23,2,1.905
zwj,zwj,z-w-j,24,1,0.76
zwj,zwj,z-w-j,25,1,1.12
zwj,zwj,z-w-j,26,2,1.517
zwj,zwj,z-w-j,30,1,1.224
zwj,zwj,z-w-j,31,1,1.832
zwj,zwj,z-w-j,33,11,8.547
zwj,zwj,z-w-j,35,1,1.29
zwj,zwj,z-w-j,36,2,2.759
zwj,zwj,z-w-j,37,1,1.163
zwj,zwj,z-w-j,38,1,1.364
zwj,zwj,z-w-j,39,2,1.706
zwj,zwj,z-w-j,40,1,0.82
zwj,zwj,z-w-j,42,3,3.488
zwj,zwj,z-w-j,43,2,2.41
zwj,zwj,z-w-j,44,1,2.89
zwj,zwj,z-w-j,50,1,2.681
zwj,zwj,z-w-j,51,1,2.778
zwj,zwj,z-w-j,52,1,3.205
zwj,zwj,z-w-j,53,1,2.778
zwj,zwj,z-w-j,55,1,2.849
zwj,zwj,z-w-j,56,1,2.639
zwj,zwj,z-w-j,58,1,2.119
zwj,zwj,z-w-j,60,2,5.747
zwj,zwj,z-w-j,64,1,4.149
zwj,zwj,z-w-j,66,3,12.048
zwj,zwj,z-w-j,70,1,4.608
zwj,zwj,z-w-j,75,1,6.098
zwj,zwj,z-w-j,78,1,5.78
zwj,zwj,z-w-j,81,1,9.615
zwl,zwl,z-w-l,14,2,2.41
zwl,zwl,z-w-l,35,2,2.581
zwr,zwr,z-w-r,18,1,0.633
zwr,zwr,z-w-r,22,1,0.785
zwr,zwr,z-w-r,25,2,2.24
zwr,zwr,z-w-r,58,1,2.119
zwr,zwr,z-w-r,102,1,35.714
zxrf,zxrf,z-kh-r-f,6,1,0.328
zxrf,zxrf,z-kh-r-f,10,1,0.546
zxrf,zxrf,z-kh-r-f,17,1,0.643
zxrf,zxrf,z-kh-r-f,43,1,1.205
zyd,zyd,z-y-d,2,3,0.491
zyd,zyd,z-y-d,3,3,0.862
zyd,zyd,z-y-d,4,2,0.534
zyd,zyd,z-y-d,5,2,0.713
zyd,zyd,z-y-d,7,2,0.602
zyd,zyd,z-y-d,8,1,0.811
zyd,zyd,z-y-d,9,5,2.002
zyd,zyd,z-y-d,10,1,0.546
zyd,zyd,z-y-d,11,3,1.565
zyd,zyd,z-y-d,12,1,0.563
zyd,zyd,z-y-d,13,1,1.172
zyd,zyd,z-y-d,14,1,1.205
zyd,zyd,z-y-d,16,1,0.542
zyd,zyd,z-y-d,17,5,3.213
zyd,zyd,z-y-d,18,2,1.267
zyd,zyd,z-y-d,19,1,1.041
zyd,zyd,z-y-d,20,1,0.749
zyd,zyd,z-y-d,24,1,0.76
zyd,zyd,z-y-d,25,1,1.12
zyd,zyd,z-y-d,33,1,0.777
zyd,zyd,z-y-d,35,5,6.452
zyd,zyd,z-y-d,37,1,1.163
zyd,zyd,z-y-d,38,1,1.364
zyd,zyd,z-y-d,42,3,3.488
zyd,zyd,z-y-d,47,1,1.855
zyd,zyd,z-y-d,48,1,1.786
zyd,zyd,z-y-d,50,2,5.362
zyd,zyd,z-y-d,71,4,17.699
zyd,zyd,z-y-d,72,1,3.509
zyd,zyd,z-y-d,73,1,5.025
zyd,zyd,z-y-d,74,2,7.843
zyd,zyd,z-y-d,78,1,5.78
zyg,zyg,z-y-gh,3,2,0.575
zyg,zyg,z-y-gh,9,1,0.4
zyg,zyg,z-y-gh,33,1,0.777
zyg,zyg,z-y-gh,34,1,1.133
zyg,zyg,z-y-gh,38,1,1.364
zyg,zyg,z-y-gh,53,1,2.778
zyg,zyg,z-y-gh,61,2,9.05
zyl,zyl,z-y-l,2,1,0.164
zyl,zyl,z-y-l,5,1,0.357
zyl,zyl,z-y-l,9,1,0.4
zyl,zyl,z-y-l,10,1,0.546
zyl,zyl,z-y-l,11,1,0.522
zyl,zyl,z-y-l,13,1,1.172
zyl,zyl,z-y-l,21,1,0.855
zyl,zyl,z-y-l,22,1,0.785
zyl,zyl,z-y-l,40,1,0.82
zyl,zyl,z-y-l,48,1,1.786
zyn,zyn,z-y-n,2,1,0.164
zyn,zyn,z-y-n,3,1,0.287
zyn,zyn,z-y-n,6,4,1.311
zyn,zyn,z-y-n,7,2,0.602
zyn,zyn,z-y-n,8,1,0.811
zyn,zyn,z-y-n,9,1,0.4
zyn,zyn,z-y-n,10,3,1.637
zyn,zyn,z-y-n,11,1,0.522
zyn,zyn,z-y-n,13,1,1.172
zyn,zyn,z-y-n,15,2,3.053
zyn,zyn,z-y-n,16,2,1.085
zyn,zyn,z-y-n,18,3,1.9
zyn,zyn,z-y-n,20,2,1.498
zyn,zyn,z-y-n,24,4,3.04
zyn,zyn,z-y-n,27,2,1.738
zyn,zyn,z-y-n,28,2,1.399
zyn,zyn,z-y-n,29,1,1.025
zyn,zyn,z-y-n,33,1,0.777
zyn,zyn,z-y-n,35,1,1.29
zyn,zyn,z-y-n,37,2,2.326
zyn,zyn,z-y-n,40,1,0.82
zyn,zyn,z-y-n,41,2,2.519
zyn,zyn,z-y-n,47,1,1.855
zyn,zyn,z-y-n,48,1,1.786
zyn,zyn,z-y-n,49,1,2.882
zyn,zyn,z-y-n,50,1,2.681
zyn,zyn,z-y-n,57,1,1.742
zyn,zyn,z-y-n,67,1,3.003
zyt,zyt,z-y-t,6,2,0.656
zyt,zyt,z-y-t,16,1,0.542
zyt,zyt,z-y-t,24,2,1.52
zyt,zyt,z-y-t,80,1,7.519
zyt,zyt,z-y-t,95,1,29.412
