surah,verse,tokens,seconds_husary,seconds_minshawi,seconds_abdulbasitmurattal,seconds_abdurrahmaansudais,seconds_saoodshuraym
1,1,4,5.1,5,4.4,3.1,5.3
1,2,4,6.3,5.6,5.4,4.5,3.6
1,3,2,4.5,4.3,4.1,3.1,3.2
1,4,3,4.6,4.1,4.6,3.4,2.8
1,5,4,6.9,6.3,5.7,4.9,4.8
1,6,3,5.4,5.1,4.9,4.2,3.6
1,7,9,15,13.7,13.2,11.7,14
2,1,1,9.9,6.5,7.8,7.1,6.8
2,2,7,12.6,9.4,8.3,6.8,5.5
2,3,8,16.1,13.2,11.9,10.8,9.8
2,4,12,22.2,16.9,17.4,12.7,10.3
2,5,8,19.2,12.7,11.2,9.6,8.4
2,6,11,19.4,15.5,14.7,15.5,10
2,7,12,24.7,18.4,16.8,12.1,10.9
2,8,11,17.7,14.4,13.3,11.7,10
2,9,10,19.7,14.7,14.9,11.4,9.6
2,10,12,24.6,16.9,15.6,13.3,12.9
2,11,11,16.6,11.9,11.6,9.7,7.6
2,12,7,13.4,10,9.8,7.4,5.6
2,13,19,37.7,29.4,26.7,20.3,15.2
2,14,16,32,26.5,21.8,15.9,12.8
2,15,7,13.6,10,9.4,7.9,6.2
2,16,11,22.5,13.6,13.8,11.3,10.4
2,17,17,30.2,32.2,19.7,19.4,17.8
2,18,6,12.4,8.6,9.4,7.7,5.3
2,19,19,39.7,28.9,27.5,20.8,18.5
2,20,25,49.9,34.1,33,25.1,23.3
2,21,11,21.7,15.4,16.4,11.6,9.8
2,22,23,44.7,41,33.3,25.7,22.7
2,23,20,52.1,31.6,27.2,19.7,20.1
2,24,13,24.2,18.3,17.6,14.7,10.7
2,25,34,66.2,44.4,45.6,39.2,28.5
2,26,39,73.1,53.3,50.8,36.7,29.8
2,27,20,39.6,28,26.8,18.1,19.9
2,28,13,29.1,18.6,20.1,14.9,12.2
2,29,19,33.3,24,26.5,17.5,15
2,30,28,55.6,37.5,38.5,26.4,21.6
2,31,15,41.5,30.7,27.9,18.5,18.1
2,32,12,23.3,16.9,17.2,11.2,8.6
2,33,22,51,39.2,39.1,26.3,20.7
2,34,13,26.4,17.8,20.1,12.3,10.9
2,35,18,41.3,28.4,28.2,17.3,14.6
2,36,19,38.6,24.1,23.2,17.2,15.2
2,37,11,25.3,16.5,17.2,11.3,8.8
2,38,17,30,28.3,21.8,15.4,12.6
2,39,10,24.4,17.4,17.2,12.3,10.8
2,40,13,29.1,25.7,30.5,13.8,12.4
2,41,18,37.5,25.5,33.6,18.9,14.7
2,42,8,16,10.8,10.6,9,7
2,43,7,13.5,9,8.8,9.2,5.8
2,44,10,25.5,17.3,17.8,12.2,9.7
2,45,8,20,12.2,13.2,8.5,7.6
2,46,8,19.8,12.4,13.9,9.3,7.8
2,47,11,25.1,17.1,18,12.2,10.5
2,48,19,32.8,19.7,21.3,15.1,15.7
2,49,18,39.8,35.2,31.1,21.2,18.7
2,50,10,25.2,15.3,16.2,10.5,9.8
2,51,12,24,17.1,18.4,10.9,10.3
2,52,8,16.9,11.3,13.1,7.8,6.6
2,53,7,14.7,9.5,10.6,7.4,5.8
2,54,26,53.8,36.6,42.8,24.7,22.6
2,55,14,25.7,16.3,19.6,12.5,10.4
2,56,7,14.8,10.3,11.9,7.3,5.9
2,57,18,40.3,26,27.4,19.6,16
2,58,20,36.4,24,25.7,17.3,17.9
2,59,18,28.2,25.9,21.2,17.3,19.9
2,60,28,42.8,29.7,32.4,21.6,19.4
2,61,59,119.8,77.3,102.8,57.2,50
2,62,24,53,36.8,40.4,22.3,19.8
2,63,15,28.2,19.7,22.9,13.2,13.2
2,64,13,26.3,18,21.5,12.3,11.1
2,65,12,20.1,12.9,17.3,10.8,8.7
2,66,9,18.6,11.9,16.2,9.2,9.3
2,67,20,37.3,25.9,37.1,16.5,14.9
2,68,23,35,24.6,29.1,17.3,14.8
2,69,18,33,22.9,27.7,16.8,13.9
2,70,17,39.1,18.7,23.7,13.8,12.4
2,71,24,40.8,27.3,36.3,20.6,16.7
2,72,10,20.9,15.1,17.8,10.2,8
2,73,11,24,15.3,19.6,10.9,10.1
2,74,37,62.6,43.8,56.5,35.3,28.7
2,75,19,30,25.1,26,18.6,16.6
2,76,23,63.5,39.9,50.1,31.2,19.5
2,77,9,15.9,10,13.2,7.2,6.9
2,78,11,22.9,14.5,19.3,9.7,8.5
2,79,24,45.3,31,40.9,23.4,18.7
2,80,23,35.2,28.5,37.6,22.7,15.9
2,81,13,28.4,20,22.1,17.2,13.6
2,82,10,21.6,15.7,19.4,12,10.2
2,83,29,54.5,49.2,67.7,33.3,25.9
2,84,15,25.4,19.3,38.9,15.3,13.8
2,85,49,93.6,83.3,109.8,51.9,46.3
2,86,13,22.9,15.8,21.3,15.5,12.4
2,87,28,51.7,36.1,52,28.9,30.6
2,88,10,18,13.2,18.4,9.9,9.1
2,89,26,44,37.6,52.6,27.3,24.6
2,90,27,46.3,33.9,47.5,27.9,26.8
2,91,30,48.2,41.1,58.4,28.7,28.8
2,92,11,21.6,15,21.4,10.8,11.9
2,93,27,52.1,37.1,65.2,28.3,26.3
2,94,17,25.9,18.4,25.8,16.4,16.5
2,95,9,20.7,15.3,19.5,9.9,9.1
2,96,25,42.5,30.4,42.8,24.2,21.2
2,97,18,32.1,18.4,18.8,15.7,14.4
2,98,12,26.3,17.2,18.7,17.9,17.3
2,99,10,20.3,17,15.3,9.4,9.5
2,100,10,21.6,14.2,15.4,9.3,8.9
2,101,22,48.9,32.2,41.9,21.9,23.3
2,102,74,134.5,87.8,111.9,64.8,57.9
2,103,12,22.3,14.6,17.1,9.7,9.5
2,104,12,25.9,17.4,20.9,12.5,11.2
2,105,25,39.9,28.4,34,25.1,19.8
2,106,19,29.3,22.3,24.7,14.7,13.7
2,107,17,27.9,17.9,23.7,12,13.7
2,108,18,27.6,21.1,25.3,16.1,16.2
2,109,33,60.4,36.2,66.6,26.5,28.5
2,110,17,36.8,22.2,27.7,17.3,14.4
2,111,18,32,22.2,27.3,16.6,14.6
2,112,17,27.5,23.5,23.8,19.6,12.2
2,113,31,55.3,34.2,49.2,27.1,25.3
2,114,30,49.7,33.1,45.6,25.9,23.5
2,115,12,25.2,16.8,20.7,10.9,10.5
2,116,14,25.3,16.5,21.2,11.2,10.4
2,117,11,22,15.8,20,11.8,9.5
2,118,24,45.6,31.5,40.9,21.4,20.1
2,119,10,21.7,15.1,19.1,11.1,10
2,120,31,52,32.1,46,25.4,23.3
2,121,15,32.7,23.2,29.3,18,15.5
2,122,11,26.1,16.5,23.7,12,10.9
2,123,18,29.6,18.2,39.5,17.6,21.7
2,124,19,39.8,28.4,32.1,19,17.5
2,125,22,49.2,29.6,44.3,23.6,26.9
2,126,30,55,34.5,46.2,30.4,24.6
2,127,14,27.6,17,23.4,15.4,11.9
2,128,17,35.2,25.8,39.9,19.2,15.6
2,129,16,34.2,26.5,31.6,14.8,16.9
2,130,18,34.4,21,27.7,13.9,13.4
2,131,9,16,10.3,14.3,7.4,6.5
2,132,16,44.4,18.9,29.1,18.5,18.2
2,133,27,55.3,33.7,53.6,26.2,24.5
2,134,15,28.7,17.7,21.9,16.9,12
2,135,15,27.2,16.5,23.1,11.2,11.5
2,136,31,73.5,39.7,70.1,27,31.3
2,137,19,39.3,24.9,34.8,18.5,15.2
2,138,10,18.8,10.7,13.9,8.9,7.4
2,139,14,32.2,17.5,37,14.9,13
2,140,30,57.5,34.3,53.4,27.5,24.9
2,141,15,23.4,16.6,23.3,16.8,13.9
2,142,21,38.7,26.8,38.5,17.3,19
2,143,45,86.1,54.7,78.1,44.5,38.7
2,144,34,64.5,41,59.9,29.7,30.3
2,145,32,48.1,37.6,54.5,25.8,25.2
2,146,14,24.1,19.3,27.8,12.4,13.9
2,147,7,11.6,8.4,11.9,4.9,5.3
2,148,19,31.5,21.7,30.6,17.5,14.9
2,149,17,24.4,18.5,26.9,13.8,14.1
2,150,31,56,34.9,58,32,27.5
2,151,17,40.6,21,41.8,17.5,18.2
2,152,6,13.1,10,12,5.3,5.2
2,153,10,21.8,14.5,20.2,7.6,9
2,154,13,24.1,14.7,22.3,9.8,10.4
2,155,12,28.2,19.2,27.1,11.9,11.9
2,156,10,24.4,16.9,21.5,9.7,12.2
2,157,9,20.9,13.6,18.1,11.7,9.8
2,158,24,40.3,30.3,37.7,17.8,17.6
2,159,20,40.3,33.3,40.9,21.6,21.2
2,160,11,23.2,14.3,20.6,13.3,14
2,161,13,24.8,18.2,23.4,18,11.5
2,162,9,17.9,11,13.3,9.4,6.5
2,163,9,17,11.9,16.5,8.2,7.1
2,164,43,97.8,68.7,101.7,37.6,35.7
2,165,31,56.6,38.8,49.1,27.6,22.5
2,166,12,19.5,13.7,18.8,8.9,9
2,167,23,42.4,28.7,38.5,21,19.4
2,168,16,32.4,22.7,29.7,13,12.9
2,169,11,22.4,15.3,20.5,10.6,8.4
2,170,22,44.2,30.1,37.9,17.6,16.8
2,171,18,32.7,24.9,31.1,18.8,14.2
2,172,14,27.8,19.2,20.1,14.3,11.8
2,173,25,45.4,30.8,37.5,20.8,17.1
2,174,29,65.2,45.9,53,27.6,24.8
2,175,11,24.6,17.7,22.4,16.4,10.6
2,176,14,25.7,17.5,23.1,15.4,12.3
2,177,51,135.3,95,113.1,75.8,47.9
2,178,37,73.6,49.7,63.5,40.9,30
2,179,8,17.2,11.8,16.9,12.6,7.2
2,180,16,31,19.3,26,16.9,17.2
2,181,13,28.1,20.9,26.1,13.5,10.9
2,182,16,28.5,21.1,25.5,14.7,12.3
2,183,14,26.3,17.6,24.2,13.3,10.5
2,184,32,66.2,45,60,36.9,25.5
2,185,44,77.7,58,71.8,43.3,32.1
2,186,17,34.4,24.5,35.4,25.9,14.5
2,187,65,124.8,90.5,113.6,70,53.7
2,188,17,33.8,32.5,31.2,24.9,16.2
2,189,27,48.8,30.1,43.5,25.7,19.5
2,190,13,28.1,14,21.9,12.1,10.1
2,191,25,55.5,32.5,48.2,29,22.7
2,192,6,11.2,7.2,10.6,5.7,4.8
2,193,15,28.8,17,26.9,16.2,11.6
2,194,22,42.4,24.4,37.5,20.3,17.6
2,195,14,27.3,16.3,25.7,16.9,11.4
2,196,73,128.4,74.8,114.6,64.2,49.8
2,197,29,57.6,30.9,46.7,32.9,26.1
2,198,26,67.5,33.2,52.7,30.2,21.6
2,199,12,24.7,13.1,20.7,11.3,8.3
2,200,24,43.6,24.4,38.5,21.7,16.9
2,201,14,27.9,15.6,23.7,13.5,10.6
2,202,8,17.9,11.5,15.3,9.7,8
2,203,25,48.2,29.5,40.5,26,19.9
2,204,17,26.3,14.1,31.2,16.5,11.3
2,205,14,24.4,13.7,21.8,12.2,10.2
2,206,12,23.1,13.2,19.6,13.1,9.9
2,207,11,23.7,12.8,19.9,13.5,10.7
2,208,15,36,19.3,30.2,17.1,13.5
2,209,12,25.3,14.9,21.6,11.1,9.6
2,210,17,36.4,18.6,27.7,16.9,12.9
2,211,20,35.5,22.2,34.6,18.8,15.4
2,212,20,31.8,21.3,34.5,18.9,18.4
2,213,49,86.4,54.3,88.3,43.1,39.5
2,214,30,54.3,34.5,52.1,31.7,26.7
2,215,22,43.3,28.7,39,24,19.8
2,216,25,42,26.1,40.4,20.8,17.8
2,217,57,104.5,60.9,106.9,54,50.7
2,218,16,30.6,17.4,28.7,14.7,17.2
2,219,26,56.8,32.2,48.6,23.2,22.6
2,220,26,55.8,30.2,45.9,26.5,20.8
2,221,39,89.7,50.7,77.3,37.8,36.4
2,222,27,54.9,33.5,46.8,24.9,23.3
2,223,16,38.8,24.5,35.2,18.5,16.3
2,224,14,29.5,18.2,25,15.8,11.8
2,225,14,31.1,18.2,27.4,12.4,14.1
2,226,13,27.2,18.8,23.3,12.9,13.3
2,227,7,12.2,7.5,10.9,5.3,5.6
2,228,40,86.6,57.3,77.2,37.3,36
2,229,46,103.9,58.6,79.4,42,38.8
2,230,30,62.9,38.4,50.7,28.3,23.2
2,231,45,96.9,62.8,60.5,40.3,38.1
2,232,33,80.5,43.2,44.2,37.2,35.3
2,233,64,139.7,85,81.5,63.6,52.6
2,234,25,56.6,36.8,35.9,24.5,22.2
2,235,47,100.7,63.3,67.7,42.8,37.5
2,236,25,50.2,30.6,30.5,22.3,23.2
2,237,35,77.1,49.3,49.7,36.4,27.2
2,238,8,18.1,10.3,9.5,8.5,6.9
2,239,15,31,18.3,16.6,13,11.1
2,240,27,57.3,34.9,31.8,22.3,21.2
2,241,6,16.6,10,8.9,7.2,6.4
2,242,7,17.6,8.7,8.3,6.6,7.9
2,243,28,45.6,29,26.9,18.4,21.6
2,244,9,17.7,11.6,11.1,6.8,7
2,245,16,32.7,20.3,20.8,18.1,13.3
2,246,54,104.8,66.5,59.8,46.4,42.4
2,247,43,78.6,49.5,47.5,33.8,31.5
2,248,30,63.5,46.8,37.1,30.6,25.2
2,249,60,141.3,85.4,75.3,57.4,45.9
2,250,15,32.6,23.1,19.1,16.9,19.7
2,251,27,55.2,39,33.4,28.4,27.1
2,252,9,21,14.2,12.2,12.4,9.6
2,253,52,102.6,71.7,60.4,43.9,43
2,254,21,28.2,31.4,26.8,20,17
2,255,50,60.7,67.9,54.6,37.8,37.3
2,256,24,30.7,32.6,27.2,17.5,19.5
2,257,24,37.9,38.2,32.7,24.4,24.6
2,258,43,52.9,60.8,50.2,32.6,31
2,259,67,87.9,85.5,79.7,53,49.2
2,260,39,56.7,52.7,41.4,30,33.9
2,261,24,39,34.9,28,21.3,23
2,262,24,43.2,34.5,30.6,21.4,25.5
2,263,11,23.5,20,15.5,14.8,11.8
2,264,38,87.9,66.2,45.5,37.6,35.4
2,265,27,53.5,46.8,38.6,28.2,25.8
2,266,35,71.5,73.5,50.9,39.5,32.2
2,267,29,59.7,47.8,42.7,26.3,21.9
2,268,13,31,25,20.1,15.5,12.6
2,269,16,30.4,23.7,20.3,14,14.5
2,270,15,33,23.6,20.7,12.5,11.2
2,271,20,38.4,32.2,26.3,22.1,16.7
2,272,28,53.8,41.8,36.5,25.5,21.6
2,273,30,67.6,55.7,42.2,26.3,23.5
2,274,17,33.7,31.4,29.1,18.8,16.8
2,275,45,83.8,53.9,54.4,40.4,33.4
2,276,11,21.9,14,12.9,9,8.2
2,277,19,34.5,21.1,21.5,16.7,16.1
2,278,13,23.7,16.7,16.5,11.4,8.9
2,279,17,31.4,20.8,18.4,13.2,12
2,280,14,30.6,18,18.7,11.3,11
2,281,15,26.6,17.3,17.2,15.2,12.1
2,282,128,260,178,166.8,117.3,103.4
2,283,32,63.4,46.2,43.7,28.2,25.2
2,284,28,51.8,34.1,36,23,21.3
2,285,27,54.2,38.3,36.9,24.9,21.8
2,286,49,88.8,61.3,58.6,43.2,36.3
3,1,1,10.4,7.7,7.6,7.2,5.8
3,2,7,14.2,7.9,8.5,5.1,4.4
3,3,11,21.4,14.2,14.8,8.4,8.5
3,4,18,38,24.4,26,14.7,13.9
3,5,11,16,11.3,11.4,8.6,6.3
3,6,13,25.2,16.3,16.2,10.1,8.8
3,7,46,96,62.2,64.5,45.8,39.1
3,8,15,25.1,16.7,17.4,13.5,10.1
3,9,13,25.1,16.3,16.7,16.8,9.2
3,10,16,33.5,22.3,21.7,14.4,12.1
3,11,14,29.1,19,20.2,15.8,11.9
3,12,9,17.9,12.5,12,9.1,8.9
3,13,29,55.3,36.9,36.7,25.2,22
3,14,24,46.7,34.7,33.2,29.2,24.2
3,15,24,58.4,41.4,37,28.8,22.4
3,16,11,24.8,17.2,17.8,11.6,8.9
3,17,6,19.4,14.2,13.8,10.3,8.3
3,18,18,33.2,25,22.3,17.5,14.1
3,19,26,45.9,32.5,30.9,22.8,21.1
3,20,26,56.7,39,36.5,29.6,22.9
3,21,18,50.7,34.2,24.9,19.7,18.5
3,22,11,22.7,14.2,14.6,17.1,9.4
3,23,20,20,30.1,22.5,16.6,13
3,24,15,23.5,22.4,21.6,14.9,12.3
3,25,15,14.5,15.6,15.6,12.7,9.4
3,26,25,41.6,43.3,46.4,26.5,21.6
3,27,21,25.5,24.8,32.1,19.5,17.9
3,28,27,38,34.6,35.1,23.6,19.9
3,29,22,25.3,20.7,23.1,18.7,13.2
3,30,26,41.4,32.5,33.3,23.1,20.4
3,31,14,22.9,16.9,18.8,13.1,10.9
3,32,11,17.7,13.2,14.6,10.2,8.5
3,33,11,19.6,15.1,14.9,10.5,8
3,34,7,14.5,10.8,11,6.8,5.9
3,35,18,25.9,19.3,21.4,14.8,12.5
3,36,24,44.9,32.8,40.2,23,47
3,37,34,58,43,54.3,32.1,27.8
3,38,15,23.9,18.7,19.7,12.2,10.4
3,39,20,43.5,32.6,36.4,26.5,18.9
3,40,17,28.5,19.2,20.7,13.5,11.1
3,41,20,37.1,24.5,27.6,19.7,16.5
3,42,12,25,15.8,18.8,13,10.9
3,43,7,14.3,9.9,9.5,7.2,7.4
3,44,20,36.6,26.1,26.3,21,15.4
3,45,20,42.2,21.3,31.9,18.7,19.3
3,46,7,15,9.9,10.4,5.7,5.5
3,47,23,41.2,28.1,30.3,19.8,15.6
3,48,5,14,8.6,10.7,6.5,5.4
3,49,45,85.6,57.2,76.3,39,34.6
3,50,19,37.1,23.6,25.9,16.6,14
3,51,8,19.7,13.7,13.7,10.1,9.6
3,52,20,41.3,27.3,27.7,17,15.6
3,53,9,22.8,13.3,16.4,8.3,7.5
3,54,6,15.1,9,8.9,6.1,5.4
3,55,30,64.4,41.9,43.8,27.6,21.8
3,56,13,24.3,16,19.1,11.5,10.7
3,57,11,24.3,15.7,17.9,11.3,8.8
3,58,7,12.5,7.7,9.5,7.8,5
3,59,15,23.7,17,19.1,11.5,10.3
3,60,7,14.7,7.3,9.1,5.9,4.6
3,61,25,70,39.7,45.3,32.2,26.1
3,62,15,27.9,18.3,20.5,13.1,10.4
3,63,6,15,8.8,11,8.8,7.1
3,64,31,67.6,41.7,52.1,28.6,22.7
3,65,15,33.7,24.9,27.7,20,13.1
3,66,19,41.9,28.7,32.5,20.1,15.3
3,67,14,25.9,17,20.1,12.1,14.4
3,68,13,28,19.2,22,13,10.9
3,69,13,27.6,17.6,20.2,13.6,11.5
3,70,8,19.5,10.9,14.6,7.9,6.6
3,71,10,21.3,13.1,17.1,11.2,8.8
3,72,17,32.5,22.1,27.1,18.3,15
3,73,32,55.6,37.1,46.4,32.3,21.9
3,74,8,17.3,9.8,13.7,9.4,8.9
3,75,36,62.8,58.9,51.9,30.3,27.1
3,76,9,17.2,12.9,13.8,7.4,6.8
3,77,27,52.1,46.4,44.8,38.5,23.4
3,78,29,54.1,45.2,46.8,26.7,20.2
3,79,28,52.6,54.1,49,32.1,21
3,80,13,32.2,25.4,27.1,14.5,11.8
3,81,33,70.6,63.5,70,31.6,26.6
3,82,7,15.1,11,12.2,7.3,5.9
3,83,14,25.8,19.4,22.8,14.2,12.5
3,84,29,67.5,53.8,81.7,27.6,22.4
3,85,13,22.3,18.2,16.8,10.5,9.4
3,86,18,38.7,27.3,31.7,16.2,17.3
3,87,9,22.5,18.1,19.4,19.9,9.8
3,88,9,17.2,12.2,13.4,8.4,6.2
3,89,11,19,14.3,16.6,9.2,7.8
3,90,14,31,22.8,25.7,19.1,15.1
3,91,24,40.6,33.1,36.6,20.2,16.9
3,92,15,30.3,25.7,25.5,19.1,14
3,93,24,48.8,38.1,40.9,19.1,19
3,94,11,18.7,14.3,16.5,7.8,7.8
3,95,11,24.8,15.9,18.3,8.6,8.3
3,96,10,20.7,17.1,18.8,10.1,8.6
3,97,25,50.3,38.4,41.9,20.9,19.6
3,98,12,22.5,17.4,18.6,9.1,8.1
3,99,19,39,30.3,33.6,19,15.7
3,100,14,22.8,24.8,25.3,11.5,11.4
3,101,17,27.5,29.3,30.6,14.2,13.6
3,102,12,21.1,20.9,23.4,10.3,9.4
3,103,34,62.8,66.9,73.2,35.1,33.1
3,104,14,28.8,23.5,29.1,14.1,12.7
3,105,14,27.6,21.8,26.2,13.7,12.5
3,106,17,34.3,26.8,31.9,18.5,13.9
3,107,10,18.5,15,16.2,8.9,7.8
3,108,11,20.5,17.7,18.5,9.9,8
3,109,11,17.3,13.2,10.8,6.4,6.5
3,110,23,42.9,37.9,32.2,20.6,18.2
3,111,11,24.2,19.8,18.3,9.5,9.3
3,112,35,61.4,63.3,57.2,34,29.9
3,113,14,34.2,31.1,24.1,15.2,13.4
3,114,15,32.5,28.1,23.8,13.9,12.4
3,115,9,21.3,15.8,14.4,7.5,6.9
3,116,18,34.2,29.7,26.9,14.9,13.5
3,117,23,41.2,39.5,33.4,20.3,17.6
3,118,30,64.4,50.6,47.4,25.1,22.3
3,119,27,68.1,54.5,48.1,25.1,21.2
3,120,21,41.3,33.5,31.9,21.5,17.5
3,121,11,21.1,16.2,13.9,8.5,8.4
3,122,12,27.1,22.3,19.4,12.2,10.9
3,123,10,23.2,16.7,14.3,8.6,8.3
3,124,13,26.1,23.2,19.2,11.8,10.4
3,125,15,34.7,35.5,24,17.1,12.7
3,126,17,29.5,25.9,21.8,13.9,11.5
3,127,9,19.2,16.7,14.3,9.2,7.8
3,128,12,18.7,17.5,13.6,8.4,7.4
3,129,16,31.3,22.8,21.2,12.9,13.3
3,130,12,26.7,19.5,18.4,10.6,9.8
3,131,5,12.1,9.6,9.5,4.9,4.2
3,132,5,12.2,8.1,7.5,8,4.6
3,133,11,27,20.6,17.8,11.1,9.2
3,134,13,32.8,23.9,24.6,14.4,12
3,135,23,48.8,34.5,37.4,21,15.8
3,136,15,35,28.4,26.6,16.3,17
3,137,13,22.4,16.9,17,9,8.4
3,138,6,15.3,12.2,12.4,5.9,5.7
3,139,9,20.2,14.5,14.1,7.6,6.5
3,140,24,46.2,39.9,36.5,21.2,18
3,141,6,14.6,11.1,9.9,5.8,5.4
3,142,13,23.3,20.7,18.2,10.6,9.4
3,143,12,26.4,21.2,18.5,10.2,11.8
3,144,27,48.5,38.3,39.7,21.8,18.6
3,145,24,46.3,31.7,29.5,20.8,16.5
3,146,21,41.7,34.9,27.7,16.7,14.8
3,147,19,35.3,31.8,29.6,17.7,15.7
3,148,10,23.8,16.1,14.4,8.9,8.3
3,149,12,28.5,21.6,24.5,14,10.3
3,150,6,12.7,9.2,7.8,4.8,4.9
3,151,19,37.4,28.9,24.6,17,14.8
3,152,40,80,64.4,66.5,36.3,33.3
3,153,25,56,47,41.5,21.1,17.9
3,154,75,143.8,112.6,100.9,62.7,53
3,155,21,39.5,40.4,26.6,16.1,14.6
3,156,36,77,55.6,45.5,29,27
3,157,14,25.3,21.1,17.8,12.7,9.1
3,158,7,13.4,11,9.1,5.3,5.2
3,159,30,55,44.6,37.2,23.7,21.1
3,160,18,34.1,29.4,23.5,18.8,12.6
3,161,21,33.3,22.1,24,14.4,12.4
3,162,13,26.4,18,18.2,12.8,10.4
3,163,8,20.7,12.5,11.3,7.5,6.1
3,164,25,56.9,32.7,35.2,19.6,18.8
3,165,20,40.8,29.3,29.9,21.3,15.1
3,166,9,20.7,12.1,12.7,7.5,6.8
3,167,33,65.6,41,40.2,26,23.1
3,168,16,31.1,21.5,21.5,16,14.2
3,169,13,26.3,18.7,18.5,12,11.2
3,170,19,35.9,32.7,21.6,16,16
3,171,11,23.8,15.2,14.6,9.2,8.6
3,172,15,23.3,20.6,20.7,11.7,11.7
3,173,17,25.1,20.4,21.4,16.6,14.2
3,174,15,26.6,22.2,21.5,13.5,12.5
3,175,11,23.9,19.3,17.6,12.4,10.9
3,176,22,36.6,28.9,27.5,17.6,16.6
3,177,12,18.9,15.3,14.6,9.7,9.3
3,178,17,36.3,27.4,26.2,16.1,14.2
3,179,36,61.6,44.1,43,32.1,26.6
3,180,30,55.5,36.5,37.2,24,22.3
3,181,22,39.7,30.4,30.6,20.5,18
3,182,9,19.4,12,11.9,8.4,9.1
3,183,28,56.3,39.7,40.5,28.8,24.1
3,184,12,23.6,17,17.9,11.8,10.6
3,185,23,46.7,32.9,35.3,33.4,22
3,186,24,47.8,35.2,44.5,20.8,19.7
3,187,21,50.3,31.8,28.4,19.9,17.6
3,188,20,46,36.7,34.6,15.3,18.5
3,189,9,18.4,12.7,12,7.8,7.3
3,190,11,22.9,15.4,15.3,10.8,9.4
3,191,21,53.1,35,35.8,21.9,18.2
3,192,11,24.7,17,17.1,11.7,9.2
3,193,20,48,30.3,30.5,19,18.6
3,194,14,26.1,19.2,17.9,12.8,10.4
3,195,43,96.2,64.5,73.7,50.3,41.5
3,196,7,13.5,8.7,9.5,7,5
3,197,7,18.9,11.2,12.7,9.2,6.7
3,198,21,39.5,25.2,28,18.5,17.7
3,199,30,56.6,43.3,46.8,29.5,23.4
3,200,10,21,14,14.7,13.1,11.1
4,1,28,66.4,43.8,41.9,30.4,24.6
4,2,16,37.9,25,25.3,15,13.2
4,3,28,51.8,31.3,32.9,23.9,19.4
4,4,14,30.9,21.7,21.6,16.3,14.7
4,5,16,31.7,19.6,19.9,16.4,13.3
4,6,37,86.3,61.3,60.2,41.8,31.3
4,7,19,40,28.2,28.4,20.1,18.2
4,8,13,24.9,15.7,16.5,11.6,10.9
4,9,15,31.3,18.4,19.4,17.5,12
4,10,13,28.2,17.9,18.1,14.2,11.1
4,11,71,144.8,95.4,96.9,72.1,54.2
4,12,88,157.2,105.8,111.1,71.2,59.6
4,13,18,39.5,24,24.2,16.2,14.2
4,14,13,26.4,16.9,17.2,16.7,13.1
4,15,22,48.7,32.8,34.1,22.2,19.4
4,16,14,34.7,20.3,21.7,13.2,11.9
4,17,20,42.2,32.6,29,24.3,16.9
4,18,24,46,40.9,30.1,23.9,19.1
4,19,34,79.1,53.1,53.6,33.5,33.2
4,20,17,42.2,26,26.6,17.1,15.6
4,21,11,22.1,15.5,15,10,9.1
4,22,17,38.1,24.6,25.3,21.8,15.8
4,23,54,155.8,109,104.2,68.2,49.9
4,24,42,88.2,59.4,57.4,43.8,35.8
4,25,58,78.2,85.2,84.6,53.5,55.1
4,26,14,16.7,17.6,17.3,11.9,10.6
4,27,13,15.3,15.5,16.2,10.5,10.3
4,28,8,11,12.1,11.8,7.7,7.2
4,29,23,37,45,35.6,20.2,19.1
4,30,13,16.7,16,15.3,11.3,11.1
4,31,12,18.9,18.7,17.1,16.2,11.7
4,32,27,35,34,34.7,23.3,21.6
4,33,19,28.4,26.2,26.9,18.4,16.6
4,34,40,60.1,58.7,55.7,43.8,36
4,35,22,30.9,29.2,28.2,21.8,17.5
4,36,32,42.2,49.6,41.7,29.3,27.6
4,37,15,23.8,23.5,22.9,13.7,12.9
4,38,18,26.4,25.4,26.1,17.2,15.9
4,39,15,21.1,19.1,19.3,12.1,11.6
4,40,15,19.1,17.1,17.2,11.8,10.9
4,41,12,19.6,16.1,17.9,12,9.3
4,42,14,17.4,15.8,15.5,15.2,14.6
4,43,48,76.9,69.4,78.3,48.6,42.5
4,44,14,17.7,16.2,15.8,10.9,9.5
4,45,9,16.3,13.4,15,9.7,9.4
4,46,38,52.8,56.2,48.4,36.5,30.5
4,47,28,46.3,49.1,43.5,25.9,30.2
4,48,20,25.4,22.8,23.2,14.4,13.2
4,49,14,20,17.5,17.6,11.3,10.2
4,50,10,16.4,11.6,13.1,8.2,7.2
4,51,20,26,28.2,32,17.5,15.5
4,52,11,15.8,13.6,15.3,9.5,9.4
4,53,10,11.5,10,11.7,7.3,6.5
4,54,18,29.4,23.3,25,16.8,13.9
4,55,11,16.5,13.4,14.2,11.2,8.6
4,56,20,31.2,26.2,28.2,21,17.6
4,57,20,37.5,29.5,33,21.1,24.2
4,58,25,40.6,36.8,34.3,20.1,19.3
4,59,28,46.7,37.8,38.9,28.1,21.6
4,60,30,52,38.7,49.3,23.9,20.6
4,61,15,21.6,18,19.4,11.4,10.8
4,62,16,33.5,31.1,34.5,15.9,13.8
4,63,16,23.9,19.5,20.5,14.5,12.3
4,64,23,39.1,32.6,31.7,28,19
4,65,19,31.7,31.3,24.2,16.5,15.8
4,66,27,39.3,31.3,32.2,20.6,19.2
4,67,6,13.2,10.1,11,5.7,5.1
4,68,3,8.9,6.6,6.9,4.9,3.9
4,69,18,37.5,26.8,28.6,22.5,25.7
4,70,7,16.4,8.2,8.8,6.9,5.1
4,71,10,18.1,14,14.8,8.7,8.2
4,72,17,24.3,21.4,21.8,14.2,12.3
4,73,18,31.9,36.5,23.2,19.3,15.1
4,74,21,33.1,26.9,24.2,16.6,15.8
4,75,31,51.9,45,51.5,32.3,25.8
4,76,20,44.4,27.9,28.1,18.1,17.3
4,77,48,91.8,61.1,68.4,41.4,35.4
4,78,36,64.4,51.1,50.7,32.6,29.8
4,79,18,37.5,27.4,28,16.4,14
4,80,12,24.6,15.1,15.4,13.5,8.7
4,81,24,45.5,32.2,39.4,21.8,18.7
4,82,13,22.3,15,15.8,12.4,9.3
4,83,30,50.4,36.3,36.2,24.3,21.9
4,84,22,36.2,25.6,25.9,18.7,16.3
4,85,22,37.4,30,28.5,18.4,17.1
4,86,15,27.9,20.4,20.5,13,12
4,87,17,29.2,18.8,18.3,18.3,13.6
4,88,22,35.1,30.7,26.1,20,17
4,89,28,55.1,36.7,37.3,30,29
4,90,36,70,55.9,46,37.5,36.5
4,91,32,65.5,44.7,45.6,37.4,30.7
4,92,60,112.8,79.6,81.5,64.4,50.3
4,93,16,32.7,27.2,23.2,27.5,16.7
4,94,39,89.5,56.5,60.3,37.1,32.5
4,95,33,67.6,43.2,44.1,32.1,28.4
4,96,8,18.5,11.8,12.6,8.5,7.9
4,97,27,51.5,42.4,42.6,30.3,27.6
4,98,12,19.3,17.2,18.4,12,11.8
4,99,10,17.6,12.6,12.2,9.4,8.8
4,100,31,44.1,35.1,34.3,24.2,24.1
4,101,23,30.5,25.8,26.1,22.3,17.4
4,102,62,109,90.8,93.9,67.1,55.6
4,103,20,35.2,28.5,28.8,21,17.8
4,104,22,36,26,26,23.1,17
4,105,15,32.1,23.9,22.8,15.2,13.8
4,106,7,15.4,9.5,9.5,6,5.9
4,107,14,22.9,17.1,16.4,11.1,10.2
4,108,21,31.1,21.9,21.5,16,14.2
4,109,18,44.9,31.5,32.9,17.9,14.7
4,110,13,24.4,15.2,15.7,11.8,10.2
4,111,11,19.5,14.9,14.7,10.6,9.4
4,112,14,26.1,18.9,19.6,18,18.5
4,113,33,62.4,50.7,43,36.2,27.5
4,114,26,43.7,30.5,29.4,22.6,19.4
4,115,20,37.6,31.7,25.1,21.6,16.6
4,116,20,30.4,23.3,23.2,16.8,14.1
4,117,11,22.8,16.1,16.8,9.2,9.1
4,118,8,19.8,13.4,12.3,8.8,7.4
4,119,21,51.4,37.5,36.7,28.5,23.9
4,120,7,17.6,11.7,10.4,8.3,6.5
4,121,7,15.4,10.7,11.1,10.7,6.7
4,122,21,40.9,28.5,28.1,19.6,19.7
4,123,20,36.4,25.2,23.8,17.9,14.3
4,124,16,27.6,21.2,22.3,19.6,13.3
4,125,17,32.1,23.7,24.6,14.9,13.8
4,126,12,20.5,13.8,13.7,9.1,8
4,127,40,80.6,67,63.7,42.6,36.7
4,128,29,57.4,39,39.8,35.8,25.2
4,129,22,46.1,31.4,33.7,22.2,20.3
4,130,11,22,16.4,17.9,10.1,9.1
4,131,32,52.1,31.1,36.7,22.7,21.1
4,132,10,16.4,9.7,12,7.6,6.6
4,133,12,22.7,13.7,16.4,11.7,8.9
4,134,14,27.4,16.5,19.5,17,11.2
4,135,37,75.7,49.6,53.2,34,28.9
4,136,28,58.7,38.7,43.4,27.6,23.5
4,137,20,33.5,20.4,23.7,18.2,13.9
4,138,6,11.9,7.9,9.5,5.7,5.2
4,139,14,34,21.2,24.2,15.5,15
4,140,33,58.9,35,39.2,28.1,25.1
4,141,36,78.2,51,49.6,30.7,28
4,142,19,57.1,30.9,25.1,17.2,15.8
4,143,16,32.8,23.3,28.6,15.7,12.7
4,144,17,38.5,24.1,27.9,17.7,15.8
4,145,11,17.2,11.6,14.8,10,8.1
4,146,18,36.8,23.2,25.3,24,16.1
4,147,11,23.5,14.1,17.1,15.8,10.8
4,148,14,23.5,17.4,18.3,12.7,10.4
4,149,14,24.6,15.3,18.8,17.4,10.5
4,150,22,49.9,29.1,31.3,23.7,18.5
4,151,8,22.7,14.3,16,9.6,9.4
4,152,17,33.7,20.5,23.8,16.4,14.6
4,153,37,70,47.1,61.5,33.7,30.7
4,154,19,32.9,19.4,23.6,15.5,16.2
4,155,22,43,29.6,33.9,23.5,19.3
4,156,6,13.3,8.2,10.2,5.6,5.6
4,157,34,54.4,36.4,41.8,27.8,25.1
4,158,8,15.8,9.2,11.3,6.4,7.6
4,159,14,24,15.6,17.5,13.7,10.5
4,160,14,28.3,15.9,19.9,12.6,11.3
4,161,14,28.3,18.3,20.8,13.8,11.8
4,162,26,58.8,35.8,42.8,27.2,23.9
4,163,25,50.8,42.1,48.5,26.1,23.5
4,164,14,20.3,15.7,19.5,11.6,10.9
4,165,15,23.2,19,23.3,14.4,12.1
4,166,13,25.6,21.3,22.7,13.4,12.4
4,167,11,14,11.6,14.1,8.1,7.8
4,168,12,14.5,11.9,14.7,9.8,8.3
4,169,11,18.2,13.9,15.7,11.5,9.4
4,170,23,37.8,27.8,31.6,22.2,17.9
4,171,53,85.1,62.4,73.5,40.8,38.5
4,172,18,33.1,24.8,28.9,17.5,16.3
4,173,26,45.6,33.7,40.3,23.4,21.9
4,174,11,24.4,19.5,21.5,11.3,9.9
4,175,15,26.4,29.4,22.9,14,12.5
4,176,50,77.7,71.2,70.7,43.2,37.2
5,1,23,39.6,33,32.1,19.4,19.1
5,2,52,110.8,81.4,78.2,50.8,41.7
5,3,61,109.7,99.6,84.7,59.8,48.8
5,4,31,59.5,56.4,45,26.8,23.7
5,5,43,97.4,83.3,68.5,38.7,37.1
5,6,61,123.8,127,103.5,57.9,52.6
5,7,19,37.6,30.1,27.8,16.2,15.2
5,8,26,55.3,44.5,39.2,24.2,21.5
5,9,10,18.2,15.8,13.5,7.9,7.7
5,10,7,19.3,14.1,12.6,11,7.7
5,11,23,45,49.9,32.9,20.2,19.9
5,12,45,97.4,91.6,74.6,47.3,39.9
5,13,32,63.4,60.2,52.9,31.8,26
5,14,25,59.5,52.8,35.8,22.8,21.4
5,15,23,45.6,52.7,33.6,21.5,18.4
5,16,18,37,40.4,21.7,14.4,13.6
5,17,42,65.4,55,50.6,32,31.6
5,18,30,63.7,54.7,47.9,32.3,27.8
5,19,28,60.3,43,42.2,29.5,25.3
5,20,22,52.1,28.5,28.5,20.5,16.6
5,21,14,26.2,17.1,19.6,13.2,12
5,22,17,46.9,30.2,25.8,15.4,14
5,23,21,41.8,27.6,30,19.5,17.1
5,24,16,42.2,23.7,25.6,16.1,13.1
5,25,13,25.3,15.1,16.5,10.4,9.6
5,26,14,30.8,17.1,20.2,15.5,12.9
5,27,24,42.4,30.5,28.6,19,19.9
5,28,16,32.2,21.6,21.5,13.7,13.7
5,29,13,31.4,19.8,21.3,13.5,13.6
5,30,9,21.1,10,11.2,7.4,7.8
5,31,25,46.3,28.2,29.8,20.3,19.6
5,32,40,96.1,67,63.1,38.2,43.4
5,33,34,66.7,44.2,42.9,29.8,34.7
5,34,13,22.4,15.6,16.5,10.1,11.4
5,35,13,26.6,18.3,19.9,11.7,11.4
5,36,24,38.9,23.7,26.1,18.5,18.4
5,37,12,24.2,15.2,16.3,12.8,13.9
5,38,13,32.3,18.6,20.7,13.1,12.6
5,39,14,28.2,16.4,18.8,11.4,11.4
5,40,19,39.7,24.2,25.8,18.4,17.8
5,41,67,94.8,79.3,87,61.9,50.7
5,42,26,50.2,35.7,41.3,26.9,28.1
5,43,15,30.3,20.7,23,18.3,13
5,44,41,86.2,63.6,59.4,45.8,38.6
5,45,31,60.3,44.5,47.6,31.4,26.7
5,46,26,47.3,31.7,44,23.8,20.8
5,47,16,31.5,22.8,24.3,18.2,14.9
5,48,51,108.3,73,80.4,53.4,42.9
5,49,33,65.3,45,51,32.3,27.8
5,50,10,20.6,12.4,14.5,16.3,11.1
5,51,22,50.4,36,37.4,26,19.7
5,52,28,48.9,34.4,40.4,26.7,24.2
5,53,15,35.1,23.3,26.8,17.1,14.2
5,54,37,75.9,58.8,70.2,38,36
5,55,13,26.6,15.6,19.7,15.3,11.6
5,56,11,20.4,13,15.2,11.6,9.6
5,57,23,44.1,38.9,49,24,20.7
5,58,12,24,14.8,16.8,10.6,12.1
5,59,20,38.1,32.9,37.3,19.3,15
5,60,27,54.2,34.4,38.1,26.6,22.2
5,61,16,29.9,19.5,20.6,13,12.5
5,62,13,24.3,15.8,16.8,11.4,10
5,63,13,26.2,16.8,18.4,13.3,10.8
5,64,47,97.4,64.8,70,48.7,39.8
5,65,12,25.9,16.9,18.3,11.5,10.7
5,66,24,50.5,33.8,40.1,29.5,19.6
5,67,24,45.7,31.1,28.4,20.2,16.4
5,68,30,58.1,38.9,42.1,27.3,22.4
5,69,20,54.2,29.1,25,20.5,18.5
5,70,19,47.7,30.5,36.9,22.1,17.3
5,71,19,39,25.5,27.8,20.2,15.3
5,72,33,66.1,41.2,42.7,30.9,27.1
5,73,25,49.1,29.7,32.9,20.6,18.3
5,74,8,18.3,11.4,12.3,9.3,7.1
5,75,25,46.6,29.7,32.6,23.7,21.5
5,76,16,25.1,16.1,17.5,14.2,10.5
5,77,23,62.7,39.3,30,24.2,24.6
5,78,17,31.3,20.4,21.9,15.2,12.3
5,79,10,20.9,13.2,13.5,11,7.5
5,80,19,36.8,21.8,22.3,16.1,14
5,81,15,32.5,21.4,23.6,22.6,15.2
5,82,26,60.7,39.5,42.3,30.2,26.7
5,83,21,38.9,27.1,40.9,21,17.5
5,84,16,27.3,17,18.5,15,12
5,85,14,31.7,20.5,21.8,15.5,14.8
5,86,7,18,12.1,13.3,9.1,9.1
5,87,17,31.8,20.8,22.4,15.6,12.9
5,88,12,26.7,16.5,18.8,12.5,10.3
5,89,45,92.5,58.2,61.7,46.6,39.2
5,90,15,36.7,23.3,26.4,16.7,14.1
5,91,20,40,27.8,27.3,18.6,17.9
5,92,13,30,19.3,18.8,12.6,11.5
5,93,24,51.3,35.6,30.8,24.6,21.3
5,94,23,67.2,31.9,31.9,23.7,19.8
5,95,50,84.4,69.1,79.6,42.3,40.7
5,96,20,32.7,24.2,23.6,20.3,16.3
5,97,27,40.6,35.2,32.3,23.4,20.6
5,98,9,16,12.9,13.1,7.5,7.4
5,99,11,17.5,12.3,12.6,8,8.1
5,100,15,27.9,18.7,18.4,13.7,12.1
5,101,25,36.1,29.5,28.3,20.4,18.8
5,102,9,15.4,11.2,10.8,7.7,6.7
5,103,21,45,34.5,35.3,20,19.6
5,104,24,39.4,29.3,28.6,24,21.1
5,105,19,37.8,25.5,27.6,17.3,17
5,106,51,83.1,69.1,66.4,48.5,40.9
5,107,26,56.6,38.7,42.7,28.7,22.2
5,108,22,42.3,30.2,28.7,17.3,16.8
5,109,15,25.4,19.1,18.1,12.5,10.7
5,110,63,104.2,74.6,105.6,49.3,54.8
5,111,13,23.9,15.8,17.5,13.8,10.7
5,112,21,35.7,26.1,25.7,16.6,17.1
5,113,15,24.1,16.3,18.7,15,11.5
5,114,22,43.8,32.8,34.8,21.1,20.5
5,115,17,35,23.8,35,14.8,14.2
5,116,44,66.9,46,49.8,30.1,29.6
5,117,29,51.5,32.9,36.4,22.9,21.2
5,118,11,22.9,14.3,16,22.5,10.4
5,119,24,46.2,28.2,31.5,19.2,19.3
5,120,11,20,12.2,14.2,11.9,9.8
6,1,14,29,17.8,17.5,11,11.9
6,2,14,31,20,22.2,11,12.2
6,3,12,18.6,11.4,11.8,8.3,8.5
6,4,11,20.7,11.6,12.7,8.5,8.2
6,5,12,27.4,16.8,17,11.7,11.2
6,6,31,67.9,44.1,54.2,26.8,25.9
6,7,16,31.6,19.7,21.1,15.2,12.3
6,8,13,24.4,16.8,18.3,10.7,10.2
6,9,9,19.1,11.5,13.1,10.3,7.6
6,10,13,24.3,14.1,16.4,10.1,9.6
6,11,10,18.1,10.5,10.9,7,8.3
6,12,25,45.7,28.4,31.7,18.2,18.2
6,13,9,17.4,12.4,9.8,5.6,6.1
6,14,24,39,25.3,27.4,16.4,16.5
6,15,9,15.6,9.4,10,6.8,5.9
6,16,9,17.5,10.8,12.1,6.5,7.2
6,17,17,28.5,18.9,20.2,11.8,12.5
6,18,7,16.9,8.3,9.4,5.6,5.5
6,19,37,75.4,46.4,52,30.3,30.2
6,20,13,35.6,20.7,22,12.2,13.5
6,21,14,23.1,14.4,16.4,13.2,9.9
6,22,12,25.8,17.6,18.4,11.7,11.2
6,23,12,22.5,14.5,16.3,9.2,8.6
6,24,10,21.3,13.6,13.5,7.7,7.8
6,25,32,71.9,42.8,48.9,25.5,24.9
6,26,11,20.4,15.5,15.8,8.3,8.7
6,27,16,28.2,16.6,19.3,13.9,11.3
6,28,16,25.8,16.2,19,11,10.6
6,29,9,18.4,9.7,13,6.1,7.3
6,30,19,37.3,21.8,27.5,14.6,13.1
6,31,26,54,39,43.1,24,24.1
6,32,13,31.1,19.3,22.3,10.2,11.2
6,33,14,33,19.2,22.5,15.9,13
6,34,22,43.3,28.7,32.3,18.3,18.8
6,35,28,51,33.6,40.7,25.1,24.4
6,36,10,24.3,17.2,18.1,13.3,11.1
6,37,19,35.5,22.9,27.8,13.7,13.4
6,38,22,45.7,30.8,35.1,19.2,21.3
6,39,17,34.9,21.9,26.6,13.5,15.6
6,40,15,26.3,17.5,20.1,11.2,10.8
6,41,12,22,15.2,16.6,9.1,11
6,42,11,28.7,20.3,23.7,14.5,12.5
6,43,14,29.7,19.2,22.4,13.5,11.7
6,44,20,51.1,37.4,38.6,15.6,16.5
6,45,9,18.5,12.1,13.8,8.2,7.1
6,46,23,34.2,26.2,32.5,18.2,18.9
6,47,14,19,13.6,17.7,11.5,9.1
6,48,15,24.6,18.6,22,10.8,12.1
6,49,8,16.7,11.6,13.5,10.6,7.4
6,50,28,49.5,35.4,48.6,19.3,18.6
6,51,17,29.5,21,25.4,14.1,16
6,52,25,60.7,35.9,43.9,20.5,21.4
6,53,15,35.2,25.2,29.8,14.6,14.4
6,54,27,50.7,35.4,55.3,25,27.7
6,55,6,13.9,9.8,12,7.4,6.6
6,56,21,35.7,24.7,29.6,14.7,13.8
6,57,22,41.4,26.8,31.7,17.3,16.3
6,58,14,25.1,16.4,20.3,13.8,10.5
6,59,31,52.3,36.4,43.1,24.3,23.7
6,60,22,47.3,33.4,49.6,22.4,20
6,61,17,35.6,23.1,30.7,14.7,14.5
6,62,12,23.6,15.1,17.8,9.8,10.3
6,63,17,34.3,21.4,34.2,18.8,15.2
6,64,10,19.4,13.9,15.2,9.5,7.9
6,65,27,47.3,35.7,37.8,23.5,22
6,66,9,16.6,10.6,13.5,8.8,6.9
6,67,5,13.4,7.3,9.8,8.4,6.1
6,68,23,43.3,27.8,32.9,18.8,18.8
6,69,12,23.6,14,17,10.3,9.9
6,70,45,87.2,54.2,79.9,40.2,40.3
6,71,39,73.8,49.2,73.2,35.8,28.1
6,72,8,17.9,10.7,12.8,6.7,6.3
6,73,24,46.9,29.8,35,24.9,20.1
6,74,14,27.5,20.9,21.3,13,12.2
6,75,9,20.2,12.7,16.7,9.2,8.9
6,76,15,28.9,20.5,24.5,12.1,12.5
6,77,18,35.8,24.2,30.4,16.5,16.2
6,78,17,36.9,25.2,30.1,16.2,16.5
6,79,12,23.2,14.9,19.6,10.5,9.7
6,80,25,60.9,42.3,47.8,28.2,26.3
6,81,22,45.4,27.6,37,20.9,18.1
6,82,11,24.7,16.3,20.1,19.1,12.6
6,83,14,33.5,21.8,27.9,14.8,13.2
6,84,21,49.8,30.5,37.5,20.4,19.4
6,85,7,18.1,10.2,14.1,7.5,6.6
6,86,8,19.2,13.1,15.7,8.2,8.4
6,87,9,28,15.4,21.5,11.7,12.1
6,88,16,26.8,19.9,22.4,13.1,12
6,89,17,39.2,24.9,29.9,17.4,16.5
6,90,16,33.6,20.5,25.1,17.2,14.6
6,91,44,86.9,59.4,73.3,38.6,36.6
6,92,22,46.9,28.7,37.3,23.5,19.5
6,93,49,89.9,63.5,85.4,49.1,36.5
6,94,29,64.1,40.6,62.2,37.1,28.6
6,95,17,36.1,22.3,25.2,14.5,13.8
6,96,12,25.2,15.1,20.3,11.5,10.6
6,97,16,29.8,17.1,24.2,13.2,12.3
6,98,13,32.7,20.9,25.9,15.5,13.5
6,99,44,115.3,69.2,90.8,44,48
6,100,15,35.8,21.3,27.8,17.5,14.2
6,101,18,34.1,21.1,30.3,16.4,13
6,102,16,33.5,17.4,22.7,15.5,11.2
6,103,9,18.2,10,14.1,11,7.4
6,104,15,32.9,20.1,24.9,18.4,13.8
6,105,8,19.1,12.3,16.1,9.3,9.2
6,106,13,26.4,13.2,14.5,8.9,7.9
6,107,13,32.3,18.6,19.4,13.1,11.4
6,108,25,48.2,29.9,41.8,22.4,22.7
6,109,21,46.2,31.4,31.3,22.4,20
6,110,13,31.5,17.9,18.9,19.9,10.9
6,111,22,48,37.3,39.3,22.4,22.8
6,112,23,43.1,27.1,32.4,20.8,19.4
6,113,12,24.1,15.7,19.4,11.2,11
6,114,23,45.9,30.4,36.3,21.1,21.6
6,115,11,21.4,13.4,16.3,9.6,9.7
6,116,18,30.5,18.8,22.2,11.9,12
6,117,11,20.3,11.2,14,7.9,7.9
6,118,10,18.6,12.2,14.1,7.9,8
6,119,30,51.7,34.1,40.4,23.5,25.9
6,120,12,26.8,14.4,18.3,11.5,10.2
6,121,20,44.4,29.1,33.7,22.8,18.7
6,122,24,40.8,28.5,33.6,26.9,20
6,123,15,29.8,18.5,22,15.3,12.7
6,124,29,54.9,35.3,42.7,34.4,23
6,125,28,49.7,34.1,40,25.8,21.7
6,126,9,21.8,12.4,16,9.5,8
6,127,10,19.4,13.2,13.7,9.4,7.5
6,128,35,73.7,47.9,56.2,35.6,31.1
6,129,8,17.7,10.7,13.3,10.7,7.1
6,130,27,67.4,40.5,52.7,32.1,28.3
6,131,10,18.5,10.6,13.2,8.1,7
6,132,9,21.5,13.4,16.1,9.5,8
6,133,18,37.1,23.3,29,20.7,14.4
6,134,7,18.6,12,12.7,7.6,5.9
6,135,18,35.7,20.5,26.6,16.8,14.2
6,136,31,63.1,38.7,46.6,32.9,26.1
6,137,20,44.2,27.3,32.3,23.3,19.7
6,138,26,64.9,51,48.9,24.7,23.6
6,139,22,47.9,30.7,36.4,20.8,19.5
6,140,20,40.6,24.3,28.6,20.1,16.9
6,141,31,81.1,50.3,63,30.3,27.6
6,142,16,35.8,20.7,26.6,14.6,13.7
6,143,23,54.2,29.6,38.2,24.7,20.1
6,144,40,79.2,46.3,59.3,38.2,33.5
6,145,39,75.9,50.1,63.8,32.2,29.3
6,146,28,56.4,33.1,41.8,27.2,23.7
6,147,13,25.5,14.2,19.1,10.3,9.5
6,148,37,72.7,49.8,56.4,31.2,27.1
6,149,8,17.9,10.5,13.1,8.9,7.3
6,150,27,58,32.5,45,27.5,29.7
6,151,42,87.3,49.2,64.4,35.8,31.7
6,152,35,68.8,39.8,52.2,26.8,24.7
6,153,17,36.9,22,29.9,17.5,15
6,154,17,41.6,27.1,32.5,18.8,16.4
6,155,8,20.6,12.9,16.6,9.4,8.3
6,156,14,32.6,21.1,26.6,13.5,16.3
6,157,35,71.1,45.7,56.7,29.3,27.7
6,158,37,67.4,42.4,55.9,28.4,30
6,159,19,39.2,23.3,29.1,14.4,14.8
6,160,16,36.7,21.1,27.2,14.4,13.4
6,161,16,35.2,22,27.8,13.7,12.6
6,162,9,18.1,11,14.3,8.5,7.1
6,163,8,17.5,8.1,11.2,6.3,5.9
6,164,29,55.8,31.5,42.8,22.6,20.7
6,165,21,57.8,25.5,33.7,23.4,23.3
7,1,1,14.3,10.8,10.2,10.5,9.6
7,2,13,22.8,14.5,19.8,13.7,10.7
7,3,14,30.6,19.7,25.9,15.3,12.8
7,4,10,21.1,13.8,17.6,11.6,11
7,5,12,26.3,16.9,21.6,16.6,10.3
7,6,6,18.2,10.1,12.5,8.3,7.3
7,7,6,17.5,10.7,14.1,9.4,8.3
7,8,9,22.8,13.7,16.6,12.5,9.7
7,9,11,26.3,16,20.6,15.4,12.8
7,10,11,19.3,13.8,17.8,10.7,9.4
7,11,16,39,29.5,27.5,16.3,14.6
7,12,17,23.5,17.2,22.1,13.5,11.8
7,13,13,17.6,13.7,16.6,10.5,9
7,14,5,10.9,7.4,9.2,4.8,4.7
7,15,4,9.4,5.4,6,5,3.7
7,16,7,14.7,10.6,13.5,8.4,7
7,17,15,27.6,20.6,25.6,18.5,14.9
7,18,12,26.7,16.8,20.8,15.1,13
7,19,16,30,17.5,23.5,14.1,13.2
7,20,25,52.7,31,43.9,23.8,18.7
7,21,5,14.6,9.5,10.4,5.9,5.6
7,22,28,62.3,36.5,46.8,28.1,26.6
7,23,12,26.9,15.5,19.6,11.7,10
7,24,12,22.5,14,16.5,9.6,9.5
7,25,7,16.1,9.2,11,6.6,6.3
7,26,19,43.1,24.8,32.3,18.5,19.4
7,27,30,78.3,41.4,51,29.7,27.2
7,28,22,46.7,28.8,33.8,21.3,18.3
7,29,16,33.5,19.4,22.9,13.7,11.9
7,30,16,39.6,22.7,28,22.3,17.7
7,31,15,32.4,21.4,23,12.8,12.4
7,32,26,48.6,30.2,37.4,21.5,20.1
7,33,29,35.1,31.2,42.6,23.8,20.4
7,34,11,22.6,16.5,18.8,11.3,10.7
7,35,18,32.1,28,29.5,17.7,15.4
7,36,11,24.5,17.2,19.1,16.7,11.9
7,37,37,69.9,50.3,57.5,34,36.3
7,38,40,77.5,54.8,77.7,47.5,36.5
7,39,14,23.6,16,20.4,11.8,10.9
7,40,23,41.4,29.5,39.7,24.2,19.7
7,41,10,22.7,14.9,17,11.9,10.2
7,42,15,28.3,18.8,23.3,13.7,14.3
7,43,36,70.3,46.6,63.2,37.8,31.7
7,44,28,49.9,32.8,41.6,23.3,21.8
7,45,10,20.6,13.9,17.1,9.9,9.2
7,46,18,42.3,25.2,31.1,18.6,16.3
7,47,13,24.7,18.5,19.7,12.1,11.4
7,48,14,35.2,28.8,26.2,14.8,13.3
7,49,15,36.1,21.8,26.4,15.4,13.2
7,50,20,40.1,27.7,31.9,18.6,16.8
7,51,19,41.3,25.9,32.2,18.6,19.1
7,52,10,22.7,15,17.6,12.2,9.6
7,53,38,80.3,47.3,63.9,36.1,28.2
7,54,32,71,43,59.1,32.2,25.3
7,55,8,19.7,12,15.8,8.2,7.3
7,56,15,27.7,17.1,22.8,13.6,11.4
7,57,29,59.9,38.6,50.3,26.1,27.8
7,58,17,31.9,20.1,27.4,19.1,16
7,59,20,32.7,21.6,31.2,14.6,13.9
7,60,9,18.7,11.3,14.6,6.7,6.2
7,61,10,19.3,12.7,16.2,8.4,7.6
7,62,11,19.1,12.2,16.9,9,8.2
7,63,13,29.2,19.8,25.3,16.3,14.1
7,64,14,30.4,19.4,25.5,17,12.6
7,65,15,25.5,19.5,22,12.2,11.5
7,66,14,27,18.1,24.4,11.7,11.7
7,67,10,18.9,12.5,16.5,8.6,8.2
7,68,7,12.7,9.5,11.6,6.9,5.7
7,69,27,54.1,39,47,25.6,24.9
7,70,17,34.8,22.5,28.4,14.5,14.1
7,71,25,55.9,40.4,49.8,29.9,24.7
7,72,13,27.5,25.8,23.9,17.9,12.5
7,73,34,66.6,42.1,61.9,28.6,26.4
7,74,25,47.4,31.5,43.8,22.4,24.2
7,75,23,43.2,28.5,39.1,23.1,17.8
7,76,8,20,12.8,16.8,8.2,7.1
7,77,15,25.7,17.6,23.7,12,11.3
7,78,6,13.6,8.5,11,6.9,6.1
7,79,14,26,16,22.8,16.6,12.2
7,80,13,23.4,15.6,21,9.9,9.4
7,81,11,24,17.9,22,10.8,10.5
7,82,13,28.6,20.9,25.1,12.3,11.3
7,83,7,15.4,10.8,14.1,6.9,6.6
7,84,8,18.7,11.7,15.5,11.9,9.2
7,85,37,58.2,45.9,58.3,37,28.8
7,86,24,35.8,30.2,41.3,21.3,19.3
7,87,19,32.9,26.8,34.1,19.3,16.9
7,88,21,32.8,29,35.1,19.2,16.6
7,89,42,55.3,46.9,62.1,32.5,29.2
7,90,12,17.8,13.5,18.3,9.4,9.2
7,91,6,10.5,7.7,10.6,6.3,5.9
7,92,13,21.6,16.1,21.2,11.5,10.3
7,93,15,22.2,17.3,24.1,20,14.4
7,94,13,26.8,28.8,28.8,14.9,12.8
7,95,18,34.1,26.9,38.8,22.4,16.9
7,96,18,36.7,27.8,45.6,16.2,15.2
7,97,9,20.8,13.5,17.1,9.5,7.9
7,98,9,15.2,12.3,15.8,7.8,7.2
7,99,10,18.5,11.5,14.8,9.4,7.4
7,100,19,33.5,23.7,31.1,16.6,14
7,101,23,38.4,30.2,39.1,23.7,19.1
7,102,9,18.8,13.5,18.5,11.6,9.5
7,103,16,29.5,21.6,28.6,14.8,13.7
7,104,8,14.1,10,13.8,6.6,6.5
7,105,18,30.9,23.2,29.3,15.2,13.2
7,106,11,18.6,13.5,17.4,8.7,7.7
7,107,6,11.9,7.5,9.6,5.3,4.8
7,108,6,14.2,8.8,11.2,7.2,5.7
7,109,9,13.6,9,12.6,6.7,6
7,110,7,16.2,9.3,11.3,6.6,5.3
7,111,7,14.3,9.6,12.7,7.2,6.1
7,112,4,7.9,4.9,6.4,4.1,3.4
7,113,11,21.7,14.6,17.9,10.5,8.8
7,114,5,11.2,7,8.8,5.3,4.1
7,115,10,24.5,15.2,18.6,8,7.4
7,116,11,27.1,17.2,20.9,15.3,11.9
7,117,11,18.5,15.8,15.2,7.9,7.3
7,118,6,11.4,6.3,8.1,5.1,4.4
7,119,4,11,5.9,8,4.4,4.2
7,120,3,8.5,4.3,5.8,2.7,2.8
7,121,4,12.4,6.9,8.4,3.7,3.6
7,122,3,8.5,3.9,4.9,2.7,2.3
7,123,19,34.5,23.7,29,15.2,14.3
7,124,8,21.4,13.8,18.3,9.5,8.6
7,125,5,15.1,9.8,10.8,5.1,4.5
7,126,16,39.6,25.7,31.1,16,14.8
7,127,21,44,27.8,36.5,20.7,20.4
7,128,16,36.5,23.4,27.9,16.6,14.2
7,129,22,41.2,26.3,33.9,22.6,17.5
7,130,10,24.2,14.4,18.5,9.4,8.7
7,131,22,50.6,31.9,41.8,21.2,19.7
7,132,12,19.9,12.3,17.1,8.6,8
7,133,13,35.5,20,27.4,16.8,12.9
7,134,22,43.2,27.1,42.8,18.8,17.4
7,135,11,20.4,15.2,17.9,8.4,7.7
7,136,11,26.3,16.2,21.5,11.6,10.1
7,137,29,57.9,37.4,47.9,29.8,23.4
7,138,23,50,31.7,40.3,20.2,17.9
7,139,10,21,12.8,17.9,9.7,7.8
7,140,9,21.7,10.6,14.6,8.4,7.3
7,141,18,44,29.1,33.4,24.1,20.3
7,142,23,51.4,30.1,38.6,21.6,19
7,143,41,82.7,49.5,64.9,39.8,33.4
7,144,14,30.5,18.3,30.5,16.3,11.2
7,145,20,45.7,28.7,39.2,18.4,16
7,146,36,75.6,42.9,63.5,30.4,45.2
7,147,13,29,15.9,23,13.6,13.8
7,148,22,43.5,24.3,33.8,19.4,16.4
7,149,18,34,18.4,36.9,22.2,12.8
7,150,39,78.5,44.8,63.7,34,29.8
7,151,11,21.5,11.7,16.6,10.2,7.8
7,152,15,28.2,17.2,23.7,12.9,11.7
7,153,14,28.2,15.8,32.3,12.8,10.9
7,154,15,26.5,17.6,29.7,16.2,13.5
7,155,41,82.2,50.2,78.9,39.9,33.3
7,156,30,59.9,37.4,50.4,26.7,24
7,157,43,106.1,64.5,100.7,52,40.8
7,158,31,68.2,37.8,54.1,23.5,23.9
7,159,8,17.5,11.8,15.1,7.3,7.5
7,160,43,94.3,54.1,70,33.6,33.4
7,161,20,37.2,22.3,34.1,18.3,18.2
7,162,17,38.3,17.5,33.7,14.7,15.1
7,163,27,28,34.4,48.1,25.6,23.1
7,164,19,24.6,21.6,31.1,17.4,16
7,165,18,25.7,25.3,34.9,17.8,15.7
7,166,11,12,10.7,14.2,8.2,11.5
7,167,19,27.5,24.8,30.2,18.1,16.9
7,168,14,25.5,20.1,23.8,15.2,13.8
7,169,40,51.5,43,58.7,33.5,31
7,170,10,18.3,12.2,16.3,11.2,11.4
7,171,19,38.2,33.2,39.2,17.6,16.6
7,172,26,40.4,31.6,40.7,22.2,24.2
7,173,15,28,22.6,26.8,14.4,14.2
7,174,5,10.7,7.1,9.8,5.8,7.4
7,175,13,21.1,15.2,21.2,11.4,11.4
7,176,30,45.9,37.2,44.8,25.9,24.6
7,177,9,16.8,13.2,16.6,10.1,9.3
7,178,10,18,13.6,15.2,11.6,8.8
7,179,30,46.2,40.6,53.1,26.3,27.5
7,180,14,29.4,20.9,24.1,13.9,13.5
7,181,7,14.2,11.3,14.6,7,7.3
7,182,8,13.7,10.2,13.9,7.7,7.4
7,183,5,10,6.6,7.7,4.3,4.1
7,184,11,19.6,15.2,18.8,9,8.9
7,185,22,34.8,25,33.6,19.4,20.3
7,186,10,16.3,11.7,15.7,8.3,10
7,187,37,63.2,45.5,60.2,33.4,31.1
7,188,28,42.2,31.6,40.4,21.8,20.5
7,189,29,49.1,38.4,49.4,24.7,24.5
7,190,12,31,21,25.5,12.6,12.5
7,191,7,11.1,7.7,10.2,4.9,5.8
7,192,7,15.7,10.4,13.5,6.9,6.7
7,193,12,23.8,17.1,21.6,11.4,14.3
7,194,14,25.1,18.3,30.6,12.4,12.5
7,195,26,41.6,30.9,42.7,24,21.5
7,196,9,15.8,11.5,13.8,7.7,7.9
7,197,10,18.9,13.9,18.5,8.8,9.2
7,198,12,20.1,13.9,18.7,9.2,9.8
7,199,7,11.9,7.8,10.1,5.5,5.3
7,200,10,23.4,14.3,19.7,9.7,10.2
7,201,12,19.8,14.4,18,10.7,10.2
7,202,7,12.9,8.5,10.8,6,6.1
7,203,23,39.2,28.2,37.2,19,21.3
7,204,8,15.5,10.2,13,7.7,7.5
7,205,16,25.6,16.6,22.7,13.6,15.1
7,206,11,19.9,13.4,18.2,14.8,13.7
8,1,18,38.3,24.4,24,21.2,17.7
8,2,17,31.3,27.7,21.4,16,14.6
8,3,6,14,10,11.1,6,6.9
8,4,11,23.9,16,15.7,10.7,11
8,5,11,20.8,13.4,15.3,9.3,8.8
8,6,11,20.6,12.5,13.2,9.5,9.4
8,7,23,48.8,32.4,35.7,20.8,18.2
8,8,7,12.7,8.2,8,8.6,6
8,9,11,24.3,14.7,15,10.7,10.7
8,10,18,33.5,20.3,20.8,15.4,13.1
8,11,22,47.3,30.2,32.2,21.3,22.4
8,12,23,37.4,23.4,25.2,18.2,17.9
8,13,13,29.6,18,18.6,16,13.7
8,14,6,14.2,8.5,10.2,6.1,8.6
8,15,11,23.5,15.1,15.3,9.7,10.2
8,16,20,40.4,32.6,26.1,22.3,18.4
8,17,21,39.9,25.2,27.9,19.8,18.6
8,18,6,12.4,7.3,7.9,8.5,5.5
8,19,24,42.7,27.1,30.7,19.5,21.2
8,20,11,26.2,14.7,16.2,9.5,10.1
8,21,8,14.1,8.8,8.8,6.3,6.3
8,22,10,19.8,13.2,13.9,10.1,9.7
8,23,11,21.3,12.6,12.2,9.4,9.7
8,24,20,41.8,26.1,28.2,17.7,17.5
8,25,13,28.5,18,19.1,14.8,13
8,26,19,50.8,27,32.9,22.2,22.4
8,27,11,24.6,15.4,17.2,10.1,10
8,28,10,26.4,16.2,18,10.4,10.1
8,29,18,38,24.8,23.9,15,15.1
8,30,16,30,19.1,17.3,15.3,14.1
8,31,17,33.1,21.8,31.6,13.8,19.1
8,32,19,29.6,21.4,20.5,14.4,13.9
8,33,12,21.8,16.2,14.5,10.4,9.9
8,34,21,43.9,29.9,28.1,16.7,18.1
8,35,13,26.7,18.8,19.5,11.8,11.7
8,36,21,46.8,33.7,30.7,21.1,19.8
8,37,18,37,26.5,23.4,17,16.3
8,38,16,25.5,19.5,18.7,11.9,11.7
8,39,16,31.5,22,19.4,15.1,13.4
8,40,10,25,16.2,14.7,13.2,9.7
8,41,33,87.2,66.6,48.4,36.6,29
8,42,35,64.9,54.6,47.7,29.3,27.9
8,43,20,36.3,27.4,24.2,17.4,16.7
8,44,19,42.1,27.1,24.6,22.6,17.2
8,45,12,20.9,18,17.5,11.3,11.1
8,46,13,23.1,18.5,16.8,11.9,11
8,47,17,30.4,24.7,23.6,17,14.9
8,48,36,73.5,54.9,44.3,37.4,28.9
8,49,18,31.5,25.1,24.6,16.8,16.7
8,50,13,27.6,19.6,17.1,14.8,12
8,51,9,17.1,13,11,9.1,7.8
8,52,17,32.9,25,22.9,16.4,14.3
8,53,18,31.4,39,21.3,18.9,14.3
8,54,17,38.5,29.2,25.8,21.7,15.6
8,55,10,17.7,14.9,13.1,10.4,8.6
8,56,12,21.4,16.3,14,9,9.4
8,57,10,19.3,14.8,13.2,9.6,8.7
8,58,14,30.2,22.9,23.1,19.5,14.5
8,59,8,17.4,12.3,11.3,7.7,7.5
8,60,33,57.3,50.8,38.4,30.6,29.6
8,61,12,21.3,15.7,13.9,11.2,9.1
8,62,12,26.9,18.3,18.2,12.4,10.5
8,63,20,39,27.2,24.8,18.9,15.8
8,64,8,15.8,11.3,10.8,11,6.9
8,65,26,54.6,38.3,36.4,24.5,21.9
8,66,26,54.4,39.7,36.9,25.6,23.4
8,67,20,34.5,24.3,20.7,15,14.3
8,68,10,19.8,14.3,12.8,8.4,7.7
8,69,11,24,17.4,15.5,11.4,8.8
8,70,24,61.4,43.2,46.8,20.8,21.8
8,71,13,24.1,15.5,14.3,14.6,9.6
8,72,45,89,69.9,58.4,44,37.9
8,73,13,27.3,19.8,17.5,14.5,12.4
8,74,18,38.5,27.3,24,19,15.3
8,75,22,41,31.2,27.3,25.8,20.2
9,1,9,19.6,12.5,13.6,10.4,8.4
9,2,14,25,15.4,16.4,10.6,10.2
9,3,32,60.6,38.2,39.8,29.8,25.3
9,4,22,49.1,26.4,30.3,21.5,17.7
9,5,26,51.8,29.7,31,23.9,21.3
9,6,18,33.6,19.2,21.2,15.6,15.2
9,7,23,50.9,26,36.4,22.4,18.3
9,8,16,33.1,19.1,22.6,16.1,14.3
9,9,13,28.4,16.4,17.8,12.9,11.4
9,10,10,20.8,12.2,13.3,10.2,8.1
9,11,13,31.7,15.7,18.4,12.9,11.4
9,12,18,52.5,23.2,36.3,24.8,14.4
9,13,20,47.3,26.6,28.8,19.8,20.5
9,14,11,25.5,13.7,15.1,12.1,10.8
9,15,11,25.8,13.6,15.5,11.2,10.7
9,16,24,48.6,24.5,34.1,20,18.2
9,17,18,41.8,21.2,24.4,17.9,14.8
9,18,23,65.2,24,35,26.1,18.7
9,19,24,53.6,26.7,29,24.7,19.3
9,20,16,39.6,21.2,22.9,20.6,16.4
9,21,10,24.4,13.6,16.5,10.1,9.1
9,22,8,22.3,12.2,13.2,8.1,6.6
9,23,19,51.5,28,29.9,23.1,19.6
9,24,33,97.8,44.3,49.2,40,35.3
9,25,23,49.1,29.1,26,20.6,17.6
9,26,18,40.2,21.2,23.6,18,16.2
9,27,12,22.6,13.2,15.7,13.8,9.3
9,28,27,57.7,33.4,37.2,23.5,23.4
9,29,29,56.1,29.9,32.5,29.6,20.1
9,30,23,53.7,27.5,31.5,21.8,20.1
9,31,23,57.6,30,33,22.1,18.3
9,32,15,28.8,15.9,18.7,13.4,11.4
9,33,14,28.2,13.8,15.7,15,11.3
9,34,28,48.1,34.2,38.7,34.1,25.1
9,35,19,35.9,20.5,22.7,18.6,16.9
9,36,36,72.1,45.5,52.5,42,33.3
9,37,31,62.3,37.2,45.7,32.2,33.3
9,38,28,47.6,28.3,31.8,21.3,20.4
9,39,16,31.3,18.4,22,14.4,13.2
9,40,43,70.6,39.8,51.9,42,37.7
9,41,15,34.3,18.5,22.1,15,13.8
9,42,23,48.1,28.9,30.8,21.9,20.2
9,43,13,24.1,14.3,14.6,11.1,9.5
9,44,14,32.9,21.2,19.6,13.8,13
9,45,14,27.1,17.8,17.2,15.4,13.7
9,46,15,28.3,19.7,17.6,17,16.1
9,47,17,37.2,24.6,23.3,19.1,15.6
9,48,16,27.9,18.2,16.2,17.7,28.2
9,49,15,31.7,22,21,14.3,12
9,50,16,32.4,21.4,21.3,13.5,13
9,51,14,27.4,18,16.5,12.9,10.2
9,52,22,49.4,34.9,32.4,19.5,18.7
9,53,12,25.3,16.9,15.5,10.9,12.2
9,54,22,53.6,31.6,32.6,17.9,17.7
9,55,17,36.1,24,23.6,19.9,16.8
9,56,10,25.4,16.1,15.8,10.1,9.7
9,57,11,19.5,12.3,11.1,8.7,8
9,58,16,26.5,17,16,11.7,11.3
9,59,19,48.6,28.8,34.5,18.4,15.1
9,60,22,65.6,32,33.6,23,22.7
9,61,26,50,32,30.1,24.7,19.8
9,62,12,26.9,16.6,16.3,10.8,9.3
9,63,16,33.6,22.6,21.2,13.9,14.5
9,64,17,36.1,23.6,23,15.3,13.7
9,65,13,34,22.8,20.9,14.8,13
9,66,16,38.3,26.7,25.4,17.3,15.5
9,67,19,46.8,30.6,28.6,20.3,18.1
9,68,16,39.1,22.8,21.8,20.1,14.8
9,69,32,80.9,53,51.8,33.9,31.2
9,70,26,56.5,36.6,35.3,26.9,23.5
9,71,24,59.7,38.2,36.2,28.9,24.6
9,72,24,51.3,32.3,30.2,23.8,19.9
9,73,11,31.7,18.2,17.6,11.4,11.4
9,74,46,83.8,53.5,52.3,39.4,35
9,75,12,24.6,17,16,10.3,10.7
9,76,9,20,14.1,13.5,8.3,7.9
9,77,15,27.4,18.5,16.8,15.8,10.9
9,78,11,23.1,15.3,14.7,10.2,8.8
9,79,20,43.2,23,20.9,19.6,15.9
9,80,25,45.3,29.2,28.3,24,18.3
9,81,27,55.9,45.5,31.9,29.7,21.5
9,82,8,19,13.5,13.1,8.7,8.7
9,83,25,50.3,35,31.1,24.7,20.3
9,84,18,33.2,23.9,21.5,14.5,13.3
9,85,16,30.5,22,20.5,14.7,16.5
9,86,18,30.7,21.5,19.6,13.7,14
9,87,11,18.8,11.9,11,7.9,8.3
9,88,14,36.5,22.3,21.1,14.5,14.5
9,89,13,26.2,17.4,16.5,14.2,9.7
9,90,17,36.6,20.6,20.5,15,14.3
9,91,26,45.8,28.8,27.1,23.3,19.2
9,92,23,48.5,27.6,24.2,18.3,15.2
9,93,19,36.7,27.8,21.4,19.9,16.7
9,94,30,55.8,36.9,41.7,25.7,25.1
9,95,18,41.9,28.4,27.2,18.4,17.3
9,96,14,26.4,15.9,16.1,11.5,11.3
9,97,16,31.3,22,19.6,13.8,13.3
9,98,16,37.6,25,22.6,18,16
9,99,27,40.1,36.2,33.2,23,23.9
9,100,25,53.1,41.7,38.6,25.2,22.8
9,101,22,37.4,29,27.5,20,18.4
9,102,17,30.3,22.5,20.8,20.3,14
9,103,16,29.4,21.7,19.4,16.6,13.3
9,104,16,25.8,19,17.6,12.3,11.7
9,105,16,33.3,22.8,27.1,17.5,15
9,106,12,23.2,16.3,15.8,11.6,12.3
9,107,24,50.3,34.3,31.9,25,21.2
9,108,23,40.2,28,26.7,18,17.1
9,109,27,39.4,30.7,26.8,24.2,21.6
9,110,15,28.8,18.8,18.9,15.5,12.7
9,111,37,75.3,49.7,48.7,38.3,31.8
9,112,16,40.3,32.3,28.3,23.4,22.6
9,113,20,33.8,24.2,24.8,18,17.2
9,114,22,42.5,31.2,29.5,20.5,18.1
9,115,18,29.1,19.2,20.6,12.9,13.7
9,116,17,31.1,19.2,19.2,15.9,12.8
9,117,27,55.4,31.1,29.3,25.5,19.8
9,118,31,63.3,39.6,35.2,28.7,23
9,119,8,17.5,11.3,10.4,8,6.5
9,120,52,90.2,61.7,61.4,44.5,39.7
9,121,18,31.4,22.3,21.3,18,15.4
9,122,22,48.5,32.7,31.8,26.9,23.4
9,123,16,33.7,23.5,22.4,14.6,13
9,124,18,40.2,27.8,28.2,17.7,16.8
9,125,12,22,15,14.4,11.1,9.8
9,126,16,27.1,18,17.7,13.3,13.4
9,127,21,37,27,27.1,22.4,16.4
9,128,14,26.5,18.8,18.8,14.7,12.9
9,129,15,25.7,21.8,15.6,15.3,11.5
10,1,5,16.9,10.6,11.4,8.9,7.5
10,2,26,45.8,35.5,31.2,19.5,20.9
10,3,29,50.7,33.3,34.3,20.8,19.6
10,4,28,52.7,35.8,35.2,23.4,22.5
10,5,23,45.1,29.9,29.2,23.6,18.1
10,6,14,25.1,15.4,15.5,13.4,11.4
10,7,15,30.4,20,18.4,13,11.8
10,8,6,13.3,9.2,8.7,6.1,5.9
10,9,15,32.7,19.6,20.4,14.2,13
10,10,14,32.7,20,17.6,14.8,12
10,11,18,34,24.1,22.8,15.2,15
10,12,27,63.6,41.8,32.7,22.3,20.5
10,13,17,35.3,23.3,22.6,20,15.2
10,14,10,20.7,13.3,13.1,12.6,10.3
10,15,39,67.6,47.9,44.8,33.7,26.7
10,16,18,35.1,21.7,21.5,13.6,12.5
10,17,14,24.4,15.7,15.3,10.1,9
10,18,29,56,37.7,36.9,24.5,23.1
10,19,17,34.7,23.9,23.1,14.6,12.8
10,20,16,36.6,25,24.7,16.1,13.7
10,21,22,44.4,30.3,30.1,18.6,17.6
10,22,41,102.3,68.7,62.2,33.4,32.6
10,23,25,55.6,42.5,36.3,21.9,20.5
10,24,43,115.7,82.9,75.5,39.2,39.5
10,25,11,21.3,15.9,14.7,14,10.5
10,26,16,34.6,23.2,20.6,18.2,13.3
10,27,27,54.4,38.4,35.5,31.4,22.8
10,28,18,42.4,31.6,27.5,22.6,17.9
10,29,10,21.2,15.4,13.4,10.3,8.4
10,30,16,33.7,23.2,20,15,14
10,31,27,46,40.8,31.9,28,23.7
10,32,11,22,15.6,13.6,12.9,7.9
10,33,10,14.9,12.4,11.5,10.9,7.2
10,34,17,26.6,22.9,20.8,15.2,12.9
10,35,29,45.9,38.5,36,24.1,19
10,36,17,26.7,21.5,21.1,14.2,12.6
10,37,22,25.3,34.6,20.7,20.9,14
10,38,16,25.9,20.5,18.8,13.5,11.4
10,39,19,29.4,24.6,22.9,17,16.1
10,40,12,20,15.5,13.8,9.8,8.5
10,41,15,25.8,23.1,21.3,17,12.8
10,42,11,19.9,15.9,14.7,10.4,9.1
10,43,11,19.2,14.1,14.8,10.1,8.5
10,44,10,17.7,14.1,14.8,15.5,8.2
10,45,20,33.1,25.5,24,18.4,14.7
10,46,15,23.6,18.9,18.8,14.6,13.6
10,47,12,23.4,18.1,16.2,12.5,8.9
10,48,7,12.7,10.4,9.2,6.9,5.4
10,49,22,40.4,28.5,27.8,20.5,17
10,50,12,19,14.7,13.2,10.7,8.5
10,51,11,25.1,15.8,18.8,13.1,11
10,52,13,19.3,15.1,13.7,11.3,11.2
10,53,11,26.8,19.7,18,12.2,10.1
10,54,21,33.8,25.2,23.7,20.5,14.5
10,55,16,28.7,21,20.6,14,10.6
10,56,5,9.3,6.9,6.3,5.5,4.3
10,57,14,30.3,22,20.1,17,13.8
10,58,10,17.5,14.3,11.9,10.8,7.8
10,59,20,36.4,32.3,25.1,18.5,15.3
10,60,19,34.3,23.7,20.5,15.7,15.3
10,61,42,63.8,63.4,48.2,36.6,25.9
10,62,10,17.7,13.4,12.1,9,6.6
10,63,4,9.4,6.9,6.1,4.4,3.9
10,64,15,26.9,18.3,15.9,12.4,9.4
10,65,10,21.2,14.7,13.9,10.4,9.6
10,66,25,41.5,32.5,29.4,20.4,16.8
10,67,15,27.7,20.8,17.3,13.5,10.9
10,68,25,42.8,29.2,27.2,20.3,16.3
10,69,9,14.2,9.5,9.1,7.1,6.2
10,70,13,24.5,16.3,15.2,15.3,11.8
10,71,33,60.3,57.3,42.5,30.8,30.2
10,72,16,25.5,19,16.9,13,10.5
10,73,17,36,26.1,23.6,18.7,16.2
10,74,22,41.8,30.1,26.3,20.9,18.4
10,75,14,29.2,19.2,18.5,15.5,14.6
10,76,10,22.6,15.4,15.3,10,8.2
10,77,11,23.4,17.8,15,11.6,10
10,78,16,31.8,23.2,20.3,16.7,14.8
10,79,6,12.8,8.4,6.9,5.7,5.7
10,80,10,22.2,15.2,16.1,9.1,8.2
10,81,17,30.9,20.6,19.6,13,11.2
10,82,7,13.4,9.9,9,6.6,5.9
10,83,22,43.1,31.7,29.4,22.8,17
10,84,12,24.5,19.5,19.3,14.5,10.3
10,85,10,22.8,14.2,11.4,9.7,8.3
10,86,5,13.1,7.9,6.1,4.9,4.5
10,87,16,34.1,24.4,23.2,19.8,13.7
10,88,29,54,51.2,56.4,26.4,24.1
10,89,11,26,16.1,15.3,16.5,10.9
10,90,27,58.4,45.7,46.9,36.2,24
10,91,7,16.7,8.5,11.3,8.3,6.3
10,92,14,27.8,19.2,17.1,12.4,13.2
10,93,24,47.3,34.6,30.9,24.6,24.7
10,94,22,40.4,31.9,29.8,19.3,16.6
10,95,10,20.3,13.6,11.2,11.2,8
10,96,8,13.6,10.1,9.3,6.5,5.9
10,97,8,17,10,9.4,7.8,6.5
10,98,21,61.5,31.8,35.3,20,15.7
10,99,15,27.5,20.1,19.4,14.2,12.4
10,100,14,26.2,15.6,13.8,11,9.1
10,101,14,24.1,16.7,16.2,11.3,9.1
10,102,15,30.3,22.2,21.8,13.3,12
10,103,10,24.3,14.5,14.1,11.1,9.5
10,104,26,46.4,41.4,29.6,20,18.5
10,105,9,16.9,11.7,11.1,7.7,6.7
10,106,16,25.5,18.2,17.3,12.6,10.6
10,107,24,44.4,32,30.5,23.5,18.5
10,108,22,45.1,32.2,30.4,20.2,17.7
10,109,11,22.7,12.8,13,14.3,9.2
11,1,10,22.5,15.5,15.2,11.4,12.7
11,2,9,20.3,12.8,13.1,7,7.8
11,3,25,63.8,46.9,45.1,20,20.4
11,4,8,15.4,8.8,8.4,5.6,6
11,5,19,44.1,27,25.9,16.8,17.1
11,6,16,24.4,23.2,21.2,15.3,16.1
11,7,31,41.2,41.5,38.6,29.5,25.7
11,8,22,26.8,30.2,26.3,20.9,19.5
11,9,11,15.4,17.3,15.3,10.5,10.8
11,10,13,24.3,22.7,20.6,13.6,15
11,11,10,14.7,15.2,13.3,9.5,11.3
11,12,27,40.9,42.8,38.2,25.1,21.9
11,13,18,21.4,22.3,20.3,13.8,14.4
11,14,16,22.1,32.9,21.2,13.9,12.1
11,15,14,15.1,14.9,15,10.4,10.6
11,16,16,18.3,17.4,17.2,15.5,14.3
11,17,39,49,50.4,48.2,36,31.6
11,18,23,30.4,30.6,28.4,21.5,19.1
11,19,11,14.2,15.9,14.3,10,9.8
11,20,24,32.8,30.7,26.8,20.5,17.5
11,21,9,15.2,14,13.5,9.2,9
11,22,7,8.5,8.3,7.3,5.7,5.3
11,23,14,21,28.4,17,16.1,11.9
11,24,11,19.1,19.1,15,15.2,12.6
11,25,9,13.5,13.5,11.7,7.6,7.3
11,26,11,18.6,14.5,12.7,7,8
11,27,29,32.5,41.7,37.2,22.9,20.5
11,28,19,27.6,33.1,31.1,17.6,16.1
11,29,22,37.6,32.6,30.2,18.8,17.8
11,30,9,17.9,13.7,12.3,7.1,7.4
11,31,31,57.8,54.2,58.6,24.3,24.9
11,32,13,20,19.5,16.3,11.3,10.7
11,33,10,17.9,16.6,15.4,9.6,8.6
11,34,18,25.6,22.9,20.3,13.5,12.3
11,35,12,20.3,18.3,14.4,11.2,11.5
11,36,17,21.5,19.6,17.6,11.6,11.1
11,37,11,18.2,17.1,15.7,9.9,9.6
11,38,19,26.4,26.5,23,15,13.9
11,39,10,16.8,15.5,13.3,8.6,9.5
11,40,26,38.4,39.5,38.5,29.3,20.9
11,41,11,19.4,15.8,12.6,9.9,8.7
11,42,19,23.9,32.3,18.4,14.2,16.4
11,43,23,31.7,28.4,23.6,17.4,15.7
11,44,17,36.5,30.5,27.8,18.5,16.7
11,45,15,21.3,19.7,17.3,12.3,10.4
11,46,23,31,28.5,23.1,17.3,14.8
11,47,19,26.1,29.2,19.5,13.7,11.8
11,48,18,34.4,29.1,26.3,19,14.8
11,49,19,32.6,29.6,25.9,21.4,18
11,50,17,26.4,22.1,17.9,12.8,11
11,51,13,21.4,16.7,15.1,10.1,9.2
11,52,17,38.7,41.2,22,18.6,14.4
11,53,15,22.8,20.4,16.7,12,10.7
11,54,16,30.3,27.5,24.9,15.4,13.9
11,55,7,13.7,12.3,10.2,6.5,6.1
11,56,18,34.9,29.1,24.7,18.4,15.8
11,57,21,38.2,31.2,25.5,18,15.5
11,58,14,25.1,22.7,29,15.3,13.1
11,59,12,22.4,20.6,13.7,13.6,9.4
11,60,17,33.7,23.8,19.9,22.2,14.9
11,61,27,46,37.2,31.5,25.1,20.3
11,62,21,38.4,33.3,38.1,22.1,17.7
11,63,22,33.7,34.4,27.8,19.2,16.7
11,64,17,29.3,33.7,20.6,22.2,13.6
11,65,11,20.2,16.7,12.5,12.2,9.4
11,66,18,30.9,27.1,21.6,19.6,15.6
11,67,8,12.6,10.7,8,7.3,6.4
11,68,12,19.9,15.8,13.2,11.2,9.9
11,69,15,29,23.6,20.8,18.1,13.6
11,70,18,32.9,24.7,20.7,16.7,12.7
11,71,9,21,18.7,14.8,15.5,12
11,72,12,23.6,19.1,16.2,13.1,11.3
11,73,14,28.2,21.7,18.5,16.3,11.4
11,74,11,17.9,15.4,13,11.4,9.1
11,75,5,13.5,9.4,7.4,7.2,5.4
11,76,14,28.7,22.9,19.1,20,13.9
11,77,13,23.5,19.4,15.7,14,11.4
11,78,26,49.1,47,31.7,26.3,22.4
11,79,13,19.3,14.6,11.5,9.5,8.3
11,80,11,18.9,13,11,8.7,6.4
11,81,29,52.1,41.3,36.2,27.2,22.4
11,82,12,25.8,21,18,16.6,12.4
11,83,8,15.1,11.4,8.9,11.8,7.4
11,84,26,48.3,34.3,32.7,24.2,21
11,85,14,25.8,20,15.3,18.2,15.7
11,86,11,22.7,16.4,15.1,10.9,9.6
11,87,20,37.1,29.4,24.7,21.9,16.6
11,88,35,56.7,46.1,38,30.6,25.9
11,89,22,37.4,29.9,26.3,24.9,16.2
11,90,9,22.4,15.6,12.8,12.9,7.5
11,91,18,34.4,32.7,21.6,16.6,15
11,92,15,32.5,24.2,19,14.9,13
11,93,19,34.4,27.9,22.4,19.4,15.3
11,94,18,39.4,33,26.3,18.4,17.5
11,95,10,16.4,11.7,9.6,11.3,9.3
11,96,6,13.2,10.2,8,7,6.2
11,97,10,18.1,14.6,11.8,8.6,8.7
11,98,9,18.1,13.6,10.9,9.7,8
11,99,9,19.4,12.2,10.4,9,7.8
11,100,9,21.1,15.6,12.9,11,9.2
11,101,24,41.2,35,29.1,22.2,19.3
11,102,12,21.3,17.4,14.9,11.3,9.4
11,103,16,26.4,21,17.8,13.6,12.6
11,104,5,11.1,8.7,6.9,5.9,5
11,105,10,16.2,13.6,10.1,9.3,7.7
11,106,9,15.1,12.3,10.4,10.1,7.4
11,107,15,24.8,19.6,15.4,15.1,12.2
11,108,18,28.5,26.1,18.9,21.8,18.4
11,109,20,37.8,33.1,28.1,23.8,19.6
11,110,18,32.4,24.6,20.1,17.2,14.7
11,111,10,21.5,17.4,14.4,12,9.3
11,112,12,21.2,17.2,13.7,11,9.2
11,113,17,27.3,23.2,27.1,18.7,13.5
11,114,14,30,21.5,18.4,22.5,12
11,115,7,13.3,8.2,7.1,6.5,5.5
11,116,26,41,34,27.2,26.5,20.8
11,117,8,14.7,11,8.9,8.2,6.8
11,118,10,21.8,15.9,13.8,10.3,8.7
11,119,15,29.7,22,19.3,15.5,13.4
11,120,17,33.5,25.1,22,18.1,16.3
11,121,9,15.9,12.7,9.5,9.2,7.3
11,122,3,10.7,7.6,8.4,5.4,4.8
11,123,16,29.2,23.2,16.7,20.3,16.3
12,1,5,14.1,10.6,10.1,8,8.8
12,2,6,16.8,11.7,11.4,7,7.6
12,3,16,28.4,20.6,18.9,12.4,15.5
12,4,15,24.5,19.8,16.6,11.2,11.6
12,5,15,27.3,21.2,19.7,12.9,13.5
12,6,25,65.7,43,32.3,23.2,28
12,7,7,16.7,11.1,10.2,6.7,8.4
12,8,15,24.8,18.5,16.4,10.2,11.3
12,9,14,24.2,17.4,15.1,11.1,11.8
12,10,16,28.8,21,18.5,14.6,16.4
12,11,11,21.7,15.3,13.8,8.2,8.9
12,12,8,15.7,11.5,10.7,7.3,7.2
12,13,13,23.9,19,16.5,11.1,10.6
12,14,9,16.8,13.4,11.1,7.2,8
12,15,17,33.9,28.4,23.3,16.5,15
12,16,4,14.5,9.9,10.6,6.5,6.7
12,17,18,45.1,28.8,24.5,17,15.8
12,18,18,37.6,26,22.9,20.2,17.8
12,19,16,39,26.7,22.9,15.6,16.7
12,20,9,21.2,15.1,11.7,7.8,8.6
12,21,32,65.2,51.5,42.1,30.7,27.2
12,22,9,22.1,18,15.3,8.6,8.8
12,23,23,45,31.9,26.4,20.8,29
12,24,19,40.4,31,25.9,16.7,18.6
12,25,23,41.2,30.4,25.8,18.3,17.3
12,26,19,33.7,24,20.8,14,13.9
12,27,10,18.2,13.4,11.9,7.6,7.7
12,28,13,25.7,18.4,18.2,12.4,12.7
12,29,10,23.6,14.4,13.9,11.5,9.9
12,30,18,35.7,26.1,18.4,14.1,13.8
12,31,32,76.9,61.1,50.9,30.7,28.9
12,32,19,40.6,28,25.5,16.5,16.5
12,33,17,34.9,26.1,29.4,14.2,13.2
12,34,10,20.6,14,13,7.8,7.5
12,35,11,18.7,14.3,12.6,10.3,7.9
12,36,27,58.8,41.7,34.8,20.4,20.6
12,37,26,51.1,39.7,33.5,22,22
12,38,26,50.1,36.3,33.1,21.2,21.6
12,39,9,20.3,14,11.4,10.8,8.6
12,40,32,73.2,62.6,56.4,28.5,31.4
12,41,19,36.9,26.5,24,15.6,15.1
12,42,18,29.3,29.6,24.7,16,15.1
12,43,24,50.6,37.3,33.2,23.6,20.3
12,44,8,20.3,12.6,11.1,7.2,6.7
12,45,11,20.4,15.4,13.7,9.4,9.1
12,46,22,43.3,35.8,31.6,23.8,18.3
12,47,14,26.3,21,16.6,10.8,10.1
12,48,15,25.1,19.7,18.8,13,12.7
12,49,11,19.9,14,13.2,7.4,7.8
12,50,22,42.9,29.6,30.4,20.2,21
12,51,29,50.4,37.7,30.5,23.1,20
12,52,12,22.2,16.2,14.3,11.1,9.2
12,53,15,32.3,24,21.7,14.9,13.9
12,54,14,30,21.1,16.2,11.7,10.7
12,55,8,16.6,11,9.6,7.2,5.7
12,56,17,37.2,25.7,20.9,17.1,13.8
12,57,7,16.6,11.4,8.4,9.8,6.6
12,58,9,14.5,12.7,11.4,9.1,8
12,59,17,28.6,24.3,20.7,15,12.6
12,60,10,16.7,11.8,9.4,6.9,6
12,61,6,12.4,8.6,7.8,6.1,5.5
12,62,14,27,27.8,18.1,19.4,14.1
12,63,16,29.8,31.8,21.6,14.6,11.7
12,64,17,28.8,24.5,20.8,16.7,13.6
12,65,25,45,37.9,29.8,21.8,20.7
12,66,24,39.7,33.3,26.9,23.3,17.2
12,67,27,48.3,41.6,34.1,23.8,21
12,68,30,42.1,49.1,32.3,26.2,25.8
12,69,16,25.6,23.1,17.5,16.1,11.4
12,70,15,25.1,29.2,18.6,14.6,12.4
12,71,5,10.5,8.9,8,5,4.4
12,72,12,16.3,16.2,12.5,10.2,8.7
12,73,12,17.6,16.2,12.9,8.6,8
12,74,6,12.8,11.8,10.4,6.3,16.1
12,75,11,19.8,18,13.6,11.4,28.1
12,76,33,53.7,48.7,38,32.3,0.4
12,77,24,38.1,30.8,25.7,19.4,16.3
12,78,15,28.8,24,20.3,13.3,11.4
12,79,13,26.2,19.9,16.7,14.1,10
12,80,37,53.4,64.8,35.8,28,29.6
12,81,17,42.9,36.8,21.9,14.1,12.9
12,82,11,21.2,19.3,14.1,10.6,8.9
12,83,18,32.1,26.2,22.2,23.7,14.4
12,84,12,20.3,17.9,12.2,12.2,8.4
12,85,12,16.6,15.9,10.6,11,7.8
12,86,13,20.5,18.2,13.6,13.3,19.5
12,87,20,30.2,27.3,19.3,19.3,14.1
12,88,21,37.8,38.4,26.6,20.2,20.4
12,89,10,15.6,14.3,11.5,8.8,6.9
12,90,23,43.3,33,26.4,22,16.1
12,91,9,18,13.7,10.7,8,6.9
12,92,11,21.6,13.4,9.8,9.5,7.6
12,93,12,22.3,17.2,14,13.1,12.7
12,94,12,23.4,18.5,15.1,10.3,9.7
12,95,6,11.2,8.8,6.8,5.7,5
12,96,20,37.4,27.3,23.5,17.6,14.2
12,97,8,19.4,14.7,12.2,8,7.4
12,98,9,18.4,12.7,10.1,9,7.2
12,99,14,24,20,15.6,12.8,10.7
12,100,46,79.3,66.1,51.2,40.6,35.3
12,101,21,45.5,33.3,24.2,20.2,23
12,102,14,29,20.7,18.1,12.6,11.4
12,103,6,13.8,9.4,7.9,4.7,4.7
12,104,10,16.5,12.4,9.6,6.8,6.3
12,105,11,20.2,15.9,11.9,9.3,8.6
12,106,7,13.8,10.8,8.7,6.3,5.5
12,107,14,24.9,19.8,15.6,12.6,10.4
12,108,17,32.8,23.3,19.2,13.3,25.4
12,109,29,53.1,41.1,35.2,24.3,21.2
12,110,19,44,28.7,28.2,23,18.3
12,111,23,49.3,34.1,26,28.1,20.4
13,1,15,39.3,26.4,27.5,23.1,17.6
13,2,26,55.8,37.7,34.6,27.5,22.3
13,3,24,47,30.9,35.9,24.5,18.5
13,4,27,77.3,45.7,44.6,34.5,27.9
13,5,25,53,37.3,34.4,30.4,23.5
13,6,20,37.7,26.9,25.1,23.6,17
13,7,15,32.5,22.1,23,14.8,12.4
13,8,15,28,18.7,17.4,14.7,12
13,9,5,12.1,6.6,6.3,6,5.1
13,10,14,27.9,18.7,19.4,17.1,12.5
13,11,35,62,42.4,40,35,25.6
13,12,9,19.2,11.6,10.9,9,7
13,13,19,47.8,31.7,21.8,19.7,16.3
13,14,27,49.5,32.4,28.8,29.7,27
13,15,11,23.8,15.6,15.8,17.4,11.9
13,16,45,86.2,54.4,52.1,39.2,34.7
13,17,42,84.5,57.9,60,44.6,37
13,18,27,52,32.8,30.5,26.6,24
13,19,15,27.3,18.5,18.1,13.1,11.7
13,20,7,16.8,10,8.8,6.9,6.2
13,21,13,26.2,17.1,16.1,14.7,10.7
13,22,19,48.9,33.9,30.4,22.9,22.8
13,23,15,36.6,25.4,22.6,21,15.8
13,24,7,15.3,9,8.7,9.7,5.9
13,25,23,36.5,45,36.6,23,25.1
13,26,16,22.8,19.5,18.1,15.3,23
13,27,19,31.5,24,23.1,16.5,14.2
13,28,11,18.7,16.2,14.7,13.8,11.1
13,29,8,12.3,9.8,8.6,7.6,8.6
13,30,28,46.7,44.4,32.7,25.9,25.9
13,31,51,71.7,56.6,52.1,44.1,39.7
13,32,13,20.4,16.9,14.9,12.6,12.6
13,33,39,53.8,42.6,40.4,34.8,29.5
13,34,14,21.2,15.7,13.7,17.2,12.4
13,35,19,37.1,25.5,23.1,21.1,18.2
13,36,25,42.8,31.4,28.8,19.9,19.1
13,37,19,32.6,24.9,23,17.8,16.4
13,38,21,38.8,25.7,24.2,20.7,17.7
13,39,8,18.4,11.6,10.7,9.6,7.2
13,40,13,24.5,16.8,16.1,12,11.3
13,41,16,25.7,18.7,17.8,18.6,12.8
13,42,18,29,19.3,17.8,15.2,13.2
13,43,15,25.2,17.2,16.1,16.5,12.9
14,1,16,30.3,21.7,20.6,17.9,18
14,2,14,20.3,14.5,13.4,10.3,9.6
14,3,16,30.8,22,19.5,15.1,15
14,4,19,35.4,25.6,21.9,16.5,15.5
14,5,21,38.1,26.5,24,20,16.6
14,6,26,61.8,42.4,31.7,27.5,27.2
14,7,11,22.9,15.1,14.4,11.3,11.6
14,8,13,23.9,18.2,15.9,9.7,10.1
14,9,37,74.6,54.2,51,31.8,30.7
14,10,33,67.7,46.1,40.4,34,29.7
14,11,29,50.3,33.9,32.8,23.4,22.1
14,12,17,37.3,23.8,21.2,19.8,15
14,13,16,34.3,24.5,22.6,15.3,14.5
14,14,10,18.9,13.2,12.1,9.5,8.8
14,15,5,11.2,7,5.4,5.3,4.9
14,16,7,15.5,11.6,11.2,9.7,9.5
14,17,16,34.8,20.4,18,15.7,22.9
14,18,22,36,24.9,21.2,20.2,17.2
14,19,14,22.7,16.8,16.4,11.7,10.6
14,20,5,11.4,4.9,4.8,4.2,4.2
14,21,34,75.6,48.3,40.6,29.3,28.6
14,22,44,86.4,60.2,55.5,36.5,35.4
14,23,17,34.8,22.5,19.5,20.5,18.4
14,24,15,27.2,19.8,18.7,16.5,15.7
14,25,12,26.9,18.7,17.1,10.8,10.8
14,26,13,22.1,14.2,13.7,10.3,10
14,27,18,35.7,21.8,18.2,16,14.6
14,28,12,19.2,12.3,10.9,8.8,8.4
14,29,4,11.8,6,5.7,4.9,4.5
14,30,12,25.8,16.4,14.8,12.7,11.9
14,31,21,38.1,33.3,31,18.3,23.1
14,32,25,44.5,29.2,31.1,19.5,20.6
14,33,9,20.8,12.8,11.2,9.2,9.3
14,34,15,34.1,20.1,21.7,19.3,16.3
14,35,13,22,14.5,12.5,9.6,9.6
14,36,15,32.2,19.3,20.1,13.1,13.4
14,37,26,56.5,39.1,40.3,22.4,21.4
14,38,18,28.2,19.8,18.2,12.2,12.2
14,39,13,24.9,16.7,15.3,11.8,10.5
14,40,9,19.7,13.5,11.8,9.8,7.7
14,41,8,16.9,9.6,8.4,7.9,8.8
14,42,13,28.8,18.6,17.2,12.6,11.9
14,43,9,19.1,13,10.7,9,8.5
14,44,26,50.4,35.8,32.5,23.6,22.8
14,45,14,27.1,18.1,16.5,12.4,11.7
14,46,12,20.2,13.4,11.6,12.7,9.7
14,47,11,23.9,14.2,13.8,10.3,8.9
14,48,10,21.8,13.1,10.1,11.3,9.2
14,49,6,13.2,8.3,7.5,7.2,6.3
14,50,6,16.4,9.9,10.4,8.1,21.7
14,51,10,19,11.4,10.7,8.6,17.2
14,52,13,26.5,18.3,18.4,17.3,13
15,1,6,19.7,12,11.6,10.2,9.5
15,2,7,13.1,6.8,6.7,5.3,5.4
15,3,7,17.6,8.8,8.8,7,6.8
15,4,8,16.8,10.5,10.3,7.2,6.6
15,5,7,12.6,8.2,7.8,6,5.5
15,6,8,16.2,10.8,10,8.4,7.3
15,7,8,17.1,10.1,10.1,8,7.5
15,8,9,18.8,12.9,11.7,9,8
15,9,7,19.4,9.7,8.7,7.2,6
15,10,7,8.7,8.1,8,5.4,5.4
15,11,8,12.1,9,8.4,7.1,6.5
15,12,5,7.7,6.5,5.6,4.9,4.4
15,13,7,8.9,8.2,6.7,6.4,5.5
15,14,9,14.2,11.1,10.5,9.8,8.1
15,15,8,13.3,11.9,10.6,9.9,9
15,16,7,14.7,12.2,11.1,8.9,8.1
15,17,5,8.6,6.6,6,4.7,4.3
15,18,7,9.8,8.2,7.3,5.9,5.4
15,19,11,19.9,14.4,13,11,9.3
15,20,8,13.7,9.2,7.9,7.4,5.9
15,21,11,21.8,16.4,15.9,11.7,9.9
15,22,12,25.6,19.4,17.8,15.7,14.4
15,23,6,11.9,9,8.8,5.7,4.9
15,24,7,13.7,10.6,9.5,7.3,6.3
15,25,7,14.1,9.2,9,6.3,5.5
15,26,8,14.1,10.7,10.1,8.9,6.7
15,27,7,16,10.2,11.2,10.6,8.4
15,28,12,22.4,16,15.6,11.7,10.5
15,29,9,13.4,11,8.5,6.7,6.4
15,30,4,9.8,6.6,6.3,5.5,5.5
15,31,7,14.1,9.4,9.2,5.4,5
15,32,8,12.7,9.2,8.2,5.8,5.4
15,33,11,16.2,11.5,12.1,8.8,7.8
15,34,5,9.6,5.9,5.9,4.8,3.7
15,35,6,10.8,5.9,6.5,4.7,4.3
15,36,6,11.1,8.2,7.8,5,4.9
15,37,4,8.7,5.8,6,3.5,3.4
15,38,4,7.1,4.7,4.5,3.2,2.8
15,39,10,20.3,13.9,12.9,10.1,8.3
15,40,4,12.1,5.6,5.3,3.9,3.5
15,41,5,10.1,5.8,5.8,4.6,3.8
15,42,11,16.7,11,10.5,7.9,7.8
15,43,4,9.8,6.4,8.3,6.5,4.7
15,44,8,14.2,8.8,9.2,8.7,8
15,45,5,13,7.8,8,5,4.8
15,46,3,8.5,4.9,5.2,4.6,3.5
15,47,10,17.9,11.9,10.6,9.9,7.4
15,48,8,14.3,8.7,8.2,9.4,5.8
15,49,6,14.3,9.1,8.9,5.3,5.7
15,50,5,11,5.7,5.9,4.8,4
15,51,4,10.1,5.6,5.8,3.7,3.6
15,52,9,16.4,9.9,10.7,7.1,6.8
15,53,7,14.4,8,8.4,5.6,5.1
15,54,8,15.6,10.3,10,7,6.2
15,55,7,12.9,8.5,8,6.1,6.3
15,56,8,17,12.1,11.1,10,7.3
15,57,5,10.2,6,5.6,4.3,3.9
15,58,6,16.8,11.2,11.1,5.1,4.9
15,59,6,13.6,9.3,8.5,5.5,5
15,60,6,14.1,9.8,8.5,5.6,6
15,61,5,11.3,7,7.6,5.7,4.9
15,62,4,10.6,6.1,6.7,4.7,3.7
15,63,7,12.9,6.7,6.5,5.1,4.5
15,64,4,10.5,6.4,6.4,5.1,4.3
15,65,14,23.9,15.4,14.3,12.3,10.3
15,66,9,21.5,12.7,14.5,9.8,8.4
15,67,4,10.2,6.8,6.6,5.3,4.2
15,68,6,13,8.2,8.7,6.3,5.1
15,69,4,7.8,4.3,4.5,3.2,2.8
15,70,5,12,6,6.4,4.7,3.5
15,71,6,17.5,10.3,11.1,8.2,5.7
15,72,5,11.2,7,6.5,5.1,4.8
15,73,3,9,4.2,4.5,3.6,3.2
15,74,8,18.6,10.9,10.7,9.3,7.9
15,75,5,11.7,6.7,6.7,5.4,4.5
15,76,3,8.8,5.2,5.9,4,3.3
15,77,5,10.8,6,6.8,5,4.9
15,78,5,10.8,5.8,6.2,5.7,4.5
15,79,5,13.1,8.4,9,9.8,5.4
15,80,5,12.9,5.6,5.7,4.6,4.2
15,81,5,12.5,6.9,7.2,5.6,5
15,82,6,11.3,6.6,6.6,5.2,4.8
15,83,3,8,4.3,4.6,3.5,3.5
15,84,6,12.5,6.8,7.1,4.7,5.8
15,85,14,29.4,18.3,18.3,13.8,11.1
15,86,5,9.6,5.5,5.8,4.4,3.7
15,87,7,14.6,9,8.4,7.2,6.1
15,88,15,27.2,16.3,16.8,12.5,10.9
15,89,5,11.4,7.3,6.8,5,3.8
15,90,4,11.1,6.4,6.8,3.8,3.7
15,91,4,11.2,4.7,5,3.7,3.3
15,92,3,10,5.5,5.9,4,4.5
15,93,3,7.2,3.9,4.8,3.3,2.8
15,94,6,10.8,5.8,5.9,5.2,4.3
15,95,3,9.6,5.2,6,3.6,3.7
15,96,8,16.2,8.6,8.4,7.3,6
15,97,7,12.7,7.3,7.1,6,5.4
15,98,6,10.6,6.6,6.5,5.7,4.7
15,99,5,11.4,5.4,5.1,8,5.4
16,1,9,21.4,12.6,13.5,10.2,8.9
16,2,18,39.9,26.2,23.6,18.8,14.8
16,3,7,17.2,9.9,10.4,7.4,6.2
16,4,8,14.2,9.3,9.6,7,6.2
16,5,8,17.4,11,10,9.5,7.4
16,6,7,14.2,8,7.4,6.8,5.3
16,7,14,25.8,15.8,16.5,12.8,10.7
16,8,9,19.3,10.7,10.4,11.1,7.2
16,9,10,21.3,12.7,12.5,13.2,9.6
16,10,13,26,15.3,16.5,13.8,9.6
16,11,16,32,20.3,20.5,16,13.4
16,12,15,34.3,19.8,20.3,16.1,13.1
16,13,13,23.7,12.9,13.3,10.4,8.9
16,14,21,46,31.5,27.6,18.8,16.3
16,15,11,19.5,12.6,11.5,9.4,8
16,16,4,13.8,6.3,6.8,6.1,5.3
16,17,7,14.2,8.1,8.8,7.9,5.2
16,18,10,18.9,10.6,11.5,12.8,7.1
16,19,6,12.5,6.1,6.6,5,4.4
16,20,10,19.2,10.2,11.2,7.7,6.8
16,21,7,16.2,10.1,9.8,7.8,6.6
16,22,11,27.2,16.4,16.6,12.1,10.2
16,23,13,23.9,13.5,14.3,10.2,9.6
16,24,9,20.9,12.3,12.3,7.3,6.9
16,25,15,32.4,19.5,19,14.4,12.6
16,26,21,30.3,26.1,25.1,15.6,13.5
16,27,21,41,27.9,27.2,27.8,17.8
16,28,19,42.6,27.3,27,19.7,17
16,29,8,21.1,12.1,11.4,13.8,9.5
16,30,20,43.9,24.2,24,18.4,15.8
16,31,15,31.5,18.2,19.2,15.4,13.5
16,32,12,27.8,16.2,16.3,13.8,14.5
16,33,22,42.9,27.9,28.7,20.8,17.3
16,34,10,19.8,10.7,10.1,10.7,7.3
16,35,32,51.1,36.5,36,27.8,29
16,36,28,45.3,27.6,32.3,20.7,18.7
16,37,14,21.2,13.1,14.5,10.2,9
16,38,18,32.2,19.4,20.5,14.9,12.4
16,39,11,20.8,13.6,13.5,10.2,9.8
16,40,10,21,11.8,13.5,9.2,7.8
16,41,18,32.8,18.6,20.2,17,12.5
16,42,5,12.5,6.1,7.1,7.7,4.9
16,43,15,28,19.9,21.7,11.8,10.5
16,44,12,28,16.3,17.6,12.2,11.1
16,45,16,22.9,14.2,14.6,14.9,10.2
16,46,7,13.3,7.8,7.8,5.6,5.1
16,47,8,17.4,9.7,10.2,6.9,6.3
16,48,17,28.7,16.9,17.6,15.1,11.7
16,49,14,28.5,17,19,16.8,12.7
16,50,7,19,9,9.2,8.8,7.1
16,51,12,18.8,14.3,15.3,10.8,9.8
16,52,11,15,11.7,12.4,9.3,9.3
16,53,12,19.1,12.1,15.7,10.5,10
16,54,10,14.8,11.8,14,8.9,8.4
16,55,6,15.5,8.9,10.6,10,6.2
16,56,12,22.3,15.4,19.8,11.9,11.7
16,57,7,13.1,8.8,9.5,6.6,6.6
16,58,9,15.1,10.8,11.9,8.2,8.1
16,59,19,30.9,19.3,20.5,15.6,15.2
16,60,12,23.4,13.1,14.7,10.4,9.5
16,61,23,41.5,31.6,37.9,24.2,22
16,62,17,28.5,19.2,20.8,14,15.6
16,63,17,27.3,18.6,20.2,13.8,16.9
16,64,14,22.6,16.5,17.9,17.5,13.2
16,65,16,28.4,19.8,21.8,15.2,14.2
16,66,17,27.9,20.5,24.1,17.3,16.9
16,67,15,25.9,19.5,21,14.4,12.9
16,68,13,19.3,13.6,15.1,10,9.6
16,69,24,41.4,29.4,33.1,25,19.8
16,70,20,36,23.5,28.4,17.6,17.8
16,71,22,37.8,25.4,28.9,22.6,18.2
16,72,21,39,26.1,38.9,21,19.8
16,73,15,21.6,14.8,17.4,13.5,10.3
16,74,10,21.2,11.8,13.7,13.8,8.7
16,75,27,45.1,28.1,31.9,21.9,23.8
16,76,29,43.2,32,37.1,21,22.2
16,77,19,30,20.2,22.3,14.3,13.8
16,78,15,28.1,18.3,20.2,13.7,14.6
16,79,18,31.8,21.4,22.5,18.1,14.6
16,80,25,82.7,47.2,49.9,24.3,24.5
16,81,25,45.4,35.6,33.5,22.2,21.4
16,82,6,11.6,8,9.1,5.6,5.8
16,83,7,17.4,9.7,11.5,7.7,6.8
16,84,14,20.6,14.9,17.8,10.7,9.7
16,85,11,17.3,10,11.5,7.7,7.3
16,86,19,38.3,26.5,30.1,20.4,18.6
16,87,10,17.8,9.5,11.5,7.8,8.8
16,88,13,20.3,13.4,15.7,17.8,10
16,89,24,45.9,31,34.3,23,22.6
16,90,16,33.5,22.6,23,16.7,17.8
16,91,20,33.9,20.7,24.4,15.1,14.3
16,92,32,55.4,43.1,43.3,33.5,26.9
16,93,17,37.3,25.4,30.3,21,16.8
16,94,19,35.1,23.6,34.2,16.2,17.6
16,95,15,26.9,15.8,19.5,10.5,11
16,96,15,30.3,17.9,21.2,15,12.9
16,97,18,32.8,23.3,35.1,15.3,14.9
16,98,8,14.8,9.2,10.4,6,6.2
16,99,10,18,11.2,13,8.2,7.7
16,100,9,18.7,11.5,13.3,8.3,8
16,101,17,32.9,22.5,26.4,13.1,12.9
16,102,13,23,14.2,15.6,14.1,12.8
16,103,16,33.9,20.4,24.1,16.7,15.2
16,104,12,19.3,11.9,13.3,8.9,9.5
16,105,11,23.6,12.9,15.7,9.3,9.7
16,106,24,51.5,34.3,31.3,19.3,17.8
16,107,13,19.7,13.8,17,9.9,9.8
16,108,11,24.8,16,17.6,11.7,10.9
16,109,7,11.5,6.7,8.2,5.3,5
16,110,18,30.8,22.8,22.8,16.7,12.6
16,111,15,24,14,16.3,10.7,12.3
16,112,24,50.7,29.9,41.2,21.5,19.8
16,113,9,18.3,11.7,14,9.1,8.5
16,114,13,24.5,15.4,18.8,11,10.3
16,115,22,36.2,23.7,27.7,16.9,15.5
16,116,22,35.3,22.5,25.8,17.1,15.7
16,117,5,10.4,6.6,8.6,5.1,5.9
16,118,15,28.9,17.3,20.5,13,11.7
16,119,19,44.8,27,35.8,21.5,14.9
16,120,11,22,12.4,16.6,9.3,8.3
16,121,7,17.1,9.5,11.9,6.2,6.6
16,122,9,18.7,10.9,13.3,7,7.6
16,123,12,23.5,13.1,16.1,9.6,8.4
16,124,17,31.4,18.1,21.7,12.9,12.7
16,125,22,37.3,23.2,28.6,19.1,15.8
16,126,12,23.4,14,17,10,10.3
16,127,14,23.9,13.8,16.7,10.9,10
16,128,8,14.5,8.3,9.6,9.4,7.3
17,1,21,39.5,24,26.7,21.6,17.6
17,2,12,25.5,15.8,17.9,13.9,11.3
17,3,9,18,10.6,12.4,7.4,6.8
17,4,13,28.6,18.1,20.2,15.8,11.8
17,5,17,35.1,22.1,26.1,20.1,15.5
17,6,11,24.5,15.2,17.5,15,10.6
17,7,23,65,38,34.8,27.7,21.4
17,8,11,27.3,14.3,18.5,12.7,9.8
17,9,16,22.4,18.2,21.4,19.3,15.5
17,10,9,16.2,10.8,13.1,8.4,7.7
17,11,8,18.2,12.5,14.2,10.8,11.7
17,12,23,49,31.9,43.5,33.3,24.5
17,13,13,25.7,17.7,20.4,16.3,13
17,14,7,12.4,7.1,8.8,7.7,5.5
17,15,21,35.7,24.2,29.4,19.1,16.8
17,16,14,28,18.3,21.5,17.7,13.9
17,17,13,23.5,14.6,17.6,11.5,9.7
17,18,18,29.8,19.9,24.5,19.6,14.8
17,19,12,22,15.1,17.2,12.8,10.4
17,20,12,29.4,18.9,22.7,15.3,13.1
17,21,11,22.4,14.2,16.4,11.9,9.7
17,22,9,16,8.8,11.4,10.5,8
17,23,25,61.1,41.4,47.9,23.4,21
17,24,12,19.7,11.7,13.7,16.1,9.1
17,25,12,24.2,14.9,18.3,10.7,10.7
17,26,10,17.2,10.7,12.4,7.6,7.2
17,27,9,22.4,12.6,14.7,9.2,9.2
17,28,12,22.7,14.8,19.5,12.2,10.7
17,29,13,22.7,13.5,15.9,11.5,12.4
17,30,12,25.3,16.2,17.6,14.8,10.4
17,31,13,26.4,17.9,19.6,12,10.9
17,32,8,18.3,11.1,12.6,7.9,7.1
17,33,22,39.2,24.7,37.8,17.4,16.4
17,34,17,30.2,17.4,20,13.6,11.9
17,35,11,23.1,13.5,16,10.3,10.4
17,36,16,25.5,14.3,16.4,12.1,11.1
17,37,13,19.3,12.1,13.8,10.3,8.5
17,38,7,12.6,7.4,9,6.5,5.3
17,39,18,32.5,19.9,23.8,15.9,12.6
17,40,11,28.4,16.5,19.1,12.5,11.1
17,41,10,17.8,11,12.2,8.7,7.5
17,42,13,20.4,12.1,14.5,8.8,7.8
17,43,6,15.8,8.6,10.2,6.4,6
17,44,21,42.9,24.7,28.8,18.4,17.5
17,45,12,22.7,13.9,15.6,10.7,10
17,46,19,39,23.3,26.1,16.5,14.8
17,47,19,39.1,22.9,30.5,15.6,13.5
17,48,9,17.1,10.2,12.5,11.9,7
17,49,9,22,13.2,16.9,9.3,8.3
17,50,5,11.3,5.2,5.8,3.6,3.5
17,51,25,49.7,27.8,31.7,19.6,18.4
17,52,9,19.6,11.3,13.5,8.3,7.8
17,53,16,34.1,19.2,24.5,14.7,14.2
17,54,14,26.4,15.4,18.4,11,10.2
17,55,15,31.4,17.9,21,12.9,12.1
17,56,13,22.4,13,14.8,9.5,8.8
17,57,18,38.7,21.6,25.1,17.8,15.9
17,58,18,32.1,19,22.5,15.9,12.8
17,59,21,44.5,26.4,31.2,19.3,17.6
17,60,25,53.6,28.8,33.3,25.5,22.8
17,61,13,28,15.4,18.8,12.3,10.6
17,62,15,28.4,22.9,19.9,12.3,12.1
17,63,10,22.9,12.8,16.7,11.1,9.8
17,64,19,37.3,22.4,24.9,18.5,15.6
17,65,9,19,10.7,12.8,8,6.9
17,66,14,24.6,13.6,17.4,11.4,9.3
17,67,18,34.7,20.4,25.3,16.3,13
17,68,15,26.7,15.1,17.2,14.8,10.2
17,69,22,45.3,27.4,38,22,18.1
17,70,17,49.7,26.2,24.2,17.2,14.3
17,71,15,32.7,19.2,22.8,14.3,13.8
17,72,11,19.7,11.2,13.7,8.8,7.7
17,73,13,29,16.5,19.4,11.4,10.4
17,74,9,18,11.7,12.8,8.2,6.6
17,75,12,20.5,11.2,13.6,9.3,8.4
17,76,13,23.8,14.8,17.3,11.4,10
17,77,11,20.8,12.3,14.6,9.4,8.1
17,78,14,26,14.6,17.5,12.2,9.6
17,79,12,21.9,13.1,15.2,10.2,9.5
17,80,14,26.5,15.1,18.4,11.5,10.9
17,81,9,18.3,11.3,13.5,9.7,7.7
17,82,13,25.1,16.4,17.3,12.8,11.2
17,83,12,24.8,15,16.1,10.4,9.1
17,84,11,17.4,11.6,13.6,11.1,7.6
17,85,14,24.3,14.6,16.1,10.2,8.6
17,86,13,22.5,16.7,18.1,10.8,9.4
17,87,9,17.7,11.8,11.9,7.5,6.4
17,88,19,32.5,24.3,23.1,17.6,16
17,89,14,25.4,17,18.8,11.7,10.7
17,90,10,15.8,10.7,12.4,7.8,6.2
17,91,11,23.5,14,17.1,9.8,8.9
17,92,12,23.4,14.9,16.2,15.1,9.9
17,93,26,43.9,27.6,29.4,22.2,20.3
17,94,15,27.4,20,22.2,11.8,10.6
17,95,14,26.9,17.9,19.5,15.6,11.1
17,96,11,22.9,15.4,16.8,13.8,10.3
17,97,27,51.9,35.1,36.8,26.9,24.6
17,98,14,35.7,23.5,36.8,17,16.7
17,99,23,47.1,30,30.1,18.2,16
17,100,14,31.2,20.1,22.5,15.3,12.6
17,101,18,27.9,25.8,37.7,18.9,19
17,102,15,23.8,22.4,25.8,18.1,13.8
17,103,9,13.1,12.3,13.4,9.3,7.4
17,104,14,19,17.8,19.2,16.6,12
17,105,9,16.8,15.5,16.8,11.2,8.8
17,106,9,16.3,13.4,15,10.3,8.8
17,107,18,23.3,21.3,24.2,14,12.3
17,108,8,14,11.4,12.6,8,7.7
17,109,5,10.1,8.3,8.8,9.6,6.8
17,110,22,26.8,22.5,24.3,18.9,14.7
17,111,21,22.4,26,28.6,21.9,14.2
18,1,11,16.2,12.4,14.4,8,8
18,2,15,22.1,18.8,20.8,15.1,15.4
18,3,3,6.1,4.8,4.8,2.7,2.8
18,4,6,8.4,7.1,7.9,4.8,4.7
18,5,16,25.6,20.2,23.5,13.3,13.6
18,6,11,17.3,13.5,14.3,8.8,8.3
18,7,11,14.4,11.9,13.8,8.6,8
18,8,6,11,8.1,9.9,5.9,5.7
18,9,10,14.4,11.1,12.6,8,7.3
18,10,16,25.2,17.6,18.3,11.1,14.9
18,11,7,11.4,8.9,9.7,5.5,5.4
18,12,9,14.3,11.7,13.5,8,8.2
18,13,11,20,15.5,17.3,11.5,9.5
18,14,19,47.6,29.6,23.7,15.2,13.7
18,15,18,36.5,26.3,28.8,16.8,14.6
18,16,19,42.8,32.5,24.8,16.9,13.8
18,17,34,53.4,36.7,38,24.7,27.9
18,18,22,44.2,30.8,34.1,22,20.8
18,19,38,84.8,55.3,67.3,37.6,33.1
18,20,13,24.6,17,17.8,14.1,10.3
18,21,32,58.4,41,50.6,27.1,27.7
18,22,33,71,46.2,50.1,33.9,30.3
18,23,7,13.2,10,11.6,5.8,5.8
18,24,17,32.9,20.6,23.2,13,12.1
18,25,8,14.3,9.7,10.9,6.4,12.8
18,26,23,38,26,29.5,18,14.8
18,27,15,26.4,17.5,18.3,11.7,10.1
18,28,30,51.1,33.5,38.2,23,21.9
18,29,28,64.4,42.1,45,35.2,27
18,30,12,22.2,12.9,14.5,9.9,8.7
18,31,28,72,54.3,50.7,28.8,26.7
18,32,14,28.2,17.7,21.4,13.3,12.5
18,33,11,23.5,14.6,17.6,9.8,9
18,34,13,23.6,15.6,17.7,10.6,9.6
18,35,12,22.6,16.1,17.5,9.8,8.9
18,36,12,26.8,18.3,20.9,11.6,11.2
18,37,16,29.2,24.5,23.6,12.7,14.4
18,38,8,15.4,10.7,12.9,7.5,5.7
18,39,19,33.3,21.3,25,13.3,13.5
18,40,15,39,19.7,24.5,13.4,15.6
18,41,8,16.2,11.2,11.5,7.6,6.7
18,42,19,43,38.7,30,18.2,14.3
18,43,11,19.6,13.3,15.6,8.4,7.8
18,44,9,20.9,12.5,13.2,11.7,9.1
18,45,23,54.4,33.1,36.4,20.2,21.2
18,46,13,28.4,18,18.9,12,11.6
18,47,11,20.8,13.7,15.4,9.4,8.5
18,48,16,31.7,18.5,21.5,13.2,11.4
18,49,27,60.5,38.5,52.7,25.1,25.4
18,50,26,56.4,34.8,42.2,23.9,20.9
18,51,13,25.8,16.9,19,14.3,10.7
18,52,13,25.7,17.4,18.6,12.7,14.3
18,53,10,23.1,14.7,17.3,10,8.8
18,54,14,26.3,17,17.9,11.1,11.3
18,55,19,51.3,33.1,31.9,18.1,19
18,56,18,41.9,24.6,29.4,17.7,14.8
18,57,30,57.3,36.6,42.5,23.8,21.4
18,58,19,32.8,21.5,25.2,17.5,14
18,59,8,19.9,12.7,14.7,10.1,7.2
18,60,13,24.3,15.2,15.4,9.1,7.9
18,61,11,21.9,12.8,14.7,8.3,8.3
18,62,12,23,14.9,17.4,11.2,9.7
18,63,20,37.4,27.9,27.2,15.3,13.5
18,64,9,18.9,11.7,13.6,7.5,7.3
18,65,12,25.6,16,20.2,9.9,9.7
18,66,11,19.7,12.6,15.2,8,7.2
18,67,6,10.7,7.4,8.9,4.7,4.3
18,68,8,11.4,7.1,7.8,4.9,4.4
18,69,10,21.3,12.7,14.4,8.5,7.1
18,70,12,21.9,13.7,14.6,8.2,7.6
18,71,15,28.6,18.7,20.6,12.8,11.2
18,72,8,12.7,8.6,9.6,5.9,5
18,73,10,16.6,9.6,12.1,7.2,6.4
18,74,16,40.6,28.9,32.8,13.5,13
18,75,9,13.7,8.9,10.7,7.2,5.5
18,76,13,22.2,15,16.2,10.3,9.5
18,77,24,37.4,39,41.7,20.1,23.3
18,78,12,12.9,13.2,16,10.7,8.7
18,79,17,21.6,25.5,23.9,15.3,15.3
18,80,10,16.3,15.6,17.4,9.7,8.7
18,81,9,13,13.5,15,8.2,7.7
18,82,35,44.8,55.7,67,33.3,30.7
18,83,9,12.2,10.4,12.9,6.6,6.7
18,84,10,11.2,11.7,13.5,7.9,7
18,85,2,4.4,2.9,3.1,2.3,2
18,86,24,33.1,30.6,35.7,18.6,16.3
18,87,13,17,15.8,18.3,11,9.9
18,88,13,16.6,15.3,18.6,12.7,10.1
18,89,3,4.6,4,4.6,2.6,2.3
18,90,15,18.2,16,17.3,10.7,9
18,91,6,6.5,6.6,7.3,4.9,4.2
18,92,3,5,3.8,4.3,2.6,2.4
18,93,13,17.1,14.8,16.9,9.3,8.6
18,94,19,19.6,20.5,29.2,14.5,12.7
18,95,12,16.8,15,17.7,12,9.7
18,96,19,28.3,25.2,26.4,16.8,14.4
18,97,8,9.8,9.2,11.8,6.5,5.4
18,98,15,19.8,18.2,20.9,18.4,12.6
18,99,11,13.3,13.4,15,11.3,8.3
18,100,5,9.9,8.3,10,6.5,5.1
18,101,11,15.6,13.9,16.1,10.4,8.9
18,102,14,26.1,24,26.2,15.3,12.2
18,103,5,7.5,7.1,9,4.5,4.5
18,104,11,12.8,12.8,15.5,11.6,8.1
18,105,14,19.9,18.3,21,18.2,12.9
18,106,9,14.2,14.2,15.9,9.7,8.8
18,107,10,12.3,12.5,15.6,10.6,7.9
18,108,6,8.6,6.7,8,5.7,4.5
18,109,18,17.6,17.4,22.2,17,12.6
18,110,24,38,32.2,37.3,31,23.6
19,1,1,13.4,11.7,12.8,9.5,8.1
19,2,5,6.9,6.5,6.8,5,4
19,3,5,7.5,7.1,7.5,5.4,4.4
19,4,14,17.4,16.4,18.7,14.7,11
19,5,13,18.1,15.1,18.9,12,10.4
19,6,8,11.5,9.9,9.8,7.4,5.7
19,7,12,17.6,14.2,17.1,10.1,9.2
19,8,14,15.9,15.3,17.8,12.7,9.9
19,9,14,13.7,13.6,15.8,10.5,8.8
19,10,13,18.1,15.7,17.8,11.9,9.5
19,11,11,15.8,14.2,16.1,10.2,8.6
19,12,7,11.3,10.7,11.6,8.6,6.5
19,13,6,9.3,9.1,10.5,6.8,5.4
19,14,6,9.1,8.3,10.6,7.5,5.6
19,15,9,11,9.5,10.7,9.8,7.2
19,16,10,12.1,11.3,13.1,8.2,7.3
19,17,11,18,16.3,17.7,11,9.4
19,18,8,13,12.2,13,7.5,6.5
19,19,9,12.2,12.6,12.7,7.4,6.3
19,20,11,15,12.2,14.7,8.9,7.8
19,21,15,25,23.9,24.6,14.1,12.3
19,22,5,8.7,7.9,8.8,5.4,4.8
19,23,13,18.5,18,20.7,13.5,11.2
19,24,10,13.7,12.5,14.6,8.6,7.3
19,25,8,12.1,11.9,13.3,8,6.8
19,26,18,28.4,24.2,28.3,22.6,16.3
19,27,10,12.8,13,14.6,8.4,7.5
19,28,11,13.7,13,14.8,9,7.4
19,29,10,14.2,11.7,12.7,9.7,6.7
19,30,8,12.7,10,12.1,8.8,6.4
19,31,11,13.8,12.7,15.4,10.9,8.4
19,32,6,10,9.6,11.6,7.7,5.8
19,33,9,11.9,10.1,11.9,8.4,6.3
19,34,9,10.1,9.5,10.5,10.2,5.7
19,35,16,22.5,21,23.7,13.7,11.3
19,36,8,16.6,12.7,13.5,7.1,7.2
19,37,11,15.1,13,14.9,8.5,8
19,38,11,16.4,13.3,14.8,8.7,8.5
19,39,12,13.6,12.1,14.4,10.9,8.2
19,40,8,12.8,9.9,10.9,8.3,7.1
19,41,8,14.6,11,12.9,6.9,6.7
19,42,15,15.2,14.2,15.5,9.8,8.7
19,43,13,20.4,17.3,18.7,11,10.2
19,44,9,16.3,13.7,13.4,8.8,8
19,45,11,18.4,16,17.2,10.7,8.6
19,46,12,20.8,18.7,19.7,12.5,10.5
19,47,10,13,11.9,13.5,8.3,7.6
19,48,14,21.1,18.1,20.7,13.5,11.3
19,49,14,22.4,20,21.5,12.2,10.5
19,50,9,15.5,10.9,12.5,8.5,7.7
19,51,10,15,12.8,15.3,9.2,7.6
19,52,7,11.7,10,11.2,7.6,6
19,53,7,10.9,10,11,9,5.2
19,54,11,17.3,13.9,15.4,10.2,8.2
19,55,9,14.6,11.6,14,9,7.2
19,56,8,13.6,11.1,12.9,6.9,6.7
19,57,3,7.2,5.1,5.6,3.8,3.1
19,58,29,46.4,46.3,50.9,35.4,27.3
19,59,11,18.7,14.9,14.4,10.6,8.8
19,60,12,20.2,16,18.3,12.5,10.4
19,61,11,21.1,16.3,17.2,12.8,8.9
19,62,11,18.8,13.8,15.6,11.1,10.2
19,63,9,12.5,10.6,11.7,8.4,6.2
19,64,18,24.4,18.3,19.4,12.4,11.3
19,65,12,19.8,14.8,17.3,13.9,9.7
19,66,8,11.5,9.2,10.8,6.6,5.8
19,67,10,13.6,11.5,13,7.9,7
19,68,8,17.1,14.2,16.6,10.3,8.5
19,69,10,15.8,13.2,14.8,9.4,7.7
19,70,8,12.3,9,9.7,6.9,5.5
19,71,9,17,11.9,14,10.5,7.1
19,72,8,12.8,10.1,11.2,8.9,7.4
19,73,16,26.4,34.2,32.7,17.1,14.1
19,74,9,13.1,11.6,12.6,7.5,6.7
19,75,25,34.6,29.1,32.7,24,17.5
19,76,13,23.9,18.7,20.8,14.6,11.4
19,77,8,14.3,11.4,14.1,8.5,7.3
19,78,7,10,8.4,9.1,6,5
19,79,9,13.4,10,11.2,6.7,5.7
19,80,5,10.2,6.5,7.2,4.7,4.1
19,81,8,11.9,9.5,10.7,7.3,5.9
19,82,6,13.4,10,11.6,8.9,6.2
19,83,9,16,12.2,13.4,8.3,7
19,84,7,12.2,9.4,9.1,5.7,5
19,85,6,8.8,6.9,8.1,5.6,4.2
19,86,5,8.9,6.8,8.1,6.2,4.8
19,87,9,12.6,10.4,12.3,7.5,7.7
19,88,4,6.5,5.3,6.3,3.6,3.2
19,89,4,5.5,4.2,4.9,2.8,2.9
19,90,9,16.8,12.2,13.6,9.1,7.9
19,91,4,7.2,5.9,5.9,3.7,3.1
19,92,6,10.3,7.9,8.9,6,5
19,93,10,14.7,11.7,13.3,9.4,6.8
19,94,4,7,5.4,6.7,5,3.3
19,95,5,8.4,6.7,7.1,5.6,4.6
19,96,9,14.6,11.3,13.9,8.6,7.5
19,97,10,17.2,13.9,15.7,10.8,9
19,98,14,19.5,14.3,15.7,12.5,9.7
20,1,1,3,1.8,2.6,1.4,1.9
20,2,5,10.4,8.2,8.5,4.5,4.1
20,3,4,7.3,5.8,5.4,3.7,3.2
20,4,6,12,9.4,10.3,5.8,5.3
20,5,4,7.2,4.8,5.3,3.7,2.9
20,6,12,14.3,10.2,11.5,7.8,6.2
20,7,7,12.1,11.6,10.1,6.4,5.3
20,8,8,13.6,10.2,10,7.6,6.2
20,9,4,6.1,4.7,4.9,3.2,2.7
20,10,18,28.5,32.2,31.2,16.9,11.5
20,11,4,9.9,8,8.4,4.5,3.3
20,12,9,15.3,12.8,13,7.9,6.2
20,13,5,7.7,5.6,6.3,4.2,3.2
20,14,11,18.4,14.3,15.2,9.6,7.1
20,15,10,15.5,13.6,13.3,8.5,7.4
20,16,10,14.3,11,12.2,9.5,6.4
20,17,4,7.1,4.8,5.8,4,3.2
20,18,13,17.3,11.7,14.2,9.3,10.7
20,19,3,5.6,4.3,4.4,2.6,2.3
20,20,5,9,6.2,7.5,4.2,4
20,21,7,12.2,6.7,9.1,5.6,6.1
20,22,11,16.6,12.3,13.9,10,8.4
20,23,4,7.1,5.2,5.7,3.3,3
20,24,5,8.1,6,7.2,3.9,3.3
20,25,5,6.4,3.9,4.6,2.7,2.1
20,26,3,6,4,5,2,1.6
20,27,4,6.5,4.5,5.4,3,2.3
20,28,2,4.1,2.6,3.4,1.9,2
20,29,5,6.4,4.9,6,2.9,2.8
20,30,2,3.7,3,3.2,1.2,1.1
20,31,3,5.7,4.2,4.3,1.6,1.4
20,32,3,6.1,4.2,5,2.4,2.1
20,33,3,5.3,3.5,4.2,2.8,2.2
20,34,2,4.9,3,4.3,2.3,1.8
20,35,4,7.2,4.9,6.1,3.7,3
20,36,5,8.4,5.5,6.2,3.8,3.4
20,37,5,8.6,6.2,7.7,5.1,3.6
20,38,6,10.7,7.5,8.4,4.5,3.7
20,39,22,33.5,24.6,29.4,22.2,16.1
20,40,34,57.2,39.5,46.4,26.1,23.3
20,41,2,4.8,2.9,4.1,2.1,2.3
20,42,8,9.6,8.6,9.9,6.4,5.4
20,43,5,7.9,6.8,7.5,3.8,3.6
20,44,8,9.8,8.5,10.4,6.6,5.5
20,45,10,14.1,11.4,14.3,7.6,6.5
20,46,7,12.4,9.3,10.7,6.2,4.6
20,47,21,31.9,25.4,29.7,18.1,14.9
20,48,10,14.8,11.2,14,8.4,6.4
20,49,4,7,4.9,6,3.2,3
20,50,9,12.2,9,11.4,6.3,5.3
20,51,5,6.7,4.9,6.1,3.4,3
20,52,11,15.9,10.2,12.8,7.7,6.7
20,53,19,34.6,30.7,27.8,16.3,14.2
20,54,9,15.9,11,12.8,7.6,6.2
20,55,8,14.5,10.3,12.7,10.1,6.8
20,56,6,10.8,7.6,9.5,6.1,5
20,57,7,11.3,8.5,10.3,5.7,5.3
20,58,14,23.8,17.3,28.6,11.9,11.5
20,59,8,11.2,9.5,10.1,6.1,5.4
20,60,6,9.1,7,8.9,5,4.4
20,61,15,22.3,15.7,18.6,11.4,9.5
20,62,5,11.6,8.6,10.3,5.1,4.5
20,63,13,23.2,17.5,20.8,13.7,10.5
20,64,10,14.5,10.8,13.2,7.6,6.5
20,65,11,20,14.5,17.7,8.3,6.8
20,66,12,19.4,13.9,15.8,9.5,8.3
20,67,5,7.9,6.2,7.3,4.1,3.6
20,68,6,9.3,6.4,8.4,5.5,3.8
20,69,16,22.1,15,19.2,11.4,9.4
20,70,8,15.5,11.4,14.2,8.4,6.3
20,71,26,46.1,41.4,42.8,24.4,22.2
20,72,19,32.8,22.9,25.2,16.8,13.2
20,73,14,27.4,19.5,22.8,15.4,12.9
20,74,13,18.5,13.7,17,10.5,12.7
20,75,10,16.8,12.3,15.5,8.4,7.7
20,76,12,22.1,15.9,19,11.7,13
20,77,18,25.3,18.2,22,11.9,11.1
20,78,8,14.1,10.1,12.4,7.2,6.1
20,79,5,8,5.6,6.6,4,3.7
20,80,14,27.8,26.4,24.4,15.1,13.6
20,81,17,24.6,16.4,20.9,13.6,10.8
20,82,9,18.5,11,13.7,9.5,8.6
20,83,5,9.8,7.2,8.3,4.1,3.8
20,84,9,14.3,10.5,11.7,6.6,6
20,85,9,16.5,10.7,13,7.7,6.4
20,86,26,41.6,29.3,35.5,20,19.4
20,87,15,36.5,28.6,27.9,14.6,16.9
20,88,12,21.4,13.9,18,10.7,8.6
20,89,12,18.9,12.5,15.3,9.7,9
20,90,16,30.6,20.3,32.8,14,13.6
20,91,9,14.3,9.6,11.6,6.6,6.8
20,92,7,10.4,7,8.9,5.3,5
20,93,4,10,5.2,6.3,4.3,3.6
20,94,18,30.9,20.2,24.3,13.9,14.2
20,95,4,9,4.8,5.9,3.5,3.5
20,96,16,24,15,19,12.7,10.6
20,97,28,46.8,31.6,37.1,25.7,21.3
20,98,12,21,14.4,16.2,8.2,9.5
20,99,13,20.1,13.3,17.2,9.6,10.2
20,100,8,13,8.3,10.2,5.9,5.7
20,101,7,13.7,8.6,9.2,6.5,5.6
20,102,8,17.5,9.4,11.4,6,6.3
20,103,6,10.8,6.6,8.8,5,4.8
20,104,12,18.9,11.4,14.2,8.5,8.3
20,105,7,12.4,8.3,10,6.7,5.9
20,106,3,6.9,4.5,6.2,3,2.6
20,107,6,11.1,6.5,8,4.1,4
20,108,13,23.2,14.2,18.5,11.8,10.3
20,109,12,17.7,11.8,14.4,8.9,8.2
20,110,10,17.7,9.5,11.7,7.5,6.7
20,111,9,15.5,9.1,10.4,11.3,7.4
20,112,11,18,11.1,14.6,8.5,8.8
20,113,14,25.8,16.2,25.7,12,11.6
20,114,17,29.9,18.9,22.2,14.3,11.2
20,115,11,16.4,11.1,13.4,7,6.7
20,116,9,18.8,12,15,8.8,7.9
20,117,12,22.2,15,20.5,11,9.6
20,118,7,10.6,6.9,9.1,4.9,4.4
20,119,6,9.8,6,8.2,5.1,4.3
20,120,13,21,13.1,17.3,9.7,8.8
20,121,15,29.4,18.9,23,14.9,34.8
20,122,6,11.4,6.5,8.4,7.3,4.9
20,123,18,31.8,21.1,26.6,14.3,13.6
20,124,12,20,14,17.7,9.5,10.3
20,125,8,13.5,9.2,10.9,5.6,5.6
20,126,8,18.3,10.8,12.7,7.7,7.2
20,127,12,21.6,14.6,18,11.3,9.5
20,128,17,27.5,19.4,22,12.2,11.7
20,129,9,18.2,12.4,15.4,7.8,7.2
20,130,20,43.8,24.3,27.7,17.3,15.3
20,131,18,33.7,24.2,27,17,13.8
20,132,12,25,16.5,18.2,11.4,9.6
20,133,13,22.7,16.5,18.5,9.6,9.2
20,134,19,41.8,31.9,34,22.2,16.5
20,135,11,21.5,16.9,16.9,12.9,10.9
21,1,7,15.4,9.8,10,7.3,6.5
21,2,11,20.1,14.4,13.6,8.9,8.3
21,3,15,31.6,22.9,23.5,14.6,13.6
21,4,10,20.8,12.7,11.2,7.8,7.5
21,5,14,27.6,24.6,19.5,11.8,11.2
21,6,8,19.2,13.3,13.6,7.5,6.8
21,7,14,29.8,21.5,20.4,14.7,9.8
21,8,9,17.2,11.2,11.9,7.5,6.9
21,9,8,20.8,14.2,14.8,9.4,8.9
21,10,8,18.7,12.3,13.3,9,7.3
21,11,10,21.1,14.7,15,12.1,9.1
21,12,7,16.9,11.8,11.7,6,5.6
21,13,10,20.4,14.7,14.1,8.9,7.6
21,14,5,13.8,9.5,9.1,6.3,5
21,15,8,16.1,10.9,11.2,9.8,6.8
21,16,7,15.3,9.9,9.8,7.3,6.9
21,17,11,22.8,16.2,17.1,9.4,9
21,18,13,22.6,16.3,16,11.1,11.2
21,19,13,24.3,16.6,17.6,11.7,10.1
21,20,5,11.8,7.3,7.9,5.3,4.7
21,21,7,14.6,9.3,10.2,6.4,5.5
21,22,13,25.5,16.3,17.1,12.3,10.2
21,23,6,10.9,7.2,7.1,5.5,5
21,24,22,39.1,27.3,28.2,18.4,14.8
21,25,15,29.2,20.2,20.2,12.1,9.6
21,26,8,18.3,12.6,12.4,7.3,7.4
21,27,6,13.9,8.6,8.9,6.3,5
21,28,15,36.1,16.7,17.1,12.7,10
21,29,13,29.3,20.2,21.1,15.6,12
21,30,18,26.9,26.4,25.8,19.8,14.6
21,31,13,18.2,15.9,16.8,10.8,9.5
21,32,8,14.7,13.5,13.3,9.2,7.8
21,33,11,16.5,14.8,14.8,10,8.8
21,34,10,16.3,13,13.1,9.7,7.2
21,35,10,19,17.3,17.4,14.5,11
21,36,17,22.7,22.3,22.6,17.9,15.6
21,37,8,14.3,12.1,12.4,12.1,6.7
21,38,7,10.8,9.3,9.8,5.9,5.4
21,39,16,19,17.9,18.5,14.4,10
21,40,10,15.7,15.6,15.3,10.8,8.8
21,41,13,18,16.6,16.7,14.3,10.3
21,42,13,18.7,17.3,17.5,12.9,9.1
21,43,14,23.1,19.9,20.4,13,11.3
21,44,18,31.6,27.8,26.8,22.7,16.1
21,45,11,22.5,17.8,17.8,12.6,9.9
21,46,11,19.6,17.6,18.5,11.3,9.6
21,47,20,32.3,26.3,26.5,18.9,15
21,48,8,16,13.9,13.6,9.5,8.5
21,49,8,13.3,11.8,11.7,8.3,6.8
21,50,7,18.1,13.2,13.2,13.3,8.5
21,51,9,15.9,13.1,13.2,7.7,7.3
21,52,11,16.9,14.5,13.6,7.7,7.8
21,53,5,12.8,9.8,10.1,5.3,5.2
21,54,8,16.1,12.3,12.7,7,7.4
21,55,7,12.7,10.4,10.2,5,5
21,56,13,19.5,16.8,16.1,9.1,9.5
21,57,7,15.3,12.3,12.5,6.7,7.1
21,58,8,14.8,11.5,11,6.3,6.5
21,59,8,16.6,12.2,12.7,6.4,6.4
21,60,7,13.4,10.8,11.3,6,5.7
21,61,8,15.4,11.6,11.7,5.9,6.3
21,62,6,15,12.2,12.2,6,5.9
21,63,9,16.4,12.8,12.9,6.8,7.5
21,64,7,17.2,14.8,15.1,6.7,6.7
21,65,9,19.3,13.7,14.3,6.9,7.8
21,66,11,16.1,13.6,15.2,7.9,7.7
21,67,9,16.4,11.7,12.4,6.3,7.6
21,68,7,16.4,12.8,14,6.5,6.4
21,69,7,13.5,11.1,11.9,5.8,6.4
21,70,5,11.9,9.3,9.5,5.2,4.9
21,71,8,14.5,12,12.5,7.4,6.5
21,72,8,19.3,13.9,15.1,6.9,7.7
21,73,15,29.9,35.7,28.8,17.1,14.1
21,74,16,29.5,26.3,26.3,17.9,14.2
21,75,6,14.1,10,11.3,6.4,5.5
21,76,12,18.9,15.3,17,10.5,8.3
21,77,12,24.3,19.8,21,12.8,12
21,78,14,20.6,16.8,19.5,11.2,10
21,79,14,34.3,23.9,27.1,14.8,13.3
21,80,10,20,15.6,16.4,10.1,8
21,81,14,26.5,21.3,24.2,14,11.1
21,82,12,21.5,17.7,19.3,13.2,9.5
21,83,10,18.2,13.8,16.7,8.6,7.9
21,84,16,28.2,20.9,39.9,14.1,16.3
21,85,7,13.7,10.1,11.9,6.3,5.4
21,86,6,14.4,9.9,12.5,6.3,6.9
21,87,23,36.5,28.2,45.9,20,15.2
21,88,8,17.5,12.7,15,9.3,7.4
21,89,11,19.4,14.3,16.6,8.8,7.9
21,90,19,35.7,26.4,30.8,18.2,15
21,91,11,24.8,17.4,21.2,11.5,9.9
21,92,8,18.4,15,17.8,10,7.6
21,93,6,15.4,11.5,12.6,8.6,6.4
21,94,12,20.9,15,19.2,9.9,11.7
21,95,7,15.3,11.3,13,7,6.4
21,96,10,18.1,14.3,16.5,8.4,7.5
21,97,19,29.5,29.8,26.5,17.2,18.4
21,98,11,18.9,14.2,17.8,11.1,8.4
21,99,9,19.7,15.7,16.1,10.1,8.3
21,100,7,12.9,7.9,10.6,6,5.3
21,101,9,18.5,14.3,15.9,8.9,8.3
21,102,9,15.3,11.7,13.6,8.5,6.8
21,103,11,22.4,16.7,19.8,16.4,10.6
21,104,16,32.2,24.1,28.7,15.5,29.2
21,105,12,20.3,13.7,16,9.4,8.5
21,106,6,11.1,7.6,10.4,5.8,4.4
21,107,5,12.7,8.5,10.2,5.7,4.6
21,108,11,24.9,18,20.7,12.1,9.7
21,109,13,25.5,20.2,23.1,13.4,10.6
21,110,8,13.4,9.3,11.9,6.5,5.5
21,111,8,13,9,11.7,6.8,5.7
21,112,10,18.5,12.5,15.2,14.5,8.5
22,1,9,19.2,12.8,15.3,9.1,7.4
22,2,22,44.5,29.9,36.6,20,19
22,3,12,19.3,13.5,17.3,10.2,9
22,4,11,21.3,13.7,17,10.6,9.6
22,5,69,130.8,99.9,119.4,71.9,59.6
22,6,13,23.4,15.8,19.6,12.2,9.8
22,7,12,19.7,13,16.1,14.4,10.6
22,8,13,19.6,13.7,17.8,9.4,8.4
22,9,15,27,17.3,21.3,12.7,11.2
22,10,9,22.1,10.8,14,8.6,7
22,11,25,42.1,29,35.6,21.6,18.1
22,12,14,22.5,14.3,16.1,10.3,8.9
22,13,10,19.7,12.7,14.2,9,7.5
22,14,17,31.6,20.9,23.9,14.4,13.5
22,15,22,43.1,31,36.4,21.6,18.7
22,16,9,21.7,13.9,15.5,10.8,9.8
22,17,22,45.9,29.2,34.6,19.5,17.2
22,18,37,66.3,49.7,51.1,34.5,29.3
22,19,17,30.7,19.8,21.9,14.7,12.1
22,20,6,14.1,6,6.9,5,4.1
22,21,4,7.7,4.8,5.1,4.2,3.3
22,22,12,23.3,14.4,16.6,11.2,8.3
22,23,22,42.5,30.7,31.9,21,16.8
22,24,9,17.2,10.8,11.2,9,5.6
22,25,25,48,30.8,35.2,26,25.6
22,26,16,31.9,21,27.6,16.8,13.1
22,27,14,24.5,16.6,18.4,11.5,9.6
22,28,20,40.8,26.1,29.5,19.1,15.5
22,29,8,20,12.2,14.1,9.5,8.2
22,30,24,43.9,26.7,29.7,20,15.4
22,31,21,36.6,24.2,26.9,19.7,17.8
22,32,9,15.5,13.2,14.1,10.6,8
22,33,11,23.1,15.1,16.7,13.2,7.9
22,34,20,40.4,29.5,32.2,19,16.5
22,35,15,30.3,19.8,23.1,14.7,13.7
22,36,27,53.9,37.4,41.7,26.3,22.5
22,37,20,39.7,26.8,29.8,17.8,15.3
22,38,13,24.4,15.1,17.5,14.1,8.6
22,39,10,21.6,13.7,15.5,8.9,7.7
22,40,35,71.5,48.2,52.5,31.9,30.9
22,41,17,34.6,23,25.5,15.3,13
22,42,9,16.2,11.5,13.7,8.4,6.7
22,43,4,9.7,5,5.6,3.4,3.3
22,44,11,23.7,15.8,16.3,10.8,9
22,45,14,31.6,26.9,23.5,15.9,13.3
22,46,23,39.9,26.8,31.4,21.4,16.6
22,47,14,30.4,18.7,21.9,12.6,11
22,48,11,23.4,14.7,17,9.9,8.4
22,49,8,16.5,11.7,12.6,6.3,5.5
22,50,8,22.9,12,13.5,7.5,6.6
22,51,8,18.9,12.4,14.3,8.8,7.3
22,52,27,61.3,40.9,45.8,21,18.3
22,53,16,32.7,21.8,24.8,14.9,12.6
22,54,21,37.7,25.7,28.7,17.9,14.4
22,55,16,28.2,18,20.7,15.8,12.4
22,56,12,26.3,17,19.5,11.8,9.6
22,57,8,21.2,12.9,14.4,11.2,11.5
22,58,18,35.2,23,25.5,14.3,12.8
22,59,7,21.5,12.5,14.2,8,7.1
22,60,16,32.7,20.5,22.8,13.4,11.3
22,61,15,28,17.1,19.9,11.5,10.1
22,62,17,30.6,18.2,20.6,13.4,10.3
22,63,15,28.9,20.4,21.5,13.7,11.1
22,64,12,20.9,12.7,13.9,10.8,8.2
22,65,27,46.1,34.2,33,19.9,16.6
22,66,10,25.7,16.1,17.2,9.2,8
22,67,17,36.8,22,25.3,14,11.8
22,68,7,14.5,8,9.8,5.6,5.4
22,69,9,18.3,11.2,12.9,7.7,8.3
22,70,18,37.8,19.9,22.1,12.4,11.4
22,71,18,30.5,19.2,22.1,12.6,11.2
22,72,29,64.6,40.9,46.4,32.5,23.2
22,73,28,55.9,36.4,38.3,24.4,20.2
22,74,9,18.8,10.2,10.8,6.8,7.3
22,75,11,25.6,15.4,16.8,11.3,9
22,76,10,20.1,10.5,11.7,7.7,6.5
22,77,11,24.8,14.9,16.2,12.5,9.9
22,78,44,87.7,52.3,60.2,43.5,34.2
23,1,3,7.2,3.5,4.3,2.7,2.8
23,2,5,10.1,5.8,6.6,4.6,4.3
23,3,5,9.2,5.5,6.5,3.7,3.8
23,4,4,10.1,5.5,6.4,5,4
23,5,4,11,5.8,6.2,5,4.2
23,6,10,22.1,12.6,14.8,9.6,8.3
23,7,7,16,9.8,11.5,9.2,7.5
23,8,5,13,7.5,8.6,6.9,5.3
23,9,5,12.4,6.6,7.8,7,4.9
23,10,3,11.9,5.5,5.5,5,3.8
23,11,6,15.6,8.1,8.9,7.7,5.6
23,12,7,14,9.7,10.3,7.9,6.5
23,13,6,15.3,8.3,9.4,6.4,5.9
23,14,21,45.8,34.9,38.8,25.2,19.9
23,15,5,11.9,7.9,8.7,7.2,5.6
23,16,5,12.3,7.5,8.6,9.1,5.2
23,17,10,20.1,12.8,13.6,10.2,8.6
23,18,13,29.8,19.9,23.1,15,14.1
23,19,13,28,24.9,22,14.6,15.4
23,20,9,26.2,14,15.4,11.9,9
23,21,15,32.9,19.6,23.2,15.7,13.2
23,22,4,10.4,5.1,6.2,5.1,4.8
23,23,16,29.1,18,19.8,13,11.7
23,24,26,64.5,39.7,48.2,26.3,22.1
23,25,10,19.7,12.1,12.2,9.2,7
23,26,5,10.8,6.3,6.8,5.8,3.9
23,27,32,65,48.6,53,31.5,25.7
23,28,15,25.2,16,17.6,17.7,10
23,29,8,20,12.9,14,9.7,7.7
23,30,7,19.3,9.9,10.6,7.4,6.2
23,31,6,15,8.8,9.7,7.5,5.2
23,32,14,24.7,15.5,17.4,11.4,10.8
23,33,25,51.2,40.8,42.4,29.2,20.4
23,34,7,15.1,10.9,11.5,8.3,7
23,35,9,21.5,14.7,15.9,10.5,8.5
23,36,4,9.6,6,5.9,4.7,3.6
23,37,10,16.9,10.8,11.4,7.6,7
23,38,12,18.2,12,11.8,9.7,7.1
23,39,5,9.8,6.3,6.6,5.3,4.3
23,40,5,15.7,7.9,8.6,6.5,5
23,41,8,22.6,14.3,14.9,15.4,8.6
23,42,6,13.8,9.1,9.8,6.2,5.3
23,43,7,14.2,8.5,8.7,6.2,5.3
23,44,19,42.6,28.5,30.3,20.7,17.8
23,45,8,11.6,12.5,12.8,8.9,7.7
23,46,7,10.2,9.4,10.4,6.8,6
23,47,7,11.5,10.7,11.3,7.4,6.7
23,48,4,7.5,6.7,6.8,5.1,5.5
23,49,6,9.9,7.7,8.4,6.4,5.5
23,50,11,22.9,17.5,18.8,16.8,9.8
23,51,11,16.6,14.7,16.2,8.8,9.4
23,52,8,17.8,13.4,15.1,8,8.2
23,53,9,16.1,13.6,14.5,7.5,7.7
23,54,5,8.4,5.7,6.2,3.6,3.7
23,55,7,12.1,9.6,11.1,5.7,6.1
23,56,7,13.1,6.9,8.1,4.8,4.4
23,57,7,10.7,8.3,9.4,5.2,5.6
23,58,5,9.2,6.5,8,4.3,4.4
23,59,5,8.6,6,7.5,3.9,4.3
23,60,10,21,12.7,15.3,10.2,8.1
23,61,7,11.5,8.4,9.9,8.4,8
23,62,12,18.2,15.5,17.1,9.4,9.5
23,63,14,18.8,13.5,15.8,8.8,9.1
23,64,8,15.6,12.6,13,6.2,6.1
23,65,7,12.4,9.4,10.5,5.1,5.5
23,66,9,16.7,13,14.3,7.9,7.8
23,67,4,8.9,6,6.8,4.1,4.1
23,68,10,17.4,13,14.3,8.2,7.9
23,69,7,11.1,7.2,8.8,4.6,4.6
23,70,10,23.6,14.1,15.3,9,8.8
23,71,16,29.4,22.7,24.6,15.3,13.9
23,72,9,16.2,10.6,12.4,6.8,6.9
23,73,5,11,7.7,8.5,5,5
23,74,8,13.1,9.8,11.7,6.2,6.5
23,75,11,19,12.3,13.9,7.8,7.7
23,76,8,15.3,10.8,12,7,8
23,77,12,21.6,14,15.3,8.6,9.8
23,78,10,19.6,13.5,14.7,7.7,8
23,79,7,11.4,6.9,7.8,4.7,4.9
23,80,10,23.7,11.9,13.3,7.8,7.8
23,81,6,8.7,5.3,5.5,3.5,3.6
23,82,8,17.6,12,13.4,7.2,7.2
23,83,12,25.8,15.6,17.1,10.9,9.6
23,84,8,13.9,9.6,10.1,5.4,6.3
23,85,5,13,7,7.3,4.5,4.4
23,86,8,12.5,7.8,8.4,4.7,5
23,87,5,14.3,6.3,7.4,4.7,4.2
23,88,14,20.3,14.2,15.5,9,9.8
23,89,5,13.8,7.1,8,5.1,5.2
23,90,5,15.5,7.6,8.9,4.9,5.6
23,91,24,33,23.6,25.8,15.2,16.2
23,92,6,12.4,8.6,9.1,7.2,6.8
23,93,6,12.3,7.3,7.8,4.2,4.5
23,94,6,10.5,6.1,6.7,4,4.1
23,95,7,14.3,10.2,9.7,5,5.6
23,96,9,15.8,9.5,10.6,5.9,6.4
23,97,7,10.7,6.6,7.2,4.5,4.6
23,98,5,9.5,5.2,5.9,3.4,3.7
23,99,8,14.6,10.6,10.1,5.6,7
23,100,16,37.1,24.5,24.5,14.9,15.5
23,101,10,18.5,14.1,14,8.2,8.5
23,102,6,14,9.5,9.4,5.8,6.3
23,103,10,22.4,15.6,15.2,9.2,9.2
23,104,6,11.8,7.3,8.6,5.1,5.1
23,105,8,15.4,11.1,10.9,6.4,6.8
23,106,8,19.4,13.5,14.3,8.6,8.8
23,107,7,14.8,9.7,10.7,6.1,5.9
23,108,5,10.7,5.3,6.4,3.9,4.1
23,109,14,28.9,18.8,20.6,15.7,11.8
23,110,8,22.8,14.3,16,8.2,8.1
23,111,8,17.8,12.5,13.2,8.8,9.1
23,112,7,10,5.8,6.8,4.1,3.9
23,113,8,16.5,10.4,12.1,7.3,7.8
23,114,9,17.4,9.7,12.4,6.1,6.4
23,115,8,17.2,11.9,13.6,7.9,7.9
23,116,11,20.8,12.1,13.4,6.9,7.1
23,117,18,29.2,19.4,22.3,12.9,13
23,118,7,12.6,7.2,9.2,6.5,6.2
24,1,9,26.5,16.4,18.7,9.8,11.5
24,2,26,52.7,34,36.8,20.6,23
24,3,18,34,22.7,22.8,11.9,14.2
24,4,19,40.4,30.1,27.5,18.2,17.6
24,5,11,17.8,11.8,12.8,7.5,8.1
24,6,17,48.9,32.5,33.4,15.2,16.2
24,7,9,18,10.6,11.3,6,6.9
24,8,11,20.4,14.1,15,7.9,9
24,9,9,16.8,10.7,12.1,6.8,6.8
24,10,9,20.7,11.3,11.7,8.5,8.6
24,11,28,50.4,30.9,34.6,24.7,21
24,12,12,27.7,18.5,20.3,12.5,10.6
24,13,14,31.3,21.1,21.3,18.3,13.9
24,14,15,28.2,16.4,19,14.7,10.8
24,15,16,33.8,25.5,24,16.1,14.3
24,16,14,27.6,17.3,19.8,15,12.5
24,17,9,19.7,13.1,14.5,9.5,8.4
24,18,7,17.1,9.1,9.9,6.9,5.9
24,19,20,37.8,22.8,25.8,22.5,15.9
24,20,9,22.3,10.4,12.1,11.1,8.4
24,21,34,75.1,47.1,51.2,34.2,27.2
24,22,26,51.3,31.4,34,29.6,18.3
24,23,13,26.8,16.2,17.9,12.7,13.3
24,24,9,20.2,12.4,13.3,9.5,7.4
24,25,11,23.7,13.2,15.4,11.1,8.3
24,26,16,51.4,29.7,32,24.2,18.6
24,27,18,40.5,24.8,26.6,16.4,13.9
24,28,22,41.8,23,26.1,17.3,14.4
24,29,17,32.8,18.8,22.2,14.3,11.9
24,30,15,35,18,16.4,14.4,13.4
24,31,78,191.5,121.2,103.3,92.3,68.8
24,32,17,42,24.1,22.5,19.7,14.8
24,33,48,102,59.7,53.3,45.5,43.7
24,34,13,29.3,19.2,16.8,13,11.3
24,35,48,86.9,68.1,56.8,57,45
24,36,14,19.3,14.2,12,10.7,9.5
24,37,19,32.9,26.7,20.4,24.5,16.2
24,38,14,24.6,16.2,16.2,13.2,11.2
24,39,22,51,39.9,34.7,22.9,19.1
24,40,33,51.4,34.8,33.5,29.3,25.1
24,41,21,36.7,25.9,23.3,20.4,19
24,42,7,14.4,8.1,7.7,6.8,5.3
24,43,38,60.8,50.4,50.3,35.8,27.5
24,44,10,19.1,11.8,11.1,14.1,7.4
24,45,31,55.6,38.3,38.2,28.8,23.8
24,46,11,27.6,16.7,16.9,10.8,9.6
24,47,15,31.9,22.5,20.1,16.2,13
24,48,11,20,13.7,12.4,9.5,8.2
24,49,7,13.6,8.4,7.4,5.3,4.2
24,50,16,31,18.6,17.7,14.2,15.5
24,51,18,33.6,21.7,19.4,16.4,16.6
24,52,10,21.2,13.9,11.5,11.3,12.6
24,53,17,34.1,22.4,20.3,17,12.8
24,54,23,41.3,27,25.4,23.4,19.9
24,55,38,72.1,61.2,39.2,34.6,30.8
24,56,8,16.5,9.9,8.2,7.6,6.6
24,57,11,24.3,13.7,13.1,10.9,8.6
24,58,49,93.3,60,54.4,47.1,43.3
24,59,19,34.2,21.1,19.4,16.2,15.5
24,60,23,50.2,30,28.6,30.6,22.5
24,61,76,150.9,102.5,85.1,74.8,59.7
24,62,39,75.8,47.3,42.6,34.1,34.4
24,63,27,51,33.7,31,25.7,21.1
24,64,22,37.5,25.7,24.4,22.3,16.8
25,1,9,16.4,10.5,10.1,9.8,6.8
25,2,19,30.8,22.6,17.4,16.4,13.3
25,3,22,53.1,34.6,25.8,21.3,16.4
25,4,16,33.1,21.8,20.7,15,11.8
25,5,9,19.2,12.9,11.6,8.8,7.5
25,6,12,22.9,15.2,13,10.3,8.5
25,7,16,27.9,17.5,16.5,16.5,12.3
25,8,17,31.7,20.7,21.1,15.4,13
25,9,9,16.5,10.1,9.2,11.1,7.9
25,10,17,32.3,19.1,20.3,16.2,12.1
25,11,8,16.4,11,10.1,8.4,6.3
25,12,9,17.2,12,11.8,9.4,7.3
25,13,9,19.2,12.1,10.5,8.9,7
25,14,8,15.3,9.1,9.5,7.6,6.4
25,15,13,25.6,14.5,14.1,12.8,9.5
25,16,10,21.1,11.7,11.1,13.9,9.6
25,17,16,30,18.3,16.7,21.8,11.5
25,18,21,46.5,29.2,28.4,21.7,18.5
25,19,15,30.7,19.2,18.5,15.5,12.7
25,20,20,47.9,26.3,24,24.6,19.3
25,21,19,38.7,27,23,18.2,19.4
25,22,10,22.2,13.3,11.5,10.7,11.2
25,23,9,21.2,13,12.2,8.8,9.2
25,24,7,17.8,10.4,10.1,7.3,7.6
25,25,7,17.2,11.3,10.8,9.1,9.9
25,26,9,21.2,10.5,10.1,9.3,8.4
25,27,11,18.9,10.2,9.6,9.7,8.6
25,28,6,12.9,6.5,6.8,6.6,5.5
25,29,11,22.5,13,12.6,10.8,10.2
25,30,9,19.4,9.6,8.9,8,8.9
25,31,11,28,13.9,14.3,11.1,10.3
25,32,15,31.1,18.2,16.2,13.7,14
25,33,8,16.4,8.8,7.8,7,7.2
25,34,11,24.4,14.7,14.1,13,10.4
25,35,9,18.1,10.9,9.9,7.9,7.7
25,36,9,20.4,11.9,11.5,7.9,8.4
25,37,13,30.1,16.9,17,12,13
25,38,8,17.4,9.6,9.9,6.9,7.1
25,39,7,15.8,10.1,8.9,6.7,6.8
25,40,16,32.3,17.3,16.2,11.3,12.1
25,41,11,19.2,10.9,10.2,8,8.8
25,42,17,32.3,18.5,17.6,13.1,13.1
25,43,9,17.5,9.7,9.7,7.3,7.5
25,44,15,25.2,14.5,13.6,12.3,11.3
25,45,16,26.1,15.1,14.4,12.1,11.6
25,46,5,12.6,6.9,6.7,4.7,5.1
25,47,11,13.3,12.1,11.8,8.4,8.9
25,48,13,22.3,17.3,17.7,11.3,12.2
25,49,10,18.5,15,14.1,10.4,9.7
25,50,9,17.1,12.6,11.1,8,8.3
25,51,7,10.6,7.3,7.1,4.9,5.5
25,52,7,11.3,8.7,8.5,6.2,8.2
25,53,15,25.6,17.4,17.3,14.3,14
25,54,12,19,14.3,13.7,12.2,10.3
25,55,14,22.1,14.3,13.9,11.1,10.6
25,56,5,11.3,7.7,7.3,4.9,5.3
25,57,14,21.5,14.3,13.8,9.3,9.7
25,58,13,21,13.3,12.7,11.4,9.9
25,59,17,29.2,17.9,16.9,13.8,13.2
25,60,13,23.8,12.9,11.9,14.1,10.8
25,61,11,20.4,13.1,12.9,10.5,9.8
25,62,13,20.6,12.2,11.9,10.8,9.9
25,63,12,22.6,13.7,12.9,10.3,10.4
25,64,5,11.2,8.3,7.4,5.6,5.6
25,65,11,20.7,13.4,12.6,10.3,10.9
25,66,4,11.3,7.5,7.8,6,6.7
25,67,11,20.3,12.2,12.1,7.4,8.4
25,68,22,36.4,21.7,20.6,16.8,16.7
25,69,8,14.3,7.8,7.7,6.3,6.2
25,70,16,35.6,19.9,19.3,17.6,14.6
25,71,9,15.4,10.8,10.4,6.8,7.4
25,72,9,16.5,9.5,8.5,6.3,6.8
25,73,10,20.5,11.4,11.3,8,8.6
25,74,13,28,16,15.2,13,12.7
25,75,9,19.4,12.4,11.7,9.6,9.6
25,76,5,14.2,8.3,8,5.9,6.5
25,77,12,22.1,12.6,10.9,12.6,9.8
26,1,1,10,7.9,7.1,6,7.4
26,2,4,9,4.3,4.4,3.6,3.4
26,3,6,13.3,7.3,7.8,5,5.5
26,4,11,22.2,13.2,13.2,9.7,9.2
26,5,11,20.9,11.7,12,7.8,8.2
26,6,8,17.8,10.3,10.6,8.6,7.9
26,7,11,19.1,10.4,10.2,7.4,7.5
26,8,8,16.2,8.8,9.2,5.6,6.3
26,9,5,11.8,5.3,5.9,3.8,4.4
26,10,8,16.2,8.5,7.6,4.9,5.3
26,11,4,12.1,5.2,5.5,3.3,3.3
26,12,6,12.4,7.5,8.4,3.8,4.7
26,13,8,17.1,8.6,8.8,5.9,6.6
26,14,6,13.3,7.3,7.9,4.9,5.6
26,15,7,18.5,10.6,11.2,6.2,6.3
26,16,7,15.5,8.7,8.9,5.7,5.8
26,17,5,11.5,6.6,7.2,4.3,5.3
26,18,10,17.2,9.4,8.8,6.7,6.8
26,19,7,14.3,7.7,7.7,5.6,5.9
26,20,6,17.2,9.5,10.6,6.3,6.8
26,21,11,21.2,11.7,11.5,8.5,8.6
26,22,8,20,11.3,11.6,9.1,9.5
26,23,5,10.2,5,4.9,3.3,4.1
26,24,9,20.1,11.4,12.3,7.1,7.2
26,25,5,11.9,5.6,6.5,3.9,3.9
26,26,5,13.1,6.8,6.8,5.6,5.8
26,27,7,15.8,8.4,8.4,5.6,6.4
26,28,9,18.3,10.7,11.3,6.6,7.1
26,29,8,17.1,9,8.8,6.6,6.7
26,30,5,11.8,5.5,5.5,3.6,3.9
26,31,7,13.6,7.8,8.2,4.2,4.9
26,32,6,12.8,7.5,6.2,4.1,4.7
26,33,6,14.5,8.2,8.4,5.8,6.5
26,34,7,14.5,8.6,8.2,5.8,5.5
26,35,8,16.1,10.3,10,6.9,6.9
26,36,7,15.9,9.2,8.6,6.3,6.2
26,37,4,9,4.8,4.4,3.6,3.7
26,38,5,12.3,6.4,7.6,4.3,4.7
26,39,5,12.3,6.8,6.7,4.3,5.4
26,40,7,15.2,7.7,7.4,7.2,5.7
26,41,12,24.7,14.8,14.1,9.5,10.2
26,42,6,13.2,6.4,7.2,4.9,4.9
26,43,7,15.9,10.2,10,4.5,5.7
26,44,9,21.7,11.7,10.6,9.4,9.7
26,45,8,15,7.6,7.2,5.5,5.7
26,46,3,8.2,4,4,2.8,3
26,47,4,11.3,6.5,6.9,3.7,3.7
26,48,3,8.4,3.6,3.1,2.7,2.6
26,49,21,50.3,27.1,27.7,17.7,19.1
26,50,7,20.1,9.5,8.8,5,6.5
26,51,11,25.5,14.2,14.9,7.9,9.3
26,52,8,22.2,12,12.5,7.2,6.7
26,53,5,12.8,6,6.2,5.1,4.7
26,54,4,13.3,7.9,8.8,5.8,5.3
26,55,3,9.9,5.4,5.8,3.9,4.2
26,56,3,10.1,4.6,4.8,3.7,3.3
26,57,4,13,6.6,8.1,4.8,5
26,58,3,9.1,4.8,5.1,3.8,3.7
26,59,4,13.5,7.6,7.4,6.1,5.7
26,60,2,10.6,4,4,3.1,2.9
26,61,8,20,11.6,10.9,9.2,15.3
26,62,6,13.8,7.7,6.6,5.5,4.9
26,63,13,27.6,15.3,14.6,10.1,11.9
26,64,3,9.6,4.9,4.8,3.7,4
26,65,5,12.6,7.3,7.7,5.1,4.5
26,66,3,8.9,4.2,4.6,3.2,2.9
26,67,8,16.7,8.8,8.8,6.4,6.4
26,68,5,12.2,5.4,5.1,6.6,5
26,69,4,8.7,4.4,4.7,3.9,3.9
26,70,6,12.8,5.7,6.1,4.9,4.2
26,71,6,14.2,7.4,8,5.6,5.3
26,72,5,10,5.1,5.9,3.7,3.9
26,73,4,10.4,4.8,6,3.7,3.6
26,74,6,16.4,10,9.7,7.4,6
26,75,5,11.5,6.4,8.4,4.6,4.6
26,76,3,10.5,6.5,7.1,5.2,5
26,77,6,13.7,7.9,9.6,5.4,4.7
26,78,4,8.9,4.9,5.3,4.1,3.4
26,79,4,9.2,5.2,5.7,4.1,3.4
26,80,4,9.5,4.1,5.3,4.2,3.5
26,81,4,11.4,5.3,6.1,4.1,3.5
26,82,8,18.2,9.4,10.4,7.5,7.3
26,83,6,13.5,6.7,7.6,5.6,4.9
26,84,6,12,6.9,6.8,5,4.2
26,85,5,11.2,6.7,7.9,5.4,4.7
26,86,6,17.3,10.1,11.4,8.5,7.2
26,87,4,9.3,4.2,5,3.1,3.2
26,88,6,11.1,5.9,6.8,4.5,4.8
26,89,6,12.8,5.9,6.7,6.9,5.2
26,90,3,10.7,5.1,6.9,3.6,3.8
26,91,3,10.6,4.5,5.2,3.8,3.6
26,92,6,10.8,5.7,7.2,4.1,4.2
26,93,7,16.4,8.3,9.7,6.7,5.6
26,94,4,10.2,4.6,6.6,3.7,3.5
26,95,3,8.2,4.1,4.8,3.6,3
26,96,4,9.5,4.5,5.6,3.9,4
26,97,6,12.3,7.1,8.4,5.6,4.8
26,98,4,10.7,5.2,6.7,4.5,3.8
26,99,4,11.7,7.2,7.5,4.4,3.3
26,100,4,9.8,3.6,4.9,3.2,2.7
26,101,3,7.3,3.3,4,2.7,2.6
26,102,7,13.5,7.3,8.9,6.2,5.8
26,103,8,17.6,8.8,10.7,6.5,6.7
26,104,5,11.8,5.4,7.4,6.2,5.7
26,105,4,9,4.8,5.6,3.3,3.8
26,106,7,11.7,6.3,7.4,4.7,4.5
26,107,4,8.4,4.3,5.8,3.1,3.5
26,108,3,8,4,4.9,3.2,3.1
26,109,11,19.9,10.7,12.5,7.7,6.9
26,110,3,11.8,4,4.9,3.1,3.1
26,111,5,11.9,7.3,7.8,4.7,4.3
26,112,6,11.3,5.5,7.6,4.7,4.2
26,113,7,14.4,6.8,8.8,5.3,5.3
26,114,4,9.6,5.6,6.1,3.2,3.2
26,115,5,10.1,4.5,6.1,3.9,3.4
26,116,8,17.4,9.2,10.9,7.4,6.3
26,117,5,10.5,4.9,6.7,4,3.7
26,118,9,17.4,9.8,12.4,8,7.1
26,119,6,12.7,7.2,9.2,6.3,5
26,120,4,11,5.3,6.6,5,3.8
26,121,8,17.2,8.9,10.9,6.2,6.3
26,122,5,11.9,5.5,7,4.7,4.5
26,123,3,7.7,4.2,5.1,3.3,3
26,124,7,11.7,6.3,7.5,5,4.4
26,125,4,8.9,4.5,5.7,3,3.2
26,126,3,8.5,3.6,4.9,3,2.9
26,127,11,21.6,10.4,12.6,7.9,6.8
26,128,5,13.1,6.4,7.9,5.2,4.7
26,129,4,12.8,5.6,7.4,4.9,4.4
26,130,4,14,5.7,7.2,3.7,4.1
26,131,3,8.8,3.9,4.9,2.7,3
26,132,5,13.1,7.7,8.3,4.4,4.2
26,133,3,10.8,5.4,6.7,3.5,3
26,134,2,8.1,3.9,5.2,3.1,2.8
26,135,6,15,7.4,9,5.7,4.7
26,136,9,20,11,12.9,8,6.8
26,137,5,11.7,6.3,6.9,3.3,3.6
26,138,3,8.1,3.5,4.3,2.6,3.1
26,139,10,25.7,12.8,16.1,9.7,8.9
26,140,5,14.3,5.3,7,6,5.5
26,141,3,6.4,4.7,5,3.5,2.8
26,142,7,8.4,6.6,7.8,4.9,4.5
26,143,4,6.8,4.8,5.6,3.4,2.8
26,144,3,6,3.7,5.3,3.1,3.4
26,145,11,15.7,11.1,13,7.9,6.7
26,146,5,10.3,6.3,8,4.4,3.6
26,147,3,7.3,4,5.2,2.9,2.9
26,148,4,8.5,6,7.4,5,3.8
26,149,5,9.5,6.3,7.8,5.1,4.2
26,150,3,10,3.8,5.3,3.6,2.8
26,151,4,8.7,5.5,6.9,3.4,2.6
26,152,6,8.8,6.5,8.2,4.4,4.8
26,153,5,13,8.7,9.8,5.3,5.2
26,154,11,18.4,13.4,15,8.8,7.3
26,155,9,13,9.5,11.9,7.7,6.1
26,156,7,13.8,9.3,12.7,7.8,6.5
26,157,3,8.6,4.7,6.2,3.4,2.7
26,158,10,18.5,12.1,15.1,9.2,8.8
26,159,5,10.7,5.7,7.3,6.5,5.3
26,160,4,9.3,4.5,6.3,3.7,2.8
26,161,7,10.5,6,7.9,4.6,3.7
26,162,4,7.8,4.6,5.9,3,2.9
26,163,3,7,3.8,5.3,3,2.8
26,164,11,19.5,11.4,13.2,7.5,6.6
26,165,4,8.1,5.1,6.6,3.6,3
26,166,11,18.3,11.6,15,8.5,7.2
26,167,8,14.2,9,11.4,7,5.7
26,168,5,10.3,5.8,7.7,4.8,3.9
26,169,5,11.1,5.5,7.5,4.6,4.7
26,170,3,10.9,5.5,7.3,3.4,3.3
26,171,4,8.8,4.7,6.2,3.4,3.3
26,172,3,7.7,4.8,6.1,3.4,3.3
26,173,6,16,10.4,12.1,8.1,7.2
26,174,8,15.8,9.3,11.7,6.5,6.3
26,175,5,9,5.5,7.4,4.2,5.5
26,176,4,10.5,5.1,6.7,3.8,3.4
26,177,6,8.2,5.4,7,4,3.3
26,178,4,7.6,4.9,5.8,3.1,2.8
26,179,3,7.7,4,5.2,3.6,3.2
26,180,11,20.3,10.8,13.2,7.4,6.9
26,181,6,10.2,6,7.6,4.3,4
26,182,3,8.5,4.4,5.8,3.9,3.3
26,183,9,16.3,10,12.3,7.8,7.1
26,184,5,12.3,6.6,8.4,5.2,4.6
26,185,5,12.9,8.6,9.8,4.8,4.3
26,186,9,18.3,11.1,13.8,7.5,7
26,187,9,17.5,10.9,13.4,8.5,7.3
26,188,5,9.8,6,7.3,3.9,4.9
26,189,10,22.8,11.1,14.9,9.2,8
26,190,8,16.3,9.2,11.3,6.7,6.5
26,191,5,10.5,6.2,7.4,6.4,5.5
26,192,4,10.2,6.6,8.2,4.8,4.2
26,193,4,7.2,3.3,4.6,2.4,2.6
26,194,5,9.7,5.9,7,3.8,3.4
26,195,3,10.1,4.9,5.9,3.4,3.2
26,196,4,9.9,5.3,6.8,4.4,3.4
26,197,9,20.2,12.3,14.2,10.7,7.8
26,198,5,10.8,5.3,7.3,3.6,3.8
26,199,6,12.9,6.6,8.6,4.8,4.6
26,200,5,11.9,5.8,7.3,4.8,3.9
26,201,7,12.6,6.7,8.2,5.1,4.8
26,202,5,12.7,6.9,8.6,4.7,5
26,203,4,10.4,4.8,6.5,4.2,3.4
26,204,2,8.3,4.6,5.9,3.8,3.4
26,205,4,10.5,5.8,6.9,3.9,3.6
26,206,5,11.7,7.1,9.5,5.4,4.4
26,207,6,13,7.2,9.7,7.5,4.4
26,208,7,16.2,9,10.9,6.2,4.8
26,209,4,9.6,4.9,6,4,3.1
26,210,4,9.4,4.6,6.7,3,3.1
26,211,5,12.8,6.1,7.9,4.3,4
26,212,4,9.6,5.3,7.1,4,4.5
26,213,9,16,8.8,10.9,6.6,6.1
26,214,3,9.4,4.9,6.6,3.8,3.5
26,215,6,12.2,6.2,8.3,5,4.5
26,216,7,15.6,9.5,11.9,7.4,6.5
26,217,4,9.4,4.2,6,3.8,2.8
26,218,4,7.6,4.5,5.9,2.7,3
26,219,3,7,3.7,5.2,3.4,3.1
26,220,4,11.3,4.7,6.4,3.5,3.6
26,221,6,12.8,6.9,8.9,4.7,5
26,222,5,9.9,5.2,7,3.8,3.4
26,223,4,11.3,5.5,7.3,4.3,4.1
26,224,3,10.7,5.9,7.8,6.2,5.1
26,225,7,11.5,6.8,9,5.4,4.8
26,226,5,11.7,5.7,7.8,4.5,4.3
26,227,19,40.3,24.3,30.2,21.7,18.7
27,1,6,16.8,11,12.2,9.4,7.8
27,2,3,9.4,4.6,5.5,3.7,3.4
27,3,9,17.5,11.4,13.4,7.7,7.9
27,4,10,20.2,12,14.7,8.4,8.3
27,5,10,20.3,11.5,13.6,9,8.3
27,6,7,13.4,7.8,9.6,5.6,5.2
27,7,16,36.6,27.3,32,16.7,13.5
27,8,14,26.1,16.4,20.7,12.1,10.2
27,9,6,15,9.6,10.9,5,4.3
27,10,19,47.3,25,31.3,19.1,16.9
27,11,11,20.7,13.2,17.5,9.2,8.7
27,12,19,36.8,22,25.9,16.1,14.2
27,13,8,19.8,11.8,14.9,9.3,8.3
27,14,11,28.6,15.9,18.9,15,11.3
27,15,15,31.1,17.7,21.8,12.4,11.8
27,16,18,42.8,23,27,14.6,16.6
27,17,9,20.4,10.8,14.5,8.1,7.5
27,18,19,55.2,34.5,51.7,15.4,15
27,19,24,54.2,33.6,43.5,20.8,19.5
27,20,12,20.8,11.8,15.3,10.1,8.5
27,21,9,26.1,15.9,23.9,9.5,9.8
27,22,14,24.1,14.6,17.9,10.8,10.2
27,23,11,22.6,13.5,17.2,9.7,9.5
27,24,17,42.3,23.9,31,13.8,17.5
27,25,14,25.9,14.1,18.6,11.6,10.9
27,26,8,15.6,8.7,10.5,9.6,6.9
27,27,7,14.9,7.9,10,5.6,5.3
27,28,11,23.8,12.4,16.3,8.7,12.7
27,29,8,19,12.3,13.6,6.6,6.7
27,30,8,20.7,10.5,12.6,7.5,6.9
27,31,5,13.7,6.1,8.1,4.4,4.2
27,32,12,28.4,15.1,18.7,9.2,9.6
27,33,12,26.8,14.3,18.4,10,9.4
27,34,13,31.5,18.1,22.2,12.9,11.5
27,35,8,23.1,11.8,14.7,11,8.3
27,36,16,60.4,24.8,29.2,15.8,15.7
27,37,13,33.5,25.3,23.5,14.5,14.5
27,38,10,21.9,12.6,16.3,8.1,8
27,39,16,29.1,17.9,21.1,11.7,11.1
27,40,38,77.3,42,54.1,31.4,26.6
27,41,12,22,12.7,16.1,8.6,8.2
27,42,14,35.7,19.7,22.8,12.9,12.3
27,43,12,26,13.5,16.6,8.6,9.1
27,44,28,58.5,32.9,41.8,28.9,24.1
27,45,13,24.8,14.4,18.2,9.8,9
27,46,12,29,15.3,18.9,11.2,10
27,47,13,30.3,16.1,20.7,12,11.1
27,48,10,18.2,9.5,12.3,7.5,6.7
27,49,14,33.7,24.5,37.1,14.2,14.9
27,50,7,16.2,9,10.5,6.7,5.4
27,51,9,20.7,11.7,15.1,9.3,8.2
27,52,11,25.1,13.5,17.8,10.5,9.2
27,53,5,13.9,7,9.3,9,5.2
27,54,8,15.6,10.4,13.7,8.3,6.8
27,55,11,23.5,16.3,19.3,12,10
27,56,15,30.6,21.4,26.4,13,12
27,57,7,17.4,10.7,13.5,8.7,6.9
27,58,6,16.7,9.7,12.3,9.3,8.7
27,59,12,25.7,13.5,20.5,18.2,11.7
27,60,27,56.6,43.3,50.4,26.1,26.3
27,61,21,44.7,25.2,31.8,17.1,16.4
27,62,16,40.2,22.6,26.7,17.6,14.4
27,63,20,43.3,22.5,30.4,16,15.7
27,64,19,42.1,23.9,29.9,16.1,16.1
27,65,14,26.7,16.2,16.6,9.8,9.6
27,66,14,25.7,13,15.8,9.7,8
27,67,9,25.4,15.5,18.2,9.1,8.6
27,68,12,27.2,15.7,19.1,10.4,10.8
27,69,9,15,9.1,10.7,6.1,6.2
27,70,9,20.8,9,12.4,6.3,6.2
27,71,7,15.3,8.1,11.3,5.4,5.5
27,72,9,17.7,9.6,13.7,6.5,6.2
27,73,10,19.1,11.1,13.4,7,7.2
27,74,8,16.2,9.1,11.7,5.9,6.3
27,75,10,20.9,12.1,14.3,9.1,8.2
27,76,12,24.8,13.9,17.1,9.4,9.3
27,77,4,12.4,7,8.4,4.2,4.8
27,78,8,17.5,9.5,12.3,6.1,6.3
27,79,7,17.6,7.6,10.2,5.1,5.2
27,80,11,21.7,13,16.1,8.3,8.2
27,81,14,29.4,17.3,21.5,11.8,13.1
27,82,16,33.3,18.7,36.4,16.4,13.1
27,83,11,25.5,14.3,17.3,8.8,8.4
27,84,13,28,17.9,36.2,11.7,11.3
27,85,8,15.4,9,12.9,5.7,6
27,86,15,30.8,17.2,24.8,11.5,11.7
27,87,18,32.9,18.7,25.7,13.5,12.8
27,88,18,38.6,21.4,28.1,14.2,15.8
27,89,11,25.7,13.9,18.1,9.8,10
27,90,13,32.2,14.7,21,12.1,11
27,91,17,29.4,18.3,23.3,12.1,11.2
27,92,15,34.6,18.1,22.2,11.1,11.3
27,93,11,27.4,13.9,19.7,12.7,12
28,1,1,11.4,6.9,8,7,7
28,2,4,9.1,4.6,6,3.5,3.2
28,3,9,19,10.1,12.1,6.8,6.6
28,4,19,50.2,24.9,30.4,23.1,20.3
28,5,12,27.9,14.8,18.5,9.8,9.4
28,6,12,24.9,12.6,17,10.1,8.8
28,7,22,51.2,28.6,35.9,18.8,17.3
28,8,13,34.1,18,23.2,13.8,13
28,9,18,39.4,20.4,26.2,12.3,12.4
28,10,17,37.9,18,24,12,11.9
28,11,10,22.5,11,13.4,7.6,7.5
28,12,16,32.2,26.7,34.3,13.1,11.8
28,13,17,38.1,22,26.2,13.6,14.1
28,14,10,27.8,15.3,19.4,10.8,9.7
28,15,38,81,39.7,61.5,36.3,28.7
28,16,13,26,12.7,17.2,9.2,9.5
28,17,9,18.9,10.4,12.4,7.8,7.1
28,18,16,41.5,20.9,25.7,16.4,14.4
28,19,32,63,34.9,44.1,28.3,22.5
28,20,18,37.3,28.9,41,17.1,14.4
28,21,10,22.6,11.7,15.5,9.7,9
28,22,11,27.5,15,19.1,11.4,12
28,23,27,58.8,32.8,40.2,25.2,23.3
28,24,15,32.4,16.3,21.2,11.7,10.7
28,25,26,55,35.8,40.3,28.7,22.3
28,26,10,24.5,12.9,17.1,9,8.5
28,27,29,63.2,36.2,44.5,24.1,22.8
28,28,15,29.3,15.1,20.5,12,12.5
28,29,27,66.2,33.2,46.2,21.4,21.3
28,30,19,47.7,26.2,27,19.2,18.4
28,31,19,46.6,26.3,32.1,19.5,17.2
28,32,25,48.3,27.1,33.8,20.6,19.8
28,33,9,18.5,10,12.9,7.5,7.5
28,34,14,32.7,16.9,22.8,12.9,11.5
28,35,15,35.6,20.5,25.3,19.6,15.8
28,36,17,55.9,31.8,37.5,19.5,16.3
28,37,18,36,21.2,27.1,14.7,13.5
28,38,27,49.1,31.7,41.1,20.3,19.2
28,39,12,20.9,13.8,17.6,9.4,9.4
28,40,10,20.6,13.2,17.5,9.9,8.7
28,41,9,19.9,12.7,16,10.5,8.1
28,42,10,20.4,11.8,14.6,11.3,9.4
28,43,16,25,25.2,29.4,17.3,14.1
28,44,13,19,12.8,17.5,9.4,8.8
28,45,18,40.1,25.1,32.3,19.3,16.2
28,46,20,50.5,29.3,34.3,21.3,19
28,47,18,43.8,28.3,33.6,18.2,20.5
28,48,26,55,33.2,41.9,21.9,19.9
28,49,13,23.2,14.8,18.4,11.2,9.4
28,50,23,46.4,26,32.1,22.6,19.7
28,51,6,14.2,7.3,10,6.3,5.6
28,52,8,18.7,9.5,12.2,6.8,7
28,53,15,38.5,19.3,30.9,15.2,11.5
28,54,12,30.6,17.2,29.4,13.7,15.9
28,55,15,32.3,17.3,22.2,15.2,11.5
28,56,13,28.4,15.9,19.8,12.2,11.1
28,57,25,58.4,28.4,35.6,22.3,21.7
28,58,17,37.8,21.6,26.8,18.6,14.3
28,59,20,44.2,24.4,29.6,16.5,15
28,60,15,37.7,21.7,25.5,13.4,13.3
28,61,17,34.4,17.9,33.7,14.4,13.2
28,62,8,20,12.5,14,8.6,7.9
28,63,18,47.2,25.8,32,20.6,16.2
28,64,13,31.2,16.2,20.7,12.8,10.9
28,65,6,16.8,8.8,11,6.3,5.6
28,66,7,20.9,11.3,13.7,9.3,8.4
28,67,11,24.5,13.4,16.1,10.1,8.1
28,68,14,34.5,16.7,21.9,15.2,11.9
28,69,7,15.5,7.8,10.2,5.9,4.9
28,70,15,28.9,15.7,19.6,15.1,9.4
28,71,19,36.3,20.7,25.9,17.4,13.4
28,72,21,38,23.4,29,18.1,15.3
28,73,13,26.1,15.2,19,14.5,9.9
28,74,8,19.8,11.5,14.1,9.4,8.1
28,75,17,38.1,25.1,32.3,20,16.5
28,76,29,54.5,30.7,38.3,25.7,22.6
28,77,26,52.5,29.2,36,22.3,20
28,78,28,49.8,29.7,37.8,21.9,21.3
28,79,20,36.4,21,26.1,17,16.5
28,80,16,33.9,18.2,22.7,16.5,13.1
28,81,17,46.6,18.7,21.9,15.8,13.9
28,82,26,53.7,34.5,41.8,34.1,23.3
28,83,14,30.1,16.8,21.5,14.8,11.5
28,84,18,35.3,21.4,25.7,18.9,15.3
28,85,19,38.5,23.2,27.5,20.7,15.1
28,86,15,32.6,19.7,23,13.4,11.7
28,87,16,31.5,17.9,23.2,14.5,11.9
28,88,19,35.9,19.5,25,19.9,14.6
29,1,1,10.7,7.8,7.7,7.1,6.2
29,2,10,21.4,14.1,15.5,8.5,7.3
29,3,11,28.1,16.2,20.1,11,9.5
29,4,10,22.1,12.7,16.1,9.6,8.4
29,5,12,24.9,13.9,16.6,10.4,8.8
29,6,10,23.3,12.7,16.2,9.5,8.3
29,7,12,27.8,16.3,28.3,15.3,11.9
29,8,21,44.1,26.6,31.6,18.5,17.1
29,9,7,17.3,9.5,12.2,7.2,7
29,10,31,73,44.8,55.1,26.2,22.8
29,11,6,18.3,9.9,13,7.9,7.4
29,12,18,38.4,22.5,27.4,15.6,15.1
29,13,11,28.7,17,20.4,13.5,11.1
29,14,16,30.6,16.6,20.9,14,12
29,15,6,20.2,12,14.1,10.3,7.5
29,16,13,27.5,14.6,17.9,10.3,9.7
29,17,27,54.8,30.6,35.5,22,20.1
29,18,13,24.6,13.6,16.8,9.5,10.9
29,19,13,23.1,12.4,15.3,8.5,9.3
29,20,19,35.9,19.9,24.2,13.8,13.1
29,21,8,21.4,12.1,13.6,9.2,7
29,22,17,31.4,19,22.1,12.1,12.3
29,23,13,30,18.5,20.4,13.9,13.1
29,24,20,42,25,28,21.5,15.1
29,25,27,54.6,33.2,39.2,24.5,21.4
29,26,12,27.8,14.7,16.4,9.2,9.2
29,27,18,48.9,23.7,27.6,17.3,15.5
29,28,14,17.2,17.2,18.1,10.8,10.3
29,29,23,30.9,27.7,32.8,19.3,17.2
29,30,6,12.4,6.5,8.3,7.2,4.6
29,31,15,27.6,22.2,25.6,13.9,12.9
29,32,16,26.7,20,24.3,13.6,12.9
29,33,23,34.6,28,31.2,20.7,17.7
29,34,12,20.8,14.7,17.3,10.1,9.3
29,35,7,15.6,11,13.1,7.8,8.2
29,36,16,21.4,15.3,18.9,11.4,11.2
29,37,7,14,9.2,11.2,7,6.7
29,38,16,27.7,19.5,25,14.4,17
29,39,13,25.2,17.6,21,13.2,12.5
29,40,28,49.6,39.2,41.4,27.9,25.1
29,41,19,39.9,24.2,28.2,17.8,15.4
29,42,12,21.9,12.5,15.3,8.6,8
29,43,8,17.9,11.3,13.8,8,7.5
29,44,10,21.7,12.2,15.4,8.9,8.2
29,45,21,43,24.5,29.5,22.3,16.5
29,46,25,58.1,30.4,43.2,22.5,22
29,47,19,47,27.5,32.4,18.7,16.4
29,48,13,23.8,15.1,20.3,10.8,9.4
29,49,14,29,16.4,19.8,11.8,10.7
29,50,16,33.8,20.7,23.6,15,12.6
29,51,15,34.1,19.7,22.3,15.4,14.2
29,52,19,38.5,22,25.6,16.7,15.3
29,53,12,35.5,21,24.2,15.3,12.7
29,54,6,17.3,10.3,12.4,8.9,7.1
29,55,13,23,13.8,16.6,10.3,10.2
29,56,8,19.1,11.8,15.3,8.5,7.8
29,57,7,15.6,10.3,12.7,9,8.4
29,58,17,34.9,21,33.9,15.5,17.9
29,59,5,11.9,6.7,7.7,4.9,4.7
29,60,12,27.4,16.1,18.9,12.5,12
29,61,13,30.8,17.4,20.3,11.4,11.8
29,62,14,25.9,15.2,17.3,11,10.2
29,63,22,42.8,26.1,30.4,18.3,16.8
29,64,15,34.2,18.2,21.1,12.2,12.3
29,65,16,25,14.2,17.1,10.6,10.4
29,66,6,19.6,10.6,11.2,6,6
29,67,15,33.7,18.6,22.7,12.9,13.2
29,68,17,30.5,17.7,21.8,13,12.3
29,69,9,22.5,12.2,15,10.3,10.3
30,1,1,11,7.3,8.4,7,5.7
30,2,2,5.5,2.9,3.2,1.8,1.3
30,3,8,15.3,9.1,10.6,5.1,5.1
30,4,12,26.3,14.1,16.3,9,9
30,5,8,21.7,10.7,14.3,7.2,7.7
30,6,11,24.2,11.2,14.5,7.5,7.9
30,7,10,19.7,10.2,12.2,7.5,7.4
30,8,22,51.1,30,36.3,19.2,18.6
30,9,32,68.9,47.5,60.1,28.1,25.8
30,10,13,30.3,19.4,20.9,12.6,11.7
30,11,8,15.8,9.3,12,6.9,6.5
30,12,5,10.8,5.9,7.3,4.6,4.2
30,13,9,21.2,14.2,15.5,12.4,11.5
30,14,5,12.8,7.1,9.1,5.5,4.8
30,15,9,18.1,10.3,12.4,6.9,7.1
30,16,11,26.6,15.2,17.9,11.6,10.6
30,17,6,12.5,6.8,8.5,5.9,4.8
30,18,8,16.8,9.3,11.2,7.3,6
30,19,14,26.7,13.9,17.9,10.2,9.7
30,20,11,28.9,16.9,19.8,9.7,8.9
30,21,20,42.8,26.2,30.6,17.9,15.6
30,22,13,33.7,16.9,21.6,12.2,11
30,23,14,35.5,19.5,23.8,13.6,13.8
30,24,21,43.1,26.2,31,18.2,16.5
30,25,16,36.4,20.5,24.7,15.2,14.1
30,26,8,17,9,10.9,6.2,5.6
30,27,18,35.9,18.4,21.7,13.4,12.3
30,28,27,65.6,42,47.4,24.9,26.9
30,29,16,30,18.9,22.4,11.9,12.1
30,30,22,46.3,23.7,29.6,18.4,16
30,31,9,18,10.2,12.4,7.8,6.7
30,32,11,21.1,12.2,14.4,10.8,7.9
30,33,18,52.2,22,25.6,15.2,13.1
30,34,6,17.7,10.5,12,6.5,5.9
30,35,10,20.2,11.4,14.2,8.3,7.4
30,36,15,31.1,18.8,22.3,12,11.2
30,37,15,30,17.7,21.3,12.5,13.6
30,38,16,35.5,18.8,22.1,14.1,13
30,39,22,47.5,29.1,31.7,18.4,16.6
30,40,22,52.5,30.2,34.9,19.8,18.5
30,41,15,27.1,16.2,18,14.4,14.4
30,42,14,28.2,14.9,17.3,11.8,9.2
30,43,16,23,16.9,19.4,11.7,11.2
30,44,9,15.4,10.9,14.3,8,7.5
30,45,11,17.5,13.7,16.1,8.9,8.4
30,46,17,35.3,28.3,33,16,14.2
30,47,18,31.6,23.4,28.4,22.8,20.4
30,48,28,52.8,41,39.6,22.5,21.7
30,49,10,16.3,11.8,11.3,7.6,7.2
30,50,19,31.9,21.3,20.7,13.3,12.6
30,51,9,17.1,11.2,11.7,7.8,7.6
30,52,11,18,12.8,13,8.8,8.2
30,53,14,26.4,16.9,17,10.9,10.4
30,54,24,53.9,28.7,28.9,19,17.4
30,55,12,22.2,12.4,11.4,9.9,8.4
30,56,20,34.3,20.3,19.3,15.7,13.4
30,57,9,17.1,10.5,9.8,7.6,6.8
30,58,19,39,23.5,21.1,15,14.1
30,59,8,12.9,8.2,7.8,6.9,5.1
30,60,10,20.1,11.8,11,12,9
31,1,1,9.8,7.6,7.2,8.5,6.4
31,2,4,8.1,4.6,4.1,4.6,3.3
31,3,3,7.6,4.7,4.9,3.9,3.2
31,4,9,18.2,11.1,10.3,8.8,7.5
31,5,8,20.9,11,11,9.2,7.4
31,6,18,33.2,22.3,20.6,19.3,13.8
31,7,16,33,19.6,17.5,18.5,12.6
31,8,8,17,10.7,9.6,9,6.3
31,9,8,21.3,9.3,8.3,6.9,6
31,10,27,52.7,34.4,33.2,30.1,22.6
31,11,14,26.7,11.5,13.3,11,10
31,12,18,36.8,20.6,19.3,15.6,13.9
31,13,14,25.9,14.6,13.1,10.7,11.1
31,14,17,43.6,24,21.7,16.6,14.1
31,15,29,54.9,32.5,32.3,23.2,20.6
31,16,24,48.8,23.6,24.8,20.3,15.7
31,17,17,34.3,17,17.6,13.7,11.4
31,18,16,28.9,15.6,15.3,12.1,10.5
31,19,11,23.4,11.9,12.4,11.5,8.4
31,20,30,50,29.1,28.5,25.2,18.6
31,21,21,40.3,22.7,21.8,19.9,17.5
31,22,15,29.2,16.9,16.8,12.7,11.9
31,23,15,32.8,18.2,18.4,16.2,12.5
31,24,7,16.8,9.5,9.5,7.2,6.3
31,25,15,35.2,17.3,16.5,14.3,12.3
31,26,10,21.4,10.2,9.8,8,7.1
31,27,21,41,22.2,21.5,22.1,15.2
31,28,11,24.4,12.3,13.1,9.8,9.3
31,29,25,53.2,30.9,38.5,20.5,18.4
31,30,16,29.2,15.9,16.4,12,11.3
31,31,19,36.2,19.4,19.9,15.2,16.5
31,32,22,48,25.7,25.6,20.6,18.2
31,33,30,60.9,41.1,33.3,29.8,23.5
31,34,27,55.4,29,28.2,28.4,23.4
32,1,1,11,7.8,7.9,5.9,5.8
32,2,8,14.6,7.7,7.1,5.1,5.3
32,3,18,37.4,18.6,20,12.5,12.3
32,4,24,48.6,25.9,26.6,17.3,16.6
32,5,17,33.9,18.6,18.5,12.4,11.8
32,6,6,13.7,7.3,6.4,4.8,5.1
32,7,10,20.2,11.4,11.8,7.3,7.2
32,8,8,18.3,10.2,10.8,6.9,6.4
32,9,14,29.4,14.6,15.3,11.6,10.4
32,10,14,35.4,16.7,17.2,13.8,12.1
32,11,11,20.6,11.3,11.8,11.5,7.8
32,12,16,36,19.7,18.9,13.8,12.6
32,13,16,34.2,18.8,18.8,19.1,12.4
32,14,14,32.4,19.2,18.2,13.2,12
32,15,15,30.6,16.7,16.6,17.9,15.6
32,16,11,25.5,15.3,14.9,12.3,9.6
32,17,13,28,16.3,17.1,11.7,10.7
32,18,8,19.2,11.9,11.1,8.6,6.3
32,19,12,27.3,13.9,13.5,11,8.9
32,20,21,58.1,27.4,27,19.6,15.9
32,21,9,21.1,12,12.8,9.7,7.8
32,22,13,29.8,15.7,16.6,14.2,9.8
32,23,14,31,18.3,17.5,13.8,11.3
32,24,10,28,14,14.2,10.1,9.2
32,25,11,20,10.7,10.4,8.6,9
32,26,18,33.5,18.8,19.1,15,12
32,27,17,32,18.6,18.6,15,12.8
32,28,7,14.1,8.2,8.2,6.7,5.7
32,29,11,19.4,11.5,12.1,8,7.3
32,30,5,14.2,8.1,8.4,8.7,6.6
33,1,13,18.4,16.6,15.8,12,10.1
33,2,12,15.6,12.6,12.3,8.6,7.3
33,3,6,12.1,7,7,6.3,4.4
33,4,28,46.5,36.2,35.9,29.4,23.6
33,5,28,46.5,36.9,36.7,28.7,23.8
33,6,29,49.3,45,38.4,36,35.4
33,7,17,24.2,20.6,20.3,16.2,13.2
33,8,8,11.5,10.3,10.8,8.3,7.2
33,9,21,29.3,25.7,24.8,23.2,16.7
33,10,16,28.1,20.2,19.1,17.9,13.4
33,11,6,9,7.8,8.2,9,7.4
33,12,13,18.2,15.2,14.9,11.5,9.4
33,13,25,37.8,30,29.2,24.3,18.7
33,14,14,19.6,15.3,15.3,13.1,9.8
33,15,13,16.2,13.3,13.2,12.2,9.1
33,16,15,17.6,14.9,14.5,13.3,10.1
33,17,24,28.5,21.3,21.7,21.7,15.6
33,18,14,20.3,18.4,17.7,14.4,11.4
33,19,35,50.2,40,39,33.6,27.2
33,20,23,39.5,27.1,26.7,20.6,18.9
33,21,17,20,15.2,14.9,21.8,10.6
33,22,18,30.3,21.8,20.8,18,13.8
33,23,18,30.5,20.7,21.7,17,13.8
33,24,16,28,19.3,18.5,17.3,13.2
33,25,16,27.4,17.6,17,15.1,13.2
33,26,16,28,18.8,23.2,16.5,15.4
33,27,13,23.8,16,15,15.6,10.2
33,28,15,32.5,33.4,23.1,21.5,15.5
33,29,14,24.9,18.5,18.4,19.6,11.8
33,30,16,34.4,21.4,21.4,18.5,13.8
33,31,14,25.8,19.2,19.5,24.6,16.4
33,32,19,45.1,26.2,25.7,25.2,20
33,33,25,44.9,30.5,29.9,28,23.5
33,34,14,24,14.3,14.9,16,12.1
33,35,30,83.3,55.6,57.3,56.3,42.4
33,36,24,39.3,24.9,24.3,30,18.3
33,37,48,93.3,61.1,54.1,48,39.4
33,38,22,34.7,20.1,21.6,16,13.4
33,39,13,26.5,15.4,14.9,14.8,11.3
33,40,17,37.2,19.2,19.4,19.7,12.6
33,41,7,14.2,9.4,9.3,6.5,5.3
33,42,3,9.9,5.2,5.4,4,3.8
33,43,13,28.3,17,16.6,14.8,12
33,44,8,17.7,9.9,10.3,9.8,7.7
33,45,7,22,13,13.4,9.7,7.7
33,46,6,11.6,7.8,7.2,6.3,5.3
33,47,8,14.3,9.3,9.1,7.5,6.3
33,48,12,24.1,13.3,12.6,14.7,10.1
33,49,22,50.8,42.3,33,29.3,21
33,50,61,126,79,79.1,63.8,50.2
33,51,35,75.6,43.8,43.2,39.5,28.2
33,52,25,40.7,26.2,26,22.8,18.4
33,53,69,144.4,90.1,88.8,74.4,53.8
33,54,11,17.1,11,10.8,11.1,7.5
33,55,30,82,58.2,56.9,41.6,29.9
33,56,13,30.5,18.7,18.8,16.5,13.1
33,57,14,25.1,15.9,14.7,12.8,11.3
33,58,12,25.2,14.7,14.1,11.9,11.3
33,59,21,47.7,31.8,28.6,29.9,18.7
33,60,19,39.5,22.3,24.7,18.8,15.1
33,61,6,14,9.3,8.2,7.3,6.5
33,62,12,19.3,13.4,12.4,10.6,8.6
33,63,15,26.9,17.5,16.5,13.8,12.4
33,64,7,12.6,7.8,7.5,6.9,5
33,65,8,17.1,10.4,9.7,8.7,6
33,66,11,21.8,13.2,12.8,15.8,8.7
33,67,8,21.5,14.8,13.9,11.7,8.7
33,68,8,16.5,10.8,10.1,10.5,6.5
33,69,16,30.4,20.4,19,16.2,12.9
33,70,8,20.6,10.5,9.8,8.6,6
33,71,14,26,15.7,15.1,13.5,10.8
33,72,18,39.6,23.2,22.1,19.4,16.2
33,73,15,37.9,20.5,18.9,23.7,15.7
34,1,17,17.5,14.7,13.8,10.8,10.1
34,2,18,21.2,16.7,15.8,13,10.8
34,3,32,39.8,33.4,31.3,24.6,20.3
34,4,10,21.8,15.3,15.4,11.4,9.4
34,5,11,17.1,13.4,12.9,10.6,8.7
34,6,16,19.2,16.4,15.8,10.6,9.8
34,7,16,21.3,18.1,17,16.9,11.3
34,8,16,20.8,16.7,15.8,12.1,12.3
34,9,29,36.7,30.3,29.3,23.1,19.7
34,10,12,22.1,16,16.1,12.7,9.6
34,11,12,18.8,13.9,12.9,10.3,8.4
34,12,27,35.1,28.2,26.4,23,18.4
34,13,19,33.2,25.7,24.5,21.8,16.3
34,14,27,36.1,30.5,28,31,18.9
34,15,20,30.9,24,23.5,20.2,15.2
34,16,16,25.6,29.5,20.9,18.7,16.4
34,17,8,14.5,10.9,10.3,8,7.6
34,18,17,26.3,20.9,18.9,16,14.1
34,19,19,31,26,22.7,20.6,17.5
34,20,10,16.9,12.5,12.1,9,8.3
34,21,21,28,20.5,19.4,22.4,17.8
34,22,26,30.6,25.1,22.9,20.2,17
34,23,22,33.5,26.2,23.4,18,17.2
34,24,17,26.8,18.9,18.2,13.2,11.8
34,25,9,15.6,10.7,10.4,8.3,6.6
34,26,11,15.4,11.3,10.7,10,7.9
34,27,12,21.8,15.3,14.3,12.1,9.8
34,28,12,24.9,18.3,17.6,17.6,12.3
34,29,7,13,8.7,8.4,7.4,5.7
34,30,10,18.4,11.1,11,10.4,7.9
34,31,32,62.2,41.8,39.3,28.2,28.2
34,32,15,27.6,19.7,18.8,14.4,15.5
34,33,34,57.8,41,44.3,36.3,31.3
34,34,14,26.9,18.9,18.4,12.2,11
34,35,8,16.7,10.5,9.9,7.6,6.8
34,36,13,22,14.9,14.4,13.3,10.2
34,37,23,51.3,33.1,33.6,21.6,27.9
34,38,9,17.9,12.8,11.8,9.9,10
34,39,20,32.8,24.1,24.2,27.4,16.4
34,40,10,26,17.3,16.2,13.1,10.4
34,41,13,25.4,17.8,18.2,13.9,11.2
34,42,18,29.5,21,19.8,17.4,14.4
34,43,34,67.8,53.9,51.7,36.5,31
34,44,11,25.2,17.6,16.6,11.4,8.6
34,45,14,26.3,16.5,15.4,15.4,10.1
34,46,24,46.2,31.4,31.2,23.5,18.3
34,47,17,26.3,15.4,15.9,13.9,10.7
34,48,7,14.8,7.6,7.5,7.4,5.3
34,49,8,16.9,7.8,8.3,7.9,5.8
34,50,16,33.2,20.4,21.5,17.6,11.8
34,51,10,17,10.6,10.1,8.8,6.2
34,52,9,18.8,12.5,12.4,11.2,7.5
34,53,10,17.8,11.3,11.7,11.2,7.5
34,54,15,27.1,16.9,16,17.6,13.1
35,1,24,46,29.6,28.3,21.3,19.1
35,2,19,31,18.8,19.1,13.3,12.1
35,3,21,43.6,27,26.5,17.5,15.6
35,4,11,20.3,12.5,12.7,9.9,8.4
35,5,14,33.2,20.9,20.5,13.4,12.7
35,6,13,27.3,17.3,16.1,11.8,11
35,7,13,29.9,17.5,17.2,11.1,11.8
35,8,25,49.2,32.4,30.3,22.4,21.3
35,9,17,33.2,21.7,26,13.9,16.1
35,10,24,50.6,29.4,28.2,22.3,22.4
35,11,34,60.5,40.9,39.7,28.8,25.6
35,12,28,65.1,40.7,37.5,27.7,30
35,13,28,49.1,32.3,31.5,22.2,20
35,14,18,34.5,21.7,19.7,15.5,14.5
35,15,10,26.6,15.1,14.6,9.8,9.3
35,16,6,11.8,7.6,8.1,5.7,4.7
35,17,5,9.6,4.6,4.5,4,3.9
35,18,34,63.9,39.6,38.5,27.3,25.2
35,19,4,9,5.1,4.5,3.2,2.8
35,20,4,10.1,4.1,4.5,2.7,2.5
35,21,4,7.3,3.7,3.7,2.7,2.4
35,22,16,34,21.5,21.2,14.4,13.3
35,23,4,7.2,4,4.4,3.1,2.9
35,24,12,26.9,16.8,16.2,10.7,9.7
35,25,13,26.4,17.9,24.4,13.7,12.6
35,26,7,14.4,8.3,9.1,8.5,5.5
35,27,22,47.8,30.7,31.7,21.8,18.4
35,28,17,41.1,25.7,23.1,20.6,17.2
35,29,16,22,31.5,27.1,15.7,19.3
35,30,8,18.8,12.4,12.7,8,8.3
35,31,16,27.4,20.1,19.6,12.6,13.9
35,32,21,32.1,27,25.9,19.9,17.5
35,33,13,20.2,17.6,17.3,12.5,10.9
35,34,11,17.8,14.5,14.2,9.8,8.6
35,35,14,20,16.5,19.5,11.5,10.2
35,36,18,25.2,20.2,18,16.1,13.7
35,37,25,41.6,33.7,31.5,26.3,20.8
35,38,10,17.7,13.4,13.5,8.6,8.2
35,39,24,33.1,28.2,27.5,22.1,18.2
35,40,33,46.3,43.1,39.1,26.3,25.9
35,41,19,30.8,25.6,24.3,15.4,15
35,42,19,31.8,25.1,23.4,17.5,15
35,43,26,41.8,32.5,32.2,22.2,19.5
35,44,30,41.3,33.1,31.4,22.2,20.2
35,45,25,38.6,34.8,31.8,26.4,22
36,1,1,5.2,3.6,4.1,3.4,2.3
36,2,2,5.2,3.4,3.3,3.5,2
36,3,3,5.5,4.2,4.2,3.1,2.6
36,4,3,6.7,4.3,4.1,4.1,2.9
36,5,3,7.9,4.5,4.3,4.3,3.4
36,6,7,15.2,10.8,10.1,10.3,6.6
36,7,8,11.3,8.5,8.5,6.5,5.5
36,8,10,17.4,13.2,11.6,10.7,8.8
36,9,12,19.7,14.1,13.3,12.5,9.6
36,10,8,16.9,11.5,10.8,10.1,7.5
36,11,12,23.3,16,15.8,13.3,10
36,12,14,25.8,17.1,16.7,13.6,11.6
36,13,8,13.7,9.8,10.2,10,6.3
36,14,11,24.4,18.6,16.7,13.4,10.2
36,15,15,25.5,18.6,16.5,14.8,11.1
36,16,6,12.3,9.1,7.9,7.1,5.3
36,17,5,12.5,6.4,5.9,4.9,4.1
36,18,12,26.6,18.5,18.1,15.7,11.3
36,19,9,22.3,14.2,15.1,12.3,9
36,20,10,18.7,11.8,10.4,10.2,8.3
36,21,7,12.8,8.9,8.4,6.3,5.7
36,22,8,13.3,9.1,8,7.4,5.5
36,23,15,24.8,18.7,16.7,14.2,11.9
36,24,5,11.9,7.9,7.1,5.7,4.5
36,25,4,10.3,8.1,7.5,5.5,5
36,26,7,13.4,8.4,8.2,6.3,5.7
36,27,7,11.6,7.1,5.9,5.7,7
36,28,13,24.4,18,15.9,19.4,11.7
36,29,8,14.2,11.3,10.1,7.6,7.4
36,30,11,25.5,13.2,11.7,12.5,10.4
36,31,11,16.1,12.2,10.6,9.4,8.4
36,32,6,12.4,8.1,7.9,6.6,5.5
36,33,10,18.3,13.2,11.2,12.8,9.5
36,34,10,19.2,14.1,12.7,11.3,9.3
36,35,8,18.1,11,9.4,8.6,7.2
36,36,13,22.3,15,14.4,14.9,10.6
36,37,9,15,10.5,9.3,8.9,7.1
36,38,8,16.9,10,8.9,10.1,7.3
36,39,7,15,8.6,8.2,7.9,6.4
36,40,15,27.5,17.5,16.4,17.3,10.8
36,41,8,14.5,9.3,8.4,7.8,6.3
36,42,6,12.4,7,7,5.4,5.4
36,43,9,14.1,8.9,8.7,7.2,6.1
36,44,6,13.2,7.2,7.3,5.4,4.9
36,45,11,16.5,11.2,10.5,8.8,8.5
36,46,11,18,12.1,11,9.3,8.2
36,47,24,53.9,34.4,36.6,24.1,18.1
36,48,7,13.1,9.9,8.2,6.5,6.1
36,49,8,17.7,11.5,10.9,8.1,7.2
36,50,7,16.4,11,9.5,7,6.1
36,51,10,16.5,10.5,9.4,8.5,7.1
36,52,12,23.5,15.1,14,11.3,9.9
36,53,10,18.9,12.6,11.1,9.2,8
36,54,11,18.9,13.1,11.3,8.8,9.7
36,55,7,14,9.7,9.2,6.3,5.7
36,56,7,13.9,9.8,8.3,6.9,6.1
36,57,6,11.8,7.7,7.7,5.6,5.2
36,58,5,9.9,6,6,4.6,4.3
36,59,4,8.8,5.7,4.7,5,3.4
36,60,13,24.9,16.6,14.2,11.3,9.7
36,61,5,14,7.5,7.2,5.3,4.5
36,62,8,16.9,11.2,11,7.9,6.4
36,63,5,11.8,7.3,7.7,6.5,4.8
36,64,5,10.4,6.2,6.1,6.1,4.2
36,65,11,23.6,17.2,13.9,13.5,10.2
36,66,9,21.2,14.1,12.2,9.8,8.6
36,67,10,19.5,14,12.1,10.6,20.3
36,68,7,15.4,10.2,9.2,8,5.6
36,69,12,20.7,14.3,12.6,10.3,8.1
36,70,8,14,9.7,9,10,6.9
36,71,12,21.8,15.8,14,10.4,9.1
36,72,6,14.2,9,7.5,6.6,5.6
36,73,6,13.6,8.2,7.9,6,5.7
36,74,7,15.4,9.5,8.4,6.5,6.1
36,75,7,14.1,9.6,8.4,6.3,5.6
36,76,9,19.6,11.3,10.7,8.7,7.4
36,77,11,20.3,13.5,12.5,9.4,8
36,78,11,18,11.3,10.2,7.7,7.1
36,79,10,21.9,14.1,12.5,9.6,7.6
36,80,11,21.1,14.8,12.9,10.3,7.8
36,81,14,28.4,18.5,15.3,12.9,10.6
36,82,10,20.4,14.8,13.5,8.9,7.9
36,83,8,15.7,10.5,9.1,10.2,7.9
37,1,2,8.2,5.7,6,6.9,4.4
37,2,2,6.1,3.5,3.5,2.2,2.4
37,3,2,6.5,3.7,3.5,2.4,2.2
37,4,3,7.5,4.4,4.6,3.1,2.7
37,5,7,14.4,8.7,7.8,6,5.5
37,6,6,14.4,9.9,9.4,7.8,6
37,7,5,10.3,6.8,7.3,4.5,4
37,8,9,16.4,10.3,10.2,7.2,6.6
37,9,4,10.2,6,6.2,4.1,3.8
37,10,7,15.1,8.4,7.6,6.3,5.6
37,11,12,23.5,15.8,15.3,9.6,9.8
37,12,3,6.6,3.8,3.8,3.2,2.4
37,13,4,8.6,4.7,4.2,3.5,3
37,14,4,9.9,5.9,5.8,4.3,4
37,15,6,14.5,8.7,7.8,4.9,4.3
37,16,7,17.1,11.2,10.9,7.4,6.2
37,17,2,9.3,5.9,5,4.3,4
37,18,4,9.3,5,5,4.7,3.1
37,19,7,15.4,10.3,9.8,6.6,6.4
37,20,5,14.1,6.6,5.1,4.5,4.1
37,21,7,14.8,9.2,8.4,5.8,5.2
37,22,7,14.6,9.4,7.5,6.2,5.2
37,23,7,12.9,8.2,7.4,5.6,4.9
37,24,3,10.9,6.7,6.2,4.6,3.9
37,25,4,7.5,4.2,3.6,3,2.7
37,26,4,8.1,4.3,4.4,4.9,3.6
37,27,5,13.2,8.6,7.7,6.4,5.9
37,28,6,14.9,9.6,8.6,5.7,5
37,29,5,9.5,5.4,4.8,3.9,3.2
37,30,10,23.3,12.7,12.3,8.2,7.5
37,31,6,15.9,9.4,9,6.7,6.6
37,32,4,12.9,6.5,6.5,4.7,4.5
37,33,5,11.3,7.7,7,5.8,4.9
37,34,4,9.6,6.3,5.7,4.3,3.8
37,35,10,20,12.3,11,8.2,6.6
37,36,6,17.6,11.9,10.1,7.3,6.2
37,37,5,11.6,7.3,6.1,5.5,4.9
37,38,4,11.1,6.7,6.9,5,4.5
37,39,6,12.7,6.9,6.3,4.5,4.4
37,40,4,10.5,5.2,4.8,3.5,3.3
37,41,4,10.8,6.1,6,4.5,4.8
37,42,3,7.7,4.6,4.6,3,3
37,43,3,9.2,4.4,4.9,2.8,2.5
37,44,3,8.6,4.7,4.6,3.7,3
37,45,5,13,7.1,6.7,4.2,4.6
37,46,3,10.2,6.7,5.1,5.9,5.1
37,47,7,14.2,7.6,7.1,4.8,4.9
37,48,4,10.8,6.2,5.4,3.9,3.7
37,49,3,9.8,5.9,5.9,3.6,5.4
37,50,5,12.5,8.6,7.5,6,5.5
37,51,7,10.6,8.7,7.6,6.5,5
37,52,4,7,6,6.3,4.1,3.9
37,53,7,12.5,11.4,9.8,7.3,6.4
37,54,4,7.9,5.9,5.4,4,3.2
37,55,5,9.2,6.8,5.9,5.2,5
37,56,5,8,5.9,5.5,5,3.4
37,57,6,8.8,7.7,6.6,5,4.4
37,58,3,6,4.3,3.7,2.2,2.6
37,59,6,9.4,7.5,6.2,4.7,4.8
37,60,5,9,7.1,5.6,4.3,3.6
37,61,4,7.7,5.7,5.1,5.1,4.1
37,62,6,9.3,7.4,7.2,5.7,5
37,63,4,10.1,6.9,5.8,4.8,4.3
37,64,6,10.2,8.6,7.6,5.4,4.9
37,65,4,9.6,6.8,5.7,4.5,4.5
37,66,6,11.4,9,7.4,6.6,5.4
37,67,7,9.3,8.3,7.5,5.3,4.4
37,68,5,8.8,6.9,6.5,4.7,3.9
37,69,4,12.3,9.5,9.5,7.8,6.3
37,70,4,11.8,6.3,6.1,3.4,3.6
37,71,5,8.3,6.4,5.2,4.4,3.8
37,72,4,8.5,6.5,6.9,4.8,3.3
37,73,5,9.6,6.9,6.8,5.7,4.8
37,74,4,7.7,5.2,4.7,7.4,4.2
37,75,5,10.7,7.3,7.1,5.3,4.7
37,76,5,8.8,6.6,6.4,4.7,4.2
37,77,4,8.6,6.3,6.3,4.1,3.9
37,78,4,7.9,5,4.8,3.1,2.9
37,79,5,8.4,5.9,5.9,3.8,3.6
37,80,4,10.1,5.6,5.9,3.3,3.5
37,81,4,10.4,5.8,6,3.4,3.5
37,82,3,6.8,4.7,5.1,2.9,3.2
37,83,4,10,6.4,6.1,3.9,4
37,84,5,10,7.3,6.3,4.4,4.5
37,85,6,10.5,7,6.1,4.7,4.2
37,86,5,12.2,7.1,6.8,4.5,4.7
37,87,4,9.7,6.5,6.8,3.6,3.9
37,88,4,8.4,5.3,5.5,2.9,2.8
37,89,3,7.5,4,4.1,2.1,2.5
37,90,3,8.6,4.1,4.3,2.7,2.6
37,91,6,13,8,8.3,4.8,5.1
37,92,4,7.6,4.7,4.7,2.6,3.1
37,93,4,9.8,5.7,5.4,3.5,3.5
37,94,3,9.4,5.4,4.9,2.9,2.8
37,95,4,8.3,5.2,5,3.4,3.4
37,96,4,9.7,5.5,4.9,3.6,3.8
37,97,7,14.4,8,7.2,5.1,5
37,98,5,12,8.1,7.4,5.1,6.3
37,99,6,12.2,7.9,6.6,4.5,4.6
37,100,5,9.8,4.9,4,2.8,2.9
37,101,3,10.4,5.4,4.5,3.2,3.2
37,102,26,51.2,34.8,28.9,19.5,19
37,103,4,11.9,7.6,6.8,4.8,4.1
37,104,3,10.9,6.5,6.4,4.5,3.1
37,105,7,14.7,9.4,9.1,6.3,5.9
37,106,5,11.9,7,7.5,5.3,4.8
37,107,3,7.4,4.6,4.8,3.1,2.9
37,108,4,8.4,5.1,4.7,3.7,3.1
37,109,3,8.8,5.3,5.2,3.1,2.7
37,110,3,10.6,4.2,4.2,3,2.8
37,111,4,9.8,5.7,5.3,3.6,3.5
37,112,5,12.8,8,7.1,5,4.9
37,113,10,26.9,16.6,13.7,12.2,9
37,114,5,11.2,7.2,6.7,4.5,4.4
37,115,5,12.3,7.3,6.7,4.9,4.6
37,116,4,10.9,6,5.5,3.9,3.7
37,117,3,10.2,5.7,5.4,3.7,3.3
37,118,3,9.7,5.6,5,3.7,3.4
37,119,4,11.1,5.6,5.1,3.6,3.4
37,120,4,9.6,5.1,4.8,3.9,3.3
37,121,4,10,5.8,5.2,3.4,3.4
37,122,4,11.9,6,5.3,3.9,5
37,123,4,9.2,5.7,5.3,4,3.3
37,124,5,11.1,6.6,6.3,3.6,3.4
37,125,5,15.9,8,6.8,4.9,4.7
37,126,5,15.1,9,7.7,5.8,5.8
37,127,3,10.3,6,6,3.6,3.4
37,128,4,10.9,5.4,5.2,3.3,3.4
37,129,4,8.6,5.8,4.5,3.2,2.8
37,130,3,12.3,5.6,5.4,2.9,2.6
37,131,4,9.1,5.7,5.8,3.6,3.4
37,132,4,12.2,5.8,5.7,4.3,3.4
37,133,4,9.2,5.5,5.6,3.6,3.9
37,134,4,10.9,6.4,6,3.8,3.8
37,135,4,9.4,5.3,5,3.4,3.2
37,136,3,8.7,5.7,5.4,3.1,3.3
37,137,4,12.3,7.3,6.9,4.5,5.2
37,138,3,12.6,5.1,5.3,4.5,3.7
37,139,4,9.9,5.4,4.9,3.3,3.3
37,140,5,11.3,4.9,4.5,3.8,3
37,141,4,8.7,5.1,4.3,3.6,3.4
37,142,4,10.1,5,4.2,3.9,3.2
37,143,5,12.7,7.8,7.8,4.8,4.1
37,144,6,11.6,7.1,6.7,4.8,4.3
37,145,4,11.9,6.5,6.2,5.9,4.9
37,146,5,13.1,8.1,7.6,5,4.7
37,147,6,12.5,7.2,6.6,5.1,4.3
37,148,4,10.7,5.9,5.6,3.9,3.8
37,149,5,13.2,7.6,6.3,5,4.7
37,150,6,17.1,8.9,8.4,6.5,5.9
37,151,5,18.2,8.4,8,4.2,4
37,152,4,11.5,6.4,7.9,4.4,4.7
37,153,4,8.7,4.6,4.1,3.1,3
37,154,4,7.6,4.2,3.9,2.6,2.5
37,155,2,6.5,3.2,3.4,2.4,2.1
37,156,4,9,4.9,4.9,3.6,3.4
37,157,5,12.2,7.8,7,5.1,6.5
37,158,10,25,15,12.6,10.6,9
37,159,4,10.1,5.5,4.9,3.9,3.5
37,160,4,12.7,5.3,5.5,4.2,3.4
37,161,3,8.9,4.9,4.7,2.8,3
37,162,4,10.1,6.5,6.2,3.1,3.2
37,163,5,9,4.7,4.5,3.2,3
37,164,6,14.4,8.6,8.3,5.4,4.7
37,165,3,11.5,7.3,6.9,5.6,4.9
37,166,3,10.5,5.5,4.9,3.5,3.2
37,167,3,8.2,4.5,4.3,2.9,2.9
37,168,6,12.7,7.9,7.1,4.9,4.3
37,169,4,11.6,6,5.7,3.9,3.6
37,170,4,13.3,5,5.8,3.8,3.5
37,171,5,13,7.5,5.9,6.6,4.6
37,172,3,9.4,5.7,5.5,4.3,3.3
37,173,4,10,6.4,5.7,6.2,4
37,174,4,9.2,4.7,4,3.3,2.9
37,175,3,9.3,4.7,4,3.7,3.4
37,176,2,9.5,4.8,4.4,3.8,3.2
37,177,6,15.2,9.4,7.9,7.3,6.3
37,178,4,8.9,4.7,4.2,3.8,2.9
37,179,3,8.4,4.4,3.4,4.1,3.2
37,180,6,13.1,7.7,6.4,6.6,4.3
37,181,3,7.7,4.1,3.8,3.4,3
37,182,4,9.2,5.7,4.3,6.5,4.6
38,1,4,12.1,7.2,7.7,6.6,5
38,2,6,13.4,7,6.3,5.8,4.7
38,3,10,17.8,12.1,11.1,8.5,6.9
38,4,10,28.3,17.9,17.1,11.2,9
38,5,8,19.3,11.3,10.8,7.9,6.8
38,6,12,25.8,16,14.9,11.3,8.7
38,7,10,18.5,11.5,9.8,8,6.7
38,8,15,28.8,18,17.3,12.7,9.3
38,9,7,16,10,8.1,8.8,6.3
38,10,10,23.5,12.9,10.9,9.5,7.4
38,11,6,14.9,8.4,7.3,7.8,5.4
38,12,8,15.7,10.1,9,7.4,6.3
38,13,7,19.7,11.5,10.1,7.8,7.4
38,14,7,15.2,8.1,7.4,5.2,5.2
38,15,10,20.9,14.3,13.7,8.9,13.5
38,16,8,15.1,9.3,7.6,6.5,5.7
38,17,11,20.8,13.9,11,7.8,8.2
38,18,7,16.5,10.8,9.3,6.5,6.5
38,19,5,14.4,7.6,7.5,4.8,4.4
38,20,6,17.9,9.1,7.8,6.7,6.1
38,21,7,12.2,7.8,6.2,5.6,4.8
38,22,23,41.3,27.3,29,16.8,19
38,23,15,30.8,25.7,18.2,13.3,11.7
38,24,32,62.7,42,37.9,30.7,29.7
38,25,9,20.5,12,10.4,7.5,9.7
38,26,30,63.7,38.3,36.8,32.6,27.5
38,27,16,36.9,21.5,19.5,14.6,13.4
38,28,13,25.8,15.6,12.6,11.1,10.8
38,29,9,23.9,15.8,13.4,10.1,13.3
38,30,7,25,12.4,12.2,6.9,6.7
38,31,6,12.2,7.2,7.7,5.5,5
38,32,11,21.8,13.3,13.3,8.7,8.3
38,33,6,18,9.4,9,6.8,6
38,34,9,20.9,13.2,13.3,9.3,8.2
38,35,15,27.3,17.1,17.9,11.4,10.6
38,36,8,16.7,10.7,10.6,8.4,7.3
38,37,4,13.8,8.3,8.8,6.1,5.3
38,38,4,10.5,6.1,6.2,4.6,3.9
38,39,7,15.8,8.9,8.8,6.9,6.4
38,40,6,15.9,8.1,8.2,8.2,6.9
38,41,11,26.1,16.5,17,9.5,8.6
38,42,6,15.3,9.9,9.9,6,5.5
38,43,10,25.1,14.9,15.5,9,8.4
38,44,14,30.1,19.3,19.6,12,11.5
38,45,8,19.5,12.7,13.3,8.8,7.4
38,46,5,15.2,9.7,10.3,5.4,5.6
38,47,5,13.8,8.4,8.5,5.3,6.8
38,48,8,10.8,10.7,11.6,7.5,6.6
38,49,6,10.7,8.3,8.9,6.2,5.4
38,50,5,11.5,7.8,8.8,6.3,5.2
38,51,7,12.6,11.1,12,7.9,6.9
38,52,4,7.2,6.8,7.1,4.5,4.4
38,53,5,7.5,6.2,6.6,4.5,4.3
38,54,7,9.8,7.9,8,6.5,5
38,55,5,9.6,7.5,8.5,5.8,4.8
38,56,4,7.8,6.7,7.8,5.5,4.2
38,57,4,7.9,7,7.9,5.4,4.7
38,58,4,8.3,6.1,6.7,4.1,4.2
38,59,10,20.1,14.4,15.7,9.6,9.1
38,60,11,20.9,14.5,14.9,10,9.1
38,61,11,15.6,12.9,14,7.8,8.3
38,62,10,13.3,11.3,12,8.5,7
38,63,6,10.7,8.7,8.8,6.4,5.5
38,64,6,10.5,8.3,9,7.9,7.1
38,65,11,19.4,13.6,14.5,9,7.5
38,66,7,11.9,9.3,10.3,6.3,5.6
38,67,4,5.4,3.6,4.2,2.2,2.5
38,68,3,6.8,4.6,5.5,2.7,3.1
38,69,9,12.9,9.8,10.7,6.3,5.9
38,70,8,19.3,12.4,13.6,6.3,7.7
38,71,9,14.6,11.7,13.8,8.4,7.8
38,72,9,12,9.4,11.4,6.3,6.4
38,73,4,8.4,7.1,8.3,5.1,4.6
38,74,6,10.8,7.9,8.9,4.8,4.7
38,75,14,18.5,15.4,18,11.5,9.3
38,76,10,13.9,10.9,12.5,7.1,7.1
38,77,5,7.8,6.3,6.7,3.7,3.7
38,78,6,12.6,7.5,8.2,4.3,4.7
38,79,6,10.8,8.5,9.2,4.7,4.5
38,80,4,10.5,5.7,6.6,3.4,3.4
38,81,4,7.9,4.4,4.9,3.2,3.1
38,82,4,9.9,7.1,8.4,4.4,4.9
38,83,4,9.7,5.5,6.3,3.8,3.7
38,84,4,7.1,4.9,6,3.8,3.3
38,85,7,16.1,11,12.6,8.5,7.5
38,86,10,15.1,11.8,13.1,6.7,6.1
38,87,5,7.9,5.6,6.1,4.4,3.8
38,88,4,8.6,5.7,6.1,7.2,5.9
39,1,6,10.3,7.5,8.2,5.8,5.3
39,2,10,19.2,13.6,15.6,9.3,8.4
39,3,33,60.6,40.4,49.8,26.5,26.1
39,4,16,28.2,18.8,22,13.3,13.5
39,5,23,41.4,30.5,35.1,20.7,19.5
39,6,36,65.3,47.3,52.5,33.6,32.1
39,7,31,59.4,42.6,48.1,28.3,27
39,8,34,68,46.1,58.1,31,27.7
39,9,24,46.1,31.5,36.6,29.6,24
39,10,21,43.7,26.8,30.9,17.7,17.7
39,11,9,15,10,10.6,6.3,6.1
39,12,5,9.7,6.4,7.2,4.1,4.4
39,13,9,16.6,10,11.2,7.3,5.7
39,14,6,8.6,5.8,6.9,3.9,4
39,15,19,37.8,24,27.7,16.4,16
39,16,16,31.6,19.8,24.1,15.4,14.1
39,17,12,26.3,15.9,18.8,9.9,10.4
39,18,13,29.8,18.8,20.7,13.6,14.7
39,19,10,18.6,11.6,13.6,8.8,8.3
39,20,20,43.4,24.1,38.5,22.3,16.3
39,21,31,63,42.3,48.6,26.9,24.7
39,22,20,41,25.1,28.9,18.8,16.8
39,23,34,61.2,45.7,44.5,32.4,27.6
39,24,13,27.8,18.5,20.8,12.2,12.4
39,25,10,16.9,10.8,12.3,7.1,7
39,26,12,27.2,15.6,17.4,10.2,9.1
39,27,11,19.9,13.5,15.3,9.3,8.9
39,28,7,15.4,8.7,10.7,6.4,6.2
39,29,19,39.9,24.8,28.4,17.8,16.4
39,30,4,13.4,9.1,8.2,6.4,6.6
39,31,7,16.9,9.6,11.1,9,6.7
39,32,15,28,18,20.1,13.1,12
39,33,8,18.9,11.8,13.8,8.7,8.6
39,34,8,21.4,12.7,15,8.9,8.8
39,35,12,24.2,14.8,17.1,10.2,9.7
39,36,15,29.3,17.6,20.3,12.9,11.5
39,37,12,22,13.7,15.4,9.1,9
39,38,36,83.7,52.1,51.7,31.5,28.6
39,39,9,19.1,11.4,13.5,7.1,7.7
39,40,8,20.7,10.3,12.3,8.1,8.7
39,41,18,44.1,29.1,31.5,16.6,16.4
39,42,26,52,33.6,39.4,22.4,20.6
39,43,14,26.5,16.2,18,11.6,10.3
39,44,11,26,14.3,16.6,10.2,8.7
39,45,18,32.6,20.5,22.8,15,13.1
39,46,17,29.3,18.5,21.4,16.6,12.6
39,47,25,38.3,27.2,29.3,20.3,17
39,48,11,20,11.8,12.8,8.7,9.5
39,49,22,41.3,29.4,32.1,20.4,18.6
39,50,11,20.6,12.7,13.8,7.5,7.6
39,51,15,33.1,20.5,22.3,13.6,12.6
39,52,15,30.5,21.6,22.3,17.5,12.9
39,53,20,41,25.2,27.5,24.2,15.4
39,54,13,23.6,16.3,17.4,12.6,9.1
39,55,16,32.2,20.2,23.8,16.2,11.8
39,56,14,24.5,16.1,17.5,16.8,10
39,57,9,15.8,10.2,10.8,6,5.7
39,58,12,18.4,12,12.9,7.4,7.5
39,59,10,22.1,13.2,14.8,9.7,9.3
39,60,14,31.3,18.2,19.6,13.1,10.7
39,61,11,21.6,13,15.3,9.5,8.9
39,62,9,18,10.3,11.2,7.1,6
39,63,11,26.5,15.8,16.5,10.5,10.3
39,64,7,18.7,12.3,13.1,9.8,7.4
39,65,14,26.8,15.3,19.2,14.3,11.2
39,66,6,11.6,6.4,7.2,5,4.2
39,67,17,29,22,27.6,20.2,15.4
39,68,22,32.2,21.3,26.4,19.5,16.3
39,69,15,26.7,29.7,23.7,16.1,15.3
39,70,9,13.6,9.4,11.1,7.4,7.2
39,71,34,76.1,46.9,62.9,44,31.9
39,72,9,19.6,12.7,14.3,18.4,7.8
39,73,20,35.9,24.7,30.5,23.7,19.1
39,74,16,27.9,18.8,22.8,17.4,13.1
39,75,17,35.1,21.6,27.4,29.4,16.9
40,1,1,5.3,4.2,5.1,3.3,3.5
40,2,6,11.3,7.1,8.4,4.7,5
40,3,14,29.4,14.9,18.7,9.5,9.1
40,4,13,22.1,12.4,16.1,9,8.8
40,5,21,44,26.3,33.1,18.4,18.1
40,6,10,19,11.8,14.3,9,7.9
40,7,27,44.6,30.7,40.4,23.6,24.2
40,8,16,34.5,22.4,26.7,15.5,14.6
40,9,12,26.5,14.2,17.8,9.9,10.8
40,10,15,25.7,16.3,20.5,15.5,11.2
40,11,13,26.2,16.2,19.9,17.6,12.6
40,12,15,29.1,18.7,22.9,17,12.9
40,13,14,25.7,15.3,19.2,14.8,10.8
40,14,8,12.3,7.3,9.5,8,5.7
40,15,16,23.8,15.1,19.3,17.3,11.1
40,16,15,34.7,15.7,19.5,18.9,11.8
40,17,13,24.2,13.4,17.5,15.7,9.4
40,18,15,30.2,16.7,22.3,17.7,12.3
40,19,6,11.9,7.1,9,7.9,5.7
40,20,15,30.8,16.2,20.4,14.8,11.7
40,21,30,57.1,28.4,39.5,25.7,20.8
40,22,13,31.6,18.3,20.8,18.8,13.4
40,23,6,14.6,8.1,9.5,7.1,6.3
40,24,7,15.6,8.4,10.5,8.2,6.4
40,25,19,39.7,24.3,29.7,20.5,15.6
40,26,18,31,18.9,21.4,15.3,16.7
40,27,13,23.8,14.3,16.2,12.2,9.7
40,28,39,79.4,47.9,51.3,36.2,35.4
40,29,26,44.9,27.7,31.5,27.4,19.2
40,30,10,22.7,12.2,13.8,9.7,7.6
40,31,14,26.5,14.1,17.5,12.5,10.2
40,32,6,13.6,7.5,8.3,8.5,6.1
40,33,16,26.4,13.2,15.9,16.1,10.7
40,34,30,54.4,33.8,36.5,26.5,22.4
40,35,23,45.1,25.3,29,22.9,18
40,36,9,18.1,9.5,11.5,8.4,7
40,37,23,44.7,26.5,30.8,23.3,18.6
40,38,8,17.5,9.2,10.8,8.8,6.5
40,39,11,21.6,12.3,14.7,11.8,10.3
40,40,23,56.5,31.6,37.4,29.6,17.2
40,41,9,19.8,11.4,13.7,8.2,6.5
40,42,15,25.2,13.7,16,12.4,10
40,43,22,45.5,27.9,35.8,17.8,17
40,44,12,29,16.1,19,12.7,9.5
40,45,10,20.7,10.9,13.9,10.1,8.3
40,46,13,28.9,16.4,20.2,14.6,11.1
40,47,19,53,39.1,45.6,31.5,24.4
40,48,12,23.4,14.8,16.6,10.7,8.5
40,49,13,23.7,12.8,16,11.8,9
40,50,16,37.6,20.3,24.1,20.8,12.8
40,51,11,23.1,12.4,14.3,10.4,8.8
40,52,10,22,12.1,13.4,10.6,10.1
40,53,8,19.7,11.1,12.6,9.3,7
40,54,4,9.4,4.8,5.7,4.3,3.5
40,55,12,26.2,14,17.4,10.9,9.7
40,56,23,46.8,25.8,30.9,22.8,16.7
40,57,12,24.1,12.7,16,9.8,8.4
40,58,13,27.8,16.7,19.3,13.8,11.1
40,59,11,22.8,11.7,14.3,10.9,9.8
40,60,13,34.5,16.6,19.7,18.8,11.4
40,61,20,37,20.9,26,15,14.4
40,62,12,23.9,13.9,15.2,9.6,8.4
40,63,7,14.5,7.5,9.5,6.7,8.8
40,64,21,49,29.6,30.7,23.2,28.2
40,65,14,26.8,13.5,17,10.9,9.2
40,66,20,33.2,19.7,23.5,15,13.8
40,67,30,67.9,46.9,53.8,27,26.2
40,68,12,26.6,14.4,15.6,13,8.9
40,69,10,13.2,10.4,12.1,7.3,6.7
40,70,9,13.5,12.7,13.1,8.1,7.5
40,71,6,9,8.2,9.3,6.2,5.1
40,72,6,8.1,5.4,6.5,5.1,4.1
40,73,7,9.1,7,8.6,5,4.1
40,74,17,20.7,17.1,19,12.7,11.8
40,75,11,14.6,12.3,14.4,9.6,8.4
40,76,8,13.3,11.9,13.7,10.9,7.5
40,77,14,19,16.3,20.2,14.8,13
40,78,32,41.5,32.7,38.2,26.1,22.3
40,79,9,12.1,9.6,12.2,7.8,6.7
40,80,12,17.8,13.9,16.4,11.3,9.6
40,81,6,9.5,7.7,9.7,6.8,6.1
40,82,25,34,26.6,32.9,18.7,17.3
40,83,15,21.7,24.1,21.3,14.2,12.4
40,84,12,18.2,14.3,17.2,10.9,9.5
40,85,17,21.7,18.9,22.9,19.3,14.8
41,1,1,5.8,4.5,4.9,3.4,3
41,2,4,7.4,5.6,6.9,4.5,4
41,3,7,12.7,10,12.3,8,7.1
41,4,7,14.3,8.2,10.6,6.7,5.9
41,5,17,31.9,22.6,27.8,19.1,14.5
41,6,16,31.9,29.2,28.9,16.1,13.5
41,7,8,12.9,8.7,10.9,10.1,6.2
41,8,9,12.8,9.2,11.4,7.3,7.1
41,9,14,19.9,16.9,20.5,12.6,11.1
41,10,15,29.7,29.8,25.1,15.7,15.8
41,11,16,28.2,21.2,24.8,14.7,14.3
41,12,19,36.3,25,30.1,23.7,17.3
41,13,9,14.1,10.7,13.9,8.3,8
41,14,23,40.3,29,35.1,20.8,21.3
41,15,25,36.4,25.6,33.4,19.7,17.7
41,16,19,37.3,22.4,28.9,18.2,17.1
41,17,14,22.2,14.7,18.6,12.4,13.7
41,18,5,11.6,6.9,8.6,5.4,5
41,19,8,12.9,9.3,11.1,9.1,6.7
41,20,12,24.1,15.3,19,17.7,10
41,21,18,31.2,22.4,28.1,17.1,16.7
41,22,20,36.1,27,34.6,19,15.9
41,23,9,17.9,12.8,16.4,10.1,10.3
41,24,11,18.5,11.7,15.1,9.8,9.7
41,25,25,45.3,30,38.7,20.5,18.8
41,26,11,16.1,10.5,13.8,12,8.4
41,27,10,22,13.2,17.9,10.9,10
41,28,14,30.3,19.5,23.1,17.6,15.1
41,29,16,27.8,17.9,23,17.5,15.7
41,30,19,38.1,30,36.2,20.3,21.1
41,31,16,27.2,18.4,23.4,13.1,12.3
41,32,4,9.2,4.5,5.6,4.2,4.9
41,33,13,21.6,13.9,18.6,10.3,9.8
41,34,17,29,17,23.3,13.7,13.7
41,35,11,22.1,13.7,16,9.5,8.4
41,36,11,22.7,13.6,18.4,11.3,12
41,37,19,37.5,20.7,28,16,16.3
41,38,12,19.5,12.8,16.6,17.2,15.4
41,39,22,47.6,28.8,36.1,18.5,19.2
41,40,26,52.3,28.7,36.5,19.5,20.3
41,41,9,21.6,12.1,15.6,9,8.6
41,42,13,22.2,12,15.6,9.6,9.5
41,43,17,26.1,14.7,18.9,11.4,11.5
41,44,30,61.7,36.1,47.6,29.3,31.6
41,45,18,33.8,18.8,25.3,14,15.2
41,46,11,22.8,13.5,18.1,14.6,10.4
41,47,28,50.7,29.4,37.8,22.1,22.6
41,48,12,20.3,11.9,16.4,8.1,8.9
41,49,11,21.9,12.3,16.1,10,10.3
41,50,32,73,44,55.8,32.3,32.4
41,51,13,26,15.2,18.6,12.9,11.8
41,52,17,24.3,15.7,19.9,11.3,11.9
41,53,19,35.3,21.8,27.7,19.7,15.9
41,54,12,26,16.4,19.1,12.5,12.2
42,1,1,5.7,4.1,4,4.3,3.5
42,2,1,13.2,10.2,11.8,8.2,7.2
42,3,10,19.5,10.8,14,7.2,7.8
42,4,10,15.5,8.2,10.8,5.8,6.1
42,5,19,42.2,24.5,30.7,18.1,17.1
42,6,12,29.4,16.6,20.2,11.7,10.2
42,7,22,42.3,24.6,38.2,21.4,17
42,8,19,38.1,23.6,28.8,18.1,15.9
42,9,16,27.9,17,22.4,12.4,11.1
42,10,15,32.1,16.3,20.9,13.5,11
42,11,19,43.1,22.5,28.9,17.1,15.9
42,12,13,30,16.2,20.3,15.1,12.9
42,13,38,73.9,56.4,61,36.3,28.7
42,14,30,55.5,35.9,43.1,28.5,22.3
42,15,34,86.2,44.4,57.2,38.4,27.7
42,16,18,47,23.5,35,19.4,14.6
42,17,11,28.8,14.3,18,13,9
42,18,22,48,23.7,32.7,21.4,18.1
42,19,9,23.8,12.4,15.8,15.6,8.9
42,20,22,28.2,18.7,25,16.7,14.2
42,21,22,31,21.8,27.8,20.6,15.5
42,22,24,40.9,27,36.4,26.9,18.9
42,23,29,48.2,31,40.5,30.8,19.9
42,24,22,34.7,22.8,31,20.6,16
42,25,12,18.3,11.3,15.1,22.3,8.6
42,26,12,24.8,15.6,20.4,13.8,11.7
42,27,17,31.9,19.5,24.9,18.5,14.1
42,28,13,20.4,12.3,16.9,10.8,9.2
42,29,16,29.3,18.9,23.8,19.3,13.6
42,30,10,20.7,12.7,15.8,10.9,8.4
42,31,14,24.7,15.4,18.9,12.1,9.5
42,32,6,11.3,6.4,7.9,6.2,4.8
42,33,15,23.9,15.2,20.1,12.8,10.8
42,34,7,12.5,7.5,9.1,6.3,5.4
42,35,9,16.7,10.5,12.9,7.8,7.4
42,36,17,34.2,20.7,26.4,16,13.9
42,37,10,20.6,11.9,15,10.9,8.7
42,38,11,23.6,14.2,19.6,12.3,10.4
42,39,6,14.9,8.6,11.2,7.2,5.2
42,40,14,35.4,18,22.8,17,13.5
42,41,9,18.1,10.4,13.3,9,7.3
42,42,15,28,17,21,14.9,10.9
42,43,8,16.2,7.3,9.7,10.8,6
42,44,20,33.5,19.5,26.4,16.7,12.9
42,45,27,54.8,33.8,44,26.7,21.1
42,46,16,30.6,17.2,22.2,16.7,13.1
42,47,21,35.1,20.3,27,19.1,14.2
42,48,27,56.9,34,43.2,27.4,22
42,49,15,32.8,19.5,24.9,18.1,13.4
42,50,11,29.4,15.7,20,14,10.2
42,51,22,40.3,26.3,30.4,23.9,18
42,52,27,55.3,31.4,41.1,29.8,20.7
42,53,15,25.5,13.3,16.9,18,10.3
43,1,1,5.4,4.1,4.7,5,3.6
43,2,2,6.1,3.1,3.7,3.9,2.4
43,3,6,15.5,7.8,10.1,8.6,5.8
43,4,7,15.6,9.5,10.8,8.7,5.7
43,5,8,17.8,10,11.9,10.1,6.9
43,6,6,11.2,6.4,7.7,6.6,4.3
43,7,8,17.8,8.5,10.9,9,5.9
43,8,7,18.7,9.4,12.1,9.9,5.9
43,9,10,22.1,12.9,16,13.3,9
43,10,11,22.2,10.3,14.6,14.4,7.7
43,11,12,29.2,16.7,20.3,17.9,11.3
43,12,11,19.5,10.5,13.8,11,7.9
43,13,20,46.4,21.5,25.3,20.8,14.3
43,14,4,12.7,7.1,9.4,9.1,5.4
43,15,9,21.6,11.1,14.5,9.8,7.2
43,16,7,14.7,8.3,11.7,7.3,6.1
43,17,12,23,12.2,16.2,11.6,9.1
43,18,9,13.8,7.7,9.9,16.1,6.1
43,19,12,29.1,15.8,21.3,15.5,11.3
43,20,15,27.6,14.5,18.5,12.6,10.3
43,21,8,18.1,9.5,12.2,9.1,6.9
43,22,11,29.9,18.8,23.2,13.4,10.2
43,23,21,52.1,34.2,41.4,30.9,19.7
43,24,14,31.6,19.7,24.8,15.6,12.2
43,25,7,17.1,9.8,12.6,8.4,8
43,26,9,21.5,12.7,17,12,10.1
43,27,5,12.5,6.1,8.5,6,4.9
43,28,7,16.7,8.9,12.7,8.6,7.7
43,29,9,24.6,14.7,18.4,18.1,10.7
43,30,9,20.9,11.6,14.8,10.1,9
43,31,10,18.4,10,13.5,9.7,8
43,32,25,53.5,29,39.9,26.8,23
43,33,17,43.7,31.2,31.8,20.8,20.2
43,34,5,14.2,7.8,10,6.8,5.5
43,35,12,28.3,15.2,20.2,16.8,13.5
43,36,11,18.1,10.6,13.8,9.3,7.9
43,37,7,19.1,10.3,13.9,8.7,7.6
43,38,11,25.7,13,16.2,11.3,9.3
43,39,9,17.8,10.1,13.7,9.1,7.7
43,40,11,20,10.6,14,9.6,8.2
43,41,6,14.6,8.6,12.3,8,6.6
43,42,7,17.8,8.9,12.2,9.6,7.1
43,43,8,19.9,11.3,14.9,9.5,6.9
43,44,6,14.5,7.6,10.3,8,5.7
43,45,13,27.5,14.2,18.3,15.2,10.1
43,46,12,25.2,13.8,18.3,11.5,10.5
43,47,7,17.5,11.5,13.7,8.2,7.8
43,48,13,26.9,14.5,18.4,12.1,12.6
43,49,11,21.2,12.3,16.2,10.5,9
43,50,7,18.3,7.6,10.8,7,6
43,51,17,31.5,16,21.1,14.4,16.4
43,52,11,18,8.7,10.8,7.5,6.5
43,53,11,25.8,14.1,18.3,11.3,9.6
43,54,7,19.5,10.5,13.3,9.9,7.6
43,55,6,19.1,10.3,13.8,7.8,7
43,56,4,14.2,6.4,8.5,7.7,4.9
43,57,9,15.2,8.2,10.9,7.3,6.4
43,58,14,25.6,14.7,18.1,11,10
43,59,10,20.3,12,16,10.8,9.8
43,60,8,21,11.6,13.5,10.2,8
43,61,10,26.9,13.2,17.8,12.4,9.6
43,62,7,19.5,10,13.3,8,6.6
43,63,17,46.3,20.7,33.6,21.1,14.6
43,64,9,23.2,10.8,13.6,9.7,8
43,65,11,22,11.2,15.5,9.8,8.4
43,66,10,20.9,10.7,15.2,15.4,7.6
43,67,7,15,10.8,13.1,10,12.3
43,68,8,15,9.6,12.3,7.8,6.3
43,69,5,10.5,6.9,9.1,6.1,5
43,70,5,15.1,7.3,9.5,6.2,5.3
43,71,15,32,19.4,26.5,16.9,13.9
43,72,7,17.3,10.6,13.1,8.7,7
43,73,6,13.3,7.9,10.4,7,6
43,74,6,14.2,7.3,9.8,8,5.6
43,75,6,10.1,5.3,7.5,5.2,4.5
43,76,6,14.3,6.6,9.4,6.3,5.4
43,77,8,17.2,10.2,14.5,9.1,7.9
43,78,7,16.8,9,12.3,7.8,6.8
43,79,5,12.2,7.5,9.5,5.6,4.5
43,80,11,25,12.1,16.2,13.1,10.3
43,81,8,15.6,8.2,11.1,7.5,6
43,82,8,14.9,8.5,12.8,7.4,6.6
43,83,8,18.2,9,11.8,8.1,7.2
43,84,11,21,11.7,14.1,10.3,8
43,85,13,25.6,13.8,19.1,12.5,11
43,86,13,24.1,12.5,16.6,10.8,9.4
43,87,8,20.7,12,15.7,10.1,8.3
43,88,7,16,9.4,12.7,8.5,6.5
43,89,6,14.2,6.9,7.9,9.7,6.4
44,1,1,4.4,3.7,4.1,4.3,4.1
44,2,2,7.5,2.7,3.6,3.1,2.9
44,3,8,23.2,13.6,15.5,9.7,9.1
44,4,5,10.4,4.9,5.5,4.3,3.6
44,5,6,14.1,8.2,10.4,6.2,6.1
44,6,7,16,7.7,9.1,5.9,5.6
44,7,8,18.8,10.8,13.2,7.7,7.7
44,8,10,25.2,13.5,14.8,10.3,9.2
44,9,5,9.8,4.5,6,4.2,3.9
44,10,6,15.8,7.3,8.9,7.9,6.4
44,11,5,12.4,6,7.2,4.7,4.5
44,12,6,11.3,6.3,8.3,6.4,5.2
44,13,7,15.7,8.2,10.8,7.7,6.2
44,14,6,12.8,7.1,9.1,6.4,6.5
44,15,6,17.7,9.2,12.2,8.2,7.2
44,16,6,14.3,8.2,10.4,8.1,6.6
44,17,8,18.5,10.4,13.2,9.7,8.8
44,18,9,20.4,9.5,13.4,7,6.5
44,19,9,21.6,11.4,14.5,9.3,8.6
44,20,6,16.2,7.2,10,5.7,5.4
44,21,5,9.4,4.2,5.9,4.5,3.6
44,22,6,17.7,10.4,11.9,7.5,6.8
44,23,5,12.1,6.6,9.1,5.7,5.4
44,24,6,16.4,8.6,10,6.6,6.2
44,25,5,10.4,5.5,7.4,6.1,5.1
44,26,3,9,4.7,6.2,3.7,4.3
44,27,4,11.2,5.4,6.8,5,4.3
44,28,4,11.4,6,7.3,5.1,4.2
44,29,8,17,9.2,11.8,11.2,7.6
44,30,7,15.8,9.9,12.1,8.2,6.3
44,31,7,19.1,8.8,11.2,6.8,6.7
44,32,6,12.4,5.7,7.9,5.4,4.4
44,33,7,17.3,9.3,11.3,8.8,6.5
44,34,3,11.5,6.5,7.7,4.3,4.3
44,35,8,15,7.4,10.1,6.7,5.5
44,36,5,14.3,8.9,10.7,7,5.7
44,37,12,26.4,14.2,18.2,11.5,10.3
44,38,7,15,7.9,9.9,7.6,5.6
44,39,8,20.3,10.5,12.9,10.1,7.4
44,40,5,14,5.8,7.7,6.1,4.3
44,41,10,18.1,8.9,12.4,7.5,6.1
44,42,8,17.7,7.6,10.2,7.2,6.6
44,43,3,7.2,4,5.6,3.2,2.1
44,44,2,6.5,2.3,3.3,2.3,2
44,45,4,7.7,3.5,5.2,3.1,2.8
44,46,2,5.6,2.3,3.5,2.6,2.1
44,47,5,11.8,5.9,7.9,6.8,4.9
44,48,7,12.7,6.2,8.5,7.8,10.5
44,49,5,9.8,5.4,7.3,6.6,4.8
44,50,6,13.1,6.8,8.6,6.2,16.8
44,51,5,10.3,5.8,7.3,4.4,3.7
44,52,3,7.2,4.4,5.6,3.7,3.4
44,53,5,15.4,8.4,10.9,7.8,5.6
44,54,4,11.8,5.8,8.1,5.1,4.6
44,55,5,12,5.8,7.7,5.3,4.5
44,56,10,19.8,10.3,13.2,8.8,9.8
44,57,7,14.2,6.6,9.1,6.1,4.7
44,58,5,15.1,7.6,10.3,9,6.1
44,59,3,10.2,5.2,6.1,8.3,5.3
45,1,1,6,4,4.5,4.1,4.4
45,2,6,13,6.9,8.2,5.5,4.9
45,3,6,13.7,7.7,9.8,6.1,5.7
45,4,9,22.5,11.6,15.5,10.6,8.9
45,5,20,45.3,26.2,35,18.1,17.1
45,6,12,28.5,13.9,18.9,11.8,10
45,7,4,9,4.7,5.9,3.8,3.3
45,8,14,28.8,15.3,19.4,15.2,12.9
45,9,11,24.4,12.7,15.9,11.2,8.9
45,10,19,39.5,21.3,27.2,17.7,15
45,11,11,23.4,11.3,14.8,9.1,8.8
45,12,14,27.9,14.5,20.2,15.1,12.8
45,13,16,30.7,16.9,20.9,17.3,11.3
45,14,14,27.8,13.8,18.7,11.9,10.1
45,15,11,25.8,14.2,18.4,10.7,10
45,16,13,34.4,20.8,30.6,17.2,15.6
45,17,24,50.5,27.5,35.7,21.7,18.1
45,18,13,26.5,14.5,19.4,14.5,11.3
45,19,15,35.4,17.9,24.4,15.2,12.7
45,20,7,21.4,9.8,12.7,8.3,8.1
45,21,17,38.2,20.9,27.5,20.9,18.7
45,22,13,26.4,12.9,17,11.1,9.7
45,23,24,54.7,28.3,38.6,21,20
45,24,21,37.7,20.4,26.4,15.2,14
45,25,16,43.7,20.5,27.5,18.7,16.1
45,26,18,31.1,25.6,24.5,18.7,13
45,27,10,24,11.5,17.7,10.8,9
45,28,14,30.5,18,21.7,15.5,11.2
45,29,11,26.6,14.6,19.5,12.6,10.2
45,30,13,29.6,13.6,18.3,12.3,9.6
45,31,12,26.6,14.5,18.9,13.6,13.4
45,32,22,37.6,24.7,32.8,19,13
45,33,11,19.1,9.8,13.7,9.8,6.8
45,34,14,29,16.1,21.1,15,10.7
45,35,16,35.3,18.7,25.5,17,12.1
45,36,8,16.7,7.8,11.2,8.5,5.8
45,37,8,17.9,9.6,12.1,11.4,6.9
46,1,1,5.3,4.1,4,3.8,4.4
46,2,6,12,6.1,8.2,5.8,5.2
46,3,15,34.9,19.7,26.7,15.2,14.3
46,4,29,50.2,27,37.4,26.7,20.7
46,5,18,29.2,17,22.9,15.1,13.8
46,6,9,21.8,11.3,16.1,9.8,9.4
46,7,14,30.6,15.8,22,16.1,12.7
46,8,25,45.9,23.3,33.2,20.3,17.4
46,9,24,28.7,21,26.9,16.9,14.4
46,10,24,34,27.2,43.8,22.6,23.8
46,11,19,26.4,20.4,25.2,15.7,13.8
46,12,16,25.9,20.1,26.1,22.8,15.7
46,13,13,14.5,11.6,16.1,10.3,10
46,14,9,18.1,12.3,15.9,13.7,9.7
46,15,45,77.2,63.7,85.7,42.9,37.1
46,16,18,29.4,21.1,27.5,17.8,15.1
46,17,28,47.8,34.4,52.6,22.7,20.8
46,18,17,29.5,20,26.1,18.8,13.2
46,19,9,18.3,12.4,16,11,9.8
46,20,27,51.2,27,42.8,35.1,22.8
46,21,25,39.2,25.8,39.7,24.2,17.4
46,22,12,20.6,14.5,19.5,10.3,9.4
46,23,13,26.6,16.7,22.1,16.4,10.8
46,24,18,31.4,19.8,28.3,17.3,13.7
46,25,14,25.8,15.5,20.4,13.5,11.2
46,26,32,68.8,38.6,73,31,26.4
46,27,10,15.7,10.1,14.6,8.5,8.3
46,28,17,30.2,16.4,23.1,13.4,12.5
46,29,18,37.3,23,29.7,16.5,14.7
46,30,19,42.1,22,32.4,18,14.1
46,31,14,25,15,19.2,20.4,10.2
46,32,18,33.6,19.1,24.9,15.9,13.1
46,33,22,40.4,23.2,31.6,16.7,15.7
46,34,18,31.5,17.7,23.8,17.5,12.9
46,35,27,46.9,24.6,35.2,27.2,19.6
47,1,8,14.4,7.9,10.9,6.8,6.5
47,2,18,32.5,21.8,24.6,16.8,13.9
47,3,18,31.3,17.2,26,13.7,13.3
47,4,38,75.4,46.8,68.4,38.5,35.2
47,5,3,6.6,3.6,5.2,3.3,2.9
47,6,4,10.2,5.1,7.1,4.7,3.8
47,7,9,20.6,13.8,17.6,10.3,7.9
47,8,6,11.6,6.5,8.9,5.7,5.1
47,9,8,16.2,9.4,13.1,7.3,6.1
47,10,16,29.4,18,23.5,14,12.2
47,11,11,22.8,10,13.9,9.4,8.5
47,12,22,43.9,23.7,33.2,24.2,18.7
47,13,14,26.1,14.7,19.1,13.5,10.2
47,14,13,28.2,15.8,19.9,16.7,11.4
47,15,44,94,49.9,73.9,41.5,35.8
47,16,24,44.7,27.2,34.3,19.8,18.2
47,17,6,13.4,7.4,9.7,6.1,5.2
47,18,15,31.8,18.8,25.1,16.6,14.3
47,19,14,35.3,17.6,22.8,21.4,13.6
47,20,27,51.7,33.5,49.2,27.2,24.6
47,21,12,21.5,11.2,15.1,10.6,8.5
47,22,10,18.4,11,14.6,9.2,7.7
47,23,7,16.3,11,13.7,8.6,7.9
47,24,7,15,8.1,10.3,11.2,5.9
47,25,16,25,15.2,20.2,14.1,14.5
47,26,15,27,14.7,19.3,12,10.8
47,27,7,17.7,9.6,13.4,8.8,7.7
47,28,10,19.4,11.8,14.9,13.3,8.3
47,29,11,15.4,9.8,13.1,8.3,7.2
47,30,12,35.5,17.2,21.9,14.8,13.3
47,31,8,20.1,11,14.9,9.2,9
47,32,21,35.8,25.8,32.5,23.3,15.5
47,33,10,22.3,14.7,16.6,9.6,8
47,34,15,23.6,16.3,18.2,14.8,10.2
47,35,12,22.8,15.8,17.1,11.8,9
47,36,13,26.1,17.8,21.3,12.7,10.9
47,37,6,14.5,9.5,10.8,6.5,5.7
47,38,29,62.2,43.2,48.9,35.4,26.2
48,1,5,9.9,6.6,7.8,3.8,5
48,2,15,27.4,17.4,19.5,11.1,17
48,3,4,10.4,6.5,6.6,3.6,4.4
48,4,19,39.6,26.5,29.2,14.9,17.9
48,5,19,39,25.3,28.9,16.1,21.1
48,6,21,55.5,35.8,40.5,27.5,33.6
48,7,8,17.2,10.7,11.8,6.8,7.3
48,8,5,15.3,10.2,11.4,5.4,6.2
48,9,8,24.8,13.2,14.9,8.5,9.4
48,10,25,50.7,30.5,33.8,24.7,22.1
48,11,37,62.3,40.4,45.2,33.9,26.5
48,12,20,45.7,30.6,34.5,21.7,16.7
48,13,9,19.2,13.2,14,10.4,7.9
48,14,14,28.2,20.3,21,16.5,14.5
48,15,31,39.1,39.3,43.1,33,25.6
48,16,28,35.6,34.5,38.5,30.9,23.5
48,17,27,34.4,30,33.4,25.9,21
48,18,19,22.7,20.1,24,17.5,17.1
48,19,7,13.3,11.6,12,8.3,8.8
48,20,18,35.2,27.5,33.3,20.5,20.7
48,21,14,17.5,14.7,15.4,11.3,9.4
48,22,12,15.9,13.1,15.5,10.9,9.1
48,23,12,16.5,13.7,14.2,10.8,8.4
48,24,19,27.4,20.9,23.5,18.4,13.9
48,25,40,65.2,49.9,56.7,45.8,35.9
48,26,28,54.8,33.4,43.3,31.5,26.7
48,27,28,48.9,33.5,37.4,31.7,24
48,28,14,24.8,16.3,17.5,12.7,10.3
48,29,54,117.7,73.2,76.9,61.8,53.8
49,1,15,30,18.2,20.8,12.8,11.6
49,2,22,50.8,29.8,33.6,21.9,19.6
49,3,17,35.6,23.8,24.5,17.1,19.9
49,4,9,19.9,12,12.3,10.3,8.4
49,5,12,22.3,13.6,13.9,10.2,10.9
49,6,17,42.2,28.2,31.4,21.3,17.5
49,7,28,75.9,39.9,46.1,29.8,26.6
49,8,7,16.5,8.5,8.7,6.4,6
49,9,30,64,40.9,43.1,31.3,29.3
49,10,10,27,14.1,15.1,18.6,11.1
49,11,39,86.7,60,61.7,41.8,33.1
49,12,31,62,37.5,41.1,30.4,25.7
49,13,20,48.6,30.6,32.2,24.2,21.9
49,14,27,55.5,33.2,35.8,23.3,22.1
49,15,18,40.2,24.4,26.2,23.7,19.9
49,16,16,27.6,15.7,17.7,12.9,10.6
49,17,19,37.7,21.8,23.8,17,17.6
49,18,10,21.7,12.5,13.6,12.8,10.4
50,1,3,12.6,7.3,8.1,7.5,5
50,2,11,22.7,14.2,16.2,12,8.9
50,3,7,16.2,10,10.1,8,5.9
50,4,9,18.3,10.6,11.1,8.5,6.6
50,5,9,18.1,11.2,11.7,9.4,7.1
50,6,12,25.7,16,17.4,12.5,9.3
50,7,11,22.4,14,15.8,11.6,9.4
50,8,5,13.6,7.6,7.2,6.9,5.1
50,9,10,25.8,15.5,17.6,12.9,11
50,10,5,15,8.8,7.7,5.3,4.9
50,11,8,22.8,11.3,12.6,9.9,7
50,12,7,13.7,8.3,9.1,7.3,5.6
50,13,4,9.7,5.5,6.2,5.2,3.8
50,14,9,18.2,11,12,10.1,7.8
50,15,10,19.6,11.5,11.7,12,7.2
50,16,14,23.5,13.8,15.7,12.7,9.9
50,17,8,14.1,8,9.7,9.1,6
50,18,8,13.7,7.8,8.7,7.8,5.6
50,19,9,18,10.5,11.9,11.7,7.4
50,20,6,15.6,6.1,6.8,6.7,4.4
50,21,6,15.5,10,10.9,9.5,7.3
50,22,12,21.8,13,15.5,14.8,13.5
50,23,6,10.1,6.3,7.2,6.6,4.6
50,24,6,11.6,6.2,7.5,6.3,5.2
50,25,4,10,6,7,5.8,4.4
50,26,10,18.4,9.1,11.2,9.1,8
50,27,10,19.8,11.7,13.5,11,7.8
50,28,8,15.7,8.6,10.1,9.8,6.3
50,29,8,14.9,8.8,9.9,9.2,5.7
50,30,9,19.3,8.8,9.8,24,6.8
50,31,5,11.2,7,7.7,7.6,5
50,32,6,12.2,6.6,7.4,6.4,4.9
50,33,7,14,8.5,10.1,7.9,6.3
50,34,5,12.4,6.7,7.1,13.5,5.7
50,35,6,15.9,8,9.5,8.3,6.1
50,36,15,26.1,14.6,17.8,12.7,13.7
50,37,13,21.1,10.8,12.8,10.2,8
50,38,13,22,12.9,15.5,12.1,9.6
50,39,12,20.6,10.9,13.6,9.3,8.1
50,40,5,15.7,5.7,6.5,6.1,4.4
50,41,7,13.3,7.5,9.1,7.9,5.9
50,42,7,16.7,8.2,9,7.1,5.6
50,43,6,12.5,6.8,7.8,7.1,4.8
50,44,9,18.9,9.4,11.4,8.9,7.5
50,45,13,27.1,16.2,18.9,19.3,13.5
51,1,2,5.6,3.2,4.1,2.5,2.3
51,2,2,5.4,3.2,4.2,2.1,2.4
51,3,2,5.7,3.2,4,2.3,2.4
51,4,2,6.1,3.4,4.3,2.6,2.5
51,5,3,7.8,4.6,5.7,3.2,3.2
51,6,3,6.5,3.5,4.6,2.6,2.7
51,7,3,6.6,5.1,5.5,3.3,3.3
51,8,4,8.3,5.2,6.1,3.4,3.3
51,9,4,5,3.1,4.5,2.3,2.2
51,10,2,6.4,3,3.7,2,2.3
51,11,5,10,5.3,6.7,3.9,3.9
51,12,4,8.3,4.4,5.5,3.2,3.2
51,13,5,8.7,5.2,6.3,4.4,3.3
51,14,7,16.6,8.9,11.5,7.1,6.2
51,15,5,12.9,7.4,8.8,4.7,5
51,16,9,20.4,11.8,14.7,7.9,7.2
51,17,6,11.1,5.8,8.2,4.8,4.3
51,18,3,8.1,4.4,5.7,3.6,3.1
51,19,5,15.3,9.2,10.1,6.5,5.8
51,20,4,14,4.8,6.1,3.7,3.6
51,21,4,12.5,7.2,8.9,5.1,5.5
51,22,5,11.1,6.3,7.8,5.6,4.4
51,23,9,21.8,13.1,15.6,11.3,8.2
51,24,6,10.7,6.5,8.4,5.2,4.5
51,25,9,18.8,10.8,13.3,8,7.2
51,26,6,14.2,9,9.7,6.1,5.1
51,27,5,11,6.7,8,4.9,4.4
51,28,9,18.9,9.1,12.3,7.8,6.9
51,29,9,19.8,10.3,13.3,8.7,7.9
51,30,8,22.1,8.8,10.8,6.9,7.2
51,31,5,6.3,5.1,6.8,4.4,3.8
51,32,6,13.2,10.7,11.2,5.5,4.8
51,33,5,7.7,6.2,8,4.5,3.9
51,34,4,6.8,5.5,6.8,5.1,4.1
51,35,6,7.6,5.9,7.8,4.6,4.3
51,36,7,8.3,6.6,8.8,5.7,5
51,37,7,12.1,9.3,11.3,10.6,6.2
51,38,8,13.6,9.4,11.3,9,6.1
51,39,6,7.9,6.7,8.2,6.9,4.7
51,40,7,14.7,8.2,10.2,8.7,5.9
51,41,7,9.9,6.5,8.5,7.4,4.9
51,42,9,9.7,7.8,10,9.3,7.5
51,43,8,9.2,6.6,8.6,7.6,4.8
51,44,8,11.6,8,11.2,10.3,6.1
51,45,7,10.4,7.8,9.7,9.1,5.6
51,46,8,13.6,9.8,11.7,12.9,6.6
51,47,5,11.6,9,10.4,9.5,6
51,48,4,7.3,5.4,7.2,6.6,3.9
51,49,7,10.2,7.8,10.6,9.3,5.8
51,50,8,19.4,10.6,11.9,10.5,7.7
51,51,11,15.2,11.3,13.5,10.3,9.5
51,52,13,16.5,13,15.6,12.5,8.2
51,53,6,10.5,6.5,8,7.3,4.4
51,54,5,8.2,6.5,8,7.2,3.6
51,55,5,10.4,6.4,8.2,10.4,4.7
51,56,6,9.9,7.5,9.1,8.5,4.9
51,57,9,14.4,11,12.3,10.6,6.1
51,58,7,9.4,6.9,8.3,8.3,4.5
51,59,9,13,10,12.5,12,8
51,60,7,10.9,7.9,9.6,11.5,7.6
52,1,1,3.6,1.8,2.6,1.1,1.8
52,2,2,5.7,3.3,4.2,2.6,2.4
52,3,3,5.4,4.3,5.1,2.9,2.6
52,4,2,5,2.9,3.7,3.4,2.1
52,5,2,4.3,3,3.8,2.1,1.6
52,6,2,5,3,4,3.1,2
52,7,4,6.2,4.5,6.2,3.6,2.9
52,8,4,5.7,3.4,5,3.2,2.2
52,9,4,7.2,5,6.1,4.7,3.7
52,10,3,5.1,3.7,4.4,2.7,2.5
52,11,3,7.2,5.2,6.6,4.4,3.7
52,12,5,8.8,5.2,7,4.4,3.6
52,13,6,7.7,6.1,8,7.7,4.3
52,14,6,11.9,7.4,9.3,6.5,5.4
52,15,6,9.6,7.3,9.7,6,4.6
52,16,12,22.1,15.7,18.5,12.5,11.7
52,17,5,9.8,7,8.8,5.7,4.7
52,18,8,15,10,12.3,8.7,6.5
52,19,6,12,8.4,11.1,7.9,5.3
52,20,7,15.6,9.9,12.4,8.5,6.6
52,21,19,34,24.3,28.4,19.9,15.8
52,22,5,13.7,8.3,11,7,5.4
52,23,8,12.8,8.4,10.1,7.1,5.7
52,24,7,14.1,8.5,11.4,7.9,6.1
52,25,5,11.3,7.4,8.8,7.6,5.5
52,26,7,14.1,9.4,10.2,6.2,5.3
52,27,6,13,6.6,8.3,6.6,5.1
52,28,9,17,9.9,12.1,8.2,7.9
52,29,8,15.6,9.8,11.8,8.5,6.2
52,30,7,12.3,7.5,8.9,6.6,5.1
52,31,6,11.8,6.9,9.5,6.3,5
52,32,8,14,9.5,11.9,8,6.3
52,33,6,11.4,6.2,8,5.5,4.3
52,34,6,13.5,8.2,10.1,7.3,5.8
52,35,8,10.5,6.1,7.5,6.9,4.5
52,36,7,12,7.8,8.2,6.6,4.7
52,37,7,13.9,8.3,10.1,7.2,5.7
52,38,9,19.4,11.7,14.5,9.4,9.5
52,39,5,7.3,4.3,5.8,4,3.1
52,40,7,13.3,8.1,10.1,6.7,5.3
52,41,5,8.8,5.5,6.3,4.7,3.7
52,42,7,13.4,7.8,9.4,6.9,5.4
52,43,9,17.5,9,12.1,10.9,6.7
52,44,9,16,11.6,13.3,9.8,7.3
52,45,7,13.8,7.6,9.2,7.8,5.5
52,46,9,13.3,8.1,10.8,8.2,6.1
52,47,10,19.3,11.2,13.8,10.8,8
52,48,10,18,10.6,13.5,11.2,8.1
52,49,5,10,6.1,7.9,9.4,6
53,1,3,5.3,3.6,4.5,4,2.4
53,2,5,6.9,4.4,5.2,3.7,3.2
53,3,4,6.3,3.9,4.9,3.5,2.7
53,4,5,6.3,4.6,6,4,3.1
53,5,3,6.1,3.7,4.6,3.4,2.6
53,6,3,6,3.7,4.5,3.2,2.4
53,7,3,6.1,3.3,4.1,3.1,2.3
53,8,3,6.2,3.8,4.7,2.7,2.3
53,9,5,7.2,4.5,5.5,3.9,3.4
53,10,5,9.9,6.9,8,4,3.3
53,11,5,7.6,3.8,4.6,3.5,2.8
53,12,4,7.8,4.6,5.6,4.5,3.2
53,13,4,6.7,4.3,5.2,3.2,2.7
53,14,3,6.6,4.5,5.8,4.2,2.8
53,15,3,8,4.5,5.9,5,2.9
53,16,5,7.1,4,5.1,3.5,2.7
53,17,5,7,3.9,4.8,3.6,3
53,18,6,8.7,4.8,6.8,5.5,3.6
53,19,3,7.4,4.6,5.4,3.2,2.8
53,20,3,6.4,4,4.9,3,2.8
53,21,4,8.3,4.7,5.9,3.6,3.2
53,22,4,7.6,4.8,6.2,3.8,3.5
53,23,25,53.1,33.9,41.6,29.6,26.6
53,24,4,8.1,5.1,6.1,4.7,3.7
53,25,3,8.2,4.2,5.7,4.4,4.4
53,26,18,28.5,17.5,21.5,19.8,12.9
53,27,9,19.9,13.1,15.4,11.9,9
53,28,16,24.8,14.6,19.2,14.5,10.3
53,29,11,16.8,10.2,12.7,9.8,7
53,30,16,24.1,15.5,18.8,14.7,10.5
53,31,16,27,15.4,19.5,22.2,11.8
53,32,31,60.3,39.1,46.3,40.8,25.8
53,33,3,6.5,4,5.6,3.2,2.6
53,34,3,6.9,4.6,5.9,3.6,3
53,35,5,8.7,5.6,6.7,4.6,3.8
53,36,7,8.9,5.5,6.2,4.9,3.3
53,37,3,8.1,4.3,5.1,3.5,2.9
53,38,5,8.8,5.4,6.7,5.4,3.9
53,39,6,9.9,5.9,7.3,5.7,3.9
53,40,4,7.3,4.6,5.4,4.2,3.1
53,41,4,9.7,5.7,7.2,5.7,4.2
53,42,4,8.4,5.8,6.6,4.7,3.5
53,43,4,7.5,5.2,5.9,4.7,3.3
53,44,4,7.6,5.1,6.3,4.3,3.3
53,45,5,10.6,7.7,8.6,6.3,4.7
53,46,4,7.8,4.5,5.4,3.4,2.9
53,47,4,7.5,5.6,7.1,4.5,3.6
53,48,4,7.7,5,5.9,4.9,3.5
53,49,4,7.3,4.6,5.7,4.2,3
53,50,4,8.8,6.5,7.1,4.9,3.2
53,51,3,6.9,4.7,5.7,2.9,2.3
53,52,9,16.9,10,12.1,8.3,6.3
53,53,2,5.7,3.5,4.3,3,2.2
53,54,3,6.4,3.5,4.6,3.3,2.3
53,55,4,10.8,6.1,7.4,8,4.9
53,56,5,9.6,5.9,6.8,6.3,3.9
53,57,2,4.9,2.8,4,2.6,2.1
53,58,6,9.5,5.5,6.5,4.8,4.1
53,59,4,8.5,5.1,5.8,3.9,3.5
53,60,3,8.8,4,5,4.1,3
53,61,2,6.3,3.8,4.4,3.9,3.4
53,62,3,6.9,4,4.6,6.1,3.8
54,1,4,10,5.6,6.9,4.7,4
54,2,7,13.6,9,10.2,6.3,6.1
54,3,6,19.3,11.5,12.7,6.8,7.5
54,4,7,13.6,10.4,11.2,7.7,7.3
54,5,5,10.6,7,8.1,5.3,4.2
54,6,8,15.4,8.5,10,6.3,5.3
54,7,8,16.3,10.6,13.4,8.7,7.3
54,8,8,16.1,9.2,10.8,8.8,5.7
54,9,9,17.2,10.5,13.9,8.8,7.6
54,10,5,14.6,8.6,9.9,5.8,4.8
54,11,5,13.6,10,11.7,6.7,6.7
54,12,9,16.9,11.1,12.8,7.8,6.9
54,13,5,10.1,6.1,7.6,4.7,4.7
54,14,6,12.5,7.5,9.4,6,5.2
54,15,6,14.8,8.9,10.3,5.9,4.8
54,16,4,7,4.1,5,3.4,2.8
54,17,7,13.4,8.4,9.7,6.2,6.1
54,18,6,11.5,6.7,8.5,5.4,5
54,19,9,19.2,11.7,14.2,7.9,7.2
54,20,6,13.5,8.8,11.2,6.8,5.6
54,21,4,7.8,4.4,4.9,3.4,2.9
54,22,7,13.1,8.1,9.6,7.2,5.4
54,23,3,7.4,4.2,5.5,3,2.6
54,24,10,21.2,15.2,18.2,9.3,8.4
54,25,9,12.9,8.4,10.7,6.3,5.7
54,26,5,9.5,6.1,7.5,4.4,3.9
54,27,7,15.1,8.3,10.3,6.3,5.8
54,28,8,18.8,12,13.9,7.9,7.3
54,29,4,8.7,5.3,6.5,4.2,3.8
54,30,4,6.8,3.9,5,3.2,2.8
54,31,8,20,13.1,14.8,8.8,7.7
54,32,7,12.9,8.4,9.1,5.9,5.2
54,33,4,9,5.2,7.2,3.8,3.4
54,34,9,20.6,14.8,16.1,8.7,7.6
54,35,7,14.7,8.6,11.2,5.6,5.5
54,36,5,13.1,7.8,9.7,6,5.6
54,37,9,18.1,12.2,14.2,8.2,7.3
54,38,5,12.2,7.8,9.2,5.6,4.6
54,39,3,6.3,3.8,4.9,3.8,2.6
54,40,7,11.5,8.2,10,7.8,6.1
54,41,5,9.9,6.5,7.7,5.4,5
54,42,7,16.2,9.5,11.3,8,6.8
54,43,9,17.9,11.5,14.7,9.6,7.8
54,44,5,10.4,6.4,7.7,5,4.1
54,45,4,8.3,4.6,6.5,4,3.4
54,46,6,12.8,6.5,8.4,6.8,4.7
54,47,5,10.6,6.2,7.9,5.5,4.1
54,48,9,15,8.3,10.4,8.3,6
54,49,5,11,6.2,6.9,5.8,4
54,50,6,16.2,9.8,11.8,6.2,5.4
54,51,6,13.6,9,10.5,5.3,4.9
54,52,5,8.6,5.2,6.6,4.2,3.5
54,53,4,10.2,6.2,7.4,5,4.2
54,54,5,11.1,6.9,8.6,7.5,4.6
54,55,6,12.1,6.3,8.6,8.3,5.5
55,1,1,4.2,2.3,3,3.7,1.6
55,2,2,4.6,3.4,3.9,2,2
55,3,2,6.2,3.8,4.1,2.1,2.3
55,4,2,4.9,3,3.5,2.9,2.2
55,5,3,7.8,4.6,5.1,3.5,3.1
55,6,3,9.3,5.1,5.6,3.7,3.1
55,7,4,10.2,7.3,7,5.2,4.4
55,8,4,9.7,4.3,4.7,3.4,2.8
55,9,6,11.3,6.5,7.8,5.2,4.8
55,10,3,7.5,4.4,5.1,3.6,3.3
55,11,5,13.3,7,8.3,5.4,4.6
55,12,4,8.4,4.4,5.7,3.8,3.1
55,13,4,14.6,6.6,7.9,6.2,5.3
55,14,5,12.9,7.1,9.2,6.7,5.3
55,15,6,15.3,9.2,10.6,8.2,5.8
55,16,4,13.6,6.9,8.5,6.3,4.6
55,17,4,11.3,5.1,6.4,4.6,3.9
55,18,4,12.4,7,7.8,6.1,4.8
55,19,3,8.6,4.4,5.5,4.1,3.1
55,20,4,11.5,4.7,6,4,3.4
55,21,4,12.2,7,8.7,5.4,4.9
55,22,4,10.4,4.9,6.3,4.3,3.8
55,23,4,13.7,6.5,7.9,5.5,4.9
55,24,6,14.7,7.4,8.5,6.4,5
55,25,4,13.4,6.7,7.4,6.3,4.9
55,26,4,8.2,3.6,4.5,4.6,2.3
55,27,6,13.5,6,7.2,7.4,5.5
55,28,4,13.8,6.5,7.9,8,6.7
55,29,10,17.6,9.2,11.5,7.1,6.4
55,30,4,13.9,7.1,7.5,5.9,4.7
55,31,4,9.1,4.4,5.4,4.2,3.4
55,32,4,12.5,6.9,7.4,6.2,4.7
55,33,16,34.6,20.4,24.7,15.3,14.1
55,34,4,14.7,6.7,7.4,5.6,4.5
55,35,8,18.5,11.2,12.7,9,7.5
55,36,4,13.1,7.2,8.3,5.7,4.5
55,37,6,15.9,9.4,10.4,7.5,6.3
55,38,4,14.6,7,7.7,5.7,4.4
55,39,8,18.5,13.5,15.3,9.2,8.6
55,40,4,13.5,7.5,8.2,5.6,4.4
55,41,6,16.3,9,11.1,11.5,6.7
55,42,4,15.2,6.6,7.7,6.9,4.8
55,43,6,13.1,7,8.8,8.1,5.6
55,44,5,12,6.2,6.3,7.1,5
55,45,4,15.7,6.7,7.9,8.9,6.2
55,46,5,12.3,6.5,7.2,5.4,4.3
55,47,4,16.7,7,8.6,6,4.8
55,48,2,8.5,4.4,5.3,3.1,2.4
55,49,4,15.3,6.6,8,5.5,4.5
55,50,3,8.8,4.7,5.7,4,2.9
55,51,4,13.7,6.2,7.8,5.9,4.9
55,52,5,12.6,6.7,8.1,6.1,4.8
55,53,4,14.6,7.1,7.7,6,4.8
55,54,9,24.6,12.8,15.9,10.4,9.3
55,55,4,15.7,6.7,8.5,6,5
55,56,9,21.1,13.6,16.8,10.3,9.7
55,57,4,14.7,7.9,8.2,5.5,4.7
55,58,3,11.8,6.5,7.6,5.6,4.9
55,59,4,13.7,6.6,7.8,5.9,4.7
55,60,5,14.5,7,7.4,6.7,4.7
55,61,4,15.5,6.8,7.8,7.7,6.2
55,62,3,9.8,4.9,6.8,4.9,3.7
55,63,4,14.4,6.3,7.7,6.4,4.6
55,64,1,9.6,5.5,6.6,6.1,4
55,65,4,13.9,6.7,7.5,5.8,4.7
55,66,3,10.4,4.8,6,4.5,3.4
55,67,4,15,6.5,7.7,5.5,4.3
55,68,4,12.1,7,8.5,6,4.5
55,69,4,14.6,6.9,7.5,6.2,4.3
55,70,3,9.3,4.7,5.3,3.8,3
55,71,4,14.2,6.3,7.7,5.5,5.1
55,72,4,10.7,6.2,6.7,5.4,4.3
55,73,4,13.9,6.5,7.6,6.4,4.9
55,74,6,14.7,9.9,11.5,8.9,7.1
55,75,4,15.3,6.9,7.5,6.5,4.9
55,76,6,15.1,8.4,9.7,7.8,5.6
55,77,4,14.5,6.5,7.7,7.2,4.9
55,78,6,12.4,5.9,6.9,8.3,5.5
56,1,3,6.6,3.4,4,2.6,2.7
56,2,3,7.7,4.3,4.4,2.8,3
56,3,2,6.3,3.6,3.7,1.8,2.3
56,4,4,7.5,4.5,4.7,2.7,3.1
56,5,3,7.2,4,4.5,2.6,3
56,6,3,10.2,6.5,8.2,4.4,4.9
56,7,3,10.4,5.6,5.5,3.3,3.6
56,8,5,12.3,7.2,7.6,4.2,4.7
56,9,5,13.3,7.7,7.7,4.2,4.8
56,10,2,7.8,4.7,4.4,3.1,3.4
56,11,2,8.1,5,5.3,3.4,4.2
56,12,3,7.7,5,4.5,3,3.2
56,13,3,7.3,4.3,5,2.5,3
56,14,3,8.7,5.2,5,2.8,3.4
56,15,3,7.1,4.3,4.3,2.4,2.7
56,16,3,11.1,6.1,5.7,3.8,4
56,17,4,10.3,6.9,6.8,3.8,4.5
56,18,5,14.2,8.6,8.4,4.9,5.7
56,19,5,11.9,6.6,7.2,4.1,4.8
56,20,3,11.1,7,6.6,4.2,4.1
56,21,4,9.9,6,6,4,4
56,22,2,6.5,2.8,3.2,1.7,1.8
56,23,3,8.7,5.1,4.8,3.3,3.3
56,24,4,12.1,7.7,6.8,4.9,5.3
56,25,6,12.1,8.2,8,5,5.5
56,26,4,11,6.7,6.1,5.9,4.6
56,27,5,12.2,7.7,7.5,4.4,5.1
56,28,3,7.3,4.3,4,2.1,2.6
56,29,2,7.7,4.3,4.9,2.1,2.7
56,30,2,6.5,3.8,4,2.1,2.4
56,31,2,8.9,5.3,4.9,3.7,3.3
56,32,2,6.4,4.1,4.6,2.5,2.5
56,33,4,9.1,5.7,5.7,3.4,3.6
56,34,2,6.9,3.9,4,2,3.2
56,35,3,12.8,10.6,11.1,5.8,6.7
56,36,2,8.3,5.1,5.1,2.6,3.1
56,37,2,6,3.5,3.1,1.6,1.9
56,38,2,7.1,3.5,3.9,2.1,2.5
56,39,3,8.1,4.9,4.3,2.3,3.1
56,40,3,8.8,5,5.1,2.9,3.1
56,41,5,12.7,7.6,8,4.6,4.2
56,42,3,7.5,4.2,4.6,2.8,2.6
56,43,3,7.5,4.6,4.9,3,3.1
56,44,4,8.3,4.8,5.6,2.9,2.9
56,45,5,10.4,7,7.8,4.5,4.3
56,46,5,12,6.7,7.1,4.1,4.4
56,47,9,21.4,14.8,14.8,8.6,9
56,48,2,10,6.4,6,4.2,4.1
56,49,4,10.2,6.6,6.3,3.8,3.3
56,50,5,13.7,7.8,7.9,6,5.2
56,51,5,15.9,11.3,11.6,7,6.9
56,52,5,11.4,7.7,8,4.4,4.3
56,53,3,7.1,5,4.8,3.1,2.8
56,54,4,8.1,5.5,5.1,4,3.8
56,55,3,7.2,4.3,4.2,2.7,3.4
56,56,4,8.1,4.7,4.9,3.4,5.3
56,57,4,11,6.2,6.5,4.3,4.6
56,58,3,7.9,4.8,5.6,3,3.1
56,59,5,12.5,9,8.8,4.9,5.2
56,60,7,14.1,9.3,8.8,5.2,5.6
56,61,9,17.1,12.4,12.1,7.2,6.9
56,62,6,15.1,9.3,9.2,7.7,5.9
56,63,3,8.4,5.8,5.9,3.5,3.2
56,64,5,13.5,9,8.6,4.9,5
56,65,6,16.2,10.6,9.7,7.5,6.3
56,66,2,6.5,4.2,4.7,2,2.5
56,67,3,8.2,4.1,3.4,2.7,2.6
56,68,4,10.2,7.4,7.2,5.1,4.7
56,69,7,14.3,10.4,10.2,6,6.3
56,70,6,13.6,9.6,8.9,6.2,6.5
56,71,4,10.1,7,7.1,4.2,4.2
56,72,6,15.7,11.3,10.9,6,6.4
56,73,5,13.7,9,8.5,5.1,5.5
56,74,4,9.9,5.3,4.7,3.1,3.8
56,75,4,9.9,7.1,6.9,4,4.1
56,76,5,10.6,7.4,6.9,4,4.6
56,77,3,8.8,6.6,6.6,2.8,3.7
56,78,3,6.9,4.6,4.7,2.3,2.8
56,79,4,11.2,6.8,6.8,3.3,3.5
56,80,4,10.1,6.4,6.4,3.3,4.1
56,81,4,10.8,7.5,7.5,4.2,4.3
56,82,4,11.2,7.6,7.3,4.4,4.8
56,83,4,10.7,6.7,6.7,3.5,3.6
56,84,3,9.8,7,7.2,4.1,4.4
56,85,7,13.1,8.5,8,5.4,5.6
56,86,5,12.8,8.5,8.2,4.1,4.2
56,87,4,13.4,8.1,8.2,4.2,4.9
56,88,5,11.6,8.2,8,4.4,4.7
56,89,4,12.7,7.6,7.4,4.4,4.7
56,90,6,12,8.6,8.3,4.1,5.2
56,91,5,9.5,6,6.2,3.6,3.6
56,92,6,16.1,11.5,11.9,8.1,7.6
56,93,3,6.3,4.1,3.8,2.6,2.5
56,94,2,5.9,3.2,3.1,2.7,2.4
56,95,5,10,5.8,6.4,4,4.4
56,96,4,8.7,5.2,4.6,5.1,4.8
57,1,9,19.3,9.5,9.7,6.7,6.6
57,2,11,23.2,12.2,12.9,7.7,8.2
57,3,9,19.8,10.7,11,6.9,6.7
57,4,36,60.1,36.4,38.8,22.9,24.5
57,5,8,16.6,9.4,10,5.6,5.9
57,6,12,23.6,13.9,14.6,8.4,8.8
57,7,15,34.6,23.8,24,14.9,14.3
57,8,15,28.7,18.7,19.1,12.3,14.3
57,9,17,32.7,24,23.6,13.1,13.5
57,10,37,68,47.7,48.6,30.3,27.8
57,11,12,21.6,15.3,14.8,9.6,9
57,12,22,49.4,34.4,33.7,21.1,18.5
57,13,27,45.9,54.6,44.9,25.2,26.5
57,14,20,35.4,34.9,31.7,22.8,20.2
57,15,15,24.8,20.3,21.1,12.4,11.6
57,16,28,41.5,40.9,39.2,29.2,21.1
57,17,13,23.6,18.7,18.4,10.2,12.2
57,18,12,21.7,17.9,17,10.7,10.3
57,19,20,46.8,35,34.4,23.7,21
57,20,39,75.9,72.6,58.6,35.8,33.8
57,21,25,45.4,36.5,35.8,32.7,19.7
57,22,21,33,25.5,25.9,12.9,14.2
57,23,15,26.6,18.6,18.8,14.9,10.5
57,24,12,23.2,17.8,16.8,12.5,10.4
57,25,28,67.2,50,42.7,27.6,25.7
57,26,14,32.6,22.7,23.5,14.6,14.2
57,27,39,79.6,67.9,58.8,38.8,36.6
57,28,21,41.2,26.9,26.9,18.2,15.9
57,29,22,36.4,25.9,25.5,22.5,17.2
58,1,18,34.5,23.3,21.6,14.8,14.4
58,2,23,53.6,32.2,38.3,24.1,23.2
58,3,21,45.6,31.7,30.4,22.5,22
58,4,26,56.4,31,36.5,23.3,22.4
58,5,18,45.5,25.7,30.5,17.9,17.1
58,6,15,32.9,17.3,21.6,12.6,12.2
58,7,47,87.8,49.5,53.8,30.4,29.5
58,8,38,76.7,47.3,61,43.1,42.1
58,9,19,43.7,33.1,28,17,16.2
58,10,17,38.6,21.3,24.5,18.1,17.5
58,11,30,58.9,33.2,39.1,24.4,23.4
58,12,22,43.3,25.3,29.2,17.1,16.7
58,13,24,47.7,26.2,31.4,19.9,19
58,14,19,28.9,16.9,19.5,17.7,12.4
58,15,10,20.1,11.8,14.3,13.7,8.3
58,16,10,22.7,13.2,15.3,12.9,8.9
58,17,15,30.6,18.7,21.9,18.3,12.6
58,18,17,35.8,21.1,23.1,19.5,17.9
58,19,15,34.3,19.3,22.4,25,14.9
58,20,8,21.5,13.9,15.2,13.5,8.7
58,21,9,19.3,10,11.4,11.2,7.4
58,22,51,108.4,67.8,81.6,72.6,53
59,1,11,18.3,9.5,11.1,8.5,6.8
59,2,40,81,48.5,53.3,40.3,30
59,3,14,28.2,15.8,20,14.2,10.5
59,4,12,31.6,18.2,21.4,18.5,11.9
59,5,13,27.4,16.7,18.6,16.3,10.5
59,6,25,47.5,32.6,43.3,26.6,21.5
59,7,37,79.5,47,61.5,38.2,29.2
59,8,18,44.8,31.5,30.1,24.5,17.1
59,9,31,69.9,45.7,52,29.3,26
59,10,23,53.2,32.8,39.8,23,18.6
59,11,28,45.5,36.3,47,26.7,20.2
59,12,16,28.7,18.6,24,16.1,12.3
59,13,12,25,13.8,17.8,13.1,11
59,14,23,33.8,26.4,33,23.7,19
59,15,11,15.3,11.3,14.6,9.1,7.7
59,16,17,25.1,27.1,35.2,15.6,14.4
59,17,10,19.4,15.2,17.9,12.6,10
59,18,17,24,19.8,24.9,15.1,11.8
59,19,10,17.9,13.7,15.5,10.5,8.7
59,20,10,18.1,14.3,17.7,12.4,10.2
59,21,18,29,22.1,26.2,19,14.2
59,22,13,17.2,12.5,16.6,9.7,7.8
59,23,19,24.6,20.4,25.1,21.1,13.7
59,24,17,23.7,17.8,21.9,18.1,13.8
60,1,48,86.3,62.5,88.2,59.2,44.5
60,2,13,22.8,20.4,29.6,15.7,12
60,3,13,22,16.9,20,13.3,10.3
60,4,52,86,74.4,99.5,55.3,39
60,5,13,18.1,14.8,18.1,11.9,9
60,6,19,22.7,19.4,22.3,15.4,12.5
60,7,15,24,17.1,20.1,14.2,12.5
60,8,21,28.5,22.8,27.2,19.5,15.6
60,9,21,34.9,32.1,33,21.9,17.4
60,10,55,107.6,77.2,96.1,57.5,44.5
60,11,21,35.5,26.4,31.5,20.6,15.2
60,12,38,81.1,63.4,71.9,40.2,29.8
60,13,19,26,19,21.1,19.2,15.9
61,1,11,15.9,9.2,11.3,8.2,6.7
61,2,8,14.9,8.9,10.9,7.5,5.7
61,3,9,12.4,7.7,9.9,7.2,5.9
61,4,11,21.2,13.9,17.1,12.1,9.6
61,5,23,39.5,24.1,29.8,20.1,15.9
61,6,31,64,39.3,45.5,31.2,27
61,7,16,23,15.1,18.8,13.4,10
61,8,11,19.5,12.1,15,10.9,8.4
61,9,14,21.9,17.2,17.6,15.1,11.1
61,10,11,19.8,14.4,17.9,11.2,8.8
61,11,15,32,18.7,22.5,16.1,12.7
61,12,17,30.5,19.4,25.2,19.5,13.1
61,13,9,23.2,11.6,15.3,11.5,8.1
61,14,35,72,50.5,56,45,31.2
62,1,12,19.9,10.2,12.9,10.5,8.3
62,2,21,44.6,24.7,33.3,21.4,17.7
62,3,8,15.1,9,11.4,7.2,6.5
62,4,10,18.9,10.5,12.9,10.8,7.9
62,5,23,40.7,22.7,28.8,20.4,17.3
62,6,17,32.5,32.9,26.6,18.7,17
62,7,9,21.6,13.8,16.4,9.9,10
62,8,18,32,20.2,26.1,18.2,14.3
62,9,21,36.1,23,28.4,19.2,15.1
62,10,15,22.8,14.3,22.8,17.1,12.1
62,11,21,36.6,24.1,28.6,24.7,17.9
63,1,17,35.8,25.8,30.9,18.9,16.2
63,2,12,26.7,16,20.5,13.2,11.2
63,3,11,19.2,10.4,13.7,9.8,8.6
63,4,22,51.5,27.8,36.7,24.6,21.4
63,5,14,24.5,14.5,18.5,12,12.4
63,6,18,30,17.7,22.3,16.9,13.5
63,7,20,40.2,23.3,29.1,20.5,17
63,8,17,36.7,21.9,26.8,21.5,18.2
63,9,17,35.5,21.1,25.5,18.2,14.4
63,10,21,57.8,32.3,30.2,23.3,18
63,11,11,21.2,13,16.4,15.7,10.8
64,1,17,25.7,13.4,17.3,10.8,9.8
64,2,11,23.5,12.4,15.9,11.1,9.2
64,3,9,19.7,10.5,13.7,9,8
64,4,14,26.5,13.3,18.1,12.4,10.8
64,5,13,20.4,11.4,15,9.4,9
64,6,16,39.6,21.3,26.5,17.8,16.8
64,7,18,32.1,20.4,25.4,15.8,12.9
64,8,10,24.7,13.6,16.6,10.8,8.9
64,9,27,70.6,36.2,44.5,30.1,24.8
64,10,11,25.4,15.8,18.4,16.8,10.7
64,11,16,29.4,17.4,20.5,14.6,11.7
64,12,11,22.7,12.7,16.5,11.5,12.3
64,13,9,19.5,10.4,13,8.3,6.9
64,14,18,35.2,23.4,27.7,18,15
64,15,8,20.6,13.3,16,9.5,7.5
64,16,16,28.5,18.8,22.8,16.4,14.2
64,17,12,20.8,12.7,14.9,11.8,8.5
64,18,5,10.9,5.5,7.1,8,6
65,1,41,64.6,49.5,61.9,37.9,33.1
65,2,30,50.7,33.7,43.3,27.6,23.5
65,3,21,32.1,19.5,24.3,16.7,15.1
65,4,28,53.1,38.1,41.3,31,24.3
65,5,14,26.4,18.2,20.6,13.5,10.9
65,6,32,72.9,52.3,56.9,37.5,30.8
65,7,25,47.1,32.3,34.9,24.8,20.1
65,8,14,28.3,25.7,21.1,16.2,16.1
65,9,7,13.4,8.3,9.7,5.7,5.6
65,10,16,31.1,20,22.9,13.7,11.9
65,11,34,63.1,42.8,51.1,35.3,28.9
65,12,25,50.5,29.1,38.8,24.3,21.1
66,1,14,27.7,18.9,20.1,11.6,10.7
66,2,11,23.4,12.6,15.2,8.9,10.1
66,3,29,51.6,33.8,39.9,25.3,21.6
66,4,21,43.4,27.7,32.3,21.2,19.3
66,5,17,55.2,38.8,40.6,28.3,22
66,6,22,56.6,43.9,42.9,26,22.2
66,7,11,24.9,15.5,18.5,11.5,8.8
66,8,45,113,61.3,82.5,57.5,41.6
66,9,11,30.8,18,21.9,14.3,10.7
66,10,27,53.8,32,42.7,28.1,21.4
66,11,24,56,29.7,37.3,25.2,16.8
66,12,17,32.8,26,31.9,20.2,17.8
67,1,9,15.1,9.6,10.9,8.1,7.1
67,2,11,22.3,13,15.7,11.8,9.7
67,3,18,32.3,19,23.8,16.1,13.4
67,4,10,18.1,11.7,13.6,10.4,9.4
67,5,12,30.7,19.1,22.6,16.8,13
67,6,7,17.3,10.2,12.6,8.5,6.8
67,7,8,13.4,9.8,12.8,8.3,6.3
67,8,13,27.5,17.6,20.5,14.2,10.3
67,9,18,33.1,19.8,24.3,19.2,13.1
67,10,11,18.5,12,13.7,9.7,7.1
67,11,5,13.9,8.6,10.3,7.2,5.7
67,12,9,19.4,13.2,14.9,10.8,7.9
67,13,9,18.6,11.3,13.1,9,7.5
67,14,7,12.1,6.6,7.5,7.4,4.6
67,15,14,26,15.5,18.4,14.7,10
67,16,11,18.5,13.1,14.8,10.7,8.2
67,17,12,24.6,16.4,18.3,12,10
67,18,8,14.9,8.9,10.2,7.3,7.2
67,19,15,35.6,22.3,25.2,19.4,14.8
67,20,15,28.1,17.9,20.2,14,11.1
67,21,12,22.4,13.7,16.4,10.5,8.5
67,22,12,26.4,17.7,19.9,11.9,9.8
67,23,12,26.1,16.2,18.1,12.1,9.3
67,24,8,12.7,6.9,9.2,8.5,5.1
67,25,7,15.8,8.9,10.4,6.8,5.5
67,26,9,17.5,11.8,14,8.5,6.5
67,27,13,27.8,16.5,19.3,14.9,10.9
67,28,15,24.4,15.5,18.6,16,10.3
67,29,13,24.5,15.1,18.4,13.3,9.7
67,30,10,23.2,14.1,18.2,16.1,12.2
68,1,4,13.2,8.6,9.2,7.6,5.5
68,2,5,10.6,7.8,7.6,5.2,4
68,3,5,9.8,5.8,6.5,4.8,3.6
68,4,4,9.9,5.3,6.2,4.8,3.3
68,5,2,7.1,3.8,4.8,2.4,3.1
68,6,2,7.2,3.4,4.8,2.7,2.4
68,7,11,21.1,12.7,14.3,9.2,7.8
68,8,3,6.9,4.6,5.1,3.4,2.6
68,9,4,8.7,4.8,5.6,4.2,3.4
68,10,5,10,6.1,6.6,5.2,3.7
68,11,3,11.1,7.9,9.2,6.5,5
68,12,4,10.2,5.8,6.7,4.8,3.8
68,13,4,8.3,4.9,6.4,4,3.5
68,14,5,8.8,6.2,6.4,4.5,3.6
68,15,7,16.2,8.8,10,7.3,5.9
68,16,3,7,4.1,4.7,5.6,2.9
68,17,10,24,15.3,17.4,9.8,9.2
68,18,2,6.1,3.7,3.5,3,2
68,19,7,17,11,11.7,8.2,7.2
68,20,2,6,3.5,4,2.9,2.1
68,21,2,6.9,3.4,4.1,2.7,2.5
68,22,7,13.5,7.8,9,5.9,5.1
68,23,3,8.7,6,6.2,4.2,3.5
68,24,6,11.8,7.8,8.9,5.7,4.9
68,25,4,10.2,5.5,6.5,3.9,3.6
68,26,5,14.5,10.8,12.4,9.4,6.5
68,27,3,7.7,3.8,4.2,2.7,2.4
68,28,7,12.8,7.7,8.5,6.3,5
68,29,6,15.6,9.8,11.2,6.4,6.2
68,30,5,12.1,7.2,7.9,5.5,5
68,31,5,13.5,9,10,5.9,4.8
68,32,10,22.9,16.5,16.6,9.6,8.4
68,33,8,21.4,11.6,13.1,12.8,9.5
68,34,6,14.4,9.8,10.9,7,5.9
68,35,3,9.1,6,6.8,4.7,3.7
68,36,4,6.9,3.7,4.7,3.3,2.6
68,37,5,9.2,6,6.9,4.8,3.8
68,38,5,9.6,6.1,6.4,4.4,3.7
68,39,12,19.7,12.8,14.7,10.2,8.6
68,40,4,9.1,6.1,6.1,4.2,3.7
68,41,8,18,13.6,13.2,9.4,8.8
68,42,9,16.8,10.5,12.3,8.9,7.1
68,43,11,22.6,13.5,14.9,10.7,8.8
68,44,10,20.2,13.1,14.1,9.3,7.9
68,45,5,11.6,6.4,6.9,4.8,4.4
68,46,7,14.1,9.9,10.1,6.7,5.7
68,47,5,9.7,6.6,6.6,4.7,4.6
68,48,11,18.1,12.3,13.1,9.6,7.5
68,49,10,20.6,15,16,10.5,8.5
68,50,5,12.1,7.7,7.7,5.6,4.8
68,51,12,25.5,18.1,19,14,11.2
68,52,5,11.1,6.2,6.8,8,5.1
69,1,1,5.2,4.6,5.5,4.5,4.8
69,2,2,6.1,4.5,5.6,5.1,4.3
69,3,4,8.8,7.4,8,7.5,4.9
69,4,4,7.4,6.4,6.8,4,4.3
69,5,4,6,6.8,7.6,4.3,4.9
69,6,6,11.4,9.7,11.1,6.3,5.9
69,7,15,20.6,21.2,22.7,14.4,12.8
69,8,5,6.5,5.7,6.7,4.1,3.1
69,9,6,11.1,11.4,11.3,7.9,7.3
69,10,6,8.7,8.6,9.1,5.6,4.9
69,11,7,10.5,10.7,10.7,7.8,6.3
69,12,6,11.8,11,11.7,8.8,5.8
69,13,6,7.7,6.9,7.9,4.5,4.2
69,14,6,8.5,9.5,10.1,7,5.5
69,15,3,6.2,5.7,6.1,4.6,3.7
69,16,5,10.4,9.8,9.8,6.6,6.1
69,17,9,18.7,15.8,15.9,10.1,9.1
69,18,6,9.5,8.6,9.3,15.8,5.5
69,19,9,16.4,14.2,15,9.1,31.5
69,20,5,9.8,8.4,8.8,5.9,4.8
69,21,4,5.4,4.9,5.1,3.3,2.7
69,22,3,5.1,4.2,5.2,3,2.3
69,23,2,5.4,3.7,3.9,2.6,2.1
69,24,8,16.3,12.9,12.7,9,6.8
69,25,10,14.5,14.1,14.8,17.6,9.1
69,26,4,6.8,4.4,4.6,3.5,2.8
69,27,3,6.4,5.3,5.4,4.5,3.2
69,28,4,7.9,6.5,6.3,8.4,3
69,29,3,5.8,4.9,5.5,4.1,2.9
69,30,2,5.5,3.1,3.9,5.9,2
69,31,3,6,4.7,4.9,4.3,2.9
69,32,7,11.3,10.7,11.1,8.8,6.7
69,33,6,8.6,7.9,7.8,7.6,4.8
69,34,5,8.3,6,6.1,5.3,4.4
69,35,5,7.2,5.3,5.9,4.7,3.5
69,36,5,7.8,5.5,5.5,4.9,4.5
69,37,4,9.5,6.6,6.6,6.7,4.5
69,38,4,7.9,5.9,6.5,3.7,3.2
69,39,3,5.5,3.2,3.6,2.8,2.2
69,40,4,7.8,6.3,6.6,4.5,3.7
69,41,7,11.2,8,9.1,6.7,4.9
69,42,6,11.9,8,8.7,6.5,4.7
69,43,4,8.4,6.1,6.9,5.5,3.7
69,44,5,10.4,6.6,8.3,4.1,4.1
69,45,3,6.4,4.3,4.8,3.2,2.7
69,46,4,7.8,5.5,6,3.6,3.4
69,47,6,10,7.3,8.4,5.8,4.6
69,48,3,8.6,6.6,7.6,5.4,3.9
69,49,5,11.6,8.6,9.4,7.2,5.2
69,50,4,8.4,6.4,7.6,5.6,3.9
69,51,3,5.8,4.8,5.6,3.8,3.3
69,52,4,7.2,5.1,5.2,6.4,4.6
70,1,4,9.4,7.3,8.3,7.5,5.7
70,2,4,6.7,4.9,5.5,4.5,3.4
70,3,4,4.7,3.7,4.3,3.2,2.5
70,4,11,17.4,13.9,15.1,15.8,9.1
70,5,3,5.4,4.5,5.1,4.3,2.6
70,6,3,6,5.3,6.1,3.9,3.2
70,7,2,4.7,3.3,3.6,3.4,2
70,8,4,7.4,6.4,7.1,6.1,3.5
70,9,3,5.5,4.4,5,3.8,2.7
70,10,4,7.1,5.1,5.2,5.6,3.2
70,11,9,15.7,12.6,13.6,11,7.6
70,12,2,5.8,3.9,4.2,3.8,2.7
70,13,3,6.4,5,5.3,4.3,3.3
70,14,6,11,8.1,8.9,7.5,5.4
70,15,3,7.5,5,5.8,4.9,2.9
70,16,2,5.7,3.8,4.2,3.4,2.4
70,17,4,6.4,4.6,5.4,3.9,2.9
70,18,2,4.3,2.9,3.2,3.5,2.1
70,19,4,8,6.2,6.8,5.3,3.8
70,20,4,6.2,4.8,5.3,3.8,3
70,21,4,6.5,5.2,5.6,4.4,3
70,22,2,5.5,3.4,3.5,3.2,2.1
70,23,5,11.6,7.4,8.6,6.9,5.3
70,24,5,10.6,8.9,9.3,6.8,4.7
70,25,2,8.5,5.5,5.2,4.9,3.6
70,26,4,8.7,6.4,6.5,5,3.7
70,27,6,10,8.2,8.7,7.4,4.6
70,28,5,9.4,6.2,6.7,5.4,5.1
70,29,4,7.9,6.3,7,5.5,3.9
70,30,10,18.2,14.1,14.8,10.1,7.3
70,31,7,13.3,11.6,10.9,11.2,7.3
70,32,5,10.6,8.4,9.2,7.4,4.5
70,33,4,10.4,8.7,8.9,8.5,5.5
70,34,5,9.4,8,7.4,5.8,4.5
70,35,4,11.3,8.3,8,6.5,5.3
70,36,5,8.8,6.7,7.7,5.7,3.9
70,37,5,7.8,5.7,6.9,4.7,3.3
70,38,8,13.3,10,10.9,8.5,5.8
70,39,5,15.3,9.4,10.3,9.3,4.7
70,40,7,14,12.3,11.9,8.6,6.1
70,41,8,13.5,11.6,11.8,8.3,6.3
70,42,8,15.2,12.1,12.5,9.3,6.3
70,43,9,16.9,13.4,14.6,11.2,8.1
70,44,9,18.3,13.3,15.3,13.3,9.8
71,1,14,23.5,18.7,20.8,12.5,10.1
71,2,6,11.4,7.3,8.8,5.9,4.4
71,3,5,8.8,6.3,7.1,5.2,3.9
71,4,18,33.8,25,28.1,18.9,13.9
71,5,7,11.1,8.7,9.8,6.5,5.2
71,6,5,11,9,8.8,6.5,5
71,7,14,28.8,29.9,28.4,19.8,14.9
71,8,4,8.1,6.7,7.1,4.7,3.6
71,9,7,14.3,11.2,11.5,7.9,6.4
71,10,6,11.7,8.9,9.6,7,5.1
71,11,4,9,7.6,7.6,6.2,4.8
71,12,9,17.9,14.9,16.3,12.6,8.5
71,13,6,8.8,6.9,7.9,5.3,4.2
71,14,3,5.7,4.3,4.8,3.5,3.3
71,15,8,13.1,9.3,10.5,7.6,6.6
71,16,7,11.6,9.8,10.9,7.7,5.4
71,17,5,9.5,7.3,8.2,5.5,4.3
71,18,5,10.8,8.2,9.4,6,4.9
71,19,5,7.3,5.9,6.6,4.7,3.7
71,20,4,7.6,6.2,6.6,6.9,3.7
71,21,13,20.8,16.4,18.4,11,9.4
71,22,3,7.1,5.7,5.8,3.7,3.1
71,23,13,20.6,17.5,19.3,12.5,9.9
71,24,8,15.7,11.2,11.8,8.2,6.6
71,25,12,22.5,17.6,19.3,15.4,11.5
71,26,10,14.1,11.1,11.8,8.6,6.2
71,27,10,20.1,14.7,16,11.2,8.3
71,28,15,24.5,22.2,22,19,13.9
72,1,13,22.1,16,18.3,11.5,9.7
72,2,9,17.8,14.1,13.9,7.9,6.9
72,3,9,14.6,11,12.4,8.2,6.8
72,4,7,13.4,8.6,9.3,6.5,5.5
72,5,10,16.8,13.7,14.6,9.2,8.4
72,6,11,20.6,15.5,17.1,10.8,9.4
72,7,9,14.7,11.2,12.3,8.1,6.6
72,8,8,18,13.2,13.9,10,7.9
72,9,13,23.6,16.6,18,12.3,9.9
72,10,13,18.5,14,15.2,10.1,7.9
72,11,9,18.9,16.5,16,10.3,9.2
72,12,11,18.1,13.9,14.6,9.3,7.6
72,13,14,24.2,20.1,21.5,13,11.1
72,14,10,21.5,16.5,17.7,11.5,10.1
72,15,5,11.2,8.3,9.1,8,5
72,16,7,14.3,11.8,12.4,8.7,7.2
72,17,10,19.3,13.9,14.8,11,8
72,18,8,12.8,9.5,10,6.7,5.9
72,19,10,18.2,13.5,14.6,8.6,8.4
72,20,8,15.1,11.6,12.7,6,5.1
72,21,8,11.8,8.5,10.1,6.4,5
72,22,12,18.5,12,14.5,10.6,8.2
72,23,16,30.4,20,24.6,15.2,13.2
72,24,11,18.9,13.6,16.5,9,8
72,25,11,17.4,12.1,15,8.3,7
72,26,7,13.1,8.5,10.8,6.2,5
72,27,13,20.1,13.7,15.6,9.7,8.9
72,28,13,20.1,14.7,16.9,13.2,13.6
73,1,2,8.5,5.8,5.8,2.9,3.1
73,2,4,7.2,4,4.3,2.7,2.8
73,3,5,8.9,7,6.8,3.4,3.4
73,4,6,10,7.1,6.6,5.6,4.5
73,5,5,10.9,7.1,8.2,4.8,4.4
73,6,8,12.6,9.3,10,6.4,5.8
73,7,6,8.8,6.7,8.2,4.7,4.3
73,8,6,9.8,7,7.4,5,4.8
73,9,9,14.9,10.4,12.7,7.7,6.3
73,10,7,12.3,8.6,9.2,6.3,5.6
73,11,6,13.4,9.5,9.8,6.3,6
73,12,4,10.7,8.5,9.4,5,4.8
73,13,5,11.5,7.7,8.3,5.9,4.9
73,14,8,14.2,10.2,11.9,7.4,8
73,15,11,24.5,18.7,20.4,10.8,9.5
73,16,6,12.1,9,10.3,6.5,5.5
73,17,8,14.1,10.5,12.2,10.2,6.8
73,18,6,15.6,10.2,11.8,9.4,7.4
73,19,9,18.8,12.7,14.1,12.1,8
73,20,78,133.3,97.7,106.9,77.3,63.1
74,1,2,7.1,5.5,5.4,3.2,2.3
74,2,2,4.3,2.9,3.3,2.3,1.7
74,3,2,4.8,2.8,3.3,1.8,1.9
74,4,2,4.8,3.2,3.8,2.1,2.1
74,5,2,4.2,2.7,3.3,2,1.7
74,6,3,6.5,4.5,5,2.6,2.3
74,7,2,5.9,3,3.4,2,1.9
74,8,4,7.2,4.7,5.3,3.2,3
74,9,4,9,6,6.1,4.5,3.6
74,10,4,7.2,4.7,4.9,3.8,3.2
74,11,4,7,4.8,5,2.6,3.1
74,12,4,7.9,5.8,6,3.4,3.5
74,13,2,5.5,3.1,3.3,2.4,2.6
74,14,3,5.9,4.4,5,2.8,3
74,15,4,6.6,4.7,5.1,2.6,2.5
74,16,5,11.5,8.1,8.7,5.7,4.5
74,17,2,5.5,3.8,4,2.2,2.1
74,18,3,6.9,4.8,5.1,2.6,2.7
74,19,3,4.9,3.4,3.6,2,2.1
74,20,4,5.7,4.3,4.9,2.7,2.5
74,21,2,3.7,2.6,3.5,1.4,1.6
74,22,3,4.9,3.5,4.1,2.3,2
74,23,3,5.4,4.2,4.8,2.6,2.5
74,24,6,10.6,7.6,8.2,4.5,3.9
74,25,5,9.5,5.8,6.5,3.8,3.4
74,26,2,4.6,2.7,3,2,2
74,27,4,7,4.7,5.2,3.4,2.6
74,28,4,6.1,3.5,4,2.8,2.3
74,29,2,5.1,3.3,4,3.1,2.3
74,30,3,6.3,3.7,4.1,3.2,3.6
74,31,57,82.4,93.7,105.7,64.7,56.4
74,32,2,2.9,2.7,3.5,2,1.7
74,33,3,3.4,3.4,3.9,2,2
74,34,3,5.2,4.6,5,2.2,2.2
74,35,3,4.4,4.4,5.2,2.6,2.5
74,36,2,3,3,3.8,2.1,1.9
74,37,7,8.8,9.9,10.1,7.4,6
74,38,5,7.3,6.2,6.8,4.2,3.7
74,39,3,6.6,5.9,6,3,2.7
74,40,3,7.8,6.9,7.7,5.1,4.2
74,41,2,3.6,2.8,3.1,1.8,1.8
74,42,4,6.4,3.7,4.3,2.7,2.3
74,43,5,5.7,5.3,5.6,4.1,3.2
74,44,4,4.6,4.8,4.8,3.6,2.8
74,45,4,7.4,6.9,7.5,6.5,4.7
74,46,4,6.5,5.9,6.1,3.6,3.3
74,47,3,8.6,5.2,5.6,3.3,2.6
74,48,4,7.1,6.5,6.9,5,4.2
74,49,5,6.2,5.9,6.1,4.2,3.6
74,50,3,6.2,6.5,7.1,3.9,3.8
74,51,3,3.8,3.9,4.4,2.5,2.4
74,52,9,10.6,10.6,11.1,6.8,6.1
74,53,5,6.2,6.4,7.4,4.1,3.4
74,54,3,5.5,6,6.2,3.4,3
74,55,3,5.1,5,5,3.7,3
74,56,11,16.3,16.7,15.6,13.8,9.5
75,1,4,6.4,6.2,6,4.3,2.7
75,2,4,7.5,6.9,7.1,4.6,3.2
75,3,5,7.9,7.5,8.4,4.8,4.4
75,4,6,10.6,8.2,8.3,5.5,4.2
75,5,5,7.2,6.7,7.3,4.3,3.9
75,6,4,6.2,5.3,5.6,3.6,2.9
75,7,3,4,3.5,4,2.1,2.1
75,8,2,3.5,2.4,2.9,1.5,1.6
75,9,3,4.8,4,4.4,2.5,2.4
75,10,5,10,7,7.4,5.5,4.3
75,11,3,3.8,2.9,4.5,2.2,1.9
75,12,4,6.4,5.5,5.7,3.6,3.3
75,13,6,10.2,9.1,10.2,5.7,5.6
75,14,5,9.5,6.9,7.4,4.6,3.9
75,15,3,5.2,4.4,4.6,3,2.5
75,16,6,7.6,6.6,7,4.2,3.8
75,17,4,7.7,6.7,6.6,3.8,3.7
75,18,4,7.5,6.4,6.5,4,3.6
75,19,4,8.1,5.8,6.9,3.5,3.5
75,20,4,6.9,5.3,5.8,3.2,3.6
75,21,2,4.9,3.7,4,2.1,2.1
75,22,3,7.5,5.8,6.4,3.7,3.1
75,23,3,6.3,3.8,4.2,2.4,2.4
75,24,3,7.8,6.5,6.3,4.2,3.6
75,25,5,7.5,6.2,7.1,3.9,3.7
75,26,4,8.2,6.8,6.9,4.7,2.9
75,27,3,7.9,4,4.4,3.6,3.2
75,28,3,7.1,5,5.4,3,3.3
75,29,3,6.6,4.7,5.1,3.3,3.1
75,30,4,7.5,5.4,5.8,4.4,3.6
75,31,4,5.8,4.2,4.5,2.7,2.6
75,32,3,6.5,5.1,5.4,3,3
75,33,5,9.3,7.5,8,4.4,3.8
75,34,3,5.2,3.5,3.8,2.3,2
75,35,4,7,4.7,5.2,3.1,2.7
75,36,5,8.8,6.7,7.3,4.7,4.2
75,37,6,8.6,7.7,8.6,4.8,4.4
75,38,5,9.8,6.9,7.9,4.4,4.3
75,39,5,9,7.3,8,5.1,4.4
75,40,7,12.2,9.7,9.9,10.9,6.9
76,1,11,15,12.5,12.4,8.3,7.2
76,2,10,20,16.3,15.6,9.7,9.1
76,3,7,14.8,12.3,11.2,7,6.2
76,4,6,16.2,12.9,12.2,7.1,6.6
76,5,8,15.6,12.3,11.1,7.2,6.6
76,6,7,14.1,10.6,9.7,6.5,6
76,7,7,14.8,11.9,10.7,8,6.5
76,8,7,16.7,12.3,12.4,7,6.6
76,9,10,18.5,14.8,14.4,10,9.2
76,10,7,14.6,10.8,10.2,6.4,5.4
76,11,8,16.2,12.1,11,7,6.9
76,12,5,12.2,8.9,8.3,5.4,4.6
76,13,10,18.5,14.9,13.8,8.6,8.3
76,14,6,15.3,10.9,9.9,7.1,6.1
76,15,8,18.5,15.2,13.6,8.6,8
76,16,5,12.7,9.6,8.2,5,5
76,17,6,13.6,10.2,9.5,6,5.2
76,18,4,10.6,7.3,6.6,4.5,4.2
76,19,9,20.5,16.2,13.8,9.3,10
76,20,7,13.8,10.7,9.6,6.4,6.3
76,21,13,31.2,29.9,21.6,13.8,12.5
76,22,8,17.3,12.2,11.9,11.1,7.2
76,23,6,13.6,9.1,8.9,6.2,5.3
76,24,9,13.9,9.2,8.9,6.3,5.6
76,25,5,9.7,6.6,7.4,4.5,3.9
76,26,7,12.1,8.9,8.9,5.9,4.9
76,27,8,21.1,15.7,15.2,10.9,9.1
76,28,9,22.4,16.2,14.6,9.1,8
76,29,9,18.2,12.8,13.1,9.2,7.7
76,30,11,23.5,17.2,17.1,12.4,10.1
76,31,10,18.3,13.9,13.1,12.3,10.3
77,1,2,5.5,3.7,3.7,2.3,2.4
77,2,2,5.7,4,3.9,2.3,2.8
77,3,2,5.9,4.5,4.3,2.3,2.8
77,4,2,5.5,3.9,4,2.6,2.6
77,5,2,5.3,3.8,3.9,2.4,2.3
77,6,3,5.7,3.1,3.4,1.9,1.9
77,7,3,8.3,5.4,5.1,3.2,2.8
77,8,3,6.3,4.2,4.3,2.8,2.4
77,9,3,6.6,4.8,4.5,3.7,2.8
77,10,3,5.8,3.7,3.7,2.5,2.5
77,11,3,5.3,3.8,3.6,2.2,2.1
77,12,3,6.1,3.8,3.9,2.3,2.1
77,13,2,4.4,2.6,2.5,1.8,1.4
77,14,5,8.5,6.1,5.6,4.3,2.9
77,15,3,10.2,6.2,5.8,4,3.8
77,16,3,6.5,4.3,4.2,2.7,2.4
77,17,3,7.8,5.7,5.2,3.3,2.9
77,18,3,8,5.3,4.8,3.4,3
77,19,3,10,6.6,6,4.2,3.7
77,20,5,11.5,8.7,8.3,5.8,5.3
77,21,4,9.2,6.1,5.6,3.7,3.3
77,22,3,6.1,4.4,4.7,2.7,2.5
77,23,3,7.4,5.3,4.8,3.3,2.9
77,24,3,10.3,6.3,5.9,6.6,3.7
77,25,4,7,5,4.7,3.3,2.6
77,26,2,7.5,6.1,5.4,4,3.5
77,27,7,18.7,14.9,13.3,8.8,7.2
77,28,3,9.4,6.5,5.8,4.2,3.4
77,29,6,14.2,10.2,9.7,6,5.3
77,30,6,11.2,9.1,8.5,5.4,4.8
77,31,6,9.2,6.5,6.1,4.1,3.9
77,32,4,9.3,7.3,6.6,4.1,3.7
77,33,3,7.2,5.9,5.4,3.4,3
77,34,3,10.2,6.4,5.7,4.1,3.6
77,35,4,7.5,5.2,5.2,3.8,2.9
77,36,4,9,5.5,5.2,4.3,3.4
77,37,3,10.2,6.7,6,4.3,4.2
77,38,5,13.5,8.3,7.8,6,4.2
77,39,5,9.4,7.3,7.3,4.6,4
77,40,3,10.9,6.1,5.7,4.2,3.5
77,41,5,10.7,7.8,7.2,5.2,4.2
77,42,3,7.8,5.5,5.4,4,2.9
77,43,6,13.4,10.4,8.9,8.3,5.5
77,44,4,8.8,6.8,5.9,4.6,4.2
77,45,3,9.4,6.4,5.9,4,4.3
77,46,5,11.8,8.8,8.1,6.1,4.6
77,47,3,9,6.4,5.8,4.5,3.8
77,48,6,10.2,6.9,6.6,5.1,4.3
77,49,3,9.3,6.5,5.8,4.7,4.2
77,50,4,9.8,7,6.4,7.6,5.9
78,1,2,8,5.8,5.9,3.8,4.5
78,2,3,5.5,4,4,2.2,2.7
78,3,4,7.7,5.5,4.8,3.7,3.3
78,4,2,5.8,3.6,4,2.3,2.2
78,5,3,8.5,5.1,4.9,3.2,2.9
78,6,4,6.8,5,4.8,3.1,3.1
78,7,2,5.6,4.4,3.9,2.8,2.4
78,8,2,6.1,5.1,4.5,3,2.8
78,9,3,7,5.4,4.7,3.6,3.2
78,10,3,6.4,4.8,4.3,3,2.7
78,11,3,7.6,5.5,4.9,3.6,3.3
78,12,4,8.9,7,6.4,4.5,4
78,13,3,8.5,6.3,5.7,4.3,3.7
78,14,5,13,10.4,9.6,7.2,5.8
78,15,4,9.3,6.9,5.6,3.9,3.5
78,16,2,6.6,5,4.5,3.2,3
78,17,5,9.6,6.7,6.7,4.5,3.7
78,18,6,10.7,8.2,7.4,5.6,4.7
78,19,4,10.3,8.6,6.5,5.5,5.5
78,20,4,8.9,6.8,6.1,4.4,3.9
78,21,4,9.9,7.3,6.5,5,3.9
78,22,2,5.8,4,3.8,2.7,2.4
78,23,3,8.3,6.4,5.9,3.5,3.2
78,24,6,10.3,8.2,7.2,5.2,4.7
78,25,3,7.7,5.8,5.4,3.9,3.2
78,26,2,8.2,5.5,5.1,3.8,3.7
78,27,5,9.2,7.4,6.5,5,4.4
78,28,3,8.8,6.6,5.7,4,3.8
78,29,4,8.6,6.6,6.2,4.2,3.8
78,30,5,11.7,7.9,6.7,5.4,5.1
78,31,3,7.5,6.1,5.7,3.5,3.2
78,32,2,6.8,5.4,4.7,3.7,3.3
78,33,2,5.8,4.3,4.2,2.5,2.3
78,34,2,5.6,4.4,4,2.8,2.4
78,35,6,11.2,8.8,7.6,5.7,5
78,36,5,12.6,9.5,8.6,7,6.1
78,37,10,17.4,14.3,12.4,9.4,7.7
78,38,14,25.4,23.4,16.8,18.1,11.6
78,39,9,19.7,13.5,12,9.4,7.7
78,40,15,30.8,32.7,30.2,25.9,4.9
79,1,2,6,4.8,4.4,3,2.5
79,2,2,6.6,4.7,4.4,2.6,2.5
79,3,2,6.5,4.1,3.6,2.4,2.4
79,4,2,6,4.2,3.8,2.9,2.5
79,5,2,6.7,4.3,4,2.5,2.5
79,6,3,5.8,4.3,5.1,2.6,2.4
79,7,2,5.6,3.7,3.4,2.2,2.1
79,8,3,8.1,6.1,5.6,3.4,3.2
79,9,2,6.1,4.1,3.6,2.4,2.4
79,10,5,11.2,8.5,7.6,5.1,4.7
79,11,4,8.4,6.6,5.8,4,3.7
79,12,5,9.4,7,6.1,4,3.8
79,13,4,9.5,6.5,6,4.2,3.6
79,14,3,6.9,4.8,4.5,2.9,2.6
79,15,4,6.8,5.1,4.4,3,2.7
79,16,6,11.3,8.3,7.2,5,4.8
79,17,5,8.8,7.1,6.4,5,3.7
79,18,6,9.1,7.3,6.5,3.3,3.5
79,19,4,7.8,5.9,5.2,3.5,3.5
79,20,3,7.3,5,4.4,2.8,2.7
79,21,2,4.3,3.3,3.2,1.7,2
79,22,3,6,4.4,3.9,2.4,2.2
79,23,2,5.1,3.4,3.4,1.8,1.9
79,24,4,6.9,5.4,4.6,3,3.1
79,25,5,10.8,8.4,6.6,5.8,4.5
79,26,6,10.8,8.6,7.1,5.1,4.9
79,27,6,14.1,10.7,9.4,8,5.5
79,28,3,7.7,5,4.5,2.8,3
79,29,4,8.6,6.8,5.7,3.9,3.7
79,30,4,7.8,5.5,4.7,2.8,3.2
79,31,4,9.9,7.5,6.6,4.4,4.9
79,32,2,5.8,4.4,3.7,2.5,2.3
79,33,3,7.7,5.6,5.1,3.2,3.1
79,34,4,12.7,9.8,8.6,8.7,7
79,35,5,10.3,7.4,6.6,4.5,3.9
79,36,4,7.9,6,5.2,3.7,3.7
79,37,3,7.5,5.2,5.1,2.5,2.2
79,38,3,6.7,5.2,4.4,2.7,2.8
79,39,4,7.3,6,5.3,3.8,3.4
79,40,9,14.3,11.6,9.8,6.6,5.7
79,41,4,8.5,6.5,5.5,3.6,3.4
79,42,5,11.6,8.2,6.7,4.7,4.4
79,43,4,7.8,6.3,5.6,3.4,3
79,44,3,7.6,5.3,4.7,3.1,3.2
79,45,5,11.8,9.9,9,4.7,4.9
79,46,9,17.2,14,11.5,10.1,7.5
80,1,2,4.3,3.7,3.1,2,2
80,2,3,6.5,5.5,5.4,2.9,3.1
80,3,4,8.2,6.3,5.6,3.6,3.6
80,4,4,8.3,6.7,6.5,4,3.7
80,5,3,5.4,4.6,4.3,2.4,2.3
80,6,3,5.4,4.8,4.4,2.6,2.5
80,7,4,7.6,6,5,3.2,3.2
80,8,4,8.6,7,6.7,4.4,4.3
80,9,2,3.8,2.8,2.5,1.2,1.1
80,10,3,6,4.7,4.1,2.6,2.5
80,11,3,7.4,6.4,5.8,3,2.7
80,12,3,6,5.5,4.7,3.1,2.9
80,13,3,5.3,4.4,4.2,3,2.4
80,14,2,6.1,5,4.5,2.8,2.5
80,15,2,4.1,3.1,2.9,2,1.9
80,16,2,4.3,3.5,3.2,2.4,2.6
80,17,4,7.4,6.6,6,3.5,3.2
80,18,4,4.4,4.2,3.8,2.8,2.3
80,19,4,5.9,6.3,5.6,3.9,3.4
80,20,3,4.6,4.9,4.5,2.8,2.5
80,21,3,5.1,5.5,5.2,3.5,2.9
80,22,4,8.1,7.2,6.4,4.3,4.3
80,23,5,7.5,7,6.1,3.7,3.3
80,24,4,7.9,7.4,7.2,4.3,3.9
80,25,4,8.5,7.2,6.5,4.3,3.8
80,26,4,7.4,5.5,5.2,3.7,3.1
80,27,3,5.9,5.5,5.3,3.2,3
80,28,2,4.8,3.8,3.9,2.3,2.2
80,29,2,5.1,4.5,4.2,2.8,2.4
80,30,2,5.1,4.6,4.3,2.8,3
80,31,2,4.9,4.7,4.2,2.7,2.9
80,32,3,7.1,5.9,5.3,3.4,3.1
80,33,3,9.6,8,8.5,6.9,6.7
80,34,5,8.3,5.2,5,4.1,3.1
80,35,2,5.5,4.2,4.5,2.7,2.6
80,36,2,6,4.5,4,3,2.8
80,37,6,11.5,9.7,8.7,6.2,5.7
80,38,3,7.5,6.7,5.8,3.9,3.2
80,39,2,6.3,5,4.6,3.1,2.6
80,40,4,8.6,7.3,6.2,6.1,4
80,41,2,4.7,3.4,3.2,3.4,2.1
80,42,4,7.7,6.7,5.5,6.6,5.1
81,1,3,5.1,3.9,3.6,2.2,2
81,2,3,6.3,4.9,5.1,3.1,3
81,3,3,5.3,4.4,3.8,2.9,2.4
81,4,3,5.7,4.1,4,2.4,2.5
81,5,3,5.1,4.2,3.7,2.4,2.3
81,6,3,5.6,4.3,4,2.6,2.6
81,7,3,6,5.1,4.9,2.9,2.6
81,8,3,5.6,4.5,3.9,2.6,2.7
81,9,3,6.5,5.4,4.9,3.2,2.8
81,10,3,5.2,3.9,3.6,2.2,2.2
81,11,3,6,5.2,4.9,3.5,3
81,12,3,5.2,4.5,4,2.5,2.5
81,13,3,5.7,4.8,4.8,2.7,3.1
81,14,4,8.4,6.6,6.3,3.3,3.1
81,15,3,7.1,6.4,5.7,2.8,2.7
81,16,2,5.3,4.3,4.3,2.1,2.4
81,17,3,5.6,3.9,4,2.2,8.4
81,18,3,5.9,4.2,3.8,2.6,2.5
81,19,4,10.3,7,6,4.2,3.7
81,20,6,9.2,7,6.3,4.2,3.9
81,21,3,7,5.3,4.5,3.3,2.9
81,22,3,9,6,5,3.9,3.1
81,23,4,7.5,6,5.1,3.7,4.4
81,24,5,7.7,5.3,4.7,3.6,3
81,25,5,9.2,6.4,5.4,4,10.1
81,26,2,4.6,3.4,3.3,3,1.9
81,27,5,8.7,6.6,5.8,3.9,3.4
81,28,5,10.5,8.7,8.1,5.5,5.1
81,29,8,17.4,13.9,12.7,10.9,9.2
82,1,3,7.4,5.7,5.6,3.2,3.1
82,2,3,6.4,4.8,5.2,2.9,2.8
82,3,3,5.8,4.3,4,2.5,2.3
82,4,3,5.4,4.1,4,2.6,2.3
82,5,5,8.7,7.1,6.6,4.3,4
82,6,6,13.7,10.6,9,5.9,5.4
82,7,4,8.5,6.4,6.1,3.9,4
82,8,6,10.8,9.7,8.3,5,4.7
82,9,4,8.3,5.8,5.4,3.1,3.3
82,10,3,9.2,5.6,5.5,3.1,3.1
82,11,2,6.1,4,3.9,2.1,2.8
82,12,3,8.1,4.3,4.5,2.8,2.7
82,13,4,7.8,5.7,5.4,3.6,3.2
82,14,4,8.3,6.2,5.9,3.7,3.6
82,15,3,7.3,5.1,4.5,3.1,2.4
82,16,4,10.6,6.7,6.4,4.9,4
82,17,5,9.5,7.1,6.1,3.1,3.2
82,18,6,11.5,8.2,7.5,3.8,3.8
82,19,9,17,12.5,11.3,9.1,7.2
83,1,2,5.8,4.3,4,2.2,2.5
83,2,6,10.8,7.8,7.3,4,4.4
83,3,5,11.5,7.3,6.3,4.1,4.1
83,4,5,12.6,10.4,9.2,6,5.7
83,5,2,4.9,3.5,3,1.8,1.9
83,6,5,11.1,7.6,6.6,4.4,4.3
83,7,6,13.1,9.6,8.4,5.3,4.5
83,8,4,8.6,6.5,5.6,3,2.8
83,9,2,6.3,4,3.6,2.9,2.5
83,10,3,10.4,6.4,6.3,3.6,3.6
83,11,4,9.4,6.8,5.6,3.4,3.6
83,12,7,12.5,9.3,8.4,5.2,4.8
83,13,7,15.2,10.3,9.8,6.5,5.8
83,14,8,14.5,10.4,9.6,6.4,5.6
83,15,6,14.7,11.2,9.7,5.8,5.3
83,16,4,9,6.8,6.2,3.7,3.4
83,17,7,14.6,10.4,9.4,6.5,5.4
83,18,6,13.6,10.2,9.5,5.8,5
83,19,4,9.2,6.7,6.1,3.8,2.9
83,20,2,6.4,4,3.9,2.4,2.3
83,21,2,7.5,4.4,3.8,2.7,2.4
83,22,4,7.9,6,5.6,3.2,3.1
83,23,3,9.5,6,6.1,4.4,3.8
83,24,5,10.8,7.3,6.5,4.4,3.8
83,25,4,8.7,6.4,6,3.3,3.5
83,26,6,16.2,10.5,9.2,8.3,6.3
83,27,3,8,5.2,5.7,2.7,2.8
83,28,4,9.6,6.3,5.4,3.5,4
83,29,8,16.2,11.1,9.6,6.7,5.9
83,30,4,9.5,6.2,5.2,3.7,3.4
83,31,6,14.1,11.3,10.2,5.3,4.9
83,32,6,21,15,14.2,8.9,8
83,33,4,11.1,7.3,6.3,4,3.3
83,34,6,12.5,9.2,7.8,6.1,5
83,35,3,8.2,6.3,6.1,4.8,4.3
83,36,6,11,7.5,6.1,8.1,5.1
84,1,3,7.9,5.8,5.5,4.4,3.7
84,2,3,7.1,5.5,4.4,3.5,2.8
84,3,3,5,3.4,3.3,2.1,2
84,4,4,7.4,5.7,4.8,3.3,3
84,5,3,7.6,5.5,4.3,3.2,2.7
84,6,8,18.9,15.6,13.1,9.6,7.8
84,7,5,10,8.4,7.4,4.5,4.1
84,8,4,9,7,5.6,4.1,3.8
84,9,4,10.3,8.5,7.2,4.3,3.7
84,10,6,11.6,9.7,8.2,6.5,5.4
84,11,3,5.7,4.7,3.7,2.9,2.5
84,12,2,5.4,3.6,3.3,2.3,2
84,13,5,10.7,8.4,7,3.9,4.1
84,14,5,8.6,7.3,7.1,3.5,3.3
84,15,6,11.9,9.2,7.5,4.5,4.2
84,16,3,6.9,5.7,4.8,2.5,2.2
84,17,3,5.4,3.9,3.2,2.1,2.2
84,18,3,4.5,3.8,3.3,2.1,2.3
84,19,4,8.2,6.1,6,4.5,3.5
84,20,4,6.7,4.9,4.1,2.7,2.5
84,21,6,11.4,8.7,6.9,7.4,5.5
84,22,4,7.7,6.3,4.9,3.4,3
84,23,4,9.3,6.1,5.1,3.7,3.1
84,24,3,8.7,6.5,5.6,3.8,3.4
84,25,9,15.9,12.6,9.7,8.4,7.5
85,1,3,8.7,6.3,5.2,3.3,3.6
85,2,2,6.3,4.1,3.8,2,2.3
85,3,2,6.6,4.8,4.2,2.7,2.7
85,4,3,6.8,4.9,4.1,3.4,2.5
85,5,3,6.8,5.4,4.6,2.8,2.9
85,6,4,6.7,4.7,4,3.2,2.4
85,7,6,13.1,8.7,6.6,5.3,4.3
85,8,9,17.9,13.9,10.2,7.4,6.4
85,9,10,20.6,14.8,12.8,9,7.1
85,10,14,25.5,26.9,17.2,12.8,10.7
85,11,14,29.4,22.2,19,14,10.9
85,12,4,7.1,5.8,5.1,4,3.2
85,13,4,7.7,6.2,5.7,3.1,3
85,14,3,5.9,4.7,3.9,2.4,2.5
85,15,3,5.7,3.7,3.3,2.4,2.1
85,16,3,6.9,4.5,3.8,3.3,2.6
85,17,4,7.1,5.1,4.7,2.6,2.6
85,18,2,6,3.4,3.5,2.4,2.2
85,19,5,9.1,6.2,5.1,4.4,3.3
85,20,4,10,8,7,6.7,4.9
85,21,4,7.6,5.5,4.9,3.7,3.1
85,22,3,6.6,5.1,3.7,5.9,3.4
86,1,2,6.4,5.8,4.7,3.7,2.8
86,2,4,7.2,6.3,5.1,3,2.3
86,3,2,4.6,3.9,3.8,2.5,1.8
86,4,6,10.2,8.4,7,5.2,4.5
86,5,4,8.9,7.4,7.5,4.9,3.9
86,6,4,7.9,6.1,6.5,4.6,4
86,7,5,9.2,8.2,6.9,6.5,4.6
86,8,4,9.1,6.6,5.2,4.1,3.3
86,9,3,6.4,5.2,4.7,4.1,3.1
86,10,6,10.6,7.2,6.3,4.5,4.1
86,11,3,7,5.5,5.5,3.5,2.7
86,12,3,5.7,3.8,3.4,2.4,2.2
86,13,3,6.8,5.3,5.3,3.2,2.5
86,14,3,5.2,3.4,3,2.4,1.9
86,15,3,7.1,5.7,5.3,3.6,2.7
86,16,2,4.5,3.6,2.9,2.4,2
86,17,4,9,7.5,6.1,6,4.5
87,1,4,6.8,4.7,4.2,2.7,2.5
87,2,3,6.1,4.2,4.2,2.2,2.4
87,3,3,6.5,4.4,4.2,3.1,2.4
87,4,3,7.2,6.1,5.1,2.7,2.6
87,5,3,8,6.2,6.4,4.4,3.4
87,6,3,7,5,4.9,3,2.8
87,7,9,17.9,12.5,11.1,7.5,6.3
87,8,2,6.3,4.7,4.2,3,2.2
87,9,4,7.6,5.9,5.4,3.8,3.2
87,10,3,7.1,5.1,4.8,2.6,2.5
87,11,2,7,4.9,5.4,2.6,2.3
87,12,4,7.2,5.9,5.2,3.7,2.8
87,13,6,10.6,7.2,6.5,4.6,3.8
87,14,4,6.5,5.2,4.8,3.1,2.7
87,15,4,7,5.4,5,3.3,2.8
87,16,4,8.4,6.5,5.1,3.7,3.1
87,17,3,7.4,6,5,4.2,4.3
87,18,5,8.3,6.4,6.3,4.4,3.7
87,19,3,7.2,5,4.4,4.5,3.6
88,1,4,8.1,5.1,4.3,3.5,2.7
88,2,3,8.5,5.7,5.1,3.3,2.8
88,3,2,6.2,4.4,3.9,2.7,2.4
88,4,3,6.6,4.5,3.8,2.7,2.1
88,5,4,7.4,4.9,4.3,3.1,2.5
88,6,6,10.5,7.6,6.3,5.2,3.6
88,7,6,11.3,6.5,5.7,4.9,3.5
88,8,3,7.9,6.2,5.6,3.8,2.8
88,9,2,6,3.8,3.4,2.5,2
88,10,3,6.6,4.8,4.1,3,2.2
88,11,4,7.9,5.2,4.4,3.7,2.6
88,12,3,7.3,5.4,4.7,3.2,2.5
88,13,3,7.7,5.2,5.1,3.2,2.5
88,14,2,7,5,4.1,3.2,2.3
88,15,2,6.2,4.4,3.7,2.8,2
88,16,2,7,4.7,3.7,3.1,2.3
88,17,6,10.6,7.9,6.9,5.3,3.9
88,18,4,8.6,6.5,5.5,5,3.1
88,19,4,7.1,4.9,4.4,3.3,2.4
88,20,4,7.5,5.1,3.9,3.6,2.5
88,21,4,10.3,8,7.7,4.5,3.5
88,22,3,7.5,5.4,4.8,3.7,2.7
88,23,4,7.7,5.5,5.4,3.6,2.7
88,24,4,9.8,6.7,5.6,4.6,3.5
88,25,3,9.4,6.4,5.9,4,2.6
88,26,4,8.5,6.5,5.6,6.4,4.6
89,1,1,3.8,1.7,2.1,1.1,0.9
89,2,2,5.2,3,3,2,1.6
89,3,2,5,3.3,3.1,2,1.7
89,4,3,5.6,3.6,3.4,2.2,1.9
89,5,6,8.2,5.9,5.2,3.8,3.1
89,6,6,10.1,6.2,5.7,4.4,7.3
89,7,3,6.1,4,3.5,2.3,2.1
89,8,6,10.6,7,6,4.4,3.9
89,9,5,10.7,7.1,6.1,5,3.7
89,10,3,7.2,4.6,4.1,2.4,2.5
89,11,4,8.1,4.9,4.6,2.6,2.7
89,12,3,7.3,4.8,4,3.7,2.9
89,13,5,9.4,6.6,5.7,4.7,3.6
89,14,3,9.7,5.6,4.8,3.8,2.8
89,15,11,23.2,18.3,14.9,10.7,8.9
89,16,10,20.1,16.3,12.7,8.6,7.3
89,17,5,11.3,7.2,6.4,4.7,3.2
89,18,5,14.1,9.7,8.2,7.7,4.9
89,19,4,10,7.3,6.1,4,3.5
89,20,4,9.4,7.5,6.4,4.7,3.7
89,21,6,12.7,9.4,8,5.4,4.2
89,22,5,11.8,8.7,7.5,6.5,4.7
89,23,9,24.6,18.2,16.4,14.7,16.3
89,24,4,13,7.3,5.8,5.9,4
89,25,5,11.1,8.2,7.2,4.5,4.2
89,26,4,8.9,6.9,5.7,3.8,3
89,27,3,11.3,8.7,8.6,4.6,3.4
89,28,5,12.1,9.6,7.9,5.4,4.4
89,29,3,5.9,4.2,3.5,2.9,2.2
89,30,2,6.9,4.3,4,4,3
90,1,4,8.2,6.7,6,3.3,2.6
90,2,4,7.9,6.3,6.2,4.3,3
90,3,3,6.2,4.5,4.4,2.5,2.3
90,4,5,9.2,6.4,5.6,4,3.3
90,5,6,9.1,6.9,6.3,4.6,3.7
90,6,4,7.7,5.8,4.9,3.7,2.9
90,7,5,9.5,6.2,5.6,3.8,2.9
90,8,4,7.6,5.2,4.7,2.7,2.4
90,9,2,7.6,4.9,4.5,2.5,2.5
90,10,2,8.4,4.8,5,3.2,2.4
90,11,3,5.4,3.8,3.7,2.3,2
90,12,4,7.9,6.2,5.3,3,2.5
90,13,2,6,2.6,2.6,1.5,1.3
90,14,6,10.1,8.2,7.3,4.9,3.9
90,15,3,6.7,4.8,4.1,2.8,2.3
90,16,4,7.4,5.8,4.7,3.3,2.7
90,17,9,18.5,14.3,11.3,8.7,6.7
90,18,3,8.3,7,6,4.3,3.4
90,19,6,13.6,10.3,8.1,6.6,5.3
90,20,3,7,5.5,4.4,4.5,3.4
91,1,2,5,4,3.3,2,2
91,2,3,4.9,4.8,4.1,2.3,2.3
91,3,3,6.3,5.7,4.9,3.3,2.7
91,4,3,6.8,4.9,4.4,2.7,2.4
91,5,3,7.5,6.4,5.1,3.8,2.8
91,6,3,5.8,4.8,4,2.9,2.4
91,7,3,6.8,5.2,4.9,2.6,2.6
91,8,3,9.5,7,6,4.2,3.3
91,9,4,7.7,5.4,5.3,2.9,2.7
91,10,4,6.9,5.3,5.3,3.6,2.8
91,11,3,7.7,5.5,4.8,3.5,2.7
91,12,3,6.1,5,4.3,3.1,2.4
91,13,7,12.1,10,7.9,6,5.1
91,14,7,17,14.7,12.8,9.1,2.5
91,15,3,6.3,5.2,4.5,4.8,5.4
92,1,3,5.7,4.1,3.8,2.5,2.1
92,2,3,7.4,5.5,4.8,3,2.6
92,3,4,7.1,6,5.8,3.3,3.1
92,4,3,6.7,5.3,4.8,3.1,2.4
92,5,4,7.6,6.1,5.7,3.3,2.7
92,6,2,5.4,3.8,3.9,2,1.6
92,7,2,7,5.2,4.3,3.2,2.7
92,8,4,7.5,6.6,6.3,3.4,2.7
92,9,2,5,3.6,3.6,2,1.6
92,10,2,6.4,5,4.5,3.1,2.8
92,11,6,11.8,8.7,7,5,3.8
92,12,3,6.5,5.2,4.9,2.5,2.1
92,13,4,8.8,7,5.9,4.3,3.7
92,14,3,8.6,7,6.7,4.7,3.6
92,15,4,8.1,6.4,5.3,3.9,2.3
92,16,3,6.3,5.4,4.4,3.3,2.5
92,17,2,5.6,5.1,4.8,2.6,2.1
92,18,4,8.4,6.7,5.6,4,3.2
92,19,6,11.4,9.6,8.7,5.9,4.5
92,20,5,9.4,7.7,6.3,5.3,4.2
92,21,2,4.2,3.4,3,3.5,2.2
93,1,1,3.1,1.9,2.1,1.2,1
93,2,3,5.3,3.7,3.4,2.2,1.9
93,3,5,7,5.8,5.1,3.3,2.9
93,4,5,8.6,7,6,4.5,3.4
93,5,4,8.8,6.5,5.5,3.9,3.3
93,6,4,7.6,6.5,6.3,3.8,3.1
93,7,3,8.9,7.3,7.8,5.3,4.3
93,8,3,8.6,6.6,6.1,4.8,3.5
93,9,4,7.5,6,5.8,3.6,3
93,10,4,9,6.8,6.2,4.8,3.5
93,11,4,8.1,6.6,6,5,4.2
94,1,4,6.3,4.6,3.7,2.4,2.2
94,2,3,6.5,4.7,4.7,2.6,2.5
94,3,3,7.3,6.4,5.8,2.7,2.5
94,4,3,6.3,4,3.7,2.5,2.1
94,5,4,7.3,5.7,4.8,2.8,2.7
94,6,4,6.4,5.1,4.4,3.1,2.6
94,7,3,5.9,4.5,4.7,3.3,2.4
94,8,3,5.4,3.9,3.3,3.2,2.8
95,1,2,6,4,3.6,2.2,1.9
95,2,2,4.9,3.1,3.3,1.8,2
95,3,3,6.2,4.1,3.7,3.3,2.4
95,4,6,12.8,9.1,8.7,5.3,4.4
95,5,4,9.4,6.9,5.9,4.1,3.6
95,6,9,16.9,12.3,10.7,8.1,6.5
95,7,4,8.3,5.8,5,3.9,3.6
95,8,4,8.6,6.2,5.3,5.6,5
96,1,5,7.8,5.8,5.2,3.8,2.9
96,2,4,7,5.3,4.9,4.1,2.8
96,3,3,6.5,4.7,4,2.5,2.4
96,4,3,6,4.6,4,2.4,2.5
96,5,5,9.8,6.5,5.4,3.8,3.2
96,6,4,10.6,8.7,8,4.6,3.7
96,7,3,5.1,3.8,3.4,2.3,2
96,8,4,8.7,5.8,5.2,3.3,2.7
96,9,3,6.1,4.5,4.3,2.6,2
96,10,3,6.3,4.1,3.9,2.5,2
96,11,5,7.6,5.9,5.5,3.8,2.8
96,12,3,5.3,3.9,3.5,2.2,1.9
96,13,4,7.6,6.3,5.8,3.9,3.2
96,14,5,9.2,6.8,6.5,4.5,3.8
96,15,6,13,10.4,10.3,5.9,4.7
96,16,3,8.7,6.2,5.4,4,3.1
96,17,2,5.1,3.6,3.2,2.2,1.7
96,18,2,5.3,3.7,3.2,2.5,1.9
96,19,5,8.3,6.8,6.3,6.2,4.2
97,1,5,11.9,9.4,8.7,5,3.5
97,2,5,9.3,7.1,5.9,4.2,3
97,3,6,9.8,6.9,5.7,4.5,3.4
97,4,9,17.2,13.5,11.5,9.3,6.8
97,5,5,7.5,6.2,4.8,5.6,3.7
98,1,12,22.8,15.4,14.3,10.7,8.9
98,2,6,12,9.2,7.7,5.6,4.5
98,3,3,6.6,5.1,4.3,3,2.6
98,4,11,19.4,15.7,12.7,9.8,7.7
98,5,16,31.1,30,21.9,15.5,11.7
98,6,16,26.8,23,19.5,13.8,10.9
98,7,9,17.8,14.2,11.5,8.9,7.2
98,8,21,38.2,36.4,27.7,22,16.4
99,1,4,8.5,6,5.2,4.5,3.4
99,2,3,7.5,5.3,4.7,4.1,3.1
99,3,4,7.9,5.5,5.1,4.8,3.3
99,4,3,8.7,6.2,5.7,5.2,3.1
99,5,4,7.5,5.8,5.1,4.5,3
99,6,6,14,10.7,9.1,8.5,6.2
99,7,6,11.7,8.8,7.7,6.7,5
99,8,6,11,9,8.2,8.1,5.6
100,1,2,5.7,4.1,3.7,2.7,2.1
100,2,2,5.7,4.2,3.6,2.7,2.2
100,3,2,5.4,4.2,3.7,3.3,2.5
100,4,3,5.5,4,3.8,3,2.2
100,5,3,5.8,4.2,3.6,3.3,2.4
100,6,4,10.6,7.5,6.9,6.6,4.3
100,7,4,8.3,6.4,6,5.3,3.8
100,8,4,9.4,6.6,5.6,5.9,4.8
100,9,7,9.7,7.5,6.1,5.8,4.2
100,10,4,6,4.4,4.1,4.1,2.7
100,11,5,10.6,7.9,7.2,9.6,6.8
101,1,1,3.7,2.5,2.5,1.9,1.1
101,2,2,3.8,2.6,2.7,1.8,1.5
101,3,4,7.8,6.4,5.4,4.6,3.1
101,4,5,10.8,8,6.9,6.8,4.8
101,5,4,11,7.6,6.7,6.4,4.5
101,6,4,8.6,6.6,6.6,5.4,3.6
101,7,4,7.1,5.1,4.3,3.6,2.8
101,8,4,8.2,6.3,5.7,5,3.2
101,9,2,5.4,4.5,3.7,3.3,2.4
101,10,4,7,5.5,4.7,5.5,2.7
101,11,2,5.2,3,2.8,4.5,2.5
102,1,2,5.3,4,3.4,2.7,2.2
102,2,3,6,4.3,4.1,3.1,2.5
102,3,3,6.7,4.5,4,3.1,2.1
102,4,4,9.4,5.6,5.3,4.8,3.3
102,5,5,9.1,6.2,5.5,5.4,3.7
102,6,2,6,4.1,4,4.2,2.6
102,7,4,9.1,7,7,6.3,3.9
102,8,5,11.8,8.5,8.4,9.3,6
103,1,1,2.8,1.9,2.1,1.2,0.8
103,2,4,7.1,5.9,5.9,3.7,3.2
103,3,9,19.7,14,10.9,16.9,8.3
104,1,4,6.9,5.3,4.8,4,2.9
104,2,4,7.9,6,5.4,4.1,3.4
104,3,4,8.2,6.6,6.2,4.4,3.6
104,4,4,9,7.1,6.8,4.7,3.5
104,5,4,7.7,5.7,5.1,4.2,2.6
104,6,3,6.8,4.3,3.9,3.1,2.6
104,7,4,7.6,5.7,5,3.9,3.1
104,8,3,7.2,6,5.3,5,4.2
104,9,3,6.1,4.2,4.1,4,3.1
105,1,7,10.3,7.3,6.7,6,4.5
105,2,5,8.4,6.1,5.1,4.9,3.4
105,3,4,9.3,6.1,5.2,5.6,3.9
105,4,4,9.8,7.5,7.7,7.1,4.5
105,5,3,8.5,5.5,5.1,7.4,4.8
106,1,2,5.8,3.4,3.5,3.7,1.9
106,2,4,10.9,7.8,6.9,6.9,4.7
106,3,4,8.8,5.2,5.1,5.6,3.6
106,4,7,14.6,11.9,10.7,10.1,6.6
107,1,4,8.3,5.7,5.1,3.7,3.3
107,2,4,8.1,5.3,4.9,4,3.4
107,3,5,8.9,5.8,5.3,4.8,3.7
107,4,2,6.2,4,4.1,2.7,2.1
107,5,5,10.3,6.9,6.7,5.8,4.7
107,6,3,7.9,5.7,5.5,4.7,2.9
107,7,2,6.8,4,3.7,5.1,3.4
108,1,3,8.9,6.8,6,4.8,3
108,2,3,5.8,4.2,3.8,3.2,2.4
108,3,4,7.8,4.9,4.5,5.2,3.8
109,1,3,9.7,6.5,5.9,3.6,2.8
109,2,4,7.6,5.8,4.8,3.8,2.7
109,3,5,10.6,8.6,7.9,4.7,3.8
109,4,5,8.8,7.2,6.4,4.6,3.6
109,5,5,10.2,8.2,7.8,4.9,4.2
109,6,4,7.1,4.6,3.9,5.2,3.5
110,1,5,9.3,6.9,6,5.2,3.3
110,2,7,12.9,9.5,7.9,7.4,5.7
110,3,7,16.1,11.2,9.7,10.2,6.9
111,1,5,9.6,7.4,6.4,5,3.3
111,2,6,10.2,7.1,6.3,5.6,3.6
111,3,4,7.8,5.4,5.3,4.7,3.6
111,4,3,7.5,5.5,5.3,4.5,3.5
111,5,5,8.1,5.8,5.6,5.8,4.8
112,1,4,5.8,3.2,3.2,3,2
112,2,2,5.1,2.7,2.9,2.6,1.8
112,3,4,5.9,3.4,3.5,2.8,2.3
112,4,5,8.1,4.7,4.3,4.6,3.3
113,1,4,6.3,4.2,4.3,3.2,2.1
113,2,4,5.5,3.7,3.8,2.8,2.1
113,3,5,7.7,5.5,5.3,4.4,3.6
113,4,5,9.2,6.6,6.2,5.1,4
113,5,5,7.8,5.3,5.2,5.9,3.7
114,1,4,7.9,4.6,5.1,3.4,3.7
114,2,2,4.7,2.9,3.5,2.1,2.4
114,3,2,5,2.9,3.6,3.3,2.7
114,4,4,9.4,5.8,6.3,6.1,4.1
114,5,5,10.5,6.3,6.6,5.3,3.6
114,6,3,8.5,5.1,5.2,6,3.8
