surah,verse,tokens,period
1,1,4,meccan-early
1,2,4,meccan-early
1,3,2,meccan-early
1,4,3,meccan-early
1,5,4,meccan-early
1,6,3,meccan-early
1,7,9,meccan-early
2,1,1,medinan
2,2,7,medinan
2,3,8,medinan
2,4,12,medinan
2,5,8,medinan
2,6,11,medinan
2,7,12,medinan
2,8,11,medinan
2,9,10,medinan
2,10,12,medinan
2,11,11,medinan
2,12,7,medinan
2,13,19,medinan
2,14,16,medinan
2,15,7,medinan
2,16,11,medinan
2,17,17,medinan
2,18,6,medinan
2,19,19,medinan
2,20,25,medinan
2,21,11,medinan
2,22,23,medinan
2,23,20,medinan
2,24,13,medinan
2,25,34,medinan
2,26,39,medinan
2,27,20,medinan
2,28,13,medinan
2,29,19,medinan
2,30,28,medinan
2,31,15,medinan
2,32,12,medinan
2,33,22,medinan
2,34,13,medinan
2,35,18,medinan
2,36,19,medinan
2,37,11,medinan
2,38,17,medinan
2,39,10,medinan
2,40,13,medinan
2,41,18,medinan
2,42,8,medinan
2,43,7,medinan
2,44,10,medinan
2,45,8,medinan
2,46,8,medinan
2,47,11,medinan
2,48,19,medinan
2,49,18,medinan
2,50,10,medinan
2,51,12,medinan
2,52,8,medinan
2,53,7,medinan
2,54,26,medinan
2,55,14,medinan
2,56,7,medinan
2,57,18,medinan
2,58,20,medinan
2,59,18,medinan
2,60,28,medinan
2,61,59,medinan
2,62,24,medinan
2,63,15,medinan
2,64,13,medinan
2,65,12,medinan
2,66,9,medinan
2,67,20,medinan
2,68,23,medinan
2,69,18,medinan
2,70,17,medinan
2,71,24,medinan
2,72,10,medinan
2,73,11,medinan
2,74,37,medinan
2,75,19,medinan
2,76,23,medinan
2,77,9,medinan
2,78,11,medinan
2,79,24,medinan
2,80,23,medinan
2,81,13,medinan
2,82,10,medinan
2,83,29,medinan
2,84,15,medinan
2,85,49,medinan
2,86,13,medinan
2,87,28,medinan
2,88,10,medinan
2,89,26,medinan
2,90,27,medinan
2,91,30,medinan
2,92,11,medinan
2,93,27,medinan
2,94,17,medinan
2,95,9,medinan
2,96,25,medinan
2,97,18,medinan
2,98,12,medinan
2,99,10,medinan
2,100,10,medinan
2,101,22,medinan
2,102,74,medinan
2,103,12,medinan
2,104,12,medinan
2,105,25,medinan
2,106,19,medinan
2,107,17,medinan
2,108,18,medinan
2,109,33,medinan
2,110,17,medinan
2,111,18,medinan
2,112,17,medinan
2,113,31,medinan
2,114,30,medinan
2,115,12,medinan
2,116,14,medinan
2,117,11,medinan
2,118,24,medinan
2,119,10,medinan
2,120,31,medinan
2,121,15,medinan
2,122,11,medinan
2,123,18,medinan
2,124,19,medinan
2,125,22,medinan
2,126,30,medinan
2,127,14,medinan
2,128,17,medinan
2,129,16,medinan
2,130,18,medinan
2,131,9,medinan
2,132,16,medinan
2,133,27,medinan
2,134,15,medinan
2,135,15,medinan
2,136,31,medinan
2,137,19,medinan
2,138,10,medinan
2,139,14,medinan
2,140,30,medinan
2,141,15,medinan
2,142,21,medinan
2,143,45,medinan
2,144,34,medinan
2,145,32,medinan
2,146,14,medinan
2,147,7,medinan
2,148,19,medinan
2,149,17,medinan
2,150,31,medinan
2,151,17,medinan
2,152,6,medinan
2,153,10,medinan
2,154,13,medinan
2,155,12,medinan
2,156,10,medinan
2,157,9,medinan
2,158,24,medinan
2,159,20,medinan
2,160,11,medinan
2,161,13,medinan
2,162,9,medinan
2,163,9,medinan
2,164,43,medinan
2,165,31,medinan
2,166,12,medinan
2,167,23,medinan
2,168,16,medinan
2,169,11,medinan
2,170,22,medinan
2,171,18,medinan
2,172,14,medinan
2,173,25,medinan
2,174,29,medinan
2,175,11,medinan
2,176,14,medinan
2,177,51,medinan
2,178,37,medinan
2,179,8,medinan
2,180,16,medinan
2,181,13,medinan
2,182,16,medinan
2,183,14,medinan
2,184,32,medinan
2,185,44,medinan
2,186,17,medinan
2,187,65,medinan
2,188,17,medinan
2,189,27,medinan
2,190,13,medinan
2,191,25,medinan
2,192,6,medinan
2,193,15,medinan
2,194,22,medinan
2,195,14,medinan
2,196,73,medinan
2,197,29,medinan
2,198,26,medinan
2,199,12,medinan
2,200,24,medinan
2,201,14,medinan
2,202,8,medinan
2,203,25,medinan
2,204,17,medinan
2,205,14,medinan
2,206,12,medinan
2,207,11,medinan
2,208,15,medinan
2,209,12,medinan
2,210,17,medinan
2,211,20,medinan
2,212,20,medinan
2,213,49,medinan
2,214,30,medinan
2,215,22,medinan
2,216,25,medinan
2,217,57,medinan
2,218,16,medinan
2,219,26,medinan
2,220,26,medinan
2,221,39,medinan
2,222,27,medinan
2,223,16,medinan
2,224,14,medinan
2,225,14,medinan
2,226,13,medinan
2,227,7,medinan
2,228,40,medinan
2,229,46,medinan
2,230,30,medinan
2,231,45,medinan
2,232,33,medinan
2,233,64,medinan
2,234,25,medinan
2,235,47,medinan
2,236,25,medinan
2,237,35,medinan
2,238,8,medinan
2,239,15,medinan
2,240,27,medinan
2,241,6,medinan
2,242,7,medinan
2,243,28,medinan
2,244,9,medinan
2,245,16,medinan
2,246,54,medinan
2,247,43,medinan
2,248,30,medinan
2,249,60,medinan
2,250,15,medinan
2,251,27,medinan
2,252,9,medinan
2,253,52,medinan
2,254,21,medinan
2,255,50,medinan
2,256,24,medinan
2,257,24,medinan
2,258,43,medinan
2,259,67,medinan
2,260,39,medinan
2,261,24,medinan
2,262,24,medinan
2,263,11,medinan
2,264,38,medinan
2,265,27,medinan
2,266,35,medinan
2,267,29,medinan
2,268,13,medinan
2,269,16,medinan
2,270,15,medinan
2,271,20,medinan
2,272,28,medinan
2,273,30,medinan
2,274,17,medinan
2,275,45,medinan
2,276,11,medinan
2,277,19,medinan
2,278,13,medinan
2,279,17,medinan
2,280,14,medinan
2,281,15,medinan
2,282,128,medinan
2,283,32,medinan
2,284,28,medinan
2,285,27,medinan
2,286,49,medinan
3,1,1,medinan
3,2,7,medinan
3,3,11,medinan
3,4,18,medinan
3,5,11,medinan
3,6,13,medinan
3,7,46,medinan
3,8,15,medinan
3,9,13,medinan
3,10,16,medinan
3,11,14,medinan
3,12,9,medinan
3,13,29,medinan
3,14,24,medinan
3,15,24,medinan
3,16,11,medinan
3,17,6,medinan
3,18,18,medinan
3,19,26,medinan
3,20,26,medinan
3,21,18,medinan
3,22,11,medinan
3,23,20,medinan
3,24,15,medinan
3,25,15,medinan
3,26,25,medinan
3,27,21,medinan
3,28,27,medinan
3,29,22,medinan
3,30,26,medinan
3,31,14,medinan
3,32,11,medinan
3,33,11,medinan
3,34,7,medinan
3,35,18,medinan
3,36,24,medinan
3,37,34,medinan
3,38,15,medinan
3,39,20,medinan
3,40,17,medinan
3,41,20,medinan
3,42,12,medinan
3,43,7,medinan
3,44,20,medinan
3,45,20,medinan
3,46,7,medinan
3,47,23,medinan
3,48,5,medinan
3,49,45,medinan
3,50,19,medinan
3,51,8,medinan
3,52,20,medinan
3,53,9,medinan
3,54,6,medinan
3,55,30,medinan
3,56,13,medinan
3,57,11,medinan
3,58,7,medinan
3,59,15,medinan
3,60,7,medinan
3,61,25,medinan
3,62,15,medinan
3,63,6,medinan
3,64,31,medinan
3,65,15,medinan
3,66,19,medinan
3,67,14,medinan
3,68,13,medinan
3,69,13,medinan
3,70,8,medinan
3,71,10,medinan
3,72,17,medinan
3,73,32,medinan
3,74,8,medinan
3,75,36,medinan
3,76,9,medinan
3,77,27,medinan
3,78,29,medinan
3,79,28,medinan
3,80,13,medinan
3,81,33,medinan
3,82,7,medinan
3,83,14,medinan
3,84,29,medinan
3,85,13,medinan
3,86,18,medinan
3,87,9,medinan
3,88,9,medinan
3,89,11,medinan
3,90,14,medinan
3,91,24,medinan
3,92,15,medinan
3,93,24,medinan
3,94,11,medinan
3,95,11,medinan
3,96,10,medinan
3,97,25,medinan
3,98,12,medinan
3,99,19,medinan
3,100,14,medinan
3,101,17,medinan
3,102,12,medinan
3,103,34,medinan
3,104,14,medinan
3,105,14,medinan
3,106,17,medinan
3,107,10,medinan
3,108,11,medinan
3,109,11,medinan
3,110,23,medinan
3,111,11,medinan
3,112,35,medinan
3,113,14,medinan
3,114,15,medinan
3,115,9,medinan
3,116,18,medinan
3,117,23,medinan
3,118,30,medinan
3,119,27,medinan
3,120,21,medinan
3,121,11,medinan
3,122,12,medinan
3,123,10,medinan
3,124,13,medinan
3,125,15,medinan
3,126,17,medinan
3,127,9,medinan
3,128,12,medinan
3,129,16,medinan
3,130,12,medinan
3,131,5,medinan
3,132,5,medinan
3,133,11,medinan
3,134,13,medinan
3,135,23,medinan
3,136,15,medinan
3,137,13,medinan
3,138,6,medinan
3,139,9,medinan
3,140,24,medinan
3,141,6,medinan
3,142,13,medinan
3,143,12,medinan
3,144,27,medinan
3,145,24,medinan
3,146,21,medinan
3,147,19,medinan
3,148,10,medinan
3,149,12,medinan
3,150,6,medinan
3,151,19,medinan
3,152,40,medinan
3,153,25,medinan
3,154,75,medinan
3,155,21,medinan
3,156,36,medinan
3,157,14,medinan
3,158,7,medinan
3,159,30,medinan
3,160,18,medinan
3,161,21,medinan
3,162,13,medinan
3,163,8,medinan
3,164,25,medinan
3,165,20,medinan
3,166,9,medinan
3,167,33,medinan
3,168,16,medinan
3,169,13,medinan
3,170,19,medinan
3,171,11,medinan
3,172,15,medinan
3,173,17,medinan
3,174,15,medinan
3,175,11,medinan
3,176,22,medinan
3,177,12,medinan
3,178,17,medinan
3,179,36,medinan
3,180,30,medinan
3,181,22,medinan
3,182,9,medinan
3,183,28,medinan
3,184,12,medinan
3,185,23,medinan
3,186,24,medinan
3,187,21,medinan
3,188,20,medinan
3,189,9,medinan
3,190,11,medinan
3,191,21,medinan
3,192,11,medinan
3,193,20,medinan
3,194,14,medinan
3,195,43,medinan
3,196,7,medinan
3,197,7,medinan
3,198,21,medinan
3,199,30,medinan
3,200,10,medinan
4,1,28,medinan
4,2,16,medinan
4,3,28,medinan
4,4,14,medinan
4,5,16,medinan
4,6,37,medinan
4,7,19,medinan
4,8,13,medinan
4,9,15,medinan
4,10,13,medinan
4,11,71,medinan
4,12,88,medinan
4,13,18,medinan
4,14,13,medinan
4,15,22,medinan
4,16,14,medinan
4,17,20,medinan
4,18,24,medinan
4,19,34,medinan
4,20,17,medinan
4,21,11,medinan
4,22,17,medinan
4,23,54,medinan
4,24,42,medinan
4,25,58,medinan
4,26,14,medinan
4,27,13,medinan
4,28,8,medinan
4,29,23,medinan
4,30,13,medinan
4,31,12,medinan
4,32,27,medinan
4,33,19,medinan
4,34,40,medinan
4,35,22,medinan
4,36,32,medinan
4,37,15,medinan
4,38,18,medinan
4,39,15,medinan
4,40,15,medinan
4,41,12,medinan
4,42,14,medinan
4,43,48,medinan
4,44,14,medinan
4,45,9,medinan
4,46,38,medinan
4,47,28,medinan
4,48,20,medinan
4,49,14,medinan
4,50,10,medinan
4,51,20,medinan
4,52,11,medinan
4,53,10,medinan
4,54,18,medinan
4,55,11,medinan
4,56,20,medinan
4,57,20,medinan
4,58,25,medinan
4,59,28,medinan
4,60,30,medinan
4,61,15,medinan
4,62,16,medinan
4,63,16,medinan
4,64,23,medinan
4,65,19,medinan
4,66,27,medinan
4,67,6,medinan
4,68,3,medinan
4,69,18,medinan
4,70,7,medinan
4,71,10,medinan
4,72,17,medinan
4,73,18,medinan
4,74,21,medinan
4,75,31,medinan
4,76,20,medinan
4,77,48,medinan
4,78,36,medinan
4,79,18,medinan
4,80,12,medinan
4,81,24,medinan
4,82,13,medinan
4,83,30,medinan
4,84,22,medinan
4,85,22,medinan
4,86,15,medinan
4,87,17,medinan
4,88,22,medinan
4,89,28,medinan
4,90,36,medinan
4,91,32,medinan
4,92,60,medinan
4,93,16,medinan
4,94,39,medinan
4,95,33,medinan
4,96,8,medinan
4,97,27,medinan
4,98,12,medinan
4,99,10,medinan
4,100,31,medinan
4,101,23,medinan
4,102,62,medinan
4,103,20,medinan
4,104,22,medinan
4,105,15,medinan
4,106,7,medinan
4,107,14,medinan
4,108,21,medinan
4,109,18,medinan
4,110,13,medinan
4,111,11,medinan
4,112,14,medinan
4,113,33,medinan
4,114,26,medinan
4,115,20,medinan
4,116,20,medinan
4,117,11,medinan
4,118,8,medinan
4,119,21,medinan
4,120,7,medinan
4,121,7,medinan
4,122,21,medinan
4,123,20,medinan
4,124,16,medinan
4,125,17,medinan
4,126,12,medinan
4,127,40,medinan
4,128,29,medinan
4,129,22,medinan
4,130,11,medinan
4,131,32,medinan
4,132,10,medinan
4,133,12,medinan
4,134,14,medinan
4,135,37,medinan
4,136,28,medinan
4,137,20,medinan
4,138,6,medinan
4,139,14,medinan
4,140,33,medinan
4,141,36,medinan
4,142,19,medinan
4,143,16,medinan
4,144,17,medinan
4,145,11,medinan
4,146,18,medinan
4,147,11,medinan
4,148,14,medinan
4,149,14,medinan
4,150,22,medinan
4,151,8,medinan
4,152,17,medinan
4,153,37,medinan
4,154,19,medinan
4,155,22,medinan
4,156,6,medinan
4,157,34,medinan
4,158,8,medinan
4,159,14,medinan
4,160,14,medinan
4,161,14,medinan
4,162,26,medinan
4,163,25,medinan
4,164,14,medinan
4,165,15,medinan
4,166,13,medinan
4,167,11,medinan
4,168,12,medinan
4,169,11,medinan
4,170,23,medinan
4,171,53,medinan
4,172,18,medinan
4,173,26,medinan
4,174,11,medinan
4,175,15,medinan
4,176,50,medinan
5,1,23,medinan
5,2,52,medinan
5,3,61,medinan
5,4,31,medinan
5,5,43,medinan
5,6,61,medinan
5,7,19,medinan
5,8,26,medinan
5,9,10,medinan
5,10,7,medinan
5,11,23,medinan
5,12,45,medinan
5,13,32,medinan
5,14,25,medinan
5,15,23,medinan
5,16,18,medinan
5,17,42,medinan
5,18,30,medinan
5,19,28,medinan
5,20,22,medinan
5,21,14,medinan
5,22,17,medinan
5,23,21,medinan
5,24,16,medinan
5,25,13,medinan
5,26,14,medinan
5,27,24,medinan
5,28,16,medinan
5,29,13,medinan
5,30,9,medinan
5,31,25,medinan
5,32,40,medinan
5,33,34,medinan
5,34,13,medinan
5,35,13,medinan
5,36,24,medinan
5,37,12,medinan
5,38,13,medinan
5,39,14,medinan
5,40,19,medinan
5,41,67,medinan
5,42,26,medinan
5,43,15,medinan
5,44,41,medinan
5,45,31,medinan
5,46,26,medinan
5,47,16,medinan
5,48,51,medinan
5,49,33,medinan
5,50,10,medinan
5,51,22,medinan
5,52,28,medinan
5,53,15,medinan
5,54,37,medinan
5,55,13,medinan
5,56,11,medinan
5,57,23,medinan
5,58,12,medinan
5,59,20,medinan
5,60,27,medinan
5,61,16,medinan
5,62,13,medinan
5,63,13,medinan
5,64,47,medinan
5,65,12,medinan
5,66,24,medinan
5,67,24,medinan
5,68,30,medinan
5,69,20,medinan
5,70,19,medinan
5,71,19,medinan
5,72,33,medinan
5,73,25,medinan
5,74,8,medinan
5,75,25,medinan
5,76,16,medinan
5,77,23,medinan
5,78,17,medinan
5,79,10,medinan
5,80,19,medinan
5,81,15,medinan
5,82,26,medinan
5,83,21,medinan
5,84,16,medinan
5,85,14,medinan
5,86,7,medinan
5,87,17,medinan
5,88,12,medinan
5,89,45,medinan
5,90,15,medinan
5,91,20,medinan
5,92,13,medinan
5,93,24,medinan
5,94,23,medinan
5,95,50,medinan
5,96,20,medinan
5,97,27,medinan
5,98,9,medinan
5,99,11,medinan
5,100,15,medinan
5,101,25,medinan
5,102,9,medinan
5,103,21,medinan
5,104,24,medinan
5,105,19,medinan
5,106,51,medinan
5,107,26,medinan
5,108,22,medinan
5,109,15,medinan
5,110,63,medinan
5,111,13,medinan
5,112,21,medinan
5,113,15,medinan
5,114,22,medinan
5,115,17,medinan
5,116,44,medinan
5,117,29,medinan
5,118,11,medinan
5,119,24,medinan
5,120,11,medinan
6,1,14,meccan-late
6,2,14,meccan-late
6,3,12,meccan-late
6,4,11,meccan-late
6,5,12,meccan-late
6,6,31,meccan-late
6,7,16,meccan-late
6,8,13,meccan-late
6,9,9,meccan-late
6,10,13,meccan-late
6,11,10,meccan-late
6,12,25,meccan-late
6,13,9,meccan-late
6,14,24,meccan-late
6,15,9,meccan-late
6,16,9,meccan-late
6,17,17,meccan-late
6,18,7,meccan-late
6,19,37,meccan-late
6,20,13,meccan-late
6,21,14,meccan-late
6,22,12,meccan-late
6,23,12,meccan-late
6,24,10,meccan-late
6,25,32,meccan-late
6,26,11,meccan-late
6,27,16,meccan-late
6,28,16,meccan-late
6,29,9,meccan-late
6,30,19,meccan-late
6,31,26,meccan-late
6,32,13,meccan-late
6,33,14,meccan-late
6,34,22,meccan-late
6,35,28,meccan-late
6,36,10,meccan-late
6,37,19,meccan-late
6,38,22,meccan-late
6,39,17,meccan-late
6,40,15,meccan-late
6,41,12,meccan-late
6,42,11,meccan-late
6,43,14,meccan-late
6,44,20,meccan-late
6,45,9,meccan-late
6,46,23,meccan-late
6,47,14,meccan-late
6,48,15,meccan-late
6,49,8,meccan-late
6,50,28,meccan-late
6,51,17,meccan-late
6,52,25,meccan-late
6,53,15,meccan-late
6,54,27,meccan-late
6,55,6,meccan-late
6,56,21,meccan-late
6,57,22,meccan-late
6,58,14,meccan-late
6,59,31,meccan-late
6,60,22,meccan-late
6,61,17,meccan-late
6,62,12,meccan-late
6,63,17,meccan-late
6,64,10,meccan-late
6,65,27,meccan-late
6,66,9,meccan-late
6,67,5,meccan-late
6,68,23,meccan-late
6,69,12,meccan-late
6,70,45,meccan-late
6,71,39,meccan-late
6,72,8,meccan-late
6,73,24,meccan-late
6,74,14,meccan-late
6,75,9,meccan-late
6,76,15,meccan-late
6,77,18,meccan-late
6,78,17,meccan-late
6,79,12,meccan-late
6,80,25,meccan-late
6,81,22,meccan-late
6,82,11,meccan-late
6,83,14,meccan-late
6,84,21,meccan-late
6,85,7,meccan-late
6,86,8,meccan-late
6,87,9,meccan-late
6,88,16,meccan-late
6,89,17,meccan-late
6,90,16,meccan-late
6,91,44,meccan-late
6,92,22,meccan-late
6,93,49,meccan-late
6,94,29,meccan-late
6,95,17,meccan-late
6,96,12,meccan-late
6,97,16,meccan-late
6,98,13,meccan-late
6,99,44,meccan-late
6,100,15,meccan-late
6,101,18,meccan-late
6,102,16,meccan-late
6,103,9,meccan-late
6,104,15,meccan-late
6,105,8,meccan-late
6,106,13,meccan-late
6,107,13,meccan-late
6,108,25,meccan-late
6,109,21,meccan-late
6,110,13,meccan-late
6,111,22,meccan-late
6,112,23,meccan-late
6,113,12,meccan-late
6,114,23,meccan-late
6,115,11,meccan-late
6,116,18,meccan-late
6,117,11,meccan-late
6,118,10,meccan-late
6,119,30,meccan-late
6,120,12,meccan-late
6,121,20,meccan-late
6,122,24,meccan-late
6,123,15,meccan-late
6,124,29,meccan-late
6,125,28,meccan-late
6,126,9,meccan-late
6,127,10,meccan-late
6,128,35,meccan-late
6,129,8,meccan-late
6,130,27,meccan-late
6,131,10,meccan-late
6,132,9,meccan-late
6,133,18,meccan-late
6,134,7,meccan-late
6,135,18,meccan-late
6,136,31,meccan-late
6,137,20,meccan-late
6,138,26,meccan-late
6,139,22,meccan-late
6,140,20,meccan-late
6,141,31,meccan-late
6,142,16,meccan-late
6,143,23,meccan-late
6,144,40,meccan-late
6,145,39,meccan-late
6,146,28,meccan-late
6,147,13,meccan-late
6,148,37,meccan-late
6,149,8,meccan-late
6,150,27,meccan-late
6,151,42,meccan-late
6,152,35,meccan-late
6,153,17,meccan-late
6,154,17,meccan-late
6,155,8,meccan-late
6,156,14,meccan-late
6,157,35,meccan-late
6,158,37,meccan-late
6,159,19,meccan-late
6,160,16,meccan-late
6,161,16,meccan-late
6,162,9,meccan-late
6,163,8,meccan-late
6,164,29,meccan-late
6,165,21,meccan-late
7,1,1,meccan-middle
7,2,13,meccan-middle
7,3,14,meccan-middle
7,4,10,meccan-middle
7,5,12,meccan-middle
7,6,6,meccan-middle
7,7,6,meccan-middle
7,8,9,meccan-middle
7,9,11,meccan-middle
7,10,11,meccan-middle
7,11,16,meccan-middle
7,12,17,meccan-middle
7,13,13,meccan-middle
7,14,5,meccan-middle
7,15,4,meccan-middle
7,16,7,meccan-middle
7,17,15,meccan-middle
7,18,12,meccan-middle
7,19,16,meccan-middle
7,20,25,meccan-middle
7,21,5,meccan-middle
7,22,28,meccan-middle
7,23,12,meccan-middle
7,24,12,meccan-middle
7,25,7,meccan-middle
7,26,19,meccan-middle
7,27,30,meccan-middle
7,28,22,meccan-middle
7,29,16,meccan-middle
7,30,16,meccan-middle
7,31,15,meccan-middle
7,32,26,meccan-middle
7,33,29,meccan-middle
7,34,11,meccan-middle
7,35,18,meccan-middle
7,36,11,meccan-middle
7,37,37,meccan-middle
7,38,40,meccan-middle
7,39,14,meccan-middle
7,40,23,meccan-middle
7,41,10,meccan-middle
7,42,15,meccan-middle
7,43,36,meccan-middle
7,44,28,meccan-middle
7,45,10,meccan-middle
7,46,18,meccan-middle
7,47,13,meccan-middle
7,48,14,meccan-middle
7,49,15,meccan-middle
7,50,20,meccan-middle
7,51,19,meccan-middle
7,52,10,meccan-middle
7,53,38,meccan-middle
7,54,32,meccan-middle
7,55,8,meccan-middle
7,56,15,meccan-middle
7,57,29,meccan-middle
7,58,17,meccan-middle
7,59,20,meccan-middle
7,60,9,meccan-middle
7,61,10,meccan-middle
7,62,11,meccan-middle
7,63,13,meccan-middle
7,64,14,meccan-middle
7,65,15,meccan-middle
7,66,14,meccan-middle
7,67,10,meccan-middle
7,68,7,meccan-middle
7,69,27,meccan-middle
7,70,17,meccan-middle
7,71,25,meccan-middle
7,72,13,meccan-middle
7,73,34,meccan-middle
7,74,25,meccan-middle
7,75,23,meccan-middle
7,76,8,meccan-middle
7,77,15,meccan-middle
7,78,6,meccan-middle
7,79,14,meccan-middle
7,80,13,meccan-middle
7,81,11,meccan-middle
7,82,13,meccan-middle
7,83,7,meccan-middle
7,84,8,meccan-middle
7,85,37,meccan-middle
7,86,24,meccan-middle
7,87,19,meccan-middle
7,88,21,meccan-middle
7,89,42,meccan-middle
7,90,12,meccan-middle
7,91,6,meccan-middle
7,92,13,meccan-middle
7,93,15,meccan-middle
7,94,13,meccan-middle
7,95,18,meccan-middle
7,96,18,meccan-middle
7,97,9,meccan-middle
7,98,9,meccan-middle
7,99,10,meccan-middle
7,100,19,meccan-middle
7,101,23,meccan-middle
7,102,9,meccan-middle
7,103,16,meccan-middle
7,104,8,meccan-middle
7,105,18,meccan-middle
7,106,11,meccan-middle
7,107,6,meccan-middle
7,108,6,meccan-middle
7,109,9,meccan-middle
7,110,7,meccan-middle
7,111,7,meccan-middle
7,112,4,meccan-middle
7,113,11,meccan-middle
7,114,5,meccan-middle
7,115,10,meccan-middle
7,116,11,meccan-middle
7,117,11,meccan-middle
7,118,6,meccan-middle
7,119,4,meccan-middle
7,120,3,meccan-middle
7,121,4,meccan-middle
7,122,3,meccan-middle
7,123,19,meccan-middle
7,124,8,meccan-middle
7,125,5,meccan-middle
7,126,16,meccan-middle
7,127,21,meccan-middle
7,128,16,meccan-middle
7,129,22,meccan-middle
7,130,10,meccan-middle
7,131,22,meccan-middle
7,132,12,meccan-middle
7,133,13,meccan-middle
7,134,22,meccan-middle
7,135,11,meccan-middle
7,136,11,meccan-middle
7,137,29,meccan-middle
7,138,23,meccan-middle
7,139,10,meccan-middle
7,140,9,meccan-middle
7,141,18,meccan-middle
7,142,23,meccan-middle
7,143,41,meccan-middle
7,144,14,meccan-middle
7,145,20,meccan-middle
7,146,36,meccan-middle
7,147,13,meccan-middle
7,148,22,meccan-middle
7,149,18,meccan-middle
7,150,39,meccan-middle
7,151,11,meccan-middle
7,152,15,meccan-middle
7,153,14,meccan-middle
7,154,15,meccan-middle
7,155,41,meccan-middle
7,156,30,meccan-middle
7,157,43,meccan-middle
7,158,31,meccan-middle
7,159,8,meccan-middle
7,160,43,meccan-middle
7,161,20,meccan-middle
7,162,17,meccan-middle
7,163,27,meccan-middle
7,164,19,meccan-middle
7,165,18,meccan-middle
7,166,11,meccan-middle
7,167,19,meccan-middle
7,168,14,meccan-middle
7,169,40,meccan-middle
7,170,10,meccan-middle
7,171,19,meccan-middle
7,172,26,meccan-middle
7,173,15,meccan-middle
7,174,5,meccan-middle
7,175,13,meccan-middle
7,176,30,meccan-middle
7,177,9,meccan-middle
7,178,10,meccan-middle
7,179,30,meccan-middle
7,180,14,meccan-middle
7,181,7,meccan-middle
7,182,8,meccan-middle
7,183,5,meccan-middle
7,184,11,meccan-middle
7,185,22,meccan-middle
7,186,10,meccan-middle
7,187,37,meccan-middle
7,188,28,meccan-middle
7,189,29,meccan-middle
7,190,12,meccan-middle
7,191,7,meccan-middle
7,192,7,meccan-middle
7,193,12,meccan-middle
7,194,14,meccan-middle
7,195,26,meccan-middle
7,196,9,meccan-middle
7,197,10,meccan-middle
7,198,12,meccan-middle
7,199,7,meccan-middle
7,200,10,meccan-middle
7,201,12,meccan-middle
7,202,7,meccan-middle
7,203,23,meccan-middle
7,204,8,meccan-middle
7,205,16,meccan-middle
7,206,11,meccan-middle
8,1,18,medinan
8,2,17,medinan
8,3,6,medinan
8,4,11,medinan
8,5,11,medinan
8,6,11,medinan
8,7,23,medinan
8,8,7,medinan
8,9,11,medinan
8,10,18,medinan
8,11,22,medinan
8,12,23,medinan
8,13,13,medinan
8,14,6,medinan
8,15,11,medinan
8,16,20,medinan
8,17,21,medinan
8,18,6,medinan
8,19,24,medinan
8,20,11,medinan
8,21,8,medinan
8,22,10,medinan
8,23,11,medinan
8,24,20,medinan
8,25,13,medinan
8,26,19,medinan
8,27,11,medinan
8,28,10,medinan
8,29,18,medinan
8,30,16,medinan
8,31,17,medinan
8,32,19,medinan
8,33,12,medinan
8,34,21,medinan
8,35,13,medinan
8,36,21,medinan
8,37,18,medinan
8,38,16,medinan
8,39,16,medinan
8,40,10,medinan
8,41,33,medinan
8,42,35,medinan
8,43,20,medinan
8,44,19,medinan
8,45,12,medinan
8,46,13,medinan
8,47,17,medinan
8,48,36,medinan
8,49,18,medinan
8,50,13,medinan
8,51,9,medinan
8,52,17,medinan
8,53,18,medinan
8,54,17,medinan
8,55,10,medinan
8,56,12,medinan
8,57,10,medinan
8,58,14,medinan
8,59,8,medinan
8,60,33,medinan
8,61,12,medinan
8,62,12,medinan
8,63,20,medinan
8,64,8,medinan
8,65,26,medinan
8,66,26,medinan
8,67,20,medinan
8,68,10,medinan
8,69,11,medinan
8,70,24,medinan
8,71,13,medinan
8,72,45,medinan
8,73,13,medinan
8,74,18,medinan
8,75,22,medinan
9,1,9,medinan
9,2,14,medinan
9,3,32,medinan
9,4,22,medinan
9,5,26,medinan
9,6,18,medinan
9,7,23,medinan
9,8,16,medinan
9,9,13,medinan
9,10,10,medinan
9,11,13,medinan
9,12,18,medinan
9,13,20,medinan
9,14,11,medinan
9,15,11,medinan
9,16,24,medinan
9,17,18,medinan
9,18,23,medinan
9,19,24,medinan
9,20,16,medinan
9,21,10,medinan
9,22,8,medinan
9,23,19,medinan
9,24,33,medinan
9,25,23,medinan
9,26,18,medinan
9,27,12,medinan
9,28,27,medinan
9,29,29,medinan
9,30,23,medinan
9,31,23,medinan
9,32,15,medinan
9,33,14,medinan
9,34,28,medinan
9,35,19,medinan
9,36,36,medinan
9,37,31,medinan
9,38,28,medinan
9,39,16,medinan
9,40,43,medinan
9,41,15,medinan
9,42,23,medinan
9,43,13,medinan
9,44,14,medinan
9,45,14,medinan
9,46,15,medinan
9,47,17,medinan
9,48,16,medinan
9,49,15,medinan
9,50,16,medinan
9,51,14,medinan
9,52,22,medinan
9,53,12,medinan
9,54,22,medinan
9,55,17,medinan
9,56,10,medinan
9,57,11,medinan
9,58,16,medinan
9,59,19,medinan
9,60,22,medinan
9,61,26,medinan
9,62,12,medinan
9,63,16,medinan
9,64,17,medinan
9,65,13,medinan
9,66,16,medinan
9,67,19,medinan
9,68,16,medinan
9,69,32,medinan
9,70,26,medinan
9,71,24,medinan
9,72,24,medinan
9,73,11,medinan
9,74,46,medinan
9,75,12,medinan
9,76,9,medinan
9,77,15,medinan
9,78,11,medinan
9,79,20,medinan
9,80,25,medinan
9,81,27,medinan
9,82,8,medinan
9,83,25,medinan
9,84,18,medinan
9,85,16,medinan
9,86,18,medinan
9,87,11,medinan
9,88,14,medinan
9,89,13,medinan
9,90,17,medinan
9,91,26,medinan
9,92,23,medinan
9,93,19,medinan
9,94,30,medinan
9,95,18,medinan
9,96,14,medinan
9,97,16,medinan
9,98,16,medinan
9,99,27,medinan
9,100,25,medinan
9,101,22,medinan
9,102,17,medinan
9,103,16,medinan
9,104,16,medinan
9,105,16,medinan
9,106,12,medinan
9,107,24,medinan
9,108,23,medinan
9,109,27,medinan
9,110,15,medinan
9,111,37,medinan
9,112,16,medinan
9,113,20,medinan
9,114,22,medinan
9,115,18,medinan
9,116,17,medinan
9,117,27,medinan
9,118,31,medinan
9,119,8,medinan
9,120,52,medinan
9,121,18,medinan
9,122,22,medinan
9,123,16,medinan
9,124,18,medinan
9,125,12,medinan
9,126,16,medinan
9,127,21,medinan
9,128,14,medinan
9,129,15,medinan
10,1,5,meccan-late
10,2,26,meccan-late
10,3,29,meccan-late
10,4,28,meccan-late
10,5,23,meccan-late
10,6,14,meccan-late
10,7,15,meccan-late
10,8,6,meccan-late
10,9,15,meccan-late
10,10,14,meccan-late
10,11,18,meccan-late
10,12,27,meccan-late
10,13,17,meccan-late
10,14,10,meccan-late
10,15,39,meccan-late
10,16,18,meccan-late
10,17,14,meccan-late
10,18,29,meccan-late
10,19,17,meccan-late
10,20,16,meccan-late
10,21,22,meccan-late
10,22,41,meccan-late
10,23,25,meccan-late
10,24,43,meccan-late
10,25,11,meccan-late
10,26,16,meccan-late
10,27,27,meccan-late
10,28,18,meccan-late
10,29,10,meccan-late
10,30,16,meccan-late
10,31,27,meccan-late
10,32,11,meccan-late
10,33,10,meccan-late
10,34,17,meccan-late
10,35,29,meccan-late
10,36,17,meccan-late
10,37,22,meccan-late
10,38,16,meccan-late
10,39,19,meccan-late
10,40,12,meccan-late
10,41,15,meccan-late
10,42,11,meccan-late
10,43,11,meccan-late
10,44,10,meccan-late
10,45,20,meccan-late
10,46,15,meccan-late
10,47,12,meccan-late
10,48,7,meccan-late
10,49,22,meccan-late
10,50,12,meccan-late
10,51,11,meccan-late
10,52,13,meccan-late
10,53,11,meccan-late
10,54,21,meccan-late
10,55,16,meccan-late
10,56,5,meccan-late
10,57,14,meccan-late
10,58,10,meccan-late
10,59,20,meccan-late
10,60,19,meccan-late
10,61,42,meccan-late
10,62,10,meccan-late
10,63,4,meccan-late
10,64,15,meccan-late
10,65,10,meccan-late
10,66,25,meccan-late
10,67,15,meccan-late
10,68,25,meccan-late
10,69,9,meccan-late
10,70,13,meccan-late
10,71,33,meccan-late
10,72,16,meccan-late
10,73,17,meccan-late
10,74,22,meccan-late
10,75,14,meccan-late
10,76,10,meccan-late
10,77,11,meccan-late
10,78,16,meccan-late
10,79,6,meccan-late
10,80,10,meccan-late
10,81,17,meccan-late
10,82,7,meccan-late
10,83,22,meccan-late
10,84,12,meccan-late
10,85,10,meccan-late
10,86,5,meccan-late
10,87,16,meccan-late
10,88,29,meccan-late
10,89,11,meccan-late
10,90,27,meccan-late
10,91,7,meccan-late
10,92,14,meccan-late
10,93,24,meccan-late
10,94,22,meccan-late
10,95,10,meccan-late
10,96,8,meccan-late
10,97,8,meccan-late
10,98,21,meccan-late
10,99,15,meccan-late
10,100,14,meccan-late
10,101,14,meccan-late
10,102,15,meccan-late
10,103,10,meccan-late
10,104,26,meccan-late
10,105,9,meccan-late
10,106,16,meccan-late
10,107,24,meccan-late
10,108,22,meccan-late
10,109,11,meccan-late
11,1,10,meccan-late
11,2,9,meccan-late
11,3,25,meccan-late
11,4,8,meccan-late
11,5,19,meccan-late
11,6,16,meccan-late
11,7,31,meccan-late
11,8,22,meccan-late
11,9,11,meccan-late
11,10,13,meccan-late
11,11,10,meccan-late
11,12,27,meccan-late
11,13,18,meccan-late
11,14,16,meccan-late
11,15,14,meccan-late
11,16,16,meccan-late
11,17,39,meccan-late
11,18,23,meccan-late
11,19,11,meccan-late
11,20,24,meccan-late
11,21,9,meccan-late
11,22,7,meccan-late
11,23,14,meccan-late
11,24,11,meccan-late
11,25,9,meccan-late
11,26,11,meccan-late
11,27,29,meccan-late
11,28,19,meccan-late
11,29,22,meccan-late
11,30,9,meccan-late
11,31,31,meccan-late
11,32,13,meccan-late
11,33,10,meccan-late
11,34,18,meccan-late
11,35,12,meccan-late
11,36,17,meccan-late
11,37,11,meccan-late
11,38,19,meccan-late
11,39,10,meccan-late
11,40,26,meccan-late
11,41,11,meccan-late
11,42,19,meccan-late
11,43,23,meccan-late
11,44,17,meccan-late
11,45,15,meccan-late
11,46,23,meccan-late
11,47,19,meccan-late
11,48,18,meccan-late
11,49,19,meccan-late
11,50,17,meccan-late
11,51,13,meccan-late
11,52,17,meccan-late
11,53,15,meccan-late
11,54,16,meccan-late
11,55,7,meccan-late
11,56,18,meccan-late
11,57,21,meccan-late
11,58,14,meccan-late
11,59,12,meccan-late
11,60,17,meccan-late
11,61,27,meccan-late
11,62,21,meccan-late
11,63,22,meccan-late
11,64,17,meccan-late
11,65,11,meccan-late
11,66,18,meccan-late
11,67,8,meccan-late
11,68,12,meccan-late
11,69,15,meccan-late
11,70,18,meccan-late
11,71,9,meccan-late
11,72,12,meccan-late
11,73,14,meccan-late
11,74,11,meccan-late
11,75,5,meccan-late
11,76,14,meccan-late
11,77,13,meccan-late
11,78,26,meccan-late
11,79,13,meccan-late
11,80,11,meccan-late
11,81,29,meccan-late
11,82,12,meccan-late
11,83,8,meccan-late
11,84,26,meccan-late
11,85,14,meccan-late
11,86,11,meccan-late
11,87,20,meccan-late
11,88,35,meccan-late
11,89,22,meccan-late
11,90,9,meccan-late
11,91,18,meccan-late
11,92,15,meccan-late
11,93,19,meccan-late
11,94,18,meccan-late
11,95,10,meccan-late
11,96,6,meccan-late
11,97,10,meccan-late
11,98,9,meccan-late
11,99,9,meccan-late
11,100,9,meccan-late
11,101,24,meccan-late
11,102,12,meccan-late
11,103,16,meccan-late
11,104,5,meccan-late
11,105,10,meccan-late
11,106,9,meccan-late
11,107,15,meccan-late
11,108,18,meccan-late
11,109,20,meccan-late
11,110,18,meccan-late
11,111,10,meccan-late
11,112,12,meccan-late
11,113,17,meccan-late
11,114,14,meccan-late
11,115,7,meccan-late
11,116,26,meccan-late
11,117,8,meccan-late
11,118,10,meccan-late
11,119,15,meccan-late
11,120,17,meccan-late
11,121,9,meccan-late
11,122,3,meccan-late
11,123,16,meccan-late
12,1,5,meccan-late
12,2,6,meccan-late
12,3,16,meccan-late
12,4,15,meccan-late
12,5,15,meccan-late
12,6,25,meccan-late
12,7,7,meccan-late
12,8,15,meccan-late
12,9,14,meccan-late
12,10,16,meccan-late
12,11,11,meccan-late
12,12,8,meccan-late
12,13,13,meccan-late
12,14,9,meccan-late
12,15,17,meccan-late
12,16,4,meccan-late
12,17,18,meccan-late
12,18,18,meccan-late
12,19,16,meccan-late
12,20,9,meccan-late
12,21,32,meccan-late
12,22,9,meccan-late
12,23,23,meccan-late
12,24,19,meccan-late
12,25,23,meccan-late
12,26,19,meccan-late
12,27,10,meccan-late
12,28,13,meccan-late
12,29,10,meccan-late
12,30,18,meccan-late
12,31,32,meccan-late
12,32,19,meccan-late
12,33,17,meccan-late
12,34,10,meccan-late
12,35,11,meccan-late
12,36,27,meccan-late
12,37,26,meccan-late
12,38,26,meccan-late
12,39,9,meccan-late
12,40,32,meccan-late
12,41,19,meccan-late
12,42,18,meccan-late
12,43,24,meccan-late
12,44,8,meccan-late
12,45,11,meccan-late
12,46,22,meccan-late
12,47,14,meccan-late
12,48,15,meccan-late
12,49,11,meccan-late
12,50,22,meccan-late
12,51,29,meccan-late
12,52,12,meccan-late
12,53,15,meccan-late
12,54,14,meccan-late
12,55,8,meccan-late
12,56,17,meccan-late
12,57,7,meccan-late
12,58,9,meccan-late
12,59,17,meccan-late
12,60,10,meccan-late
12,61,6,meccan-late
12,62,14,meccan-late
12,63,16,meccan-late
12,64,17,meccan-late
12,65,25,meccan-late
12,66,24,meccan-late
12,67,27,meccan-late
12,68,30,meccan-late
12,69,16,meccan-late
12,70,15,meccan-late
12,71,5,meccan-late
12,72,12,meccan-late
12,73,12,meccan-late
12,74,6,meccan-late
12,75,11,meccan-late
12,76,33,meccan-late
12,77,24,meccan-late
12,78,15,meccan-late
12,79,13,meccan-late
12,80,37,meccan-late
12,81,17,meccan-late
12,82,11,meccan-late
12,83,18,meccan-late
12,84,12,meccan-late
12,85,12,meccan-late
12,86,13,meccan-late
12,87,20,meccan-late
12,88,21,meccan-late
12,89,10,meccan-late
12,90,23,meccan-late
12,91,9,meccan-late
12,92,11,meccan-late
12,93,12,meccan-late
12,94,12,meccan-late
12,95,6,meccan-late
12,96,20,meccan-late
12,97,8,meccan-late
12,98,9,meccan-late
12,99,14,meccan-late
12,100,46,meccan-late
12,101,21,meccan-late
12,102,14,meccan-late
12,103,6,meccan-late
12,104,10,meccan-late
12,105,11,meccan-late
12,106,7,meccan-late
12,107,14,meccan-late
12,108,17,meccan-late
12,109,29,meccan-late
12,110,19,meccan-late
12,111,23,meccan-late
13,1,15,medinan
13,2,26,medinan
13,3,24,medinan
13,4,27,medinan
13,5,25,medinan
13,6,20,medinan
13,7,15,medinan
13,8,15,medinan
13,9,5,medinan
13,10,14,medinan
13,11,35,medinan
13,12,9,medinan
13,13,19,medinan
13,14,27,medinan
13,15,11,medinan
13,16,45,medinan
13,17,42,medinan
13,18,27,medinan
13,19,15,medinan
13,20,7,medinan
13,21,13,medinan
13,22,19,medinan
13,23,15,medinan
13,24,7,medinan
13,25,23,medinan
13,26,16,medinan
13,27,19,medinan
13,28,11,medinan
13,29,8,medinan
13,30,28,medinan
13,31,51,medinan
13,32,13,medinan
13,33,39,medinan
13,34,14,medinan
13,35,19,medinan
13,36,25,medinan
13,37,19,medinan
13,38,21,medinan
13,39,8,medinan
13,40,13,medinan
13,41,16,medinan
13,42,18,medinan
13,43,15,medinan
14,1,16,meccan-late
14,2,14,meccan-late
14,3,16,meccan-late
14,4,19,meccan-late
14,5,21,meccan-late
14,6,26,meccan-late
14,7,11,meccan-late
14,8,13,meccan-late
14,9,37,meccan-late
14,10,33,meccan-late
14,11,29,meccan-late
14,12,17,meccan-late
14,13,16,meccan-late
14,14,10,meccan-late
14,15,5,meccan-late
14,16,7,meccan-late
14,17,16,meccan-late
14,18,22,meccan-late
14,19,14,meccan-late
14,20,5,meccan-late
14,21,34,meccan-late
14,22,44,meccan-late
14,23,17,meccan-late
14,24,15,meccan-late
14,25,12,meccan-late
14,26,13,meccan-late
14,27,18,meccan-late
14,28,12,meccan-late
14,29,4,meccan-late
14,30,12,meccan-late
14,31,21,meccan-late
14,32,25,meccan-late
14,33,9,meccan-late
14,34,15,meccan-late
14,35,13,meccan-late
14,36,15,meccan-late
14,37,26,meccan-late
14,38,18,meccan-late
14,39,13,meccan-late
14,40,9,meccan-late
14,41,8,meccan-late
14,42,13,meccan-late
14,43,9,meccan-late
14,44,26,meccan-late
14,45,14,meccan-late
14,46,12,meccan-late
14,47,11,meccan-late
14,48,10,meccan-late
14,49,6,meccan-late
14,50,6,meccan-late
14,51,10,meccan-late
14,52,13,meccan-late
15,1,6,meccan-late
15,2,7,meccan-late
15,3,7,meccan-late
15,4,8,meccan-late
15,5,7,meccan-late
15,6,8,meccan-late
15,7,8,meccan-late
15,8,9,meccan-late
15,9,7,meccan-late
15,10,7,meccan-late
15,11,8,meccan-late
15,12,5,meccan-late
15,13,7,meccan-late
15,14,9,meccan-late
15,15,8,meccan-late
15,16,7,meccan-late
15,17,5,meccan-late
15,18,7,meccan-late
15,19,11,meccan-late
15,20,8,meccan-late
15,21,11,meccan-late
15,22,12,meccan-late
15,23,6,meccan-late
15,24,7,meccan-late
15,25,7,meccan-late
15,26,8,meccan-late
15,27,7,meccan-late
15,28,12,meccan-late
15,29,9,meccan-late
15,30,4,meccan-late
15,31,7,meccan-late
15,32,8,meccan-late
15,33,11,meccan-late
15,34,5,meccan-late
15,35,6,meccan-late
15,36,6,meccan-late
15,37,4,meccan-late
15,38,4,meccan-late
15,39,10,meccan-late
15,40,4,meccan-late
15,41,5,meccan-late
15,42,11,meccan-late
15,43,4,meccan-late
15,44,8,meccan-late
15,45,5,meccan-late
15,46,3,meccan-late
15,47,10,meccan-late
15,48,8,meccan-late
15,49,6,meccan-late
15,50,5,meccan-late
15,51,4,meccan-late
15,52,9,meccan-late
15,53,7,meccan-late
15,54,8,meccan-late
15,55,7,meccan-late
15,56,8,meccan-late
15,57,5,meccan-late
15,58,6,meccan-late
15,59,6,meccan-late
15,60,6,meccan-late
15,61,5,meccan-late
15,62,4,meccan-late
15,63,7,meccan-late
15,64,4,meccan-late
15,65,14,meccan-late
15,66,9,meccan-late
15,67,4,meccan-late
15,68,6,meccan-late
15,69,4,meccan-late
15,70,5,meccan-late
15,71,6,meccan-late
15,72,5,meccan-late
15,73,3,meccan-late
15,74,8,meccan-late
15,75,5,meccan-late
15,76,3,meccan-late
15,77,5,meccan-late
15,78,5,meccan-late
15,79,5,meccan-late
15,80,5,meccan-late
15,81,5,meccan-late
15,82,6,meccan-late
15,83,3,meccan-late
15,84,6,meccan-late
15,85,14,meccan-late
15,86,5,meccan-late
15,87,7,meccan-late
15,88,15,meccan-late
15,89,5,meccan-late
15,90,4,meccan-late
15,91,4,meccan-late
15,92,3,meccan-late
15,93,3,meccan-late
15,94,6,meccan-late
15,95,3,meccan-late
15,96,8,meccan-late
15,97,7,meccan-late
15,98,6,meccan-late
15,99,5,meccan-late
16,1,9,meccan-late
16,2,18,meccan-late
16,3,7,meccan-late
16,4,8,meccan-late
16,5,8,meccan-late
16,6,7,meccan-late
16,7,14,meccan-late
16,8,9,meccan-late
16,9,10,meccan-late
16,10,13,meccan-late
16,11,16,meccan-late
16,12,15,meccan-late
16,13,13,meccan-late
16,14,21,meccan-late
16,15,11,meccan-late
16,16,4,meccan-late
16,17,7,meccan-late
16,18,10,meccan-late
16,19,6,meccan-late
16,20,10,meccan-late
16,21,7,meccan-late
16,22,11,meccan-late
16,23,13,meccan-late
16,24,9,meccan-late
16,25,15,meccan-late
16,26,21,meccan-late
16,27,21,meccan-late
16,28,19,meccan-late
16,29,8,meccan-late
16,30,20,meccan-late
16,31,15,meccan-late
16,32,12,meccan-late
16,33,22,meccan-late
16,34,10,meccan-late
16,35,32,meccan-late
16,36,28,meccan-late
16,37,14,meccan-late
16,38,18,meccan-late
16,39,11,meccan-late
16,40,10,meccan-late
16,41,18,meccan-late
16,42,5,meccan-late
16,43,15,meccan-late
16,44,12,meccan-late
16,45,16,meccan-late
16,46,7,meccan-late
16,47,8,meccan-late
16,48,17,meccan-late
16,49,14,meccan-late
16,50,7,meccan-late
16,51,12,meccan-late
16,52,11,meccan-late
16,53,12,meccan-late
16,54,10,meccan-late
16,55,6,meccan-late
16,56,12,meccan-late
16,57,7,meccan-late
16,58,9,meccan-late
16,59,19,meccan-late
16,60,12,meccan-late
16,61,23,meccan-late
16,62,17,meccan-late
16,63,17,meccan-late
16,64,14,meccan-late
16,65,16,meccan-late
16,66,17,meccan-late
16,67,15,meccan-late
16,68,13,meccan-late
16,69,24,meccan-late
16,70,20,meccan-late
16,71,22,meccan-late
16,72,21,meccan-late
16,73,15,meccan-late
16,74,10,meccan-late
16,75,27,meccan-late
16,76,29,meccan-late
16,77,19,meccan-late
16,78,15,meccan-late
16,79,18,meccan-late
16,80,25,meccan-late
16,81,25,meccan-late
16,82,6,meccan-late
16,83,7,meccan-late
16,84,14,meccan-late
16,85,11,meccan-late
16,86,19,meccan-late
16,87,10,meccan-late
16,88,13,meccan-late
16,89,24,meccan-late
16,90,16,meccan-late
16,91,20,meccan-late
16,92,32,meccan-late
16,93,17,meccan-late
16,94,19,meccan-late
16,95,15,meccan-late
16,96,15,meccan-late
16,97,18,meccan-late
16,98,8,meccan-late
16,99,10,meccan-late
16,100,9,meccan-late
16,101,17,meccan-late
16,102,13,meccan-late
16,103,16,meccan-late
16,104,12,meccan-late
16,105,11,meccan-late
16,106,24,meccan-late
16,107,13,meccan-late
16,108,11,meccan-late
16,109,7,meccan-late
16,110,18,meccan-late
16,111,15,meccan-late
16,112,24,meccan-late
16,113,9,meccan-late
16,114,13,meccan-late
16,115,22,meccan-late
16,116,22,meccan-late
16,117,5,meccan-late
16,118,15,meccan-late
16,119,19,meccan-late
16,120,11,meccan-late
16,121,7,meccan-late
16,122,9,meccan-late
16,123,12,meccan-late
16,124,17,meccan-late
16,125,22,meccan-late
16,126,12,meccan-late
16,127,14,meccan-late
16,128,8,meccan-late
17,1,21,meccan-late
17,2,12,meccan-late
17,3,9,meccan-late
17,4,13,meccan-late
17,5,17,meccan-late
17,6,11,meccan-late
17,7,23,meccan-late
17,8,11,meccan-late
17,9,16,meccan-late
17,10,9,meccan-late
17,11,8,meccan-late
17,12,23,meccan-late
17,13,13,meccan-late
17,14,7,meccan-late
17,15,21,meccan-late
17,16,14,meccan-late
17,17,13,meccan-late
17,18,18,meccan-late
17,19,12,meccan-late
17,20,12,meccan-late
17,21,11,meccan-late
17,22,9,meccan-late
17,23,25,meccan-late
17,24,12,meccan-late
17,25,12,meccan-late
17,26,10,meccan-late
17,27,9,meccan-late
17,28,12,meccan-late
17,29,13,meccan-late
17,30,12,meccan-late
17,31,13,meccan-late
17,32,8,meccan-late
17,33,22,meccan-late
17,34,17,meccan-late
17,35,11,meccan-late
17,36,16,meccan-late
17,37,13,meccan-late
17,38,7,meccan-late
17,39,18,meccan-late
17,40,11,meccan-late
17,41,10,meccan-late
17,42,13,meccan-late
17,43,6,meccan-late
17,44,21,meccan-late
17,45,12,meccan-late
17,46,19,meccan-late
17,47,19,meccan-late
17,48,9,meccan-late
17,49,9,meccan-late
17,50,5,meccan-late
17,51,25,meccan-late
17,52,9,meccan-late
17,53,16,meccan-late
17,54,14,meccan-late
17,55,15,meccan-late
17,56,13,meccan-late
17,57,18,meccan-late
17,58,18,meccan-late
17,59,21,meccan-late
17,60,25,meccan-late
17,61,13,meccan-late
17,62,15,meccan-late
17,63,10,meccan-late
17,64,19,meccan-late
17,65,9,meccan-late
17,66,14,meccan-late
17,67,18,meccan-late
17,68,15,meccan-late
17,69,22,meccan-late
17,70,17,meccan-late
17,71,15,meccan-late
17,72,11,meccan-late
17,73,13,meccan-late
17,74,9,meccan-late
17,75,12,meccan-late
17,76,13,meccan-late
17,77,11,meccan-late
17,78,14,meccan-late
17,79,12,meccan-late
17,80,14,meccan-late
17,81,9,meccan-late
17,82,13,meccan-late
17,83,12,meccan-late
17,84,11,meccan-late
17,85,14,meccan-late
17,86,13,meccan-late
17,87,9,meccan-late
17,88,19,meccan-late
17,89,14,meccan-late
17,90,10,meccan-late
17,91,11,meccan-late
17,92,12,meccan-late
17,93,26,meccan-late
17,94,15,meccan-late
17,95,14,meccan-late
17,96,11,meccan-late
17,97,27,meccan-late
17,98,14,meccan-late
17,99,23,meccan-late
17,100,14,meccan-late
17,101,18,meccan-late
17,102,15,meccan-late
17,103,9,meccan-late
17,104,14,meccan-late
17,105,9,meccan-late
17,106,9,meccan-late
17,107,18,meccan-late
17,108,8,meccan-late
17,109,5,meccan-late
17,110,22,meccan-late
17,111,21,meccan-late
18,1,11,meccan-late
18,2,15,meccan-late
18,3,3,meccan-late
18,4,6,meccan-late
18,5,16,meccan-late
18,6,11,meccan-late
18,7,11,meccan-late
18,8,6,meccan-late
18,9,10,meccan-late
18,10,16,meccan-late
18,11,7,meccan-late
18,12,9,meccan-late
18,13,11,meccan-late
18,14,19,meccan-late
18,15,18,meccan-late
18,16,19,meccan-late
18,17,34,meccan-late
18,18,22,meccan-late
18,19,38,meccan-late
18,20,13,meccan-late
18,21,32,meccan-late
18,22,33,meccan-late
18,23,7,meccan-late
18,24,17,meccan-late
18,25,8,meccan-late
18,26,23,meccan-late
18,27,15,meccan-late
18,28,30,meccan-late
18,29,28,meccan-late
18,30,12,meccan-late
18,31,28,meccan-late
18,32,14,meccan-late
18,33,11,meccan-late
18,34,13,meccan-late
18,35,12,meccan-late
18,36,12,meccan-late
18,37,16,meccan-late
18,38,8,meccan-late
18,39,19,meccan-late
18,40,15,meccan-late
18,41,8,meccan-late
18,42,19,meccan-late
18,43,11,meccan-late
18,44,9,meccan-late
18,45,23,meccan-late
18,46,13,meccan-late
18,47,11,meccan-late
18,48,16,meccan-late
18,49,27,meccan-late
18,50,26,meccan-late
18,51,13,meccan-late
18,52,13,meccan-late
18,53,10,meccan-late
18,54,14,meccan-late
18,55,19,meccan-late
18,56,18,meccan-late
18,57,30,meccan-late
18,58,19,meccan-late
18,59,8,meccan-late
18,60,13,meccan-late
18,61,11,meccan-late
18,62,12,meccan-late
18,63,20,meccan-late
18,64,9,meccan-late
18,65,12,meccan-late
18,66,11,meccan-late
18,67,6,meccan-late
18,68,8,meccan-late
18,69,10,meccan-late
18,70,12,meccan-late
18,71,15,meccan-late
18,72,8,meccan-late
18,73,10,meccan-late
18,74,16,meccan-late
18,75,9,meccan-late
18,76,13,meccan-late
18,77,24,meccan-late
18,78,12,meccan-late
18,79,17,meccan-late
18,80,10,meccan-late
18,81,9,meccan-late
18,82,35,meccan-late
18,83,9,meccan-late
18,84,10,meccan-late
18,85,2,meccan-late
18,86,24,meccan-late
18,87,13,meccan-late
18,88,13,meccan-late
18,89,3,meccan-late
18,90,15,meccan-late
18,91,6,meccan-late
18,92,3,meccan-late
18,93,13,meccan-late
18,94,19,meccan-late
18,95,12,meccan-late
18,96,19,meccan-late
18,97,8,meccan-late
18,98,15,meccan-late
18,99,11,meccan-late
18,100,5,meccan-late
18,101,11,meccan-late
18,102,14,meccan-late
18,103,5,meccan-late
18,104,11,meccan-late
18,105,14,meccan-late
18,106,9,meccan-late
18,107,10,meccan-late
18,108,6,meccan-late
18,109,18,meccan-late
18,110,24,meccan-late
19,1,1,meccan-middle
19,2,5,meccan-middle
19,3,5,meccan-middle
19,4,14,meccan-middle
19,5,13,meccan-middle
19,6,8,meccan-middle
19,7,12,meccan-middle
19,8,14,meccan-middle
19,9,14,meccan-middle
19,10,13,meccan-middle
19,11,11,meccan-middle
19,12,7,meccan-middle
19,13,6,meccan-middle
19,14,6,meccan-middle
19,15,9,meccan-middle
19,16,10,meccan-middle
19,17,11,meccan-middle
19,18,8,meccan-middle
19,19,9,meccan-middle
19,20,11,meccan-middle
19,21,15,meccan-middle
19,22,5,meccan-middle
19,23,13,meccan-middle
19,24,10,meccan-middle
19,25,8,meccan-middle
19,26,18,meccan-middle
19,27,10,meccan-middle
19,28,11,meccan-middle
19,29,10,meccan-middle
19,30,8,meccan-middle
19,31,11,meccan-middle
19,32,6,meccan-middle
19,33,9,meccan-middle
19,34,9,meccan-middle
19,35,16,meccan-middle
19,36,8,meccan-middle
19,37,11,meccan-middle
19,38,11,meccan-middle
19,39,12,meccan-middle
19,40,8,meccan-middle
19,41,8,meccan-middle
19,42,15,meccan-middle
19,43,13,meccan-middle
19,44,9,meccan-middle
19,45,11,meccan-middle
19,46,12,meccan-middle
19,47,10,meccan-middle
19,48,14,meccan-middle
19,49,14,meccan-middle
19,50,9,meccan-middle
19,51,10,meccan-middle
19,52,7,meccan-middle
19,53,7,meccan-middle
19,54,11,meccan-middle
19,55,9,meccan-middle
19,56,8,meccan-middle
19,57,3,meccan-middle
19,58,29,meccan-middle
19,59,11,meccan-middle
19,60,12,meccan-middle
19,61,11,meccan-middle
19,62,11,meccan-middle
19,63,9,meccan-middle
19,64,18,meccan-middle
19,65,12,meccan-middle
19,66,8,meccan-middle
19,67,10,meccan-middle
19,68,8,meccan-middle
19,69,10,meccan-middle
19,70,8,meccan-middle
19,71,9,meccan-middle
19,72,8,meccan-middle
19,73,16,meccan-middle
19,74,9,meccan-middle
19,75,25,meccan-middle
19,76,13,meccan-middle
19,77,8,meccan-middle
19,78,7,meccan-middle
19,79,9,meccan-middle
19,80,5,meccan-middle
19,81,8,meccan-middle
19,82,6,meccan-middle
19,83,9,meccan-middle
19,84,7,meccan-middle
19,85,6,meccan-middle
19,86,5,meccan-middle
19,87,9,meccan-middle
19,88,4,meccan-middle
19,89,4,meccan-middle
19,90,9,meccan-middle
19,91,4,meccan-middle
19,92,6,meccan-middle
19,93,10,meccan-middle
19,94,4,meccan-middle
19,95,5,meccan-middle
19,96,9,meccan-middle
19,97,10,meccan-middle
19,98,14,meccan-middle
20,1,1,meccan-middle
20,2,5,meccan-middle
20,3,4,meccan-middle
20,4,6,meccan-middle
20,5,4,meccan-middle
20,6,12,meccan-middle
20,7,7,meccan-middle
20,8,8,meccan-middle
20,9,4,meccan-middle
20,10,18,meccan-middle
20,11,4,meccan-middle
20,12,9,meccan-middle
20,13,5,meccan-middle
20,14,11,meccan-middle
20,15,10,meccan-middle
20,16,10,meccan-middle
20,17,4,meccan-middle
20,18,13,meccan-middle
20,19,3,meccan-middle
20,20,5,meccan-middle
20,21,7,meccan-middle
20,22,11,meccan-middle
20,23,4,meccan-middle
20,24,5,meccan-middle
20,25,5,meccan-middle
20,26,3,meccan-middle
20,27,4,meccan-middle
20,28,2,meccan-middle
20,29,5,meccan-middle
20,30,2,meccan-middle
20,31,3,meccan-middle
20,32,3,meccan-middle
20,33,3,meccan-middle
20,34,2,meccan-middle
20,35,4,meccan-middle
20,36,5,meccan-middle
20,37,5,meccan-middle
20,38,6,meccan-middle
20,39,22,meccan-middle
20,40,34,meccan-middle
20,41,2,meccan-middle
20,42,8,meccan-middle
20,43,5,meccan-middle
20,44,8,meccan-middle
20,45,10,meccan-middle
20,46,7,meccan-middle
20,47,21,meccan-middle
20,48,10,meccan-middle
20,49,4,meccan-middle
20,50,9,meccan-middle
20,51,5,meccan-middle
20,52,11,meccan-middle
20,53,19,meccan-middle
20,54,9,meccan-middle
20,55,8,meccan-middle
20,56,6,meccan-middle
20,57,7,meccan-middle
20,58,14,meccan-middle
20,59,8,meccan-middle
20,60,6,meccan-middle
20,61,15,meccan-middle
20,62,5,meccan-middle
20,63,13,meccan-middle
20,64,10,meccan-middle
20,65,11,meccan-middle
20,66,12,meccan-middle
20,67,5,meccan-middle
20,68,6,meccan-middle
20,69,16,meccan-middle
20,70,8,meccan-middle
20,71,26,meccan-middle
20,72,19,meccan-middle
20,73,14,meccan-middle
20,74,13,meccan-middle
20,75,10,meccan-middle
20,76,12,meccan-middle
20,77,18,meccan-middle
20,78,8,meccan-middle
20,79,5,meccan-middle
20,80,14,meccan-middle
20,81,17,meccan-middle
20,82,9,meccan-middle
20,83,5,meccan-middle
20,84,9,meccan-middle
20,85,9,meccan-middle
20,86,26,meccan-middle
20,87,15,meccan-middle
20,88,12,meccan-middle
20,89,12,meccan-middle
20,90,16,meccan-middle
20,91,9,meccan-middle
20,92,7,meccan-middle
20,93,4,meccan-middle
20,94,18,meccan-middle
20,95,4,meccan-middle
20,96,16,meccan-middle
20,97,28,meccan-middle
20,98,12,meccan-middle
20,99,13,meccan-middle
20,100,8,meccan-middle
20,101,7,meccan-middle
20,102,8,meccan-middle
20,103,6,meccan-middle
20,104,12,meccan-middle
20,105,7,meccan-middle
20,106,3,meccan-middle
20,107,6,meccan-middle
20,108,13,meccan-middle
20,109,12,meccan-middle
20,110,10,meccan-middle
20,111,9,meccan-middle
20,112,11,meccan-middle
20,113,14,meccan-middle
20,114,17,meccan-middle
20,115,11,meccan-middle
20,116,9,meccan-middle
20,117,12,meccan-middle
20,118,7,meccan-middle
20,119,6,meccan-middle
20,120,13,meccan-middle
20,121,15,meccan-middle
20,122,6,meccan-middle
20,123,18,meccan-middle
20,124,12,meccan-middle
20,125,8,meccan-middle
20,126,8,meccan-middle
20,127,12,meccan-middle
20,128,17,meccan-middle
20,129,9,meccan-middle
20,130,20,meccan-middle
20,131,18,meccan-middle
20,132,12,meccan-middle
20,133,13,meccan-middle
20,134,19,meccan-middle
20,135,11,meccan-middle
21,1,7,meccan-late
21,2,11,meccan-late
21,3,15,meccan-late
21,4,10,meccan-late
21,5,14,meccan-late
21,6,8,meccan-late
21,7,14,meccan-late
21,8,9,meccan-late
21,9,8,meccan-late
21,10,8,meccan-late
21,11,10,meccan-late
21,12,7,meccan-late
21,13,10,meccan-late
21,14,5,meccan-late
21,15,8,meccan-late
21,16,7,meccan-late
21,17,11,meccan-late
21,18,13,meccan-late
21,19,13,meccan-late
21,20,5,meccan-late
21,21,7,meccan-late
21,22,13,meccan-late
21,23,6,meccan-late
21,24,22,meccan-late
21,25,15,meccan-late
21,26,8,meccan-late
21,27,6,meccan-late
21,28,15,meccan-late
21,29,13,meccan-late
21,30,18,meccan-late
21,31,13,meccan-late
21,32,8,meccan-late
21,33,11,meccan-late
21,34,10,meccan-late
21,35,10,meccan-late
21,36,17,meccan-late
21,37,8,meccan-late
21,38,7,meccan-late
21,39,16,meccan-late
21,40,10,meccan-late
21,41,13,meccan-late
21,42,13,meccan-late
21,43,14,meccan-late
21,44,18,meccan-late
21,45,11,meccan-late
21,46,11,meccan-late
21,47,20,meccan-late
21,48,8,meccan-late
21,49,8,meccan-late
21,50,7,meccan-late
21,51,9,meccan-late
21,52,11,meccan-late
21,53,5,meccan-late
21,54,8,meccan-late
21,55,7,meccan-late
21,56,13,meccan-late
21,57,7,meccan-late
21,58,8,meccan-late
21,59,8,meccan-late
21,60,7,meccan-late
21,61,8,meccan-late
21,62,6,meccan-late
21,63,9,meccan-late
21,64,7,meccan-late
21,65,9,meccan-late
21,66,11,meccan-late
21,67,9,meccan-late
21,68,7,meccan-late
21,69,7,meccan-late
21,70,5,meccan-late
21,71,8,meccan-late
21,72,8,meccan-late
21,73,15,meccan-late
21,74,16,meccan-late
21,75,6,meccan-late
21,76,12,meccan-late
21,77,12,meccan-late
21,78,14,meccan-late
21,79,14,meccan-late
21,80,10,meccan-late
21,81,14,meccan-late
21,82,12,meccan-late
21,83,10,meccan-late
21,84,16,meccan-late
21,85,7,meccan-late
21,86,6,meccan-late
21,87,23,meccan-late
21,88,8,meccan-late
21,89,11,meccan-late
21,90,19,meccan-late
21,91,11,meccan-late
21,92,8,meccan-late
21,93,6,meccan-late
21,94,12,meccan-late
21,95,7,meccan-late
21,96,10,meccan-late
21,97,19,meccan-late
21,98,11,meccan-late
21,99,9,meccan-late
21,100,7,meccan-late
21,101,9,meccan-late
21,102,9,meccan-late
21,103,11,meccan-late
21,104,16,meccan-late
21,105,12,meccan-late
21,106,6,meccan-late
21,107,5,meccan-late
21,108,11,meccan-late
21,109,13,meccan-late
21,110,8,meccan-late
21,111,8,meccan-late
21,112,10,meccan-late
22,1,9,medinan
22,2,22,medinan
22,3,12,medinan
22,4,11,medinan
22,5,69,medinan
22,6,13,medinan
22,7,12,medinan
22,8,13,medinan
22,9,15,medinan
22,10,9,medinan
22,11,25,medinan
22,12,14,medinan
22,13,10,medinan
22,14,17,medinan
22,15,22,medinan
22,16,9,medinan
22,17,22,medinan
22,18,37,medinan
22,19,17,medinan
22,20,6,medinan
22,21,4,medinan
22,22,12,medinan
22,23,22,medinan
22,24,9,medinan
22,25,25,medinan
22,26,16,medinan
22,27,14,medinan
22,28,20,medinan
22,29,8,medinan
22,30,24,medinan
22,31,21,medinan
22,32,9,medinan
22,33,11,medinan
22,34,20,medinan
22,35,15,medinan
22,36,27,medinan
22,37,20,medinan
22,38,13,medinan
22,39,10,medinan
22,40,35,medinan
22,41,17,medinan
22,42,9,medinan
22,43,4,medinan
22,44,11,medinan
22,45,14,medinan
22,46,23,medinan
22,47,14,medinan
22,48,11,medinan
22,49,8,medinan
22,50,8,medinan
22,51,8,medinan
22,52,27,medinan
22,53,16,medinan
22,54,21,medinan
22,55,16,medinan
22,56,12,medinan
22,57,8,medinan
22,58,18,medinan
22,59,7,medinan
22,60,16,medinan
22,61,15,medinan
22,62,17,medinan
22,63,15,medinan
22,64,12,medinan
22,65,27,medinan
22,66,10,medinan
22,67,17,medinan
22,68,7,medinan
22,69,9,medinan
22,70,18,medinan
22,71,18,medinan
22,72,29,medinan
22,73,28,medinan
22,74,9,medinan
22,75,11,medinan
22,76,10,medinan
22,77,11,medinan
22,78,44,medinan
23,1,3,meccan-late
23,2,5,meccan-late
23,3,5,meccan-late
23,4,4,meccan-late
23,5,4,meccan-late
23,6,10,meccan-late
23,7,7,meccan-late
23,8,5,meccan-late
23,9,5,meccan-late
23,10,3,meccan-late
23,11,6,meccan-late
23,12,7,meccan-late
23,13,6,meccan-late
23,14,21,meccan-late
23,15,5,meccan-late
23,16,5,meccan-late
23,17,10,meccan-late
23,18,13,meccan-late
23,19,13,meccan-late
23,20,9,meccan-late
23,21,15,meccan-late
23,22,4,meccan-late
23,23,16,meccan-late
23,24,26,meccan-late
23,25,10,meccan-late
23,26,5,meccan-late
23,27,32,meccan-late
23,28,15,meccan-late
23,29,8,meccan-late
23,30,7,meccan-late
23,31,6,meccan-late
23,32,14,meccan-late
23,33,25,meccan-late
23,34,7,meccan-late
23,35,9,meccan-late
23,36,4,meccan-late
23,37,10,meccan-late
23,38,12,meccan-late
23,39,5,meccan-late
23,40,5,meccan-late
23,41,8,meccan-late
23,42,6,meccan-late
23,43,7,meccan-late
23,44,19,meccan-late
23,45,8,meccan-late
23,46,7,meccan-late
23,47,7,meccan-late
23,48,4,meccan-late
23,49,6,meccan-late
23,50,11,meccan-late
23,51,11,meccan-late
23,52,8,meccan-late
23,53,9,meccan-late
23,54,5,meccan-late
23,55,7,meccan-late
23,56,7,meccan-late
23,57,7,meccan-late
23,58,5,meccan-late
23,59,5,meccan-late
23,60,10,meccan-late
23,61,7,meccan-late
23,62,12,meccan-late
23,63,14,meccan-late
23,64,8,meccan-late
23,65,7,meccan-late
23,66,9,meccan-late
23,67,4,meccan-late
23,68,10,meccan-late
23,69,7,meccan-late
23,70,10,meccan-late
23,71,16,meccan-late
23,72,9,meccan-late
23,73,5,meccan-late
23,74,8,meccan-late
23,75,11,meccan-late
23,76,8,meccan-late
23,77,12,meccan-late
23,78,10,meccan-late
23,79,7,meccan-late
23,80,10,meccan-late
23,81,6,meccan-late
23,82,8,meccan-late
23,83,12,meccan-late
23,84,8,meccan-late
23,85,5,meccan-late
23,86,8,meccan-late
23,87,5,meccan-late
23,88,14,meccan-late
23,89,5,meccan-late
23,90,5,meccan-late
23,91,24,meccan-late
23,92,6,meccan-late
23,93,6,meccan-late
23,94,6,meccan-late
23,95,7,meccan-late
23,96,9,meccan-late
23,97,7,meccan-late
23,98,5,meccan-late
23,99,8,meccan-late
23,100,16,meccan-late
23,101,10,meccan-late
23,102,6,meccan-late
23,103,10,meccan-late
23,104,6,meccan-late
23,105,8,meccan-late
23,106,8,meccan-late
23,107,7,meccan-late
23,108,5,meccan-late
23,109,14,meccan-late
23,110,8,meccan-late
23,111,8,meccan-late
23,112,7,meccan-late
23,113,8,meccan-late
23,114,9,meccan-late
23,115,8,meccan-late
23,116,11,meccan-late
23,117,18,meccan-late
23,118,7,meccan-late
24,1,9,medinan
24,2,26,medinan
24,3,18,medinan
24,4,19,medinan
24,5,11,medinan
24,6,17,medinan
24,7,9,medinan
24,8,11,medinan
24,9,9,medinan
24,10,9,medinan
24,11,28,medinan
24,12,12,medinan
24,13,14,medinan
24,14,15,medinan
24,15,16,medinan
24,16,14,medinan
24,17,9,medinan
24,18,7,medinan
24,19,20,medinan
24,20,9,medinan
24,21,34,medinan
24,22,26,medinan
24,23,13,medinan
24,24,9,medinan
24,25,11,medinan
24,26,16,medinan
24,27,18,medinan
24,28,22,medinan
24,29,17,medinan
24,30,15,medinan
24,31,78,medinan
24,32,17,medinan
24,33,48,medinan
24,34,13,medinan
24,35,48,medinan
24,36,14,medinan
24,37,19,medinan
24,38,14,medinan
24,39,22,medinan
24,40,33,medinan
24,41,21,medinan
24,42,7,medinan
24,43,38,medinan
24,44,10,medinan
24,45,31,medinan
24,46,11,medinan
24,47,15,medinan
24,48,11,medinan
24,49,7,medinan
24,50,16,medinan
24,51,18,medinan
24,52,10,medinan
24,53,17,medinan
24,54,23,medinan
24,55,38,medinan
24,56,8,medinan
24,57,11,medinan
24,58,49,medinan
24,59,19,medinan
24,60,23,medinan
24,61,76,medinan
24,62,39,medinan
24,63,27,medinan
24,64,22,medinan
25,1,9,meccan-middle
25,2,19,meccan-middle
25,3,22,meccan-middle
25,4,16,meccan-middle
25,5,9,meccan-middle
25,6,12,meccan-middle
25,7,16,meccan-middle
25,8,17,meccan-middle
25,9,9,meccan-middle
25,10,17,meccan-middle
25,11,8,meccan-middle
25,12,9,meccan-middle
25,13,9,meccan-middle
25,14,8,meccan-middle
25,15,13,meccan-middle
25,16,10,meccan-middle
25,17,16,meccan-middle
25,18,21,meccan-middle
25,19,15,meccan-middle
25,20,20,meccan-middle
25,21,19,meccan-middle
25,22,10,meccan-middle
25,23,9,meccan-middle
25,24,7,meccan-middle
25,25,7,meccan-middle
25,26,9,meccan-middle
25,27,11,meccan-middle
25,28,6,meccan-middle
25,29,11,meccan-middle
25,30,9,meccan-middle
25,31,11,meccan-middle
25,32,15,meccan-middle
25,33,8,meccan-middle
25,34,11,meccan-middle
25,35,9,meccan-middle
25,36,9,meccan-middle
25,37,13,meccan-middle
25,38,8,meccan-middle
25,39,7,meccan-middle
25,40,16,meccan-middle
25,41,11,meccan-middle
25,42,17,meccan-middle
25,43,9,meccan-middle
25,44,15,meccan-middle
25,45,16,meccan-middle
25,46,5,meccan-middle
25,47,11,meccan-middle
25,48,13,meccan-middle
25,49,10,meccan-middle
25,50,9,meccan-middle
25,51,7,meccan-middle
25,52,7,meccan-middle
25,53,15,meccan-middle
25,54,12,meccan-middle
25,55,14,meccan-middle
25,56,5,meccan-middle
25,57,14,meccan-middle
25,58,13,meccan-middle
25,59,17,meccan-middle
25,60,13,meccan-middle
25,61,11,meccan-middle
25,62,13,meccan-middle
25,63,12,meccan-middle
25,64,5,meccan-middle
25,65,11,meccan-middle
25,66,4,meccan-middle
25,67,11,meccan-middle
25,68,22,meccan-middle
25,69,8,meccan-middle
25,70,16,meccan-middle
25,71,9,meccan-middle
25,72,9,meccan-middle
25,73,10,meccan-middle
25,74,13,meccan-middle
25,75,9,meccan-middle
25,76,5,meccan-middle
25,77,12,meccan-middle
26,1,1,meccan-middle
26,2,4,meccan-middle
26,3,6,meccan-middle
26,4,11,meccan-middle
26,5,11,meccan-middle
26,6,8,meccan-middle
26,7,11,meccan-middle
26,8,8,meccan-middle
26,9,5,meccan-middle
26,10,8,meccan-middle
26,11,4,meccan-middle
26,12,6,meccan-middle
26,13,8,meccan-middle
26,14,6,meccan-middle
26,15,7,meccan-middle
26,16,7,meccan-middle
26,17,5,meccan-middle
26,18,10,meccan-middle
26,19,7,meccan-middle
26,20,6,meccan-middle
26,21,11,meccan-middle
26,22,8,meccan-middle
26,23,5,meccan-middle
26,24,9,meccan-middle
26,25,5,meccan-middle
26,26,5,meccan-middle
26,27,7,meccan-middle
26,28,9,meccan-middle
26,29,8,meccan-middle
26,30,5,meccan-middle
26,31,7,meccan-middle
26,32,6,meccan-middle
26,33,6,meccan-middle
26,34,7,meccan-middle
26,35,8,meccan-middle
26,36,7,meccan-middle
26,37,4,meccan-middle
26,38,5,meccan-middle
26,39,5,meccan-middle
26,40,7,meccan-middle
26,41,12,meccan-middle
26,42,6,meccan-middle
26,43,7,meccan-middle
26,44,9,meccan-middle
26,45,8,meccan-middle
26,46,3,meccan-middle
26,47,4,meccan-middle
26,48,3,meccan-middle
26,49,21,meccan-middle
26,50,7,meccan-middle
26,51,11,meccan-middle
26,52,8,meccan-middle
26,53,5,meccan-middle
26,54,4,meccan-middle
26,55,3,meccan-middle
26,56,3,meccan-middle
26,57,4,meccan-middle
26,58,3,meccan-middle
26,59,4,meccan-middle
26,60,2,meccan-middle
26,61,8,meccan-middle
26,62,6,meccan-middle
26,63,13,meccan-middle
26,64,3,meccan-middle
26,65,5,meccan-middle
26,66,3,meccan-middle
26,67,8,meccan-middle
26,68,5,meccan-middle
26,69,4,meccan-middle
26,70,6,meccan-middle
26,71,6,meccan-middle
26,72,5,meccan-middle
26,73,4,meccan-middle
26,74,6,meccan-middle
26,75,5,meccan-middle
26,76,3,meccan-middle
26,77,6,meccan-middle
26,78,4,meccan-middle
26,79,4,meccan-middle
26,80,4,meccan-middle
26,81,4,meccan-middle
26,82,8,meccan-middle
26,83,6,meccan-middle
26,84,6,meccan-middle
26,85,5,meccan-middle
26,86,6,meccan-middle
26,87,4,meccan-middle
26,88,6,meccan-middle
26,89,6,meccan-middle
26,90,3,meccan-middle
26,91,3,meccan-middle
26,92,6,meccan-middle
26,93,7,meccan-middle
26,94,4,meccan-middle
26,95,3,meccan-middle
26,96,4,meccan-middle
26,97,6,meccan-middle
26,98,4,meccan-middle
26,99,4,meccan-middle
26,100,4,meccan-middle
26,101,3,meccan-middle
26,102,7,meccan-middle
26,103,8,meccan-middle
26,104,5,meccan-middle
26,105,4,meccan-middle
26,106,7,meccan-middle
26,107,4,meccan-middle
26,108,3,meccan-middle
26,109,11,meccan-middle
26,110,3,meccan-middle
26,111,5,meccan-middle
26,112,6,meccan-middle
26,113,7,meccan-middle
26,114,4,meccan-middle
26,115,5,meccan-middle
26,116,8,meccan-middle
26,117,5,meccan-middle
26,118,9,meccan-middle
26,119,6,meccan-middle
26,120,4,meccan-middle
26,121,8,meccan-middle
26,122,5,meccan-middle
26,123,3,meccan-middle
26,124,7,meccan-middle
26,125,4,meccan-middle
26,126,3,meccan-middle
26,127,11,meccan-middle
26,128,5,meccan-middle
26,129,4,meccan-middle
26,130,4,meccan-middle
26,131,3,meccan-middle
26,132,5,meccan-middle
26,133,3,meccan-middle
26,134,2,meccan-middle
26,135,6,meccan-middle
26,136,9,meccan-middle
26,137,5,meccan-middle
26,138,3,meccan-middle
26,139,10,meccan-middle
26,140,5,meccan-middle
26,141,3,meccan-middle
26,142,7,meccan-middle
26,143,4,meccan-middle
26,144,3,meccan-middle
26,145,11,meccan-middle
26,146,5,meccan-middle
26,147,3,meccan-middle
26,148,4,meccan-middle
26,149,5,meccan-middle
26,150,3,meccan-middle
26,151,4,meccan-middle
26,152,6,meccan-middle
26,153,5,meccan-middle
26,154,11,meccan-middle
26,155,9,meccan-middle
26,156,7,meccan-middle
26,157,3,meccan-middle
26,158,10,meccan-middle
26,159,5,meccan-middle
26,160,4,meccan-middle
26,161,7,meccan-middle
26,162,4,meccan-middle
26,163,3,meccan-middle
26,164,11,meccan-middle
26,165,4,meccan-middle
26,166,11,meccan-middle
26,167,8,meccan-middle
26,168,5,meccan-middle
26,169,5,meccan-middle
26,170,3,meccan-middle
26,171,4,meccan-middle
26,172,3,meccan-middle
26,173,6,meccan-middle
26,174,8,meccan-middle
26,175,5,meccan-middle
26,176,4,meccan-middle
26,177,6,meccan-middle
26,178,4,meccan-middle
26,179,3,meccan-middle
26,180,11,meccan-middle
26,181,6,meccan-middle
26,182,3,meccan-middle
26,183,9,meccan-middle
26,184,5,meccan-middle
26,185,5,meccan-middle
26,186,9,meccan-middle
26,187,9,meccan-middle
26,188,5,meccan-middle
26,189,10,meccan-middle
26,190,8,meccan-middle
26,191,5,meccan-middle
26,192,4,meccan-middle
26,193,4,meccan-middle
26,194,5,meccan-middle
26,195,3,meccan-middle
26,196,4,meccan-middle
26,197,9,meccan-middle
26,198,5,meccan-middle
26,199,6,meccan-middle
26,200,5,meccan-middle
26,201,7,meccan-middle
26,202,5,meccan-middle
26,203,4,meccan-middle
26,204,2,meccan-middle
26,205,4,meccan-middle
26,206,5,meccan-middle
26,207,6,meccan-middle
26,208,7,meccan-middle
26,209,4,meccan-middle
26,210,4,meccan-middle
26,211,5,meccan-middle
26,212,4,meccan-middle
26,213,9,meccan-middle
26,214,3,meccan-middle
26,215,6,meccan-middle
26,216,7,meccan-middle
26,217,4,meccan-middle
26,218,4,meccan-middle
26,219,3,meccan-middle
26,220,4,meccan-middle
26,221,6,meccan-middle
26,222,5,meccan-middle
26,223,4,meccan-middle
26,224,3,meccan-middle
26,225,7,meccan-middle
26,226,5,meccan-middle
26,227,19,meccan-middle
27,1,6,meccan-middle
27,2,3,meccan-middle
27,3,9,meccan-middle
27,4,10,meccan-middle
27,5,10,meccan-middle
27,6,7,meccan-middle
27,7,16,meccan-middle
27,8,14,meccan-middle
27,9,6,meccan-middle
27,10,19,meccan-middle
27,11,11,meccan-middle
27,12,19,meccan-middle
27,13,8,meccan-middle
27,14,11,meccan-middle
27,15,15,meccan-middle
27,16,18,meccan-middle
27,17,9,meccan-middle
27,18,19,meccan-middle
27,19,24,meccan-middle
27,20,12,meccan-middle
27,21,9,meccan-middle
27,22,14,meccan-middle
27,23,11,meccan-middle
27,24,17,meccan-middle
27,25,14,meccan-middle
27,26,8,meccan-middle
27,27,7,meccan-middle
27,28,11,meccan-middle
27,29,8,meccan-middle
27,30,8,meccan-middle
27,31,5,meccan-middle
27,32,12,meccan-middle
27,33,12,meccan-middle
27,34,13,meccan-middle
27,35,8,meccan-middle
27,36,16,meccan-middle
27,37,13,meccan-middle
27,38,10,meccan-middle
27,39,16,meccan-middle
27,40,38,meccan-middle
27,41,12,meccan-middle
27,42,14,meccan-middle
27,43,12,meccan-middle
27,44,28,meccan-middle
27,45,13,meccan-middle
27,46,12,meccan-middle
27,47,13,meccan-middle
27,48,10,meccan-middle
27,49,14,meccan-middle
27,50,7,meccan-middle
27,51,9,meccan-middle
27,52,11,meccan-middle
27,53,5,meccan-middle
27,54,8,meccan-middle
27,55,11,meccan-middle
27,56,15,meccan-middle
27,57,7,meccan-middle
27,58,6,meccan-middle
27,59,12,meccan-middle
27,60,27,meccan-middle
27,61,21,meccan-middle
27,62,16,meccan-middle
27,63,20,meccan-middle
27,64,19,meccan-middle
27,65,14,meccan-middle
27,66,14,meccan-middle
27,67,9,meccan-middle
27,68,12,meccan-middle
27,69,9,meccan-middle
27,70,9,meccan-middle
27,71,7,meccan-middle
27,72,9,meccan-middle
27,73,10,meccan-middle
27,74,8,meccan-middle
27,75,10,meccan-middle
27,76,12,meccan-middle
27,77,4,meccan-middle
27,78,8,meccan-middle
27,79,7,meccan-middle
27,80,11,meccan-middle
27,81,14,meccan-middle
27,82,16,meccan-middle
27,83,11,meccan-middle
27,84,13,meccan-middle
27,85,8,meccan-middle
27,86,15,meccan-middle
27,87,18,meccan-middle
27,88,18,meccan-middle
27,89,11,meccan-middle
27,90,13,meccan-middle
27,91,17,meccan-middle
27,92,15,meccan-middle
27,93,11,meccan-middle
28,1,1,meccan-middle
28,2,4,meccan-middle
28,3,9,meccan-middle
28,4,19,meccan-middle
28,5,12,meccan-middle
28,6,12,meccan-middle
28,7,22,meccan-middle
28,8,13,meccan-middle
28,9,18,meccan-middle
28,10,17,meccan-middle
28,11,10,meccan-middle
28,12,16,meccan-middle
28,13,17,meccan-middle
28,14,10,meccan-middle
28,15,38,meccan-middle
28,16,13,meccan-middle
28,17,9,meccan-middle
28,18,16,meccan-middle
28,19,32,meccan-middle
28,20,18,meccan-middle
28,21,10,meccan-middle
28,22,11,meccan-middle
28,23,27,meccan-middle
28,24,15,meccan-middle
28,25,26,meccan-middle
28,26,10,meccan-middle
28,27,29,meccan-middle
28,28,15,meccan-middle
28,29,27,meccan-middle
28,30,19,meccan-middle
28,31,19,meccan-middle
28,32,25,meccan-middle
28,33,9,meccan-middle
28,34,14,meccan-middle
28,35,15,meccan-middle
28,36,17,meccan-middle
28,37,18,meccan-middle
28,38,27,meccan-middle
28,39,12,meccan-middle
28,40,10,meccan-middle
28,41,9,meccan-middle
28,42,10,meccan-middle
28,43,16,meccan-middle
28,44,13,meccan-middle
28,45,18,meccan-middle
28,46,20,meccan-middle
28,47,18,meccan-middle
28,48,26,meccan-middle
28,49,13,meccan-middle
28,50,23,meccan-middle
28,51,6,meccan-middle
28,52,8,meccan-middle
28,53,15,meccan-middle
28,54,12,meccan-middle
28,55,15,meccan-middle
28,56,13,meccan-middle
28,57,25,meccan-middle
28,58,17,meccan-middle
28,59,20,meccan-middle
28,60,15,meccan-middle
28,61,17,meccan-middle
28,62,8,meccan-middle
28,63,18,meccan-middle
28,64,13,meccan-middle
28,65,6,meccan-middle
28,66,7,meccan-middle
28,67,11,meccan-middle
28,68,14,meccan-middle
28,69,7,meccan-middle
28,70,15,meccan-middle
28,71,19,meccan-middle
28,72,21,meccan-middle
28,73,13,meccan-middle
28,74,8,meccan-middle
28,75,17,meccan-middle
28,76,29,meccan-middle
28,77,26,meccan-middle
28,78,28,meccan-middle
28,79,20,meccan-middle
28,80,16,meccan-middle
28,81,17,meccan-middle
28,82,26,meccan-middle
28,83,14,meccan-middle
28,84,18,meccan-middle
28,85,19,meccan-middle
28,86,15,meccan-middle
28,87,16,meccan-middle
28,88,19,meccan-middle
29,1,1,meccan-late
29,2,10,meccan-late
29,3,11,meccan-late
29,4,10,meccan-late
29,5,12,meccan-late
29,6,10,meccan-late
29,7,12,meccan-late
29,8,21,meccan-late
29,9,7,meccan-late
29,10,31,meccan-late
29,11,6,meccan-late
29,12,18,meccan-late
29,13,11,meccan-late
29,14,16,meccan-late
29,15,6,meccan-late
29,16,13,meccan-late
29,17,27,meccan-late
29,18,13,meccan-late
29,19,13,meccan-late
29,20,19,meccan-late
29,21,8,meccan-late
29,22,17,meccan-late
29,23,13,meccan-late
29,24,20,meccan-late
29,25,27,meccan-late
29,26,12,meccan-late
29,27,18,meccan-late
29,28,14,meccan-late
29,29,23,meccan-late
29,30,6,meccan-late
29,31,15,meccan-late
29,32,16,meccan-late
29,33,23,meccan-late
29,34,12,meccan-late
29,35,7,meccan-late
29,36,16,meccan-late
29,37,7,meccan-late
29,38,16,meccan-late
29,39,13,meccan-late
29,40,28,meccan-late
29,41,19,meccan-late
29,42,12,meccan-late
29,43,8,meccan-late
29,44,10,meccan-late
29,45,21,meccan-late
29,46,25,meccan-late
29,47,19,meccan-late
29,48,13,meccan-late
29,49,14,meccan-late
29,50,16,meccan-late
29,51,15,meccan-late
29,52,19,meccan-late
29,53,12,meccan-late
29,54,6,meccan-late
29,55,13,meccan-late
29,56,8,meccan-late
29,57,7,meccan-late
29,58,17,meccan-late
29,59,5,meccan-late
29,60,12,meccan-late
29,61,13,meccan-late
29,62,14,meccan-late
29,63,22,meccan-late
29,64,15,meccan-late
29,65,16,meccan-late
29,66,6,meccan-late
29,67,15,meccan-late
29,68,17,meccan-late
29,69,9,meccan-late
30,1,1,meccan-late
30,2,2,meccan-late
30,3,8,meccan-late
30,4,12,meccan-late
30,5,8,meccan-late
30,6,11,meccan-late
30,7,10,meccan-late
30,8,22,meccan-late
30,9,32,meccan-late
30,10,13,meccan-late
30,11,8,meccan-late
30,12,5,meccan-late
30,13,9,meccan-late
30,14,5,meccan-late
30,15,9,meccan-late
30,16,11,meccan-late
30,17,6,meccan-late
30,18,8,meccan-late
30,19,14,meccan-late
30,20,11,meccan-late
30,21,20,meccan-late
30,22,13,meccan-late
30,23,14,meccan-late
30,24,21,meccan-late
30,25,16,meccan-late
30,26,8,meccan-late
30,27,18,meccan-late
30,28,27,meccan-late
30,29,16,meccan-late
30,30,22,meccan-late
30,31,9,meccan-late
30,32,11,meccan-late
30,33,18,meccan-late
30,34,6,meccan-late
30,35,10,meccan-late
30,36,15,meccan-late
30,37,15,meccan-late
30,38,16,meccan-late
30,39,22,meccan-late
30,40,22,meccan-late
30,41,15,meccan-late
30,42,14,meccan-late
30,43,16,meccan-late
30,44,9,meccan-late
30,45,11,meccan-late
30,46,17,meccan-late
30,47,18,meccan-late
30,48,28,meccan-late
30,49,10,meccan-late
30,50,19,meccan-late
30,51,9,meccan-late
30,52,11,meccan-late
30,53,14,meccan-late
30,54,24,meccan-late
30,55,12,meccan-late
30,56,20,meccan-late
30,57,9,meccan-late
30,58,19,meccan-late
30,59,8,meccan-late
30,60,10,meccan-late
31,1,1,meccan-late
31,2,4,meccan-late
31,3,3,meccan-late
31,4,9,meccan-late
31,5,8,meccan-late
31,6,18,meccan-late
31,7,16,meccan-late
31,8,8,meccan-late
31,9,8,meccan-late
31,10,27,meccan-late
31,11,14,meccan-late
31,12,18,meccan-late
31,13,14,meccan-late
31,14,17,meccan-late
31,15,29,meccan-late
31,16,24,meccan-late
31,17,17,meccan-late
31,18,16,meccan-late
31,19,11,meccan-late
31,20,30,meccan-late
31,21,21,meccan-late
31,22,15,meccan-late
31,23,15,meccan-late
31,24,7,meccan-late
31,25,15,meccan-late
31,26,10,meccan-late
31,27,21,meccan-late
31,28,11,meccan-late
31,29,25,meccan-late
31,30,16,meccan-late
31,31,19,meccan-late
31,32,22,meccan-late
31,33,30,meccan-late
31,34,27,meccan-late
32,1,1,meccan-late
32,2,8,meccan-late
32,3,18,meccan-late
32,4,24,meccan-late
32,5,17,meccan-late
32,6,6,meccan-late
32,7,10,meccan-late
32,8,8,meccan-late
32,9,14,meccan-late
32,10,14,meccan-late
32,11,11,meccan-late
32,12,16,meccan-late
32,13,16,meccan-late
32,14,14,meccan-late
32,15,15,meccan-late
32,16,11,meccan-late
32,17,13,meccan-late
32,18,8,meccan-late
32,19,12,meccan-late
32,20,21,meccan-late
32,21,9,meccan-late
32,22,13,meccan-late
32,23,14,meccan-late
32,24,10,meccan-late
32,25,11,meccan-late
32,26,18,meccan-late
32,27,17,meccan-late
32,28,7,meccan-late
32,29,11,meccan-late
32,30,5,meccan-late
33,1,13,medinan
33,2,12,medinan
33,3,6,medinan
33,4,28,medinan
33,5,28,medinan
33,6,29,medinan
33,7,17,medinan
33,8,8,medinan
33,9,21,medinan
33,10,16,medinan
33,11,6,medinan
33,12,13,medinan
33,13,25,medinan
33,14,14,medinan
33,15,13,medinan
33,16,15,medinan
33,17,24,medinan
33,18,14,medinan
33,19,35,medinan
33,20,23,medinan
33,21,17,medinan
33,22,18,medinan
33,23,18,medinan
33,24,16,medinan
33,25,16,medinan
33,26,16,medinan
33,27,13,medinan
33,28,15,medinan
33,29,14,medinan
33,30,16,medinan
33,31,14,medinan
33,32,19,medinan
33,33,25,medinan
33,34,14,medinan
33,35,30,medinan
33,36,24,medinan
33,37,48,medinan
33,38,22,medinan
33,39,13,medinan
33,40,17,medinan
33,41,7,medinan
33,42,3,medinan
33,43,13,medinan
33,44,8,medinan
33,45,7,medinan
33,46,6,medinan
33,47,8,medinan
33,48,12,medinan
33,49,22,medinan
33,50,61,medinan
33,51,35,medinan
33,52,25,medinan
33,53,69,medinan
33,54,11,medinan
33,55,30,medinan
33,56,13,medinan
33,57,14,medinan
33,58,12,medinan
33,59,21,medinan
33,60,19,medinan
33,61,6,medinan
33,62,12,medinan
33,63,15,medinan
33,64,7,medinan
33,65,8,medinan
33,66,11,medinan
33,67,8,medinan
33,68,8,medinan
33,69,16,medinan
33,70,8,medinan
33,71,14,medinan
33,72,18,medinan
33,73,15,medinan
34,1,17,meccan-late
34,2,18,meccan-late
34,3,32,meccan-late
34,4,10,meccan-late
34,5,11,meccan-late
34,6,16,meccan-late
34,7,16,meccan-late
34,8,16,meccan-late
34,9,29,meccan-late
34,10,12,meccan-late
34,11,12,meccan-late
34,12,27,meccan-late
34,13,19,meccan-late
34,14,27,meccan-late
34,15,20,meccan-late
34,16,16,meccan-late
34,17,8,meccan-late
34,18,17,meccan-late
34,19,19,meccan-late
34,20,10,meccan-late
34,21,21,meccan-late
34,22,26,meccan-late
34,23,22,meccan-late
34,24,17,meccan-late
34,25,9,meccan-late
34,26,11,meccan-late
34,27,12,meccan-late
34,28,12,meccan-late
34,29,7,meccan-late
34,30,10,meccan-late
34,31,32,meccan-late
34,32,15,meccan-late
34,33,34,meccan-late
34,34,14,meccan-late
34,35,8,meccan-late
34,36,13,meccan-late
34,37,23,meccan-late
34,38,9,meccan-late
34,39,20,meccan-late
34,40,10,meccan-late
34,41,13,meccan-late
34,42,18,meccan-late
34,43,34,meccan-late
34,44,11,meccan-late
34,45,14,meccan-late
34,46,24,meccan-late
34,47,17,meccan-late
34,48,7,meccan-late
34,49,8,meccan-late
34,50,16,meccan-late
34,51,10,meccan-late
34,52,9,meccan-late
34,53,10,meccan-late
34,54,15,meccan-late
35,1,24,meccan-middle
35,2,19,meccan-middle
35,3,21,meccan-middle
35,4,11,meccan-middle
35,5,14,meccan-middle
35,6,13,meccan-middle
35,7,13,meccan-middle
35,8,25,meccan-middle
35,9,17,meccan-middle
35,10,24,meccan-middle
35,11,34,meccan-middle
35,12,28,meccan-middle
35,13,28,meccan-middle
35,14,18,meccan-middle
35,15,10,meccan-middle
35,16,6,meccan-middle
35,17,5,meccan-middle
35,18,34,meccan-middle
35,19,4,meccan-middle
35,20,4,meccan-middle
35,21,4,meccan-middle
35,22,16,meccan-middle
35,23,4,meccan-middle
35,24,12,meccan-middle
35,25,13,meccan-middle
35,26,7,meccan-middle
35,27,22,meccan-middle
35,28,17,meccan-middle
35,29,16,meccan-middle
35,30,8,meccan-middle
35,31,16,meccan-middle
35,32,21,meccan-middle
35,33,13,meccan-middle
35,34,11,meccan-middle
35,35,14,meccan-middle
35,36,18,meccan-middle
35,37,25,meccan-middle
35,38,10,meccan-middle
35,39,24,meccan-middle
35,40,33,meccan-middle
35,41,19,meccan-middle
35,42,19,meccan-middle
35,43,26,meccan-middle
35,44,30,meccan-middle
35,45,25,meccan-middle
36,1,1,meccan-middle
36,2,2,meccan-middle
36,3,3,meccan-middle
36,4,3,meccan-middle
36,5,3,meccan-middle
36,6,7,meccan-middle
36,7,8,meccan-middle
36,8,10,meccan-middle
36,9,12,meccan-middle
36,10,8,meccan-middle
36,11,12,meccan-middle
36,12,14,meccan-middle
36,13,8,meccan-middle
36,14,11,meccan-middle
36,15,15,meccan-middle
36,16,6,meccan-middle
36,17,5,meccan-middle
36,18,12,meccan-middle
36,19,9,meccan-middle
36,20,10,meccan-middle
36,21,7,meccan-middle
36,22,8,meccan-middle
36,23,15,meccan-middle
36,24,5,meccan-middle
36,25,4,meccan-middle
36,26,7,meccan-middle
36,27,7,meccan-middle
36,28,13,meccan-middle
36,29,8,meccan-middle
36,30,11,meccan-middle
36,31,11,meccan-middle
36,32,6,meccan-middle
36,33,10,meccan-middle
36,34,10,meccan-middle
36,35,8,meccan-middle
36,36,13,meccan-middle
36,37,9,meccan-middle
36,38,8,meccan-middle
36,39,7,meccan-middle
36,40,15,meccan-middle
36,41,8,meccan-middle
36,42,6,meccan-middle
36,43,9,meccan-middle
36,44,6,meccan-middle
36,45,11,meccan-middle
36,46,11,meccan-middle
36,47,24,meccan-middle
36,48,7,meccan-middle
36,49,8,meccan-middle
36,50,7,meccan-middle
36,51,10,meccan-middle
36,52,12,meccan-middle
36,53,10,meccan-middle
36,54,11,meccan-middle
36,55,7,meccan-middle
36,56,7,meccan-middle
36,57,6,meccan-middle
36,58,5,meccan-middle
36,59,4,meccan-middle
36,60,13,meccan-middle
36,61,5,meccan-middle
36,62,8,meccan-middle
36,63,5,meccan-middle
36,64,5,meccan-middle
36,65,11,meccan-middle
36,66,9,meccan-middle
36,67,10,meccan-middle
36,68,7,meccan-middle
36,69,12,meccan-middle
36,70,8,meccan-middle
36,71,12,meccan-middle
36,72,6,meccan-middle
36,73,6,meccan-middle
36,74,7,meccan-middle
36,75,7,meccan-middle
36,76,9,meccan-middle
36,77,11,meccan-middle
36,78,11,meccan-middle
36,79,10,meccan-middle
36,80,11,meccan-middle
36,81,14,meccan-middle
36,82,10,meccan-middle
36,83,8,meccan-middle
37,1,2,meccan-late
37,2,2,meccan-late
37,3,2,meccan-late
37,4,3,meccan-late
37,5,7,meccan-late
37,6,6,meccan-late
37,7,5,meccan-late
37,8,9,meccan-late
37,9,4,meccan-late
37,10,7,meccan-late
37,11,12,meccan-late
37,12,3,meccan-late
37,13,4,meccan-late
37,14,4,meccan-late
37,15,6,meccan-late
37,16,7,meccan-late
37,17,2,meccan-late
37,18,4,meccan-late
37,19,7,meccan-late
37,20,5,meccan-late
37,21,7,meccan-late
37,22,7,meccan-late
37,23,7,meccan-late
37,24,3,meccan-late
37,25,4,meccan-late
37,26,4,meccan-late
37,27,5,meccan-late
37,28,6,meccan-late
37,29,5,meccan-late
37,30,10,meccan-late
37,31,6,meccan-late
37,32,4,meccan-late
37,33,5,meccan-late
37,34,4,meccan-late
37,35,10,meccan-late
37,36,6,meccan-late
37,37,5,meccan-late
37,38,4,meccan-late
37,39,6,meccan-late
37,40,4,meccan-late
37,41,4,meccan-late
37,42,3,meccan-late
37,43,3,meccan-late
37,44,3,meccan-late
37,45,5,meccan-late
37,46,3,meccan-late
37,47,7,meccan-late
37,48,4,meccan-late
37,49,3,meccan-late
37,50,5,meccan-late
37,51,7,meccan-late
37,52,4,meccan-late
37,53,7,meccan-late
37,54,4,meccan-late
37,55,5,meccan-late
37,56,5,meccan-late
37,57,6,meccan-late
37,58,3,meccan-late
37,59,6,meccan-late
37,60,5,meccan-late
37,61,4,meccan-late
37,62,6,meccan-late
37,63,4,meccan-late
37,64,6,meccan-late
37,65,4,meccan-late
37,66,6,meccan-late
37,67,7,meccan-late
37,68,5,meccan-late
37,69,4,meccan-late
37,70,4,meccan-late
37,71,5,meccan-late
37,72,4,meccan-late
37,73,5,meccan-late
37,74,4,meccan-late
37,75,5,meccan-late
37,76,5,meccan-late
37,77,4,meccan-late
37,78,4,meccan-late
37,79,5,meccan-late
37,80,4,meccan-late
37,81,4,meccan-late
37,82,3,meccan-late
37,83,4,meccan-late
37,84,5,meccan-late
37,85,6,meccan-late
37,86,5,meccan-late
37,87,4,meccan-late
37,88,4,meccan-late
37,89,3,meccan-late
37,90,3,meccan-late
37,91,6,meccan-late
37,92,4,meccan-late
37,93,4,meccan-late
37,94,3,meccan-late
37,95,4,meccan-late
37,96,4,meccan-late
37,97,7,meccan-late
37,98,5,meccan-late
37,99,6,meccan-late
37,100,5,meccan-late
37,101,3,meccan-late
37,102,26,meccan-late
37,103,4,meccan-late
37,104,3,meccan-late
37,105,7,meccan-late
37,106,5,meccan-late
37,107,3,meccan-late
37,108,4,meccan-late
37,109,3,meccan-late
37,110,3,meccan-late
37,111,4,meccan-late
37,112,5,meccan-late
37,113,10,meccan-late
37,114,5,meccan-late
37,115,5,meccan-late
37,116,4,meccan-late
37,117,3,meccan-late
37,118,3,meccan-late
37,119,4,meccan-late
37,120,4,meccan-late
37,121,4,meccan-late
37,122,4,meccan-late
37,123,4,meccan-late
37,124,5,meccan-late
37,125,5,meccan-late
37,126,5,meccan-late
37,127,3,meccan-late
37,128,4,meccan-late
37,129,4,meccan-late
37,130,3,meccan-late
37,131,4,meccan-late
37,132,4,meccan-late
37,133,4,meccan-late
37,134,4,meccan-late
37,135,4,meccan-late
37,136,3,meccan-late
37,137,4,meccan-late
37,138,3,meccan-late
37,139,4,meccan-late
37,140,5,meccan-late
37,141,4,meccan-late
37,142,4,meccan-late
37,143,5,meccan-late
37,144,6,meccan-late
37,145,4,meccan-late
37,146,5,meccan-late
37,147,6,meccan-late
37,148,4,meccan-late
37,149,5,meccan-late
37,150,6,meccan-late
37,151,5,meccan-late
37,152,4,meccan-late
37,153,4,meccan-late
37,154,4,meccan-late
37,155,2,meccan-late
37,156,4,meccan-late
37,157,5,meccan-late
37,158,10,meccan-late
37,159,4,meccan-late
37,160,4,meccan-late
37,161,3,meccan-late
37,162,4,meccan-late
37,163,5,meccan-late
37,164,6,meccan-late
37,165,3,meccan-late
37,166,3,meccan-late
37,167,3,meccan-late
37,168,6,meccan-late
37,169,4,meccan-late
37,170,4,meccan-late
37,171,5,meccan-late
37,172,3,meccan-late
37,173,4,meccan-late
37,174,4,meccan-late
37,175,3,meccan-late
37,176,2,meccan-late
37,177,6,meccan-late
37,178,4,meccan-late
37,179,3,meccan-late
37,180,6,meccan-late
37,181,3,meccan-late
37,182,4,meccan-late
38,1,4,meccan-middle
38,2,6,meccan-middle
38,3,10,meccan-middle
38,4,10,meccan-middle
38,5,8,meccan-middle
38,6,12,meccan-middle
38,7,10,meccan-middle
38,8,15,meccan-middle
38,9,7,meccan-middle
38,10,10,meccan-middle
38,11,6,meccan-middle
38,12,8,meccan-middle
38,13,7,meccan-middle
38,14,7,meccan-middle
38,15,10,meccan-middle
38,16,8,meccan-middle
38,17,11,meccan-middle
38,18,7,meccan-middle
38,19,5,meccan-middle
38,20,6,meccan-middle
38,21,7,meccan-middle
38,22,23,meccan-middle
38,23,15,meccan-middle
38,24,32,meccan-middle
38,25,9,meccan-middle
38,26,30,meccan-middle
38,27,16,meccan-middle
38,28,13,meccan-middle
38,29,9,meccan-middle
38,30,7,meccan-middle
38,31,6,meccan-middle
38,32,11,meccan-middle
38,33,6,meccan-middle
38,34,9,meccan-middle
38,35,15,meccan-middle
38,36,8,meccan-middle
38,37,4,meccan-middle
38,38,4,meccan-middle
38,39,7,meccan-middle
38,40,6,meccan-middle
38,41,11,meccan-middle
38,42,6,meccan-middle
38,43,10,meccan-middle
38,44,14,meccan-middle
38,45,8,meccan-middle
38,46,5,meccan-middle
38,47,5,meccan-middle
38,48,8,meccan-middle
38,49,6,meccan-middle
38,50,5,meccan-middle
38,51,7,meccan-middle
38,52,4,meccan-middle
38,53,5,meccan-middle
38,54,7,meccan-middle
38,55,5,meccan-middle
38,56,4,meccan-middle
38,57,4,meccan-middle
38,58,4,meccan-middle
38,59,10,meccan-middle
38,60,11,meccan-middle
38,61,11,meccan-middle
38,62,10,meccan-middle
38,63,6,meccan-middle
38,64,6,meccan-middle
38,65,11,meccan-middle
38,66,7,meccan-middle
38,67,4,meccan-middle
38,68,3,meccan-middle
38,69,9,meccan-middle
38,70,8,meccan-middle
38,71,9,meccan-middle
38,72,9,meccan-middle
38,73,4,meccan-middle
38,74,6,meccan-middle
38,75,14,meccan-middle
38,76,10,meccan-middle
38,77,5,meccan-middle
38,78,6,meccan-middle
38,79,6,meccan-middle
38,80,4,meccan-middle
38,81,4,meccan-middle
38,82,4,meccan-middle
38,83,4,meccan-middle
38,84,4,meccan-middle
38,85,7,meccan-middle
38,86,10,meccan-middle
38,87,5,meccan-middle
38,88,4,meccan-middle
39,1,6,meccan-late
39,2,10,meccan-late
39,3,33,meccan-late
39,4,16,meccan-late
39,5,23,meccan-late
39,6,36,meccan-late
39,7,31,meccan-late
39,8,34,meccan-late
39,9,24,meccan-late
39,10,21,meccan-late
39,11,9,meccan-late
39,12,5,meccan-late
39,13,9,meccan-late
39,14,6,meccan-late
39,15,19,meccan-late
39,16,16,meccan-late
39,17,12,meccan-late
39,18,13,meccan-late
39,19,10,meccan-late
39,20,20,meccan-late
39,21,31,meccan-late
39,22,20,meccan-late
39,23,34,meccan-late
39,24,13,meccan-late
39,25,10,meccan-late
39,26,12,meccan-late
39,27,11,meccan-late
39,28,7,meccan-late
39,29,19,meccan-late
39,30,4,meccan-late
39,31,7,meccan-late
39,32,15,meccan-late
39,33,8,meccan-late
39,34,8,meccan-late
39,35,12,meccan-late
39,36,15,meccan-late
39,37,12,meccan-late
39,38,36,meccan-late
39,39,9,meccan-late
39,40,8,meccan-late
39,41,18,meccan-late
39,42,26,meccan-late
39,43,14,meccan-late
39,44,11,meccan-late
39,45,18,meccan-late
39,46,17,meccan-late
39,47,25,meccan-late
39,48,11,meccan-late
39,49,22,meccan-late
39,50,11,meccan-late
39,51,15,meccan-late
39,52,15,meccan-late
39,53,20,meccan-late
39,54,13,meccan-late
39,55,16,meccan-late
39,56,14,meccan-late
39,57,9,meccan-late
39,58,12,meccan-late
39,59,10,meccan-late
39,60,14,meccan-late
39,61,11,meccan-late
39,62,9,meccan-late
39,63,11,meccan-late
39,64,7,meccan-late
39,65,14,meccan-late
39,66,6,meccan-late
39,67,17,meccan-late
39,68,22,meccan-late
39,69,15,meccan-late
39,70,9,meccan-late
39,71,34,meccan-late
39,72,9,meccan-late
39,73,20,meccan-late
39,74,16,meccan-late
39,75,17,meccan-late
40,1,1,meccan-late
40,2,6,meccan-late
40,3,14,meccan-late
40,4,13,meccan-late
40,5,21,meccan-late
40,6,10,meccan-late
40,7,27,meccan-late
40,8,16,meccan-late
40,9,12,meccan-late
40,10,15,meccan-late
40,11,13,meccan-late
40,12,15,meccan-late
40,13,14,meccan-late
40,14,8,meccan-late
40,15,16,meccan-late
40,16,15,meccan-late
40,17,13,meccan-late
40,18,15,meccan-late
40,19,6,meccan-late
40,20,15,meccan-late
40,21,30,meccan-late
40,22,13,meccan-late
40,23,6,meccan-late
40,24,7,meccan-late
40,25,19,meccan-late
40,26,18,meccan-late
40,27,13,meccan-late
40,28,39,meccan-late
40,29,26,meccan-late
40,30,10,meccan-late
40,31,14,meccan-late
40,32,6,meccan-late
40,33,16,meccan-late
40,34,30,meccan-late
40,35,23,meccan-late
40,36,9,meccan-late
40,37,23,meccan-late
40,38,8,meccan-late
40,39,11,meccan-late
40,40,23,meccan-late
40,41,9,meccan-late
40,42,15,meccan-late
40,43,22,meccan-late
40,44,12,meccan-late
40,45,10,meccan-late
40,46,13,meccan-late
40,47,19,meccan-late
40,48,12,meccan-late
40,49,13,meccan-late
40,50,16,meccan-late
40,51,11,meccan-late
40,52,10,meccan-late
40,53,8,meccan-late
40,54,4,meccan-late
40,55,12,meccan-late
40,56,23,meccan-late
40,57,12,meccan-late
40,58,13,meccan-late
40,59,11,meccan-late
40,60,13,meccan-late
40,61,20,meccan-late
40,62,12,meccan-late
40,63,7,meccan-late
40,64,21,meccan-late
40,65,14,meccan-late
40,66,20,meccan-late
40,67,30,meccan-late
40,68,12,meccan-late
40,69,10,meccan-late
40,70,9,meccan-late
40,71,6,meccan-late
40,72,6,meccan-late
40,73,7,meccan-late
40,74,17,meccan-late
40,75,11,meccan-late
40,76,8,meccan-late
40,77,14,meccan-late
40,78,32,meccan-late
40,79,9,meccan-late
40,80,12,meccan-late
40,81,6,meccan-late
40,82,25,meccan-late
40,83,15,meccan-late
40,84,12,meccan-late
40,85,17,meccan-late
41,1,1,meccan-late
41,2,4,meccan-late
41,3,7,meccan-late
41,4,7,meccan-late
41,5,17,meccan-late
41,6,16,meccan-late
41,7,8,meccan-late
41,8,9,meccan-late
41,9,14,meccan-late
41,10,15,meccan-late
41,11,16,meccan-late
41,12,19,meccan-late
41,13,9,meccan-late
41,14,23,meccan-late
41,15,25,meccan-late
41,16,19,meccan-late
41,17,14,meccan-late
41,18,5,meccan-late
41,19,8,meccan-late
41,20,12,meccan-late
41,21,18,meccan-late
41,22,20,meccan-late
41,23,9,meccan-late
41,24,11,meccan-late
41,25,25,meccan-late
41,26,11,meccan-late
41,27,10,meccan-late
41,28,14,meccan-late
41,29,16,meccan-late
41,30,19,meccan-late
41,31,16,meccan-late
41,32,4,meccan-late
41,33,13,meccan-late
41,34,17,meccan-late
41,35,11,meccan-late
41,36,11,meccan-late
41,37,19,meccan-late
41,38,12,meccan-late
41,39,22,meccan-late
41,40,26,meccan-late
41,41,9,meccan-late
41,42,13,meccan-late
41,43,17,meccan-late
41,44,30,meccan-late
41,45,18,meccan-late
41,46,11,meccan-late
41,47,28,meccan-late
41,48,12,meccan-late
41,49,11,meccan-late
41,50,32,meccan-late
41,51,13,meccan-late
41,52,17,meccan-late
41,53,19,meccan-late
41,54,12,meccan-late
42,1,1,meccan-late
42,2,1,meccan-late
42,3,10,meccan-late
42,4,10,meccan-late
42,5,19,meccan-late
42,6,12,meccan-late
42,7,22,meccan-late
42,8,19,meccan-late
42,9,16,meccan-late
42,10,15,meccan-late
42,11,19,meccan-late
42,12,13,meccan-late
42,13,38,meccan-late
42,14,30,meccan-late
42,15,34,meccan-late
42,16,18,meccan-late
42,17,11,meccan-late
42,18,22,meccan-late
42,19,9,meccan-late
42,20,22,meccan-late
42,21,22,meccan-late
42,22,24,meccan-late
42,23,29,meccan-late
42,24,22,meccan-late
42,25,12,meccan-late
42,26,12,meccan-late
42,27,17,meccan-late
42,28,13,meccan-late
42,29,16,meccan-late
42,30,10,meccan-late
42,31,14,meccan-late
42,32,6,meccan-late
42,33,15,meccan-late
42,34,7,meccan-late
42,35,9,meccan-late
42,36,17,meccan-late
42,37,10,meccan-late
42,38,11,meccan-late
42,39,6,meccan-late
42,40,14,meccan-late
42,41,9,meccan-late
42,42,15,meccan-late
42,43,8,meccan-late
42,44,20,meccan-late
42,45,27,meccan-late
42,46,16,meccan-late
42,47,21,meccan-late
42,48,27,meccan-late
42,49,15,meccan-late
42,50,11,meccan-late
42,51,22,meccan-late
42,52,27,meccan-late
42,53,15,meccan-late
43,1,1,meccan-late
43,2,2,meccan-late
43,3,6,meccan-late
43,4,7,meccan-late
43,5,8,meccan-late
43,6,6,meccan-late
43,7,8,meccan-late
43,8,7,meccan-late
43,9,10,meccan-late
43,10,11,meccan-late
43,11,12,meccan-late
43,12,11,meccan-late
43,13,20,meccan-late
43,14,4,meccan-late
43,15,9,meccan-late
43,16,7,meccan-late
43,17,12,meccan-late
43,18,9,meccan-late
43,19,12,meccan-late
43,20,15,meccan-late
43,21,8,meccan-late
43,22,11,meccan-late
43,23,21,meccan-late
43,24,14,meccan-late
43,25,7,meccan-late
43,26,9,meccan-late
43,27,5,meccan-late
43,28,7,meccan-late
43,29,9,meccan-late
43,30,9,meccan-late
43,31,10,meccan-late
43,32,25,meccan-late
43,33,17,meccan-late
43,34,5,meccan-late
43,35,12,meccan-late
43,36,11,meccan-late
43,37,7,meccan-late
43,38,11,meccan-late
43,39,9,meccan-late
43,40,11,meccan-late
43,41,6,meccan-late
43,42,7,meccan-late
43,43,8,meccan-late
43,44,6,meccan-late
43,45,13,meccan-late
43,46,12,meccan-late
43,47,7,meccan-late
43,48,13,meccan-late
43,49,11,meccan-late
43,50,7,meccan-late
43,51,17,meccan-late
43,52,11,meccan-late
43,53,11,meccan-late
43,54,7,meccan-late
43,55,6,meccan-late
43,56,4,meccan-late
43,57,9,meccan-late
43,58,14,meccan-late
43,59,10,meccan-late
43,60,8,meccan-late
43,61,10,meccan-late
43,62,7,meccan-late
43,63,17,meccan-late
43,64,9,meccan-late
43,65,11,meccan-late
43,66,10,meccan-late
43,67,7,meccan-late
43,68,8,meccan-late
43,69,5,meccan-late
43,70,5,meccan-late
43,71,15,meccan-late
43,72,7,meccan-late
43,73,6,meccan-late
43,74,6,meccan-late
43,75,6,meccan-late
43,76,6,meccan-late
43,77,8,meccan-late
43,78,7,meccan-late
43,79,5,meccan-late
43,80,11,meccan-late
43,81,8,meccan-late
43,82,8,meccan-late
43,83,8,meccan-late
43,84,11,meccan-late
43,85,13,meccan-late
43,86,13,meccan-late
43,87,8,meccan-late
43,88,7,meccan-late
43,89,6,meccan-late
44,1,1,meccan-late
44,2,2,meccan-late
44,3,8,meccan-late
44,4,5,meccan-late
44,5,6,meccan-late
44,6,7,meccan-late
44,7,8,meccan-late
44,8,10,meccan-late
44,9,5,meccan-late
44,10,6,meccan-late
44,11,5,meccan-late
44,12,6,meccan-late
44,13,7,meccan-late
44,14,6,meccan-late
44,15,6,meccan-late
44,16,6,meccan-late
44,17,8,meccan-late
44,18,9,meccan-late
44,19,9,meccan-late
44,20,6,meccan-late
44,21,5,meccan-late
44,22,6,meccan-late
44,23,5,meccan-late
44,24,6,meccan-late
44,25,5,meccan-late
44,26,3,meccan-late
44,27,4,meccan-late
44,28,4,meccan-late
44,29,8,meccan-late
44,30,7,meccan-late
44,31,7,meccan-late
44,32,6,meccan-late
44,33,7,meccan-late
44,34,3,meccan-late
44,35,8,meccan-late
44,36,5,meccan-late
44,37,12,meccan-late
44,38,7,meccan-late
44,39,8,meccan-late
44,40,5,meccan-late
44,41,10,meccan-late
44,42,8,meccan-late
44,43,3,meccan-late
44,44,2,meccan-late
44,45,4,meccan-late
44,46,2,meccan-late
44,47,5,meccan-late
44,48,7,meccan-late
44,49,5,meccan-late
44,50,6,meccan-late
44,51,5,meccan-late
44,52,3,meccan-late
44,53,5,meccan-late
44,54,4,meccan-late
44,55,5,meccan-late
44,56,10,meccan-late
44,57,7,meccan-late
44,58,5,meccan-late
44,59,3,meccan-late
45,1,1,meccan-late
45,2,6,meccan-late
45,3,6,meccan-late
45,4,9,meccan-late
45,5,20,meccan-late
45,6,12,meccan-late
45,7,4,meccan-late
45,8,14,meccan-late
45,9,11,meccan-late
45,10,19,meccan-late
45,11,11,meccan-late
45,12,14,meccan-late
45,13,16,meccan-late
45,14,14,meccan-late
45,15,11,meccan-late
45,16,13,meccan-late
45,17,24,meccan-late
45,18,13,meccan-late
45,19,15,meccan-late
45,20,7,meccan-late
45,21,17,meccan-late
45,22,13,meccan-late
45,23,24,meccan-late
45,24,21,meccan-late
45,25,16,meccan-late
45,26,18,meccan-late
45,27,10,meccan-late
45,28,14,meccan-late
45,29,11,meccan-late
45,30,13,meccan-late
45,31,12,meccan-late
45,32,22,meccan-late
45,33,11,meccan-late
45,34,14,meccan-late
45,35,16,meccan-late
45,36,8,meccan-late
45,37,8,meccan-late
46,1,1,meccan-late
46,2,6,meccan-late
46,3,15,meccan-late
46,4,29,meccan-late
46,5,18,meccan-late
46,6,9,meccan-late
46,7,14,meccan-late
46,8,25,meccan-late
46,9,24,meccan-late
46,10,24,meccan-late
46,11,19,meccan-late
46,12,16,meccan-late
46,13,13,meccan-late
46,14,9,meccan-late
46,15,45,meccan-late
46,16,18,meccan-late
46,17,28,meccan-late
46,18,17,meccan-late
46,19,9,meccan-late
46,20,27,meccan-late
46,21,25,meccan-late
46,22,12,meccan-late
46,23,13,meccan-late
46,24,18,meccan-late
46,25,14,meccan-late
46,26,32,meccan-late
46,27,10,meccan-late
46,28,17,meccan-late
46,29,18,meccan-late
46,30,19,meccan-late
46,31,14,meccan-late
46,32,18,meccan-late
46,33,22,meccan-late
46,34,18,meccan-late
46,35,27,meccan-late
47,1,8,medinan
47,2,18,medinan
47,3,18,medinan
47,4,38,medinan
47,5,3,medinan
47,6,4,medinan
47,7,9,medinan
47,8,6,medinan
47,9,8,medinan
47,10,16,medinan
47,11,11,medinan
47,12,22,medinan
47,13,14,medinan
47,14,13,medinan
47,15,44,medinan
47,16,24,medinan
47,17,6,medinan
47,18,15,medinan
47,19,14,medinan
47,20,27,medinan
47,21,12,medinan
47,22,10,medinan
47,23,7,medinan
47,24,7,medinan
47,25,16,medinan
47,26,15,medinan
47,27,7,medinan
47,28,10,medinan
47,29,11,medinan
47,30,12,medinan
47,31,8,medinan
47,32,21,medinan
47,33,10,medinan
47,34,15,medinan
47,35,12,medinan
47,36,13,medinan
47,37,6,medinan
47,38,29,medinan
48,1,5,medinan
48,2,15,medinan
48,3,4,medinan
48,4,19,medinan
48,5,19,medinan
48,6,21,medinan
48,7,8,medinan
48,8,5,medinan
48,9,8,medinan
48,10,25,medinan
48,11,37,medinan
48,12,20,medinan
48,13,9,medinan
48,14,14,medinan
48,15,31,medinan
48,16,28,medinan
48,17,27,medinan
48,18,19,medinan
48,19,7,medinan
48,20,18,medinan
48,21,14,medinan
48,22,12,medinan
48,23,12,medinan
48,24,19,medinan
48,25,40,medinan
48,26,28,medinan
48,27,28,medinan
48,28,14,medinan
48,29,54,medinan
49,1,15,medinan
49,2,22,medinan
49,3,17,medinan
49,4,9,medinan
49,5,12,medinan
49,6,17,medinan
49,7,28,medinan
49,8,7,medinan
49,9,30,medinan
49,10,10,medinan
49,11,39,medinan
49,12,31,medinan
49,13,20,medinan
49,14,27,medinan
49,15,18,medinan
49,16,16,medinan
49,17,19,medinan
49,18,10,medinan
50,1,3,meccan-middle
50,2,11,meccan-middle
50,3,7,meccan-middle
50,4,9,meccan-middle
50,5,9,meccan-middle
50,6,12,meccan-middle
50,7,11,meccan-middle
50,8,5,meccan-middle
50,9,10,meccan-middle
50,10,5,meccan-middle
50,11,8,meccan-middle
50,12,7,meccan-middle
50,13,4,meccan-middle
50,14,9,meccan-middle
50,15,10,meccan-middle
50,16,14,meccan-middle
50,17,8,meccan-middle
50,18,8,meccan-middle
50,19,9,meccan-middle
50,20,6,meccan-middle
50,21,6,meccan-middle
50,22,12,meccan-middle
50,23,6,meccan-middle
50,24,6,meccan-middle
50,25,4,meccan-middle
50,26,10,meccan-middle
50,27,10,meccan-middle
50,28,8,meccan-middle
50,29,8,meccan-middle
50,30,9,meccan-middle
50,31,5,meccan-middle
50,32,6,meccan-middle
50,33,7,meccan-middle
50,34,5,meccan-middle
50,35,6,meccan-middle
50,36,15,meccan-middle
50,37,13,meccan-middle
50,38,13,meccan-middle
50,39,12,meccan-middle
50,40,5,meccan-middle
50,41,7,meccan-middle
50,42,7,meccan-middle
50,43,6,meccan-middle
50,44,9,meccan-middle
50,45,13,meccan-middle
51,1,2,meccan-late
51,2,2,meccan-late
51,3,2,meccan-late
51,4,2,meccan-late
51,5,3,meccan-late
51,6,3,meccan-late
51,7,3,meccan-late
51,8,4,meccan-late
51,9,4,meccan-late
51,10,2,meccan-late
51,11,5,meccan-late
51,12,4,meccan-late
51,13,5,meccan-late
51,14,7,meccan-late
51,15,5,meccan-late
51,16,9,meccan-late
51,17,6,meccan-late
51,18,3,meccan-late
51,19,5,meccan-late
51,20,4,meccan-late
51,21,4,meccan-late
51,22,5,meccan-late
51,23,9,meccan-late
51,24,6,meccan-late
51,25,9,meccan-late
51,26,6,meccan-late
51,27,5,meccan-late
51,28,9,meccan-late
51,29,9,meccan-late
51,30,8,meccan-late
51,31,5,meccan-late
51,32,6,meccan-late
51,33,5,meccan-late
51,34,4,meccan-late
51,35,6,meccan-late
51,36,7,meccan-late
51,37,7,meccan-late
51,38,8,meccan-late
51,39,6,meccan-late
51,40,7,meccan-late
51,41,7,meccan-late
51,42,9,meccan-late
51,43,8,meccan-late
51,44,8,meccan-late
51,45,7,meccan-late
51,46,8,meccan-late
51,47,5,meccan-late
51,48,4,meccan-late
51,49,7,meccan-late
51,50,8,meccan-late
51,51,11,meccan-late
51,52,13,meccan-late
51,53,6,meccan-late
51,54,5,meccan-late
51,55,5,meccan-late
51,56,6,meccan-late
51,57,9,meccan-late
51,58,7,meccan-late
51,59,9,meccan-late
51,60,7,meccan-late
52,1,1,meccan-late
52,2,2,meccan-late
52,3,3,meccan-late
52,4,2,meccan-late
52,5,2,meccan-late
52,6,2,meccan-late
52,7,4,meccan-late
52,8,4,meccan-late
52,9,4,meccan-late
52,10,3,meccan-late
52,11,3,meccan-late
52,12,5,meccan-late
52,13,6,meccan-late
52,14,6,meccan-late
52,15,6,meccan-late
52,16,12,meccan-late
52,17,5,meccan-late
52,18,8,meccan-late
52,19,6,meccan-late
52,20,7,meccan-late
52,21,19,meccan-late
52,22,5,meccan-late
52,23,8,meccan-late
52,24,7,meccan-late
52,25,5,meccan-late
52,26,7,meccan-late
52,27,6,meccan-late
52,28,9,meccan-late
52,29,8,meccan-late
52,30,7,meccan-late
52,31,6,meccan-late
52,32,8,meccan-late
52,33,6,meccan-late
52,34,6,meccan-late
52,35,8,meccan-late
52,36,7,meccan-late
52,37,7,meccan-late
52,38,9,meccan-late
52,39,5,meccan-late
52,40,7,meccan-late
52,41,5,meccan-late
52,42,7,meccan-late
52,43,9,meccan-late
52,44,9,meccan-late
52,45,7,meccan-late
52,46,9,meccan-late
52,47,10,meccan-late
52,48,10,meccan-late
52,49,5,meccan-late
53,1,3,meccan-early
53,2,5,meccan-early
53,3,4,meccan-early
53,4,5,meccan-early
53,5,3,meccan-early
53,6,3,meccan-early
53,7,3,meccan-early
53,8,3,meccan-early
53,9,5,meccan-early
53,10,5,meccan-early
53,11,5,meccan-early
53,12,4,meccan-early
53,13,4,meccan-early
53,14,3,meccan-early
53,15,3,meccan-early
53,16,5,meccan-early
53,17,5,meccan-early
53,18,6,meccan-early
53,19,3,meccan-early
53,20,3,meccan-early
53,21,4,meccan-early
53,22,4,meccan-early
53,23,25,meccan-early
53,24,4,meccan-early
53,25,3,meccan-early
53,26,18,meccan-early
53,27,9,meccan-early
53,28,16,meccan-early
53,29,11,meccan-early
53,30,16,meccan-early
53,31,16,meccan-early
53,32,31,meccan-early
53,33,3,meccan-early
53,34,3,meccan-early
53,35,5,meccan-early
53,36,7,meccan-early
53,37,3,meccan-early
53,38,5,meccan-early
53,39,6,meccan-early
53,40,4,meccan-early
53,41,4,meccan-early
53,42,4,meccan-early
53,43,4,meccan-early
53,44,4,meccan-early
53,45,5,meccan-early
53,46,4,meccan-early
53,47,4,meccan-early
53,48,4,meccan-early
53,49,4,meccan-early
53,50,4,meccan-early
53,51,3,meccan-early
53,52,9,meccan-early
53,53,2,meccan-early
53,54,3,meccan-early
53,55,4,meccan-early
53,56,5,meccan-early
53,57,2,meccan-early
53,58,6,meccan-early
53,59,4,meccan-early
53,60,3,meccan-early
53,61,2,meccan-early
53,62,3,meccan-early
54,1,4,meccan-middle
54,2,7,meccan-middle
54,3,6,meccan-middle
54,4,7,meccan-middle
54,5,5,meccan-middle
54,6,8,meccan-middle
54,7,8,meccan-middle
54,8,8,meccan-middle
54,9,9,meccan-middle
54,10,5,meccan-middle
54,11,5,meccan-middle
54,12,9,meccan-middle
54,13,5,meccan-middle
54,14,6,meccan-middle
54,15,6,meccan-middle
54,16,4,meccan-middle
54,17,7,meccan-middle
54,18,6,meccan-middle
54,19,9,meccan-middle
54,20,6,meccan-middle
54,21,4,meccan-middle
54,22,7,meccan-middle
54,23,3,meccan-middle
54,24,10,meccan-middle
54,25,9,meccan-middle
54,26,5,meccan-middle
54,27,7,meccan-middle
54,28,8,meccan-middle
54,29,4,meccan-middle
54,30,4,meccan-middle
54,31,8,meccan-middle
54,32,7,meccan-middle
54,33,4,meccan-middle
54,34,9,meccan-middle
54,35,7,meccan-middle
54,36,5,meccan-middle
54,37,9,meccan-middle
54,38,5,meccan-middle
54,39,3,meccan-middle
54,40,7,meccan-middle
54,41,5,meccan-middle
54,42,7,meccan-middle
54,43,9,meccan-middle
54,44,5,meccan-middle
54,45,4,meccan-middle
54,46,6,meccan-middle
54,47,5,meccan-middle
54,48,9,meccan-middle
54,49,5,meccan-middle
54,50,6,meccan-middle
54,51,6,meccan-middle
54,52,5,meccan-middle
54,53,4,meccan-middle
54,54,5,meccan-middle
54,55,6,meccan-middle
55,1,1,medinan
55,2,2,medinan
55,3,2,medinan
55,4,2,medinan
55,5,3,medinan
55,6,3,medinan
55,7,4,medinan
55,8,4,medinan
55,9,6,medinan
55,10,3,medinan
55,11,5,medinan
55,12,4,medinan
55,13,4,medinan
55,14,5,medinan
55,15,6,medinan
55,16,4,medinan
55,17,4,medinan
55,18,4,medinan
55,19,3,medinan
55,20,4,medinan
55,21,4,medinan
55,22,4,medinan
55,23,4,medinan
55,24,6,medinan
55,25,4,medinan
55,26,4,medinan
55,27,6,medinan
55,28,4,medinan
55,29,10,medinan
55,30,4,medinan
55,31,4,medinan
55,32,4,medinan
55,33,16,medinan
55,34,4,medinan
55,35,8,medinan
55,36,4,medinan
55,37,6,medinan
55,38,4,medinan
55,39,8,medinan
55,40,4,medinan
55,41,6,medinan
55,42,4,medinan
55,43,6,medinan
55,44,5,medinan
55,45,4,medinan
55,46,5,medinan
55,47,4,medinan
55,48,2,medinan
55,49,4,medinan
55,50,3,medinan
55,51,4,medinan
55,52,5,medinan
55,53,4,medinan
55,54,9,medinan
55,55,4,medinan
55,56,9,medinan
55,57,4,medinan
55,58,3,medinan
55,59,4,medinan
55,60,5,medinan
55,61,4,medinan
55,62,3,medinan
55,63,4,medinan
55,64,1,medinan
55,65,4,medinan
55,66,3,medinan
55,67,4,medinan
55,68,4,medinan
55,69,4,medinan
55,70,3,medinan
55,71,4,medinan
55,72,4,medinan
55,73,4,medinan
55,74,6,medinan
55,75,4,medinan
55,76,6,medinan
55,77,4,medinan
55,78,6,medinan
56,1,3,meccan-middle
56,2,3,meccan-middle
56,3,2,meccan-middle
56,4,4,meccan-middle
56,5,3,meccan-middle
56,6,3,meccan-middle
56,7,3,meccan-middle
56,8,5,meccan-middle
56,9,5,meccan-middle
56,10,2,meccan-middle
56,11,2,meccan-middle
56,12,3,meccan-middle
56,13,3,meccan-middle
56,14,3,meccan-middle
56,15,3,meccan-middle
56,16,3,meccan-middle
56,17,4,meccan-middle
56,18,5,meccan-middle
56,19,5,meccan-middle
56,20,3,meccan-middle
56,21,4,meccan-middle
56,22,2,meccan-middle
56,23,3,meccan-middle
56,24,4,meccan-middle
56,25,6,meccan-middle
56,26,4,meccan-middle
56,27,5,meccan-middle
56,28,3,meccan-middle
56,29,2,meccan-middle
56,30,2,meccan-middle
56,31,2,meccan-middle
56,32,2,meccan-middle
56,33,4,meccan-middle
56,34,2,meccan-middle
56,35,3,meccan-middle
56,36,2,meccan-middle
56,37,2,meccan-middle
56,38,2,meccan-middle
56,39,3,meccan-middle
56,40,3,meccan-middle
56,41,5,meccan-middle
56,42,3,meccan-middle
56,43,3,meccan-middle
56,44,4,meccan-middle
56,45,5,meccan-middle
56,46,5,meccan-middle
56,47,9,meccan-middle
56,48,2,meccan-middle
56,49,4,meccan-middle
56,50,5,meccan-middle
56,51,5,meccan-middle
56,52,5,meccan-middle
56,53,3,meccan-middle
56,54,4,meccan-middle
56,55,3,meccan-middle
56,56,4,meccan-middle
56,57,4,meccan-middle
56,58,3,meccan-middle
56,59,5,meccan-middle
56,60,7,meccan-middle
56,61,9,meccan-middle
56,62,6,meccan-middle
56,63,3,meccan-middle
56,64,5,meccan-middle
56,65,6,meccan-middle
56,66,2,meccan-middle
56,67,3,meccan-middle
56,68,4,meccan-middle
56,69,7,meccan-middle
56,70,6,meccan-middle
56,71,4,meccan-middle
56,72,6,meccan-middle
56,73,5,meccan-middle
56,74,4,meccan-middle
56,75,4,meccan-middle
56,76,5,meccan-middle
56,77,3,meccan-middle
56,78,3,meccan-middle
56,79,4,meccan-middle
56,80,4,meccan-middle
56,81,4,meccan-middle
56,82,4,meccan-middle
56,83,4,meccan-middle
56,84,3,meccan-middle
56,85,7,meccan-middle
56,86,5,meccan-middle
56,87,4,meccan-middle
56,88,5,meccan-middle
56,89,4,meccan-middle
56,90,6,meccan-middle
56,91,5,meccan-middle
56,92,6,meccan-middle
56,93,3,meccan-middle
56,94,2,meccan-middle
56,95,5,meccan-middle
56,96,4,meccan-middle
57,1,9,medinan
57,2,11,medinan
57,3,9,medinan
57,4,36,medinan
57,5,8,medinan
57,6,12,medinan
57,7,15,medinan
57,8,15,medinan
57,9,17,medinan
57,10,37,medinan
57,11,12,medinan
57,12,22,medinan
57,13,27,medinan
57,14,20,medinan
57,15,15,medinan
57,16,28,medinan
57,17,13,medinan
57,18,12,medinan
57,19,20,medinan
57,20,39,medinan
57,21,25,medinan
57,22,21,medinan
57,23,15,medinan
57,24,12,medinan
57,25,28,medinan
57,26,14,medinan
57,27,39,medinan
57,28,21,medinan
57,29,22,medinan
58,1,18,medinan
58,2,23,medinan
58,3,21,medinan
58,4,26,medinan
58,5,18,medinan
58,6,15,medinan
58,7,47,medinan
58,8,38,medinan
58,9,19,medinan
58,10,17,medinan
58,11,30,medinan
58,12,22,medinan
58,13,24,medinan
58,14,19,medinan
58,15,10,medinan
58,16,10,medinan
58,17,15,medinan
58,18,17,medinan
58,19,15,medinan
58,20,8,medinan
58,21,9,medinan
58,22,51,medinan
59,1,11,medinan
59,2,40,medinan
59,3,14,medinan
59,4,12,medinan
59,5,13,medinan
59,6,25,medinan
59,7,37,medinan
59,8,18,medinan
59,9,31,medinan
59,10,23,medinan
59,11,28,medinan
59,12,16,medinan
59,13,12,medinan
59,14,23,medinan
59,15,11,medinan
59,16,17,medinan
59,17,10,medinan
59,18,17,medinan
59,19,10,medinan
59,20,10,medinan
59,21,18,medinan
59,22,13,medinan
59,23,19,medinan
59,24,17,medinan
60,1,48,medinan
60,2,13,medinan
60,3,13,medinan
60,4,52,medinan
60,5,13,medinan
60,6,19,medinan
60,7,15,medinan
60,8,21,medinan
60,9,21,medinan
60,10,55,medinan
60,11,21,medinan
60,12,38,medinan
60,13,19,medinan
61,1,11,medinan
61,2,8,medinan
61,3,9,medinan
61,4,11,medinan
61,5,23,medinan
61,6,31,medinan
61,7,16,medinan
61,8,11,medinan
61,9,14,medinan
61,10,11,medinan
61,11,15,medinan
61,12,17,medinan
61,13,9,medinan
61,14,35,medinan
62,1,12,medinan
62,2,21,medinan
62,3,8,medinan
62,4,10,medinan
62,5,23,medinan
62,6,17,medinan
62,7,9,medinan
62,8,18,medinan
62,9,21,medinan
62,10,15,medinan
62,11,21,medinan
63,1,17,medinan
63,2,12,medinan
63,3,11,medinan
63,4,22,medinan
63,5,14,medinan
63,6,18,medinan
63,7,20,medinan
63,8,17,medinan
63,9,17,medinan
63,10,21,medinan
63,11,11,medinan
64,1,17,medinan
64,2,11,medinan
64,3,9,medinan
64,4,14,medinan
64,5,13,medinan
64,6,16,medinan
64,7,18,medinan
64,8,10,medinan
64,9,27,medinan
64,10,11,medinan
64,11,16,medinan
64,12,11,medinan
64,13,9,medinan
64,14,18,medinan
64,15,8,medinan
64,16,16,medinan
64,17,12,medinan
64,18,5,medinan
65,1,41,medinan
65,2,30,medinan
65,3,21,medinan
65,4,28,medinan
65,5,14,medinan
65,6,32,medinan
65,7,25,medinan
65,8,14,medinan
65,9,7,medinan
65,10,16,medinan
65,11,34,medinan
65,12,25,medinan
66,1,14,medinan
66,2,11,medinan
66,3,29,medinan
66,4,21,medinan
66,5,17,medinan
66,6,22,medinan
66,7,11,medinan
66,8,45,medinan
66,9,11,medinan
66,10,27,medinan
66,11,24,medinan
66,12,17,medinan
67,1,9,meccan-late
67,2,11,meccan-late
67,3,18,meccan-late
67,4,10,meccan-late
67,5,12,meccan-late
67,6,7,meccan-late
67,7,8,meccan-late
67,8,13,meccan-late
67,9,18,meccan-late
67,10,11,meccan-late
67,11,5,meccan-late
67,12,9,meccan-late
67,13,9,meccan-late
67,14,7,meccan-late
67,15,14,meccan-late
67,16,11,meccan-late
67,17,12,meccan-late
67,18,8,meccan-late
67,19,15,meccan-late
67,20,15,meccan-late
67,21,12,meccan-late
67,22,12,meccan-late
67,23,12,meccan-late
67,24,8,meccan-late
67,25,7,meccan-late
67,26,9,meccan-late
67,27,13,meccan-late
67,28,15,meccan-late
67,29,13,meccan-late
67,30,10,meccan-late
68,1,4,meccan-early
68,2,5,meccan-early
68,3,5,meccan-early
68,4,4,meccan-early
68,5,2,meccan-early
68,6,2,meccan-early
68,7,11,meccan-early
68,8,3,meccan-early
68,9,4,meccan-early
68,10,5,meccan-early
68,11,3,meccan-early
68,12,4,meccan-early
68,13,4,meccan-early
68,14,5,meccan-early
68,15,7,meccan-early
68,16,3,meccan-early
68,17,10,meccan-early
68,18,2,meccan-early
68,19,7,meccan-early
68,20,2,meccan-early
68,21,2,meccan-early
68,22,7,meccan-early
68,23,3,meccan-early
68,24,6,meccan-early
68,25,4,meccan-early
68,26,5,meccan-early
68,27,3,meccan-early
68,28,7,meccan-early
68,29,6,meccan-early
68,30,5,meccan-early
68,31,5,meccan-early
68,32,10,meccan-early
68,33,8,meccan-early
68,34,6,meccan-early
68,35,3,meccan-early
68,36,4,meccan-early
68,37,5,meccan-early
68,38,5,meccan-early
68,39,12,meccan-early
68,40,4,meccan-early
68,41,8,meccan-early
68,42,9,meccan-early
68,43,11,meccan-early
68,44,10,meccan-early
68,45,5,meccan-early
68,46,7,meccan-early
68,47,5,meccan-early
68,48,11,meccan-early
68,49,10,meccan-early
68,50,5,meccan-early
68,51,12,meccan-early
68,52,5,meccan-early
69,1,1,meccan-late
69,2,2,meccan-late
69,3,4,meccan-late
69,4,4,meccan-late
69,5,4,meccan-late
69,6,6,meccan-late
69,7,15,meccan-late
69,8,5,meccan-late
69,9,6,meccan-late
69,10,6,meccan-late
69,11,7,meccan-late
69,12,6,meccan-late
69,13,6,meccan-late
69,14,6,meccan-late
69,15,3,meccan-late
69,16,5,meccan-late
69,17,9,meccan-late
69,18,6,meccan-late
69,19,9,meccan-late
69,20,5,meccan-late
69,21,4,meccan-late
69,22,3,meccan-late
69,23,2,meccan-late
69,24,8,meccan-late
69,25,10,meccan-late
69,26,4,meccan-late
69,27,3,meccan-late
69,28,4,meccan-late
69,29,3,meccan-late
69,30,2,meccan-late
69,31,3,meccan-late
69,32,7,meccan-late
69,33,6,meccan-late
69,34,5,meccan-late
69,35,5,meccan-late
69,36,5,meccan-late
69,37,4,meccan-late
69,38,4,meccan-late
69,39,3,meccan-late
69,40,4,meccan-late
69,41,7,meccan-late
69,42,6,meccan-late
69,43,4,meccan-late
69,44,5,meccan-late
69,45,3,meccan-late
69,46,4,meccan-late
69,47,6,meccan-late
69,48,3,meccan-late
69,49,5,meccan-late
69,50,4,meccan-late
69,51,3,meccan-late
69,52,4,meccan-late
70,1,4,meccan-late
70,2,4,meccan-late
70,3,4,meccan-late
70,4,11,meccan-late
70,5,3,meccan-late
70,6,3,meccan-late
70,7,2,meccan-late
70,8,4,meccan-late
70,9,3,meccan-late
70,10,4,meccan-late
70,11,9,meccan-late
70,12,2,meccan-late
70,13,3,meccan-late
70,14,6,meccan-late
70,15,3,meccan-late
70,16,2,meccan-late
70,17,4,meccan-late
70,18,2,meccan-late
70,19,4,meccan-late
70,20,4,meccan-late
70,21,4,meccan-late
70,22,2,meccan-late
70,23,5,meccan-late
70,24,5,meccan-late
70,25,2,meccan-late
70,26,4,meccan-late
70,27,6,meccan-late
70,28,5,meccan-late
70,29,4,meccan-late
70,30,10,meccan-late
70,31,7,meccan-late
70,32,5,meccan-late
70,33,4,meccan-late
70,34,5,meccan-late
70,35,4,meccan-late
70,36,5,meccan-late
70,37,5,meccan-late
70,38,8,meccan-late
70,39,5,meccan-late
70,40,7,meccan-late
70,41,8,meccan-late
70,42,8,meccan-late
70,43,9,meccan-late
70,44,9,meccan-late
71,1,14,meccan-late
71,2,6,meccan-late
71,3,5,meccan-late
71,4,18,meccan-late
71,5,7,meccan-late
71,6,5,meccan-late
71,7,14,meccan-late
71,8,4,meccan-late
71,9,7,meccan-late
71,10,6,meccan-late
71,11,4,meccan-late
71,12,9,meccan-late
71,13,6,meccan-late
71,14,3,meccan-late
71,15,8,meccan-late
71,16,7,meccan-late
71,17,5,meccan-late
71,18,5,meccan-late
71,19,5,meccan-late
71,20,4,meccan-late
71,21,13,meccan-late
71,22,3,meccan-late
71,23,13,meccan-late
71,24,8,meccan-late
71,25,12,meccan-late
71,26,10,meccan-late
71,27,10,meccan-late
71,28,15,meccan-late
72,1,13,meccan-middle
72,2,9,meccan-middle
72,3,9,meccan-middle
72,4,7,meccan-middle
72,5,10,meccan-middle
72,6,11,meccan-middle
72,7,9,meccan-middle
72,8,8,meccan-middle
72,9,13,meccan-middle
72,10,13,meccan-middle
72,11,9,meccan-middle
72,12,11,meccan-middle
72,13,14,meccan-middle
72,14,10,meccan-middle
72,15,5,meccan-middle
72,16,7,meccan-middle
72,17,10,meccan-middle
72,18,8,meccan-middle
72,19,10,meccan-middle
72,20,8,meccan-middle
72,21,8,meccan-middle
72,22,12,meccan-middle
72,23,16,meccan-middle
72,24,11,meccan-middle
72,25,11,meccan-middle
72,26,7,meccan-middle
72,27,13,meccan-middle
72,28,13,meccan-middle
73,1,2,meccan-early
73,2,4,meccan-early
73,3,5,meccan-early
73,4,6,meccan-early
73,5,5,meccan-early
73,6,8,meccan-early
73,7,6,meccan-early
73,8,6,meccan-early
73,9,9,meccan-early
73,10,7,meccan-early
73,11,6,meccan-early
73,12,4,meccan-early
73,13,5,meccan-early
73,14,8,meccan-early
73,15,11,meccan-early
73,16,6,meccan-early
73,17,8,meccan-early
73,18,6,meccan-early
73,19,9,meccan-early
73,20,78,meccan-early
74,1,2,meccan-early
74,2,2,meccan-early
74,3,2,meccan-early
74,4,2,meccan-early
74,5,2,meccan-early
74,6,3,meccan-early
74,7,2,meccan-early
74,8,4,meccan-early
74,9,4,meccan-early
74,10,4,meccan-early
74,11,4,meccan-early
74,12,4,meccan-early
74,13,2,meccan-early
74,14,3,meccan-early
74,15,4,meccan-early
74,16,5,meccan-early
74,17,2,meccan-early
74,18,3,meccan-early
74,19,3,meccan-early
74,20,4,meccan-early
74,21,2,meccan-early
74,22,3,meccan-early
74,23,3,meccan-early
74,24,6,meccan-early
74,25,5,meccan-early
74,26,2,meccan-early
74,27,4,meccan-early
74,28,4,meccan-early
74,29,2,meccan-early
74,30,3,meccan-early
74,31,57,meccan-early
74,32,2,meccan-early
74,33,3,meccan-early
74,34,3,meccan-early
74,35,3,meccan-early
74,36,2,meccan-early
74,37,7,meccan-early
74,38,5,meccan-early
74,39,3,meccan-early
74,40,3,meccan-early
74,41,2,meccan-early
74,42,4,meccan-early
74,43,5,meccan-early
74,44,4,meccan-early
74,45,4,meccan-early
74,46,4,meccan-early
74,47,3,meccan-early
74,48,4,meccan-early
74,49,5,meccan-early
74,50,3,meccan-early
74,51,3,meccan-early
74,52,9,meccan-early
74,53,5,meccan-early
74,54,3,meccan-early
74,55,3,meccan-early
74,56,11,meccan-early
75,1,4,meccan-early
75,2,4,meccan-early
75,3,5,meccan-early
75,4,6,meccan-early
75,5,5,meccan-early
75,6,4,meccan-early
75,7,3,meccan-early
75,8,2,meccan-early
75,9,3,meccan-early
75,10,5,meccan-early
75,11,3,meccan-early
75,12,4,meccan-early
75,13,6,meccan-early
75,14,5,meccan-early
75,15,3,meccan-early
75,16,6,meccan-early
75,17,4,meccan-early
75,18,4,meccan-early
75,19,4,meccan-early
75,20,4,meccan-early
75,21,2,meccan-early
75,22,3,meccan-early
75,23,3,meccan-early
75,24,3,meccan-early
75,25,5,meccan-early
75,26,4,meccan-early
75,27,3,meccan-early
75,28,3,meccan-early
75,29,3,meccan-early
75,30,4,meccan-early
75,31,4,meccan-early
75,32,3,meccan-early
75,33,5,meccan-early
75,34,3,meccan-early
75,35,4,meccan-early
75,36,5,meccan-early
75,37,6,meccan-early
75,38,5,meccan-early
75,39,5,meccan-early
75,40,7,meccan-early
76,1,11,medinan
76,2,10,medinan
76,3,7,medinan
76,4,6,medinan
76,5,8,medinan
76,6,7,medinan
76,7,7,medinan
76,8,7,medinan
76,9,10,medinan
76,10,7,medinan
76,11,8,medinan
76,12,5,medinan
76,13,10,medinan
76,14,6,medinan
76,15,8,medinan
76,16,5,medinan
76,17,6,medinan
76,18,4,medinan
76,19,9,medinan
76,20,7,medinan
76,21,13,medinan
76,22,8,medinan
76,23,6,medinan
76,24,9,medinan
76,25,5,medinan
76,26,7,medinan
76,27,8,medinan
76,28,9,medinan
76,29,9,medinan
76,30,11,medinan
76,31,10,medinan
77,1,2,meccan-early
77,2,2,meccan-early
77,3,2,meccan-early
77,4,2,meccan-early
77,5,2,meccan-early
77,6,3,meccan-early
77,7,3,meccan-early
77,8,3,meccan-early
77,9,3,meccan-early
77,10,3,meccan-early
77,11,3,meccan-early
77,12,3,meccan-early
77,13,2,meccan-early
77,14,5,meccan-early
77,15,3,meccan-early
77,16,3,meccan-early
77,17,3,meccan-early
77,18,3,meccan-early
77,19,3,meccan-early
77,20,5,meccan-early
77,21,4,meccan-early
77,22,3,meccan-early
77,23,3,meccan-early
77,24,3,meccan-early
77,25,4,meccan-early
77,26,2,meccan-early
77,27,7,meccan-early
77,28,3,meccan-early
77,29,6,meccan-early
77,30,6,meccan-early
77,31,6,meccan-early
77,32,4,meccan-early
77,33,3,meccan-early
77,34,3,meccan-early
77,35,4,meccan-early
77,36,4,meccan-early
77,37,3,meccan-early
77,38,5,meccan-early
77,39,5,meccan-early
77,40,3,meccan-early
77,41,5,meccan-early
77,42,3,meccan-early
77,43,6,meccan-early
77,44,4,meccan-early
77,45,3,meccan-early
77,46,5,meccan-early
77,47,3,meccan-early
77,48,6,meccan-early
77,49,3,meccan-early
77,50,4,meccan-early
78,1,2,meccan-late
78,2,3,meccan-late
78,3,4,meccan-late
78,4,2,meccan-late
78,5,3,meccan-late
78,6,4,meccan-late
78,7,2,meccan-late
78,8,2,meccan-late
78,9,3,meccan-late
78,10,3,meccan-late
78,11,3,meccan-late
78,12,4,meccan-late
78,13,3,meccan-late
78,14,5,meccan-late
78,15,4,meccan-late
78,16,2,meccan-late
78,17,5,meccan-late
78,18,6,meccan-late
78,19,4,meccan-late
78,20,4,meccan-late
78,21,4,meccan-late
78,22,2,meccan-late
78,23,3,meccan-late
78,24,6,meccan-late
78,25,3,meccan-late
78,26,2,meccan-late
78,27,5,meccan-late
78,28,3,meccan-late
78,29,4,meccan-late
78,30,5,meccan-late
78,31,3,meccan-late
78,32,2,meccan-late
78,33,2,meccan-late
78,34,2,meccan-late
78,35,6,meccan-late
78,36,5,meccan-late
78,37,10,meccan-late
78,38,14,meccan-late
78,39,9,meccan-late
78,40,15,meccan-late
79,1,2,meccan-late
79,2,2,meccan-late
79,3,2,meccan-late
79,4,2,meccan-late
79,5,2,meccan-late
79,6,3,meccan-late
79,7,2,meccan-late
79,8,3,meccan-late
79,9,2,meccan-late
79,10,5,meccan-late
79,11,4,meccan-late
79,12,5,meccan-late
79,13,4,meccan-late
79,14,3,meccan-late
79,15,4,meccan-late
79,16,6,meccan-late
79,17,5,meccan-late
79,18,6,meccan-late
79,19,4,meccan-late
79,20,3,meccan-late
79,21,2,meccan-late
79,22,3,meccan-late
79,23,2,meccan-late
79,24,4,meccan-late
79,25,5,meccan-late
79,26,6,meccan-late
79,27,6,meccan-late
79,28,3,meccan-late
79,29,4,meccan-late
79,30,4,meccan-late
79,31,4,meccan-late
79,32,2,meccan-late
79,33,3,meccan-late
79,34,4,meccan-late
79,35,5,meccan-late
79,36,4,meccan-late
79,37,3,meccan-late
79,38,3,meccan-late
79,39,4,meccan-late
79,40,9,meccan-late
79,41,4,meccan-late
79,42,5,meccan-late
79,43,4,meccan-late
79,44,3,meccan-late
79,45,5,meccan-late
79,46,9,meccan-late
80,1,2,meccan-early
80,2,3,meccan-early
80,3,4,meccan-early
80,4,4,meccan-early
80,5,3,meccan-early
80,6,3,meccan-early
80,7,4,meccan-early
80,8,4,meccan-early
80,9,2,meccan-early
80,10,3,meccan-early
80,11,3,meccan-early
80,12,3,meccan-early
80,13,3,meccan-early
80,14,2,meccan-early
80,15,2,meccan-early
80,16,2,meccan-early
80,17,4,meccan-early
80,18,4,meccan-early
80,19,4,meccan-early
80,20,3,meccan-early
80,21,3,meccan-early
80,22,4,meccan-early
80,23,5,meccan-early
80,24,4,meccan-early
80,25,4,meccan-early
80,26,4,meccan-early
80,27,3,meccan-early
80,28,2,meccan-early
80,29,2,meccan-early
80,30,2,meccan-early
80,31,2,meccan-early
80,32,3,meccan-early
80,33,3,meccan-early
80,34,5,meccan-early
80,35,2,meccan-early
80,36,2,meccan-early
80,37,6,meccan-early
80,38,3,meccan-early
80,39,2,meccan-early
80,40,4,meccan-early
80,41,2,meccan-early
80,42,4,meccan-early
81,1,3,meccan-early
81,2,3,meccan-early
81,3,3,meccan-early
81,4,3,meccan-early
81,5,3,meccan-early
81,6,3,meccan-early
81,7,3,meccan-early
81,8,3,meccan-early
81,9,3,meccan-early
81,10,3,meccan-early
81,11,3,meccan-early
81,12,3,meccan-early
81,13,3,meccan-early
81,14,4,meccan-early
81,15,3,meccan-early
81,16,2,meccan-early
81,17,3,meccan-early
81,18,3,meccan-early
81,19,4,meccan-early
81,20,6,meccan-early
81,21,3,meccan-early
81,22,3,meccan-early
81,23,4,meccan-early
81,24,5,meccan-early
81,25,5,meccan-early
81,26,2,meccan-early
81,27,5,meccan-early
81,28,5,meccan-early
81,29,8,meccan-early
82,1,3,meccan-late
82,2,3,meccan-late
82,3,3,meccan-late
82,4,3,meccan-late
82,5,5,meccan-late
82,6,6,meccan-late
82,7,4,meccan-late
82,8,6,meccan-late
82,9,4,meccan-late
82,10,3,meccan-late
82,11,2,meccan-late
82,12,3,meccan-late
82,13,4,meccan-late
82,14,4,meccan-late
82,15,3,meccan-late
82,16,4,meccan-late
82,17,5,meccan-late
82,18,6,meccan-late
82,19,9,meccan-late
83,1,2,meccan-late
83,2,6,meccan-late
83,3,5,meccan-late
83,4,5,meccan-late
83,5,2,meccan-late
83,6,5,meccan-late
83,7,6,meccan-late
83,8,4,meccan-late
83,9,2,meccan-late
83,10,3,meccan-late
83,11,4,meccan-late
83,12,7,meccan-late
83,13,7,meccan-late
83,14,8,meccan-late
83,15,6,meccan-late
83,16,4,meccan-late
83,17,7,meccan-late
83,18,6,meccan-late
83,19,4,meccan-late
83,20,2,meccan-late
83,21,2,meccan-late
83,22,4,meccan-late
83,23,3,meccan-late
83,24,5,meccan-late
83,25,4,meccan-late
83,26,6,meccan-late
83,27,3,meccan-late
83,28,4,meccan-late
83,29,8,meccan-late
83,30,4,meccan-late
83,31,6,meccan-late
83,32,6,meccan-late
83,33,4,meccan-late
83,34,6,meccan-late
83,35,3,meccan-late
83,36,6,meccan-late
84,1,3,meccan-late
84,2,3,meccan-late
84,3,3,meccan-late
84,4,4,meccan-late
84,5,3,meccan-late
84,6,8,meccan-late
84,7,5,meccan-late
84,8,4,meccan-late
84,9,4,meccan-late
84,10,6,meccan-late
84,11,3,meccan-late
84,12,2,meccan-late
84,13,5,meccan-late
84,14,5,meccan-late
84,15,6,meccan-late
84,16,3,meccan-late
84,17,3,meccan-late
84,18,3,meccan-late
84,19,4,meccan-late
84,20,4,meccan-late
84,21,6,meccan-late
84,22,4,meccan-late
84,23,4,meccan-late
84,24,3,meccan-late
84,25,9,meccan-late
85,1,3,meccan-early
85,2,2,meccan-early
85,3,2,meccan-early
85,4,3,meccan-early
85,5,3,meccan-early
85,6,4,meccan-early
85,7,6,meccan-early
85,8,9,meccan-early
85,9,10,meccan-early
85,10,14,meccan-early
85,11,14,meccan-early
85,12,4,meccan-early
85,13,4,meccan-early
85,14,3,meccan-early
85,15,3,meccan-early
85,16,3,meccan-early
85,17,4,meccan-early
85,18,2,meccan-early
85,19,5,meccan-early
85,20,4,meccan-early
85,21,4,meccan-early
85,22,3,meccan-early
86,1,2,meccan-middle
86,2,4,meccan-middle
86,3,2,meccan-middle
86,4,6,meccan-middle
86,5,4,meccan-middle
86,6,4,meccan-middle
86,7,5,meccan-middle
86,8,4,meccan-middle
86,9,3,meccan-middle
86,10,6,meccan-middle
86,11,3,meccan-middle
86,12,3,meccan-middle
86,13,3,meccan-middle
86,14,3,meccan-middle
86,15,3,meccan-middle
86,16,2,meccan-middle
86,17,4,meccan-middle
87,1,4,meccan-early
87,2,3,meccan-early
87,3,3,meccan-early
87,4,3,meccan-early
87,5,3,meccan-early
87,6,3,meccan-early
87,7,9,meccan-early
87,8,2,meccan-early
87,9,4,meccan-early
87,10,3,meccan-early
87,11,2,meccan-early
87,12,4,meccan-early
87,13,6,meccan-early
87,14,4,meccan-early
87,15,4,meccan-early
87,16,4,meccan-early
87,17,3,meccan-early
87,18,5,meccan-early
87,19,3,meccan-early
88,1,4,meccan-late
88,2,3,meccan-late
88,3,2,meccan-late
88,4,3,meccan-late
88,5,4,meccan-late
88,6,6,meccan-late
88,7,6,meccan-late
88,8,3,meccan-late
88,9,2,meccan-late
88,10,3,meccan-late
88,11,4,meccan-late
88,12,3,meccan-late
88,13,3,meccan-late
88,14,2,meccan-late
88,15,2,meccan-late
88,16,2,meccan-late
88,17,6,meccan-late
88,18,4,meccan-late
88,19,4,meccan-late
88,20,4,meccan-late
88,21,4,meccan-late
88,22,3,meccan-late
88,23,4,meccan-late
88,24,4,meccan-late
88,25,3,meccan-late
88,26,4,meccan-late
89,1,1,meccan-early
89,2,2,meccan-early
89,3,2,meccan-early
89,4,3,meccan-early
89,5,6,meccan-early
89,6,6,meccan-early
89,7,3,meccan-early
89,8,6,meccan-early
89,9,5,meccan-early
89,10,3,meccan-early
89,11,4,meccan-early
89,12,3,meccan-early
89,13,5,meccan-early
89,14,3,meccan-early
89,15,11,meccan-early
89,16,10,meccan-early
89,17,5,meccan-early
89,18,5,meccan-early
89,19,4,meccan-early
89,20,4,meccan-early
89,21,6,meccan-early
89,22,5,meccan-early
89,23,9,meccan-early
89,24,4,meccan-early
89,25,5,meccan-early
89,26,4,meccan-early
89,27,3,meccan-early
89,28,5,meccan-early
89,29,3,meccan-early
89,30,2,meccan-early
90,1,4,meccan-middle
90,2,4,meccan-middle
90,3,3,meccan-middle
90,4,5,meccan-middle
90,5,6,meccan-middle
90,6,4,meccan-middle
90,7,5,meccan-middle
90,8,4,meccan-middle
90,9,2,meccan-middle
90,10,2,meccan-middle
90,11,3,meccan-middle
90,12,4,meccan-middle
90,13,2,meccan-middle
90,14,6,meccan-middle
90,15,3,meccan-middle
90,16,4,meccan-middle
90,17,9,meccan-middle
90,18,3,meccan-middle
90,19,6,meccan-middle
90,20,3,meccan-middle
91,1,2,meccan-early
91,2,3,meccan-early
91,3,3,meccan-early
91,4,3,meccan-early
91,5,3,meccan-early
91,6,3,meccan-early
91,7,3,meccan-early
91,8,3,meccan-early
91,9,4,meccan-early
91,10,4,meccan-early
91,11,3,meccan-early
91,12,3,meccan-early
91,13,7,meccan-early
91,14,7,meccan-early
91,15,3,meccan-early
92,1,3,meccan-early
92,2,3,meccan-early
92,3,4,meccan-early
92,4,3,meccan-early
92,5,4,meccan-early
92,6,2,meccan-early
92,7,2,meccan-early
92,8,4,meccan-early
92,9,2,meccan-early
92,10,2,meccan-early
92,11,6,meccan-early
92,12,3,meccan-early
92,13,4,meccan-early
92,14,3,meccan-early
92,15,4,meccan-early
92,16,3,meccan-early
92,17,2,meccan-early
92,18,4,meccan-early
92,19,6,meccan-early
92,20,5,meccan-early
92,21,2,meccan-early
93,1,1,meccan-early
93,2,3,meccan-early
93,3,5,meccan-early
93,4,5,meccan-early
93,5,4,meccan-early
93,6,4,meccan-early
93,7,3,meccan-early
93,8,3,meccan-early
93,9,4,meccan-early
93,10,4,meccan-early
93,11,4,meccan-early
94,1,4,meccan-early
94,2,3,meccan-early
94,3,3,meccan-early
94,4,3,meccan-early
94,5,4,meccan-early
94,6,4,meccan-early
94,7,3,meccan-early
94,8,3,meccan-early
95,1,2,meccan-early
95,2,2,meccan-early
95,3,3,meccan-early
95,4,6,meccan-early
95,5,4,meccan-early
95,6,9,meccan-early
95,7,4,meccan-early
95,8,4,meccan-early
96,1,5,meccan-early
96,2,4,meccan-early
96,3,3,meccan-early
96,4,3,meccan-early
96,5,5,meccan-early
96,6,4,meccan-early
96,7,3,meccan-early
96,8,4,meccan-early
96,9,3,meccan-early
96,10,3,meccan-early
96,11,5,meccan-early
96,12,3,meccan-early
96,13,4,meccan-early
96,14,5,meccan-early
96,15,6,meccan-early
96,16,3,meccan-early
96,17,2,meccan-early
96,18,2,meccan-early
96,19,5,meccan-early
97,1,5,meccan-early
97,2,5,meccan-early
97,3,6,meccan-early
97,4,9,meccan-early
97,5,5,meccan-early
98,1,12,medinan
98,2,6,medinan
98,3,3,medinan
98,4,11,medinan
98,5,16,medinan
98,6,16,medinan
98,7,9,medinan
98,8,21,medinan
99,1,4,medinan
99,2,3,medinan
99,3,4,medinan
99,4,3,medinan
99,5,4,medinan
99,6,6,medinan
99,7,6,medinan
99,8,6,medinan
100,1,2,meccan-early
100,2,2,meccan-early
100,3,2,meccan-early
100,4,3,meccan-early
100,5,3,meccan-early
100,6,4,meccan-early
100,7,4,meccan-early
100,8,4,meccan-early
100,9,7,meccan-early
100,10,4,meccan-early
100,11,5,meccan-early
101,1,1,meccan-early
101,2,2,meccan-early
101,3,4,meccan-early
101,4,5,meccan-early
101,5,4,meccan-early
101,6,4,meccan-early
101,7,4,meccan-early
101,8,4,meccan-early
101,9,2,meccan-early
101,10,4,meccan-early
101,11,2,meccan-early
102,1,2,meccan-early
102,2,3,meccan-early
102,3,3,meccan-early
102,4,4,meccan-early
102,5,5,meccan-early
102,6,2,meccan-early
102,7,4,meccan-early
102,8,5,meccan-early
103,1,1,meccan-early
103,2,4,meccan-early
103,3,9,meccan-early
104,1,4,meccan-early
104,2,4,meccan-early
104,3,4,meccan-early
104,4,4,meccan-early
104,5,4,meccan-early
104,6,3,meccan-early
104,7,4,meccan-early
104,8,3,meccan-early
104,9,3,meccan-early
105,1,7,meccan-early
105,2,5,meccan-early
105,3,4,meccan-early
105,4,4,meccan-early
105,5,3,meccan-early
106,1,2,meccan-early
106,2,4,meccan-early
106,3,4,meccan-early
106,4,7,meccan-early
107,1,4,meccan-early
107,2,4,meccan-early
107,3,5,meccan-early
107,4,2,meccan-early
107,5,5,meccan-early
107,6,3,meccan-early
107,7,2,meccan-early
108,1,3,meccan-early
108,2,3,meccan-early
108,3,4,meccan-early
109,1,3,meccan-early
109,2,4,meccan-early
109,3,5,meccan-early
109,4,5,meccan-early
109,5,5,meccan-early
109,6,4,meccan-early
110,1,5,medinan
110,2,7,medinan
110,3,7,medinan
111,1,5,meccan-early
111,2,6,meccan-early
111,3,4,meccan-early
111,4,3,meccan-early
111,5,5,meccan-early
112,1,4,meccan-early
112,2,2,meccan-early
112,3,4,meccan-early
112,4,5,meccan-early
113,1,4,meccan-early
113,2,4,meccan-early
113,3,5,meccan-early
113,4,5,meccan-early
113,5,5,meccan-early
114,1,4,meccan-early
114,2,2,meccan-early
114,3,2,meccan-early
114,4,4,meccan-early
114,5,5,meccan-early
114,6,3,meccan-early
